[2026-03-23T00:00:23.659+0000] {processor.py:157} INFO - Started process (PID=185) to work on /app/dags/dynamic_spark_pipeline_dag.py
[2026-03-23T00:00:23.660+0000] {processor.py:829} INFO - Processing file /app/dags/dynamic_spark_pipeline_dag.py for tasks to queue
[2026-03-23T00:00:23.661+0000] {logging_mixin.py:154} INFO - [2026-03-23T00:00:23.661+0000] {dagbag.py:536} INFO - Filling up the DagBag from /app/dags/dynamic_spark_pipeline_dag.py
[2026-03-23T00:00:23.685+0000] {processor.py:839} INFO - DAG(s) dict_keys(['dynamic_spark_pipeline']) retrieved from /app/dags/dynamic_spark_pipeline_dag.py
[2026-03-23T00:00:23.748+0000] {logging_mixin.py:154} INFO - [2026-03-23T00:00:23.748+0000] {dag.py:2941} INFO - Sync 1 DAGs
[2026-03-23T00:00:23.782+0000] {logging_mixin.py:154} INFO - [2026-03-23T00:00:23.782+0000] {dag.py:3722} INFO - Setting next_dagrun for dynamic_spark_pipeline to 2026-03-21T02:00:00+00:00, run_after=2026-03-22T02:00:00+00:00
[2026-03-23T00:00:23.804+0000] {processor.py:179} INFO - Processing /app/dags/dynamic_spark_pipeline_dag.py took 0.148 seconds
[2026-03-23T00:00:53.923+0000] {processor.py:157} INFO - Started process (PID=196) to work on /app/dags/dynamic_spark_pipeline_dag.py
[2026-03-23T00:00:53.924+0000] {processor.py:829} INFO - Processing file /app/dags/dynamic_spark_pipeline_dag.py for tasks to queue
[2026-03-23T00:00:53.925+0000] {logging_mixin.py:154} INFO - [2026-03-23T00:00:53.925+0000] {dagbag.py:536} INFO - Filling up the DagBag from /app/dags/dynamic_spark_pipeline_dag.py
[2026-03-23T00:00:53.950+0000] {processor.py:839} INFO - DAG(s) dict_keys(['dynamic_spark_pipeline']) retrieved from /app/dags/dynamic_spark_pipeline_dag.py
[2026-03-23T00:00:54.000+0000] {logging_mixin.py:154} INFO - [2026-03-23T00:00:54.000+0000] {dag.py:2941} INFO - Sync 1 DAGs
[2026-03-23T00:00:54.029+0000] {logging_mixin.py:154} INFO - [2026-03-23T00:00:54.029+0000] {dag.py:3722} INFO - Setting next_dagrun for dynamic_spark_pipeline to 2026-03-21T02:00:00+00:00, run_after=2026-03-22T02:00:00+00:00
[2026-03-23T00:00:54.053+0000] {processor.py:179} INFO - Processing /app/dags/dynamic_spark_pipeline_dag.py took 0.133 seconds
[2026-03-23T00:01:24.180+0000] {processor.py:157} INFO - Started process (PID=207) to work on /app/dags/dynamic_spark_pipeline_dag.py
[2026-03-23T00:01:24.181+0000] {processor.py:829} INFO - Processing file /app/dags/dynamic_spark_pipeline_dag.py for tasks to queue
[2026-03-23T00:01:24.182+0000] {logging_mixin.py:154} INFO - [2026-03-23T00:01:24.182+0000] {dagbag.py:536} INFO - Filling up the DagBag from /app/dags/dynamic_spark_pipeline_dag.py
[2026-03-23T00:01:24.212+0000] {processor.py:839} INFO - DAG(s) dict_keys(['dynamic_spark_pipeline']) retrieved from /app/dags/dynamic_spark_pipeline_dag.py
[2026-03-23T00:01:24.268+0000] {logging_mixin.py:154} INFO - [2026-03-23T00:01:24.268+0000] {dag.py:2941} INFO - Sync 1 DAGs
[2026-03-23T00:01:24.296+0000] {logging_mixin.py:154} INFO - [2026-03-23T00:01:24.296+0000] {dag.py:3722} INFO - Setting next_dagrun for dynamic_spark_pipeline to 2026-03-21T02:00:00+00:00, run_after=2026-03-22T02:00:00+00:00
[2026-03-23T00:01:24.341+0000] {processor.py:179} INFO - Processing /app/dags/dynamic_spark_pipeline_dag.py took 0.165 seconds
[2026-03-23T00:01:54.467+0000] {processor.py:157} INFO - Started process (PID=218) to work on /app/dags/dynamic_spark_pipeline_dag.py
[2026-03-23T00:01:54.469+0000] {processor.py:829} INFO - Processing file /app/dags/dynamic_spark_pipeline_dag.py for tasks to queue
[2026-03-23T00:01:54.470+0000] {logging_mixin.py:154} INFO - [2026-03-23T00:01:54.470+0000] {dagbag.py:536} INFO - Filling up the DagBag from /app/dags/dynamic_spark_pipeline_dag.py
[2026-03-23T00:01:54.494+0000] {processor.py:839} INFO - DAG(s) dict_keys(['dynamic_spark_pipeline']) retrieved from /app/dags/dynamic_spark_pipeline_dag.py
[2026-03-23T00:01:54.552+0000] {logging_mixin.py:154} INFO - [2026-03-23T00:01:54.552+0000] {dag.py:2941} INFO - Sync 1 DAGs
[2026-03-23T00:01:54.586+0000] {logging_mixin.py:154} INFO - [2026-03-23T00:01:54.586+0000] {dag.py:3722} INFO - Setting next_dagrun for dynamic_spark_pipeline to 2026-03-21T02:00:00+00:00, run_after=2026-03-22T02:00:00+00:00
[2026-03-23T00:01:54.613+0000] {processor.py:179} INFO - Processing /app/dags/dynamic_spark_pipeline_dag.py took 0.148 seconds
[2026-03-23T00:02:24.736+0000] {processor.py:157} INFO - Started process (PID=229) to work on /app/dags/dynamic_spark_pipeline_dag.py
[2026-03-23T00:02:24.738+0000] {processor.py:829} INFO - Processing file /app/dags/dynamic_spark_pipeline_dag.py for tasks to queue
[2026-03-23T00:02:24.739+0000] {logging_mixin.py:154} INFO - [2026-03-23T00:02:24.739+0000] {dagbag.py:536} INFO - Filling up the DagBag from /app/dags/dynamic_spark_pipeline_dag.py
[2026-03-23T00:02:24.766+0000] {processor.py:839} INFO - DAG(s) dict_keys(['dynamic_spark_pipeline']) retrieved from /app/dags/dynamic_spark_pipeline_dag.py
[2026-03-23T00:02:24.815+0000] {logging_mixin.py:154} INFO - [2026-03-23T00:02:24.815+0000] {dag.py:2941} INFO - Sync 1 DAGs
[2026-03-23T00:02:24.843+0000] {logging_mixin.py:154} INFO - [2026-03-23T00:02:24.843+0000] {dag.py:3722} INFO - Setting next_dagrun for dynamic_spark_pipeline to 2026-03-21T02:00:00+00:00, run_after=2026-03-22T02:00:00+00:00
[2026-03-23T00:02:24.884+0000] {processor.py:179} INFO - Processing /app/dags/dynamic_spark_pipeline_dag.py took 0.152 seconds
[2026-03-23T00:02:55.015+0000] {processor.py:157} INFO - Started process (PID=240) to work on /app/dags/dynamic_spark_pipeline_dag.py
[2026-03-23T00:02:55.018+0000] {processor.py:829} INFO - Processing file /app/dags/dynamic_spark_pipeline_dag.py for tasks to queue
[2026-03-23T00:02:55.019+0000] {logging_mixin.py:154} INFO - [2026-03-23T00:02:55.019+0000] {dagbag.py:536} INFO - Filling up the DagBag from /app/dags/dynamic_spark_pipeline_dag.py
[2026-03-23T00:02:55.043+0000] {processor.py:839} INFO - DAG(s) dict_keys(['dynamic_spark_pipeline']) retrieved from /app/dags/dynamic_spark_pipeline_dag.py
[2026-03-23T00:02:55.106+0000] {logging_mixin.py:154} INFO - [2026-03-23T00:02:55.105+0000] {dag.py:2941} INFO - Sync 1 DAGs
[2026-03-23T00:02:55.133+0000] {logging_mixin.py:154} INFO - [2026-03-23T00:02:55.133+0000] {dag.py:3722} INFO - Setting next_dagrun for dynamic_spark_pipeline to 2026-03-21T02:00:00+00:00, run_after=2026-03-22T02:00:00+00:00
[2026-03-23T00:02:55.154+0000] {processor.py:179} INFO - Processing /app/dags/dynamic_spark_pipeline_dag.py took 0.143 seconds
[2026-03-23T00:03:25.298+0000] {processor.py:157} INFO - Started process (PID=251) to work on /app/dags/dynamic_spark_pipeline_dag.py
[2026-03-23T00:03:25.300+0000] {processor.py:829} INFO - Processing file /app/dags/dynamic_spark_pipeline_dag.py for tasks to queue
[2026-03-23T00:03:25.301+0000] {logging_mixin.py:154} INFO - [2026-03-23T00:03:25.300+0000] {dagbag.py:536} INFO - Filling up the DagBag from /app/dags/dynamic_spark_pipeline_dag.py
[2026-03-23T00:03:25.334+0000] {processor.py:839} INFO - DAG(s) dict_keys(['dynamic_spark_pipeline']) retrieved from /app/dags/dynamic_spark_pipeline_dag.py
[2026-03-23T00:03:25.404+0000] {logging_mixin.py:154} INFO - [2026-03-23T00:03:25.404+0000] {dag.py:2941} INFO - Sync 1 DAGs
[2026-03-23T00:03:25.473+0000] {logging_mixin.py:154} INFO - [2026-03-23T00:03:25.473+0000] {dag.py:3722} INFO - Setting next_dagrun for dynamic_spark_pipeline to 2026-03-21T02:00:00+00:00, run_after=2026-03-22T02:00:00+00:00
[2026-03-23T00:03:25.511+0000] {processor.py:179} INFO - Processing /app/dags/dynamic_spark_pipeline_dag.py took 0.218 seconds
[2026-03-23T00:03:55.647+0000] {processor.py:157} INFO - Started process (PID=262) to work on /app/dags/dynamic_spark_pipeline_dag.py
[2026-03-23T00:03:55.649+0000] {processor.py:829} INFO - Processing file /app/dags/dynamic_spark_pipeline_dag.py for tasks to queue
[2026-03-23T00:03:55.650+0000] {logging_mixin.py:154} INFO - [2026-03-23T00:03:55.650+0000] {dagbag.py:536} INFO - Filling up the DagBag from /app/dags/dynamic_spark_pipeline_dag.py
[2026-03-23T00:03:55.680+0000] {processor.py:839} INFO - DAG(s) dict_keys(['dynamic_spark_pipeline']) retrieved from /app/dags/dynamic_spark_pipeline_dag.py
[2026-03-23T00:03:55.738+0000] {logging_mixin.py:154} INFO - [2026-03-23T00:03:55.738+0000] {dag.py:2941} INFO - Sync 1 DAGs
[2026-03-23T00:03:55.771+0000] {logging_mixin.py:154} INFO - [2026-03-23T00:03:55.771+0000] {dag.py:3722} INFO - Setting next_dagrun for dynamic_spark_pipeline to 2026-03-21T02:00:00+00:00, run_after=2026-03-22T02:00:00+00:00
[2026-03-23T00:03:55.795+0000] {processor.py:179} INFO - Processing /app/dags/dynamic_spark_pipeline_dag.py took 0.152 seconds
[2026-03-23T00:04:25.934+0000] {processor.py:157} INFO - Started process (PID=267) to work on /app/dags/dynamic_spark_pipeline_dag.py
[2026-03-23T00:04:25.935+0000] {processor.py:829} INFO - Processing file /app/dags/dynamic_spark_pipeline_dag.py for tasks to queue
[2026-03-23T00:04:25.936+0000] {logging_mixin.py:154} INFO - [2026-03-23T00:04:25.936+0000] {dagbag.py:536} INFO - Filling up the DagBag from /app/dags/dynamic_spark_pipeline_dag.py
[2026-03-23T00:04:25.971+0000] {processor.py:839} INFO - DAG(s) dict_keys(['dynamic_spark_pipeline']) retrieved from /app/dags/dynamic_spark_pipeline_dag.py
[2026-03-23T00:04:26.040+0000] {logging_mixin.py:154} INFO - [2026-03-23T00:04:26.040+0000] {dag.py:2941} INFO - Sync 1 DAGs
[2026-03-23T00:04:26.074+0000] {logging_mixin.py:154} INFO - [2026-03-23T00:04:26.073+0000] {dag.py:3722} INFO - Setting next_dagrun for dynamic_spark_pipeline to 2026-03-21T02:00:00+00:00, run_after=2026-03-22T02:00:00+00:00
[2026-03-23T00:04:26.112+0000] {processor.py:179} INFO - Processing /app/dags/dynamic_spark_pipeline_dag.py took 0.182 seconds
[2026-03-23T00:04:56.249+0000] {processor.py:157} INFO - Started process (PID=278) to work on /app/dags/dynamic_spark_pipeline_dag.py
[2026-03-23T00:04:56.252+0000] {processor.py:829} INFO - Processing file /app/dags/dynamic_spark_pipeline_dag.py for tasks to queue
[2026-03-23T00:04:56.253+0000] {logging_mixin.py:154} INFO - [2026-03-23T00:04:56.253+0000] {dagbag.py:536} INFO - Filling up the DagBag from /app/dags/dynamic_spark_pipeline_dag.py
[2026-03-23T00:04:56.291+0000] {processor.py:839} INFO - DAG(s) dict_keys(['dynamic_spark_pipeline']) retrieved from /app/dags/dynamic_spark_pipeline_dag.py
[2026-03-23T00:04:56.348+0000] {logging_mixin.py:154} INFO - [2026-03-23T00:04:56.348+0000] {dag.py:2941} INFO - Sync 1 DAGs
[2026-03-23T00:04:56.383+0000] {logging_mixin.py:154} INFO - [2026-03-23T00:04:56.382+0000] {dag.py:3722} INFO - Setting next_dagrun for dynamic_spark_pipeline to 2026-03-21T02:00:00+00:00, run_after=2026-03-22T02:00:00+00:00
[2026-03-23T00:04:56.434+0000] {processor.py:179} INFO - Processing /app/dags/dynamic_spark_pipeline_dag.py took 0.189 seconds
[2026-03-23T00:05:26.569+0000] {processor.py:157} INFO - Started process (PID=289) to work on /app/dags/dynamic_spark_pipeline_dag.py
[2026-03-23T00:05:26.573+0000] {processor.py:829} INFO - Processing file /app/dags/dynamic_spark_pipeline_dag.py for tasks to queue
[2026-03-23T00:05:26.574+0000] {logging_mixin.py:154} INFO - [2026-03-23T00:05:26.574+0000] {dagbag.py:536} INFO - Filling up the DagBag from /app/dags/dynamic_spark_pipeline_dag.py
[2026-03-23T00:05:26.600+0000] {processor.py:839} INFO - DAG(s) dict_keys(['dynamic_spark_pipeline']) retrieved from /app/dags/dynamic_spark_pipeline_dag.py
[2026-03-23T00:05:26.651+0000] {logging_mixin.py:154} INFO - [2026-03-23T00:05:26.651+0000] {dag.py:2941} INFO - Sync 1 DAGs
[2026-03-23T00:05:26.683+0000] {logging_mixin.py:154} INFO - [2026-03-23T00:05:26.682+0000] {dag.py:3722} INFO - Setting next_dagrun for dynamic_spark_pipeline to 2026-03-21T02:00:00+00:00, run_after=2026-03-22T02:00:00+00:00
[2026-03-23T00:05:26.708+0000] {processor.py:179} INFO - Processing /app/dags/dynamic_spark_pipeline_dag.py took 0.143 seconds
[2026-03-23T00:05:56.849+0000] {processor.py:157} INFO - Started process (PID=300) to work on /app/dags/dynamic_spark_pipeline_dag.py
[2026-03-23T00:05:56.851+0000] {processor.py:829} INFO - Processing file /app/dags/dynamic_spark_pipeline_dag.py for tasks to queue
[2026-03-23T00:05:56.852+0000] {logging_mixin.py:154} INFO - [2026-03-23T00:05:56.852+0000] {dagbag.py:536} INFO - Filling up the DagBag from /app/dags/dynamic_spark_pipeline_dag.py
[2026-03-23T00:05:56.879+0000] {processor.py:839} INFO - DAG(s) dict_keys(['dynamic_spark_pipeline']) retrieved from /app/dags/dynamic_spark_pipeline_dag.py
[2026-03-23T00:05:56.931+0000] {logging_mixin.py:154} INFO - [2026-03-23T00:05:56.931+0000] {dag.py:2941} INFO - Sync 1 DAGs
[2026-03-23T00:05:56.960+0000] {logging_mixin.py:154} INFO - [2026-03-23T00:05:56.959+0000] {dag.py:3722} INFO - Setting next_dagrun for dynamic_spark_pipeline to 2026-03-21T02:00:00+00:00, run_after=2026-03-22T02:00:00+00:00
[2026-03-23T00:05:56.998+0000] {processor.py:179} INFO - Processing /app/dags/dynamic_spark_pipeline_dag.py took 0.153 seconds
[2026-03-23T00:06:27.130+0000] {processor.py:157} INFO - Started process (PID=311) to work on /app/dags/dynamic_spark_pipeline_dag.py
[2026-03-23T00:06:27.135+0000] {processor.py:829} INFO - Processing file /app/dags/dynamic_spark_pipeline_dag.py for tasks to queue
[2026-03-23T00:06:27.136+0000] {logging_mixin.py:154} INFO - [2026-03-23T00:06:27.136+0000] {dagbag.py:536} INFO - Filling up the DagBag from /app/dags/dynamic_spark_pipeline_dag.py
[2026-03-23T00:06:27.161+0000] {processor.py:839} INFO - DAG(s) dict_keys(['dynamic_spark_pipeline']) retrieved from /app/dags/dynamic_spark_pipeline_dag.py
[2026-03-23T00:06:27.218+0000] {logging_mixin.py:154} INFO - [2026-03-23T00:06:27.218+0000] {dag.py:2941} INFO - Sync 1 DAGs
[2026-03-23T00:06:27.249+0000] {logging_mixin.py:154} INFO - [2026-03-23T00:06:27.248+0000] {dag.py:3722} INFO - Setting next_dagrun for dynamic_spark_pipeline to 2026-03-21T02:00:00+00:00, run_after=2026-03-22T02:00:00+00:00
[2026-03-23T00:06:27.284+0000] {processor.py:179} INFO - Processing /app/dags/dynamic_spark_pipeline_dag.py took 0.157 seconds
[2026-03-23T00:06:57.429+0000] {processor.py:157} INFO - Started process (PID=322) to work on /app/dags/dynamic_spark_pipeline_dag.py
[2026-03-23T00:06:57.436+0000] {processor.py:829} INFO - Processing file /app/dags/dynamic_spark_pipeline_dag.py for tasks to queue
[2026-03-23T00:06:57.437+0000] {logging_mixin.py:154} INFO - [2026-03-23T00:06:57.437+0000] {dagbag.py:536} INFO - Filling up the DagBag from /app/dags/dynamic_spark_pipeline_dag.py
[2026-03-23T00:06:57.475+0000] {processor.py:839} INFO - DAG(s) dict_keys(['dynamic_spark_pipeline']) retrieved from /app/dags/dynamic_spark_pipeline_dag.py
[2026-03-23T00:06:57.537+0000] {logging_mixin.py:154} INFO - [2026-03-23T00:06:57.536+0000] {dag.py:2941} INFO - Sync 1 DAGs
[2026-03-23T00:06:57.571+0000] {logging_mixin.py:154} INFO - [2026-03-23T00:06:57.571+0000] {dag.py:3722} INFO - Setting next_dagrun for dynamic_spark_pipeline to 2026-03-21T02:00:00+00:00, run_after=2026-03-22T02:00:00+00:00
[2026-03-23T00:06:57.627+0000] {processor.py:179} INFO - Processing /app/dags/dynamic_spark_pipeline_dag.py took 0.203 seconds
[2026-03-23T00:07:27.755+0000] {processor.py:157} INFO - Started process (PID=333) to work on /app/dags/dynamic_spark_pipeline_dag.py
[2026-03-23T00:07:27.756+0000] {processor.py:829} INFO - Processing file /app/dags/dynamic_spark_pipeline_dag.py for tasks to queue
[2026-03-23T00:07:27.757+0000] {logging_mixin.py:154} INFO - [2026-03-23T00:07:27.757+0000] {dagbag.py:536} INFO - Filling up the DagBag from /app/dags/dynamic_spark_pipeline_dag.py
[2026-03-23T00:07:27.782+0000] {processor.py:839} INFO - DAG(s) dict_keys(['dynamic_spark_pipeline']) retrieved from /app/dags/dynamic_spark_pipeline_dag.py
[2026-03-23T00:07:27.831+0000] {logging_mixin.py:154} INFO - [2026-03-23T00:07:27.831+0000] {dag.py:2941} INFO - Sync 1 DAGs
[2026-03-23T00:07:27.864+0000] {logging_mixin.py:154} INFO - [2026-03-23T00:07:27.864+0000] {dag.py:3722} INFO - Setting next_dagrun for dynamic_spark_pipeline to 2026-03-21T02:00:00+00:00, run_after=2026-03-22T02:00:00+00:00
[2026-03-23T00:07:27.884+0000] {processor.py:179} INFO - Processing /app/dags/dynamic_spark_pipeline_dag.py took 0.134 seconds
[2026-03-23T00:13:21.950+0000] {processor.py:157} INFO - Started process (PID=162) to work on /app/dags/dynamic_spark_pipeline_dag.py
[2026-03-23T00:13:21.950+0000] {processor.py:829} INFO - Processing file /app/dags/dynamic_spark_pipeline_dag.py for tasks to queue
[2026-03-23T00:13:21.951+0000] {logging_mixin.py:154} INFO - [2026-03-23T00:13:21.951+0000] {dagbag.py:536} INFO - Filling up the DagBag from /app/dags/dynamic_spark_pipeline_dag.py
[2026-03-23T00:13:21.998+0000] {processor.py:839} INFO - DAG(s) dict_keys(['dynamic_spark_pipeline']) retrieved from /app/dags/dynamic_spark_pipeline_dag.py
[2026-03-23T00:13:22.308+0000] {logging_mixin.py:154} INFO - [2026-03-23T00:13:22.308+0000] {manager.py:499} INFO - Created Permission View: %s
[2026-03-23T00:13:22.318+0000] {logging_mixin.py:154} INFO - [2026-03-23T00:13:22.317+0000] {manager.py:499} INFO - Created Permission View: %s
[2026-03-23T00:13:22.324+0000] {logging_mixin.py:154} INFO - [2026-03-23T00:13:22.323+0000] {manager.py:499} INFO - Created Permission View: %s
[2026-03-23T00:13:22.324+0000] {logging_mixin.py:154} INFO - [2026-03-23T00:13:22.324+0000] {dag.py:2941} INFO - Sync 1 DAGs
[2026-03-23T00:13:22.336+0000] {logging_mixin.py:154} INFO - [2026-03-23T00:13:22.336+0000] {dag.py:2963} INFO - Creating ORM DAG for dynamic_spark_pipeline
[2026-03-23T00:13:22.348+0000] {logging_mixin.py:154} INFO - [2026-03-23T00:13:22.348+0000] {dag.py:3722} INFO - Setting next_dagrun for dynamic_spark_pipeline to 2026-03-21T02:00:00+00:00, run_after=2026-03-22T02:00:00+00:00
[2026-03-23T00:13:22.367+0000] {processor.py:179} INFO - Processing /app/dags/dynamic_spark_pipeline_dag.py took 0.420 seconds
[2026-03-23T00:13:52.502+0000] {processor.py:157} INFO - Started process (PID=174) to work on /app/dags/dynamic_spark_pipeline_dag.py
[2026-03-23T00:13:52.502+0000] {processor.py:829} INFO - Processing file /app/dags/dynamic_spark_pipeline_dag.py for tasks to queue
[2026-03-23T00:13:52.503+0000] {logging_mixin.py:154} INFO - [2026-03-23T00:13:52.503+0000] {dagbag.py:536} INFO - Filling up the DagBag from /app/dags/dynamic_spark_pipeline_dag.py
[2026-03-23T00:13:52.527+0000] {processor.py:839} INFO - DAG(s) dict_keys(['dynamic_spark_pipeline']) retrieved from /app/dags/dynamic_spark_pipeline_dag.py
[2026-03-23T00:13:52.576+0000] {logging_mixin.py:154} INFO - [2026-03-23T00:13:52.576+0000] {dag.py:2941} INFO - Sync 1 DAGs
[2026-03-23T00:13:52.603+0000] {logging_mixin.py:154} INFO - [2026-03-23T00:13:52.603+0000] {dag.py:3722} INFO - Setting next_dagrun for dynamic_spark_pipeline to 2026-03-21T02:00:00+00:00, run_after=2026-03-22T02:00:00+00:00
[2026-03-23T00:13:52.620+0000] {processor.py:179} INFO - Processing /app/dags/dynamic_spark_pipeline_dag.py took 0.121 seconds
[2026-03-23T00:14:22.678+0000] {processor.py:157} INFO - Started process (PID=525) to work on /app/dags/dynamic_spark_pipeline_dag.py
[2026-03-23T00:14:22.679+0000] {processor.py:829} INFO - Processing file /app/dags/dynamic_spark_pipeline_dag.py for tasks to queue
[2026-03-23T00:14:22.680+0000] {logging_mixin.py:154} INFO - [2026-03-23T00:14:22.680+0000] {dagbag.py:536} INFO - Filling up the DagBag from /app/dags/dynamic_spark_pipeline_dag.py
[2026-03-23T00:14:22.707+0000] {processor.py:839} INFO - DAG(s) dict_keys(['dynamic_spark_pipeline']) retrieved from /app/dags/dynamic_spark_pipeline_dag.py
[2026-03-23T00:14:22.763+0000] {logging_mixin.py:154} INFO - [2026-03-23T00:14:22.763+0000] {dag.py:2941} INFO - Sync 1 DAGs
[2026-03-23T00:14:22.804+0000] {logging_mixin.py:154} INFO - [2026-03-23T00:14:22.804+0000] {dag.py:3722} INFO - Setting next_dagrun for dynamic_spark_pipeline to 2026-03-22T02:00:00+00:00, run_after=2026-03-23T02:00:00+00:00
[2026-03-23T00:14:22.830+0000] {processor.py:179} INFO - Processing /app/dags/dynamic_spark_pipeline_dag.py took 0.155 seconds
[2026-03-23T00:14:53.005+0000] {processor.py:157} INFO - Started process (PID=550) to work on /app/dags/dynamic_spark_pipeline_dag.py
[2026-03-23T00:14:53.006+0000] {processor.py:829} INFO - Processing file /app/dags/dynamic_spark_pipeline_dag.py for tasks to queue
[2026-03-23T00:14:53.006+0000] {logging_mixin.py:154} INFO - [2026-03-23T00:14:53.006+0000] {dagbag.py:536} INFO - Filling up the DagBag from /app/dags/dynamic_spark_pipeline_dag.py
[2026-03-23T00:14:53.037+0000] {processor.py:839} INFO - DAG(s) dict_keys(['dynamic_spark_pipeline']) retrieved from /app/dags/dynamic_spark_pipeline_dag.py
[2026-03-23T00:14:53.083+0000] {logging_mixin.py:154} INFO - [2026-03-23T00:14:53.083+0000] {dag.py:2941} INFO - Sync 1 DAGs
[2026-03-23T00:14:53.110+0000] {logging_mixin.py:154} INFO - [2026-03-23T00:14:53.109+0000] {dag.py:3722} INFO - Setting next_dagrun for dynamic_spark_pipeline to 2026-03-22T02:00:00+00:00, run_after=2026-03-23T02:00:00+00:00
[2026-03-23T00:14:53.149+0000] {processor.py:179} INFO - Processing /app/dags/dynamic_spark_pipeline_dag.py took 0.147 seconds
[2026-03-23T00:15:23.257+0000] {processor.py:157} INFO - Started process (PID=561) to work on /app/dags/dynamic_spark_pipeline_dag.py
[2026-03-23T00:15:23.259+0000] {processor.py:829} INFO - Processing file /app/dags/dynamic_spark_pipeline_dag.py for tasks to queue
[2026-03-23T00:15:23.261+0000] {logging_mixin.py:154} INFO - [2026-03-23T00:15:23.261+0000] {dagbag.py:536} INFO - Filling up the DagBag from /app/dags/dynamic_spark_pipeline_dag.py
[2026-03-23T00:15:23.298+0000] {processor.py:839} INFO - DAG(s) dict_keys(['dynamic_spark_pipeline']) retrieved from /app/dags/dynamic_spark_pipeline_dag.py
[2026-03-23T00:15:23.357+0000] {logging_mixin.py:154} INFO - [2026-03-23T00:15:23.356+0000] {dag.py:2941} INFO - Sync 1 DAGs
[2026-03-23T00:15:23.408+0000] {logging_mixin.py:154} INFO - [2026-03-23T00:15:23.408+0000] {dag.py:3722} INFO - Setting next_dagrun for dynamic_spark_pipeline to 2026-03-22T02:00:00+00:00, run_after=2026-03-23T02:00:00+00:00
[2026-03-23T00:15:23.445+0000] {processor.py:179} INFO - Processing /app/dags/dynamic_spark_pipeline_dag.py took 0.191 seconds
[2026-03-23T00:15:53.561+0000] {processor.py:157} INFO - Started process (PID=572) to work on /app/dags/dynamic_spark_pipeline_dag.py
[2026-03-23T00:15:53.561+0000] {processor.py:829} INFO - Processing file /app/dags/dynamic_spark_pipeline_dag.py for tasks to queue
[2026-03-23T00:15:53.562+0000] {logging_mixin.py:154} INFO - [2026-03-23T00:15:53.562+0000] {dagbag.py:536} INFO - Filling up the DagBag from /app/dags/dynamic_spark_pipeline_dag.py
[2026-03-23T00:15:53.589+0000] {processor.py:839} INFO - DAG(s) dict_keys(['dynamic_spark_pipeline']) retrieved from /app/dags/dynamic_spark_pipeline_dag.py
[2026-03-23T00:15:53.636+0000] {logging_mixin.py:154} INFO - [2026-03-23T00:15:53.636+0000] {dag.py:2941} INFO - Sync 1 DAGs
[2026-03-23T00:15:53.665+0000] {logging_mixin.py:154} INFO - [2026-03-23T00:15:53.665+0000] {dag.py:3722} INFO - Setting next_dagrun for dynamic_spark_pipeline to 2026-03-22T02:00:00+00:00, run_after=2026-03-23T02:00:00+00:00
[2026-03-23T00:15:53.720+0000] {processor.py:179} INFO - Processing /app/dags/dynamic_spark_pipeline_dag.py took 0.164 seconds
[2026-03-23T00:16:23.808+0000] {processor.py:157} INFO - Started process (PID=583) to work on /app/dags/dynamic_spark_pipeline_dag.py
[2026-03-23T00:16:23.810+0000] {processor.py:829} INFO - Processing file /app/dags/dynamic_spark_pipeline_dag.py for tasks to queue
[2026-03-23T00:16:23.811+0000] {logging_mixin.py:154} INFO - [2026-03-23T00:16:23.811+0000] {dagbag.py:536} INFO - Filling up the DagBag from /app/dags/dynamic_spark_pipeline_dag.py
[2026-03-23T00:16:23.834+0000] {processor.py:839} INFO - DAG(s) dict_keys(['dynamic_spark_pipeline']) retrieved from /app/dags/dynamic_spark_pipeline_dag.py
[2026-03-23T00:16:23.888+0000] {logging_mixin.py:154} INFO - [2026-03-23T00:16:23.887+0000] {dag.py:2941} INFO - Sync 1 DAGs
[2026-03-23T00:16:23.921+0000] {logging_mixin.py:154} INFO - [2026-03-23T00:16:23.920+0000] {dag.py:3722} INFO - Setting next_dagrun for dynamic_spark_pipeline to 2026-03-22T02:00:00+00:00, run_after=2026-03-23T02:00:00+00:00
[2026-03-23T00:16:23.958+0000] {processor.py:179} INFO - Processing /app/dags/dynamic_spark_pipeline_dag.py took 0.152 seconds
[2026-03-23T00:16:54.131+0000] {processor.py:157} INFO - Started process (PID=594) to work on /app/dags/dynamic_spark_pipeline_dag.py
[2026-03-23T00:16:54.131+0000] {processor.py:829} INFO - Processing file /app/dags/dynamic_spark_pipeline_dag.py for tasks to queue
[2026-03-23T00:16:54.132+0000] {logging_mixin.py:154} INFO - [2026-03-23T00:16:54.132+0000] {dagbag.py:536} INFO - Filling up the DagBag from /app/dags/dynamic_spark_pipeline_dag.py
[2026-03-23T00:16:54.158+0000] {processor.py:839} INFO - DAG(s) dict_keys(['dynamic_spark_pipeline']) retrieved from /app/dags/dynamic_spark_pipeline_dag.py
[2026-03-23T00:16:54.205+0000] {logging_mixin.py:154} INFO - [2026-03-23T00:16:54.204+0000] {dag.py:2941} INFO - Sync 1 DAGs
[2026-03-23T00:16:54.231+0000] {logging_mixin.py:154} INFO - [2026-03-23T00:16:54.231+0000] {dag.py:3722} INFO - Setting next_dagrun for dynamic_spark_pipeline to 2026-03-22T02:00:00+00:00, run_after=2026-03-23T02:00:00+00:00
[2026-03-23T00:16:54.253+0000] {processor.py:179} INFO - Processing /app/dags/dynamic_spark_pipeline_dag.py took 0.126 seconds
[2026-03-23T00:17:24.366+0000] {processor.py:157} INFO - Started process (PID=605) to work on /app/dags/dynamic_spark_pipeline_dag.py
[2026-03-23T00:17:24.367+0000] {processor.py:829} INFO - Processing file /app/dags/dynamic_spark_pipeline_dag.py for tasks to queue
[2026-03-23T00:17:24.368+0000] {logging_mixin.py:154} INFO - [2026-03-23T00:17:24.367+0000] {dagbag.py:536} INFO - Filling up the DagBag from /app/dags/dynamic_spark_pipeline_dag.py
[2026-03-23T00:17:24.392+0000] {processor.py:839} INFO - DAG(s) dict_keys(['dynamic_spark_pipeline']) retrieved from /app/dags/dynamic_spark_pipeline_dag.py
[2026-03-23T00:17:24.442+0000] {logging_mixin.py:154} INFO - [2026-03-23T00:17:24.441+0000] {dag.py:2941} INFO - Sync 1 DAGs
[2026-03-23T00:17:24.472+0000] {logging_mixin.py:154} INFO - [2026-03-23T00:17:24.472+0000] {dag.py:3722} INFO - Setting next_dagrun for dynamic_spark_pipeline to 2026-03-22T02:00:00+00:00, run_after=2026-03-23T02:00:00+00:00
[2026-03-23T00:17:24.492+0000] {processor.py:179} INFO - Processing /app/dags/dynamic_spark_pipeline_dag.py took 0.129 seconds
[2026-03-23T00:17:54.685+0000] {processor.py:157} INFO - Started process (PID=610) to work on /app/dags/dynamic_spark_pipeline_dag.py
[2026-03-23T00:17:54.705+0000] {processor.py:829} INFO - Processing file /app/dags/dynamic_spark_pipeline_dag.py for tasks to queue
[2026-03-23T00:17:54.706+0000] {logging_mixin.py:154} INFO - [2026-03-23T00:17:54.706+0000] {dagbag.py:536} INFO - Filling up the DagBag from /app/dags/dynamic_spark_pipeline_dag.py
[2026-03-23T00:17:54.743+0000] {processor.py:839} INFO - DAG(s) dict_keys(['dynamic_spark_pipeline']) retrieved from /app/dags/dynamic_spark_pipeline_dag.py
[2026-03-23T00:17:54.792+0000] {logging_mixin.py:154} INFO - [2026-03-23T00:17:54.791+0000] {dag.py:2941} INFO - Sync 1 DAGs
[2026-03-23T00:17:54.818+0000] {logging_mixin.py:154} INFO - [2026-03-23T00:17:54.818+0000] {dag.py:3722} INFO - Setting next_dagrun for dynamic_spark_pipeline to 2026-03-22T02:00:00+00:00, run_after=2026-03-23T02:00:00+00:00
[2026-03-23T00:17:55.363+0000] {processor.py:179} INFO - Processing /app/dags/dynamic_spark_pipeline_dag.py took 0.682 seconds
[2026-03-23T00:18:25.603+0000] {processor.py:157} INFO - Started process (PID=800) to work on /app/dags/dynamic_spark_pipeline_dag.py
[2026-03-23T00:18:25.606+0000] {processor.py:829} INFO - Processing file /app/dags/dynamic_spark_pipeline_dag.py for tasks to queue
[2026-03-23T00:18:25.607+0000] {logging_mixin.py:154} INFO - [2026-03-23T00:18:25.607+0000] {dagbag.py:536} INFO - Filling up the DagBag from /app/dags/dynamic_spark_pipeline_dag.py
[2026-03-23T00:18:25.636+0000] {processor.py:839} INFO - DAG(s) dict_keys(['dynamic_spark_pipeline']) retrieved from /app/dags/dynamic_spark_pipeline_dag.py
[2026-03-23T00:18:25.691+0000] {logging_mixin.py:154} INFO - [2026-03-23T00:18:25.691+0000] {dag.py:2941} INFO - Sync 1 DAGs
[2026-03-23T00:18:25.724+0000] {logging_mixin.py:154} INFO - [2026-03-23T00:18:25.724+0000] {dag.py:3722} INFO - Setting next_dagrun for dynamic_spark_pipeline to 2026-03-22T02:00:00+00:00, run_after=2026-03-23T02:00:00+00:00
[2026-03-23T00:18:25.748+0000] {processor.py:179} INFO - Processing /app/dags/dynamic_spark_pipeline_dag.py took 0.149 seconds
[2026-03-23T00:18:55.804+0000] {processor.py:157} INFO - Started process (PID=811) to work on /app/dags/dynamic_spark_pipeline_dag.py
[2026-03-23T00:18:55.807+0000] {processor.py:829} INFO - Processing file /app/dags/dynamic_spark_pipeline_dag.py for tasks to queue
[2026-03-23T00:18:55.808+0000] {logging_mixin.py:154} INFO - [2026-03-23T00:18:55.808+0000] {dagbag.py:536} INFO - Filling up the DagBag from /app/dags/dynamic_spark_pipeline_dag.py
[2026-03-23T00:18:55.834+0000] {processor.py:839} INFO - DAG(s) dict_keys(['dynamic_spark_pipeline']) retrieved from /app/dags/dynamic_spark_pipeline_dag.py
[2026-03-23T00:18:55.889+0000] {logging_mixin.py:154} INFO - [2026-03-23T00:18:55.889+0000] {dag.py:2941} INFO - Sync 1 DAGs
[2026-03-23T00:18:55.939+0000] {logging_mixin.py:154} INFO - [2026-03-23T00:18:55.939+0000] {dag.py:3722} INFO - Setting next_dagrun for dynamic_spark_pipeline to 2026-03-22T02:00:00+00:00, run_after=2026-03-23T02:00:00+00:00
[2026-03-23T00:18:55.963+0000] {processor.py:179} INFO - Processing /app/dags/dynamic_spark_pipeline_dag.py took 0.162 seconds
[2026-03-23T00:19:26.134+0000] {processor.py:157} INFO - Started process (PID=958) to work on /app/dags/dynamic_spark_pipeline_dag.py
[2026-03-23T00:19:26.135+0000] {processor.py:829} INFO - Processing file /app/dags/dynamic_spark_pipeline_dag.py for tasks to queue
[2026-03-23T00:19:26.136+0000] {logging_mixin.py:154} INFO - [2026-03-23T00:19:26.136+0000] {dagbag.py:536} INFO - Filling up the DagBag from /app/dags/dynamic_spark_pipeline_dag.py
[2026-03-23T00:19:26.182+0000] {processor.py:839} INFO - DAG(s) dict_keys(['dynamic_spark_pipeline']) retrieved from /app/dags/dynamic_spark_pipeline_dag.py
[2026-03-23T00:19:26.266+0000] {logging_mixin.py:154} INFO - [2026-03-23T00:19:26.266+0000] {dag.py:2941} INFO - Sync 1 DAGs
[2026-03-23T00:19:26.304+0000] {logging_mixin.py:154} INFO - [2026-03-23T00:19:26.304+0000] {dag.py:3722} INFO - Setting next_dagrun for dynamic_spark_pipeline to 2026-03-22T02:00:00+00:00, run_after=2026-03-23T02:00:00+00:00
[2026-03-23T00:19:26.354+0000] {processor.py:179} INFO - Processing /app/dags/dynamic_spark_pipeline_dag.py took 0.225 seconds
[2026-03-23T00:19:56.424+0000] {processor.py:157} INFO - Started process (PID=1241) to work on /app/dags/dynamic_spark_pipeline_dag.py
[2026-03-23T00:19:56.427+0000] {processor.py:829} INFO - Processing file /app/dags/dynamic_spark_pipeline_dag.py for tasks to queue
[2026-03-23T00:19:56.428+0000] {logging_mixin.py:154} INFO - [2026-03-23T00:19:56.428+0000] {dagbag.py:536} INFO - Filling up the DagBag from /app/dags/dynamic_spark_pipeline_dag.py
[2026-03-23T00:19:56.463+0000] {processor.py:839} INFO - DAG(s) dict_keys(['dynamic_spark_pipeline']) retrieved from /app/dags/dynamic_spark_pipeline_dag.py
[2026-03-23T00:19:56.516+0000] {logging_mixin.py:154} INFO - [2026-03-23T00:19:56.516+0000] {dag.py:2941} INFO - Sync 1 DAGs
[2026-03-23T00:19:56.551+0000] {logging_mixin.py:154} INFO - [2026-03-23T00:19:56.551+0000] {dag.py:3722} INFO - Setting next_dagrun for dynamic_spark_pipeline to 2026-03-21T02:00:00+00:00, run_after=2026-03-22T02:00:00+00:00
[2026-03-23T00:19:56.581+0000] {processor.py:179} INFO - Processing /app/dags/dynamic_spark_pipeline_dag.py took 0.161 seconds
[2026-03-23T00:20:26.637+0000] {processor.py:157} INFO - Started process (PID=1547) to work on /app/dags/dynamic_spark_pipeline_dag.py
[2026-03-23T00:20:26.640+0000] {processor.py:829} INFO - Processing file /app/dags/dynamic_spark_pipeline_dag.py for tasks to queue
[2026-03-23T00:20:26.642+0000] {logging_mixin.py:154} INFO - [2026-03-23T00:20:26.641+0000] {dagbag.py:536} INFO - Filling up the DagBag from /app/dags/dynamic_spark_pipeline_dag.py
[2026-03-23T00:20:26.678+0000] {processor.py:839} INFO - DAG(s) dict_keys(['dynamic_spark_pipeline']) retrieved from /app/dags/dynamic_spark_pipeline_dag.py
[2026-03-23T00:20:26.734+0000] {logging_mixin.py:154} INFO - [2026-03-23T00:20:26.734+0000] {dag.py:2941} INFO - Sync 1 DAGs
[2026-03-23T00:20:26.766+0000] {logging_mixin.py:154} INFO - [2026-03-23T00:20:26.766+0000] {dag.py:3722} INFO - Setting next_dagrun for dynamic_spark_pipeline to 2026-03-22T02:00:00+00:00, run_after=2026-03-23T02:00:00+00:00
[2026-03-23T00:20:26.787+0000] {processor.py:179} INFO - Processing /app/dags/dynamic_spark_pipeline_dag.py took 0.155 seconds
[2026-03-23T00:20:56.991+0000] {processor.py:157} INFO - Started process (PID=1558) to work on /app/dags/dynamic_spark_pipeline_dag.py
[2026-03-23T00:20:56.994+0000] {processor.py:829} INFO - Processing file /app/dags/dynamic_spark_pipeline_dag.py for tasks to queue
[2026-03-23T00:20:56.994+0000] {logging_mixin.py:154} INFO - [2026-03-23T00:20:56.994+0000] {dagbag.py:536} INFO - Filling up the DagBag from /app/dags/dynamic_spark_pipeline_dag.py
[2026-03-23T00:20:57.025+0000] {processor.py:839} INFO - DAG(s) dict_keys(['dynamic_spark_pipeline']) retrieved from /app/dags/dynamic_spark_pipeline_dag.py
[2026-03-23T00:20:57.073+0000] {logging_mixin.py:154} INFO - [2026-03-23T00:20:57.073+0000] {dag.py:2941} INFO - Sync 1 DAGs
[2026-03-23T00:20:57.103+0000] {logging_mixin.py:154} INFO - [2026-03-23T00:20:57.102+0000] {dag.py:3722} INFO - Setting next_dagrun for dynamic_spark_pipeline to 2026-03-22T02:00:00+00:00, run_after=2026-03-23T02:00:00+00:00
[2026-03-23T00:20:57.125+0000] {processor.py:179} INFO - Processing /app/dags/dynamic_spark_pipeline_dag.py took 0.138 seconds
[2026-03-23T00:21:27.213+0000] {processor.py:157} INFO - Started process (PID=1569) to work on /app/dags/dynamic_spark_pipeline_dag.py
[2026-03-23T00:21:27.214+0000] {processor.py:829} INFO - Processing file /app/dags/dynamic_spark_pipeline_dag.py for tasks to queue
[2026-03-23T00:21:27.215+0000] {logging_mixin.py:154} INFO - [2026-03-23T00:21:27.215+0000] {dagbag.py:536} INFO - Filling up the DagBag from /app/dags/dynamic_spark_pipeline_dag.py
[2026-03-23T00:21:27.247+0000] {processor.py:839} INFO - DAG(s) dict_keys(['dynamic_spark_pipeline']) retrieved from /app/dags/dynamic_spark_pipeline_dag.py
[2026-03-23T00:21:27.303+0000] {logging_mixin.py:154} INFO - [2026-03-23T00:21:27.303+0000] {dag.py:2941} INFO - Sync 1 DAGs
[2026-03-23T00:21:27.339+0000] {logging_mixin.py:154} INFO - [2026-03-23T00:21:27.338+0000] {dag.py:3722} INFO - Setting next_dagrun for dynamic_spark_pipeline to 2026-03-22T02:00:00+00:00, run_after=2026-03-23T02:00:00+00:00
[2026-03-23T00:21:27.365+0000] {processor.py:179} INFO - Processing /app/dags/dynamic_spark_pipeline_dag.py took 0.155 seconds
[2026-03-23T00:21:42.387+0000] {processor.py:157} INFO - Started process (PID=1580) to work on /app/dags/dynamic_spark_pipeline_dag.py
[2026-03-23T00:21:42.390+0000] {processor.py:829} INFO - Processing file /app/dags/dynamic_spark_pipeline_dag.py for tasks to queue
[2026-03-23T00:21:42.390+0000] {logging_mixin.py:154} INFO - [2026-03-23T00:21:42.390+0000] {dagbag.py:536} INFO - Filling up the DagBag from /app/dags/dynamic_spark_pipeline_dag.py
[2026-03-23T00:21:42.435+0000] {processor.py:839} INFO - DAG(s) dict_keys(['dynamic_spark_pipeline']) retrieved from /app/dags/dynamic_spark_pipeline_dag.py
[2026-03-23T00:21:42.785+0000] {logging_mixin.py:154} INFO - [2026-03-23T00:21:42.785+0000] {dag.py:2941} INFO - Sync 1 DAGs
[2026-03-23T00:21:42.845+0000] {logging_mixin.py:154} INFO - [2026-03-23T00:21:42.845+0000] {dag.py:3722} INFO - Setting next_dagrun for dynamic_spark_pipeline to 2026-03-22T02:00:00+00:00, run_after=2026-03-23T02:00:00+00:00
[2026-03-23T00:21:42.884+0000] {processor.py:179} INFO - Processing /app/dags/dynamic_spark_pipeline_dag.py took 0.501 seconds
[2026-03-23T00:22:13.051+0000] {processor.py:157} INFO - Started process (PID=1585) to work on /app/dags/dynamic_spark_pipeline_dag.py
[2026-03-23T00:22:13.054+0000] {processor.py:829} INFO - Processing file /app/dags/dynamic_spark_pipeline_dag.py for tasks to queue
[2026-03-23T00:22:13.055+0000] {logging_mixin.py:154} INFO - [2026-03-23T00:22:13.055+0000] {dagbag.py:536} INFO - Filling up the DagBag from /app/dags/dynamic_spark_pipeline_dag.py
[2026-03-23T00:22:13.081+0000] {processor.py:839} INFO - DAG(s) dict_keys(['dynamic_spark_pipeline']) retrieved from /app/dags/dynamic_spark_pipeline_dag.py
[2026-03-23T00:22:13.133+0000] {logging_mixin.py:154} INFO - [2026-03-23T00:22:13.132+0000] {dag.py:2941} INFO - Sync 1 DAGs
[2026-03-23T00:22:13.162+0000] {logging_mixin.py:154} INFO - [2026-03-23T00:22:13.162+0000] {dag.py:3722} INFO - Setting next_dagrun for dynamic_spark_pipeline to 2026-03-22T02:00:00+00:00, run_after=2026-03-23T02:00:00+00:00
[2026-03-23T00:22:13.189+0000] {processor.py:179} INFO - Processing /app/dags/dynamic_spark_pipeline_dag.py took 0.142 seconds
[2026-03-23T00:22:43.246+0000] {processor.py:157} INFO - Started process (PID=1596) to work on /app/dags/dynamic_spark_pipeline_dag.py
[2026-03-23T00:22:43.249+0000] {processor.py:829} INFO - Processing file /app/dags/dynamic_spark_pipeline_dag.py for tasks to queue
[2026-03-23T00:22:43.249+0000] {logging_mixin.py:154} INFO - [2026-03-23T00:22:43.249+0000] {dagbag.py:536} INFO - Filling up the DagBag from /app/dags/dynamic_spark_pipeline_dag.py
[2026-03-23T00:22:43.277+0000] {processor.py:839} INFO - DAG(s) dict_keys(['dynamic_spark_pipeline']) retrieved from /app/dags/dynamic_spark_pipeline_dag.py
[2026-03-23T00:22:43.325+0000] {logging_mixin.py:154} INFO - [2026-03-23T00:22:43.325+0000] {dag.py:2941} INFO - Sync 1 DAGs
[2026-03-23T00:22:43.353+0000] {logging_mixin.py:154} INFO - [2026-03-23T00:22:43.352+0000] {dag.py:3722} INFO - Setting next_dagrun for dynamic_spark_pipeline to 2026-03-22T02:00:00+00:00, run_after=2026-03-23T02:00:00+00:00
[2026-03-23T00:22:43.373+0000] {processor.py:179} INFO - Processing /app/dags/dynamic_spark_pipeline_dag.py took 0.131 seconds
[2026-03-23T00:22:46.421+0000] {processor.py:157} INFO - Started process (PID=1607) to work on /app/dags/dynamic_spark_pipeline_dag.py
[2026-03-23T00:22:46.422+0000] {processor.py:829} INFO - Processing file /app/dags/dynamic_spark_pipeline_dag.py for tasks to queue
[2026-03-23T00:22:46.422+0000] {logging_mixin.py:154} INFO - [2026-03-23T00:22:46.422+0000] {dagbag.py:536} INFO - Filling up the DagBag from /app/dags/dynamic_spark_pipeline_dag.py
[2026-03-23T00:22:46.452+0000] {processor.py:839} INFO - DAG(s) dict_keys(['dynamic_spark_pipeline']) retrieved from /app/dags/dynamic_spark_pipeline_dag.py
[2026-03-23T00:22:46.508+0000] {logging_mixin.py:154} INFO - [2026-03-23T00:22:46.507+0000] {dag.py:2941} INFO - Sync 1 DAGs
[2026-03-23T00:22:46.541+0000] {logging_mixin.py:154} INFO - [2026-03-23T00:22:46.541+0000] {dag.py:3722} INFO - Setting next_dagrun for dynamic_spark_pipeline to 2026-03-22T02:00:00+00:00, run_after=2026-03-23T02:00:00+00:00
[2026-03-23T00:22:46.575+0000] {processor.py:179} INFO - Processing /app/dags/dynamic_spark_pipeline_dag.py took 0.157 seconds
[2026-03-23T00:30:51.042+0000] {processor.py:157} INFO - Started process (PID=162) to work on /app/dags/dynamic_spark_pipeline_dag.py
[2026-03-23T00:30:51.043+0000] {processor.py:829} INFO - Processing file /app/dags/dynamic_spark_pipeline_dag.py for tasks to queue
[2026-03-23T00:30:51.043+0000] {logging_mixin.py:154} INFO - [2026-03-23T00:30:51.043+0000] {dagbag.py:536} INFO - Filling up the DagBag from /app/dags/dynamic_spark_pipeline_dag.py
[2026-03-23T00:30:51.077+0000] {processor.py:839} INFO - DAG(s) dict_keys(['dynamic_spark_pipeline']) retrieved from /app/dags/dynamic_spark_pipeline_dag.py
[2026-03-23T00:30:51.168+0000] {logging_mixin.py:154} INFO - [2026-03-23T00:30:51.168+0000] {dag.py:2941} INFO - Sync 1 DAGs
[2026-03-23T00:30:51.211+0000] {logging_mixin.py:154} INFO - [2026-03-23T00:30:51.210+0000] {dag.py:3722} INFO - Setting next_dagrun for dynamic_spark_pipeline to 2026-03-22T02:00:00+00:00, run_after=2026-03-23T02:00:00+00:00
[2026-03-23T00:30:51.242+0000] {processor.py:179} INFO - Processing /app/dags/dynamic_spark_pipeline_dag.py took 0.203 seconds
[2026-03-23T00:31:21.393+0000] {processor.py:157} INFO - Started process (PID=532) to work on /app/dags/dynamic_spark_pipeline_dag.py
[2026-03-23T00:31:21.395+0000] {processor.py:829} INFO - Processing file /app/dags/dynamic_spark_pipeline_dag.py for tasks to queue
[2026-03-23T00:31:21.396+0000] {logging_mixin.py:154} INFO - [2026-03-23T00:31:21.396+0000] {dagbag.py:536} INFO - Filling up the DagBag from /app/dags/dynamic_spark_pipeline_dag.py
[2026-03-23T00:31:21.419+0000] {processor.py:839} INFO - DAG(s) dict_keys(['dynamic_spark_pipeline']) retrieved from /app/dags/dynamic_spark_pipeline_dag.py
[2026-03-23T00:31:21.467+0000] {logging_mixin.py:154} INFO - [2026-03-23T00:31:21.467+0000] {dag.py:2941} INFO - Sync 1 DAGs
[2026-03-23T00:31:21.493+0000] {logging_mixin.py:154} INFO - [2026-03-23T00:31:21.493+0000] {dag.py:3722} INFO - Setting next_dagrun for dynamic_spark_pipeline to 2026-03-22T02:00:00+00:00, run_after=2026-03-23T02:00:00+00:00
[2026-03-23T00:31:21.513+0000] {processor.py:179} INFO - Processing /app/dags/dynamic_spark_pipeline_dag.py took 0.123 seconds
[2026-03-23T00:31:51.560+0000] {processor.py:157} INFO - Started process (PID=543) to work on /app/dags/dynamic_spark_pipeline_dag.py
[2026-03-23T00:31:51.563+0000] {processor.py:829} INFO - Processing file /app/dags/dynamic_spark_pipeline_dag.py for tasks to queue
[2026-03-23T00:31:51.564+0000] {logging_mixin.py:154} INFO - [2026-03-23T00:31:51.564+0000] {dagbag.py:536} INFO - Filling up the DagBag from /app/dags/dynamic_spark_pipeline_dag.py
[2026-03-23T00:31:51.591+0000] {processor.py:839} INFO - DAG(s) dict_keys(['dynamic_spark_pipeline']) retrieved from /app/dags/dynamic_spark_pipeline_dag.py
[2026-03-23T00:31:51.640+0000] {logging_mixin.py:154} INFO - [2026-03-23T00:31:51.640+0000] {dag.py:2941} INFO - Sync 1 DAGs
[2026-03-23T00:31:51.671+0000] {logging_mixin.py:154} INFO - [2026-03-23T00:31:51.671+0000] {dag.py:3722} INFO - Setting next_dagrun for dynamic_spark_pipeline to 2026-03-22T02:00:00+00:00, run_after=2026-03-23T02:00:00+00:00
[2026-03-23T00:31:51.695+0000] {processor.py:179} INFO - Processing /app/dags/dynamic_spark_pipeline_dag.py took 0.138 seconds
[2026-03-23T00:33:46.653+0000] {processor.py:157} INFO - Started process (PID=162) to work on /app/dags/dynamic_spark_pipeline_dag.py
[2026-03-23T00:33:46.654+0000] {processor.py:829} INFO - Processing file /app/dags/dynamic_spark_pipeline_dag.py for tasks to queue
[2026-03-23T00:33:46.655+0000] {logging_mixin.py:154} INFO - [2026-03-23T00:33:46.655+0000] {dagbag.py:536} INFO - Filling up the DagBag from /app/dags/dynamic_spark_pipeline_dag.py
[2026-03-23T00:33:46.701+0000] {processor.py:839} INFO - DAG(s) dict_keys(['dynamic_spark_pipeline']) retrieved from /app/dags/dynamic_spark_pipeline_dag.py
[2026-03-23T00:33:47.006+0000] {logging_mixin.py:154} INFO - [2026-03-23T00:33:47.006+0000] {manager.py:499} INFO - Created Permission View: %s
[2026-03-23T00:33:47.017+0000] {logging_mixin.py:154} INFO - [2026-03-23T00:33:47.017+0000] {manager.py:499} INFO - Created Permission View: %s
[2026-03-23T00:33:47.025+0000] {logging_mixin.py:154} INFO - [2026-03-23T00:33:47.025+0000] {manager.py:499} INFO - Created Permission View: %s
[2026-03-23T00:33:47.025+0000] {logging_mixin.py:154} INFO - [2026-03-23T00:33:47.025+0000] {dag.py:2941} INFO - Sync 1 DAGs
[2026-03-23T00:33:47.038+0000] {logging_mixin.py:154} INFO - [2026-03-23T00:33:47.038+0000] {dag.py:2963} INFO - Creating ORM DAG for dynamic_spark_pipeline
[2026-03-23T00:33:47.051+0000] {logging_mixin.py:154} INFO - [2026-03-23T00:33:47.051+0000] {dag.py:3722} INFO - Setting next_dagrun for dynamic_spark_pipeline to 2026-03-21T02:00:00+00:00, run_after=2026-03-22T02:00:00+00:00
[2026-03-23T00:33:47.074+0000] {processor.py:179} INFO - Processing /app/dags/dynamic_spark_pipeline_dag.py took 0.425 seconds
[2026-03-23T00:34:17.216+0000] {processor.py:157} INFO - Started process (PID=174) to work on /app/dags/dynamic_spark_pipeline_dag.py
[2026-03-23T00:34:17.217+0000] {processor.py:829} INFO - Processing file /app/dags/dynamic_spark_pipeline_dag.py for tasks to queue
[2026-03-23T00:34:17.217+0000] {logging_mixin.py:154} INFO - [2026-03-23T00:34:17.217+0000] {dagbag.py:536} INFO - Filling up the DagBag from /app/dags/dynamic_spark_pipeline_dag.py
[2026-03-23T00:34:17.241+0000] {processor.py:839} INFO - DAG(s) dict_keys(['dynamic_spark_pipeline']) retrieved from /app/dags/dynamic_spark_pipeline_dag.py
[2026-03-23T00:34:17.293+0000] {logging_mixin.py:154} INFO - [2026-03-23T00:34:17.293+0000] {dag.py:2941} INFO - Sync 1 DAGs
[2026-03-23T00:34:17.335+0000] {logging_mixin.py:154} INFO - [2026-03-23T00:34:17.335+0000] {dag.py:3722} INFO - Setting next_dagrun for dynamic_spark_pipeline to 2026-03-21T02:00:00+00:00, run_after=2026-03-22T02:00:00+00:00
[2026-03-23T00:34:17.361+0000] {processor.py:179} INFO - Processing /app/dags/dynamic_spark_pipeline_dag.py took 0.148 seconds
[2026-03-23T00:34:47.551+0000] {processor.py:157} INFO - Started process (PID=555) to work on /app/dags/dynamic_spark_pipeline_dag.py
[2026-03-23T00:34:47.555+0000] {processor.py:829} INFO - Processing file /app/dags/dynamic_spark_pipeline_dag.py for tasks to queue
[2026-03-23T00:34:47.556+0000] {logging_mixin.py:154} INFO - [2026-03-23T00:34:47.556+0000] {dagbag.py:536} INFO - Filling up the DagBag from /app/dags/dynamic_spark_pipeline_dag.py
[2026-03-23T00:34:47.593+0000] {processor.py:839} INFO - DAG(s) dict_keys(['dynamic_spark_pipeline']) retrieved from /app/dags/dynamic_spark_pipeline_dag.py
[2026-03-23T00:34:47.708+0000] {logging_mixin.py:154} INFO - [2026-03-23T00:34:47.708+0000] {dag.py:2941} INFO - Sync 1 DAGs
[2026-03-23T00:34:47.749+0000] {logging_mixin.py:154} INFO - [2026-03-23T00:34:47.749+0000] {dag.py:3722} INFO - Setting next_dagrun for dynamic_spark_pipeline to 2026-03-22T02:00:00+00:00, run_after=2026-03-23T02:00:00+00:00
[2026-03-23T00:34:47.781+0000] {processor.py:179} INFO - Processing /app/dags/dynamic_spark_pipeline_dag.py took 0.233 seconds
[2026-03-23T00:35:17.987+0000] {processor.py:157} INFO - Started process (PID=566) to work on /app/dags/dynamic_spark_pipeline_dag.py
[2026-03-23T00:35:17.988+0000] {processor.py:829} INFO - Processing file /app/dags/dynamic_spark_pipeline_dag.py for tasks to queue
[2026-03-23T00:35:17.988+0000] {logging_mixin.py:154} INFO - [2026-03-23T00:35:17.988+0000] {dagbag.py:536} INFO - Filling up the DagBag from /app/dags/dynamic_spark_pipeline_dag.py
[2026-03-23T00:35:18.026+0000] {processor.py:839} INFO - DAG(s) dict_keys(['dynamic_spark_pipeline']) retrieved from /app/dags/dynamic_spark_pipeline_dag.py
[2026-03-23T00:35:18.095+0000] {logging_mixin.py:154} INFO - [2026-03-23T00:35:18.095+0000] {dag.py:2941} INFO - Sync 1 DAGs
[2026-03-23T00:35:18.136+0000] {logging_mixin.py:154} INFO - [2026-03-23T00:35:18.136+0000] {dag.py:3722} INFO - Setting next_dagrun for dynamic_spark_pipeline to 2026-03-22T02:00:00+00:00, run_after=2026-03-23T02:00:00+00:00
[2026-03-23T00:35:18.161+0000] {processor.py:179} INFO - Processing /app/dags/dynamic_spark_pipeline_dag.py took 0.177 seconds
[2026-03-23T00:36:56.284+0000] {processor.py:157} INFO - Started process (PID=162) to work on /app/dags/dynamic_spark_pipeline_dag.py
[2026-03-23T00:36:56.285+0000] {processor.py:829} INFO - Processing file /app/dags/dynamic_spark_pipeline_dag.py for tasks to queue
[2026-03-23T00:36:56.285+0000] {logging_mixin.py:154} INFO - [2026-03-23T00:36:56.285+0000] {dagbag.py:536} INFO - Filling up the DagBag from /app/dags/dynamic_spark_pipeline_dag.py
[2026-03-23T00:36:56.331+0000] {processor.py:839} INFO - DAG(s) dict_keys(['dynamic_spark_pipeline']) retrieved from /app/dags/dynamic_spark_pipeline_dag.py
[2026-03-23T00:36:56.631+0000] {logging_mixin.py:154} INFO - [2026-03-23T00:36:56.630+0000] {manager.py:499} INFO - Created Permission View: %s
[2026-03-23T00:36:56.642+0000] {logging_mixin.py:154} INFO - [2026-03-23T00:36:56.641+0000] {manager.py:499} INFO - Created Permission View: %s
[2026-03-23T00:36:56.649+0000] {logging_mixin.py:154} INFO - [2026-03-23T00:36:56.649+0000] {manager.py:499} INFO - Created Permission View: %s
[2026-03-23T00:36:56.650+0000] {logging_mixin.py:154} INFO - [2026-03-23T00:36:56.649+0000] {dag.py:2941} INFO - Sync 1 DAGs
[2026-03-23T00:36:56.663+0000] {logging_mixin.py:154} INFO - [2026-03-23T00:36:56.663+0000] {dag.py:2963} INFO - Creating ORM DAG for dynamic_spark_pipeline
[2026-03-23T00:36:56.676+0000] {logging_mixin.py:154} INFO - [2026-03-23T00:36:56.676+0000] {dag.py:3722} INFO - Setting next_dagrun for dynamic_spark_pipeline to 2026-03-21T02:00:00+00:00, run_after=2026-03-22T02:00:00+00:00
[2026-03-23T00:36:56.699+0000] {processor.py:179} INFO - Processing /app/dags/dynamic_spark_pipeline_dag.py took 0.418 seconds
[2026-03-23T00:37:26.889+0000] {processor.py:157} INFO - Started process (PID=174) to work on /app/dags/dynamic_spark_pipeline_dag.py
[2026-03-23T00:37:26.889+0000] {processor.py:829} INFO - Processing file /app/dags/dynamic_spark_pipeline_dag.py for tasks to queue
[2026-03-23T00:37:26.890+0000] {logging_mixin.py:154} INFO - [2026-03-23T00:37:26.890+0000] {dagbag.py:536} INFO - Filling up the DagBag from /app/dags/dynamic_spark_pipeline_dag.py
[2026-03-23T00:37:26.918+0000] {processor.py:839} INFO - DAG(s) dict_keys(['dynamic_spark_pipeline']) retrieved from /app/dags/dynamic_spark_pipeline_dag.py
[2026-03-23T00:37:27.014+0000] {logging_mixin.py:154} INFO - [2026-03-23T00:37:27.014+0000] {dag.py:2941} INFO - Sync 1 DAGs
[2026-03-23T00:37:27.043+0000] {logging_mixin.py:154} INFO - [2026-03-23T00:37:27.043+0000] {dag.py:3722} INFO - Setting next_dagrun for dynamic_spark_pipeline to 2026-03-21T02:00:00+00:00, run_after=2026-03-22T02:00:00+00:00
[2026-03-23T00:37:27.082+0000] {processor.py:179} INFO - Processing /app/dags/dynamic_spark_pipeline_dag.py took 0.196 seconds
[2026-03-23T00:37:57.224+0000] {processor.py:157} INFO - Started process (PID=185) to work on /app/dags/dynamic_spark_pipeline_dag.py
[2026-03-23T00:37:57.225+0000] {processor.py:829} INFO - Processing file /app/dags/dynamic_spark_pipeline_dag.py for tasks to queue
[2026-03-23T00:37:57.226+0000] {logging_mixin.py:154} INFO - [2026-03-23T00:37:57.226+0000] {dagbag.py:536} INFO - Filling up the DagBag from /app/dags/dynamic_spark_pipeline_dag.py
[2026-03-23T00:37:57.254+0000] {processor.py:839} INFO - DAG(s) dict_keys(['dynamic_spark_pipeline']) retrieved from /app/dags/dynamic_spark_pipeline_dag.py
[2026-03-23T00:37:57.305+0000] {logging_mixin.py:154} INFO - [2026-03-23T00:37:57.305+0000] {dag.py:2941} INFO - Sync 1 DAGs
[2026-03-23T00:37:57.333+0000] {logging_mixin.py:154} INFO - [2026-03-23T00:37:57.333+0000] {dag.py:3722} INFO - Setting next_dagrun for dynamic_spark_pipeline to 2026-03-21T02:00:00+00:00, run_after=2026-03-22T02:00:00+00:00
[2026-03-23T00:37:57.351+0000] {processor.py:179} INFO - Processing /app/dags/dynamic_spark_pipeline_dag.py took 0.130 seconds
[2026-03-23T00:38:27.446+0000] {processor.py:157} INFO - Started process (PID=196) to work on /app/dags/dynamic_spark_pipeline_dag.py
[2026-03-23T00:38:27.447+0000] {processor.py:829} INFO - Processing file /app/dags/dynamic_spark_pipeline_dag.py for tasks to queue
[2026-03-23T00:38:27.448+0000] {logging_mixin.py:154} INFO - [2026-03-23T00:38:27.448+0000] {dagbag.py:536} INFO - Filling up the DagBag from /app/dags/dynamic_spark_pipeline_dag.py
[2026-03-23T00:38:27.474+0000] {processor.py:839} INFO - DAG(s) dict_keys(['dynamic_spark_pipeline']) retrieved from /app/dags/dynamic_spark_pipeline_dag.py
[2026-03-23T00:38:27.525+0000] {logging_mixin.py:154} INFO - [2026-03-23T00:38:27.525+0000] {dag.py:2941} INFO - Sync 1 DAGs
[2026-03-23T00:38:27.553+0000] {logging_mixin.py:154} INFO - [2026-03-23T00:38:27.553+0000] {dag.py:3722} INFO - Setting next_dagrun for dynamic_spark_pipeline to 2026-03-21T02:00:00+00:00, run_after=2026-03-22T02:00:00+00:00
[2026-03-23T00:38:27.586+0000] {processor.py:179} INFO - Processing /app/dags/dynamic_spark_pipeline_dag.py took 0.143 seconds
[2026-03-23T00:38:57.743+0000] {processor.py:157} INFO - Started process (PID=207) to work on /app/dags/dynamic_spark_pipeline_dag.py
[2026-03-23T00:38:57.748+0000] {processor.py:829} INFO - Processing file /app/dags/dynamic_spark_pipeline_dag.py for tasks to queue
[2026-03-23T00:38:57.751+0000] {logging_mixin.py:154} INFO - [2026-03-23T00:38:57.750+0000] {dagbag.py:536} INFO - Filling up the DagBag from /app/dags/dynamic_spark_pipeline_dag.py
[2026-03-23T00:38:57.778+0000] {processor.py:839} INFO - DAG(s) dict_keys(['dynamic_spark_pipeline']) retrieved from /app/dags/dynamic_spark_pipeline_dag.py
[2026-03-23T00:38:57.838+0000] {logging_mixin.py:154} INFO - [2026-03-23T00:38:57.838+0000] {dag.py:2941} INFO - Sync 1 DAGs
[2026-03-23T00:38:57.872+0000] {logging_mixin.py:154} INFO - [2026-03-23T00:38:57.872+0000] {dag.py:3722} INFO - Setting next_dagrun for dynamic_spark_pipeline to 2026-03-21T02:00:00+00:00, run_after=2026-03-22T02:00:00+00:00
[2026-03-23T00:38:57.932+0000] {processor.py:179} INFO - Processing /app/dags/dynamic_spark_pipeline_dag.py took 0.192 seconds
[2026-03-23T00:39:28.093+0000] {processor.py:157} INFO - Started process (PID=218) to work on /app/dags/dynamic_spark_pipeline_dag.py
[2026-03-23T00:39:28.095+0000] {processor.py:829} INFO - Processing file /app/dags/dynamic_spark_pipeline_dag.py for tasks to queue
[2026-03-23T00:39:28.097+0000] {logging_mixin.py:154} INFO - [2026-03-23T00:39:28.096+0000] {dagbag.py:536} INFO - Filling up the DagBag from /app/dags/dynamic_spark_pipeline_dag.py
[2026-03-23T00:39:28.122+0000] {processor.py:839} INFO - DAG(s) dict_keys(['dynamic_spark_pipeline']) retrieved from /app/dags/dynamic_spark_pipeline_dag.py
[2026-03-23T00:39:28.173+0000] {logging_mixin.py:154} INFO - [2026-03-23T00:39:28.172+0000] {dag.py:2941} INFO - Sync 1 DAGs
[2026-03-23T00:39:28.205+0000] {logging_mixin.py:154} INFO - [2026-03-23T00:39:28.205+0000] {dag.py:3722} INFO - Setting next_dagrun for dynamic_spark_pipeline to 2026-03-21T02:00:00+00:00, run_after=2026-03-22T02:00:00+00:00
[2026-03-23T00:39:28.226+0000] {processor.py:179} INFO - Processing /app/dags/dynamic_spark_pipeline_dag.py took 0.136 seconds
[2026-03-23T00:39:55.212+0000] {processor.py:157} INFO - Started process (PID=229) to work on /app/dags/dynamic_spark_pipeline_dag.py
[2026-03-23T00:39:55.214+0000] {processor.py:829} INFO - Processing file /app/dags/dynamic_spark_pipeline_dag.py for tasks to queue
[2026-03-23T00:39:55.214+0000] {logging_mixin.py:154} INFO - [2026-03-23T00:39:55.214+0000] {dagbag.py:536} INFO - Filling up the DagBag from /app/dags/dynamic_spark_pipeline_dag.py
[2026-03-23T00:39:55.249+0000] {processor.py:839} INFO - DAG(s) dict_keys(['dynamic_spark_pipeline']) retrieved from /app/dags/dynamic_spark_pipeline_dag.py
[2026-03-23T00:39:55.504+0000] {logging_mixin.py:154} INFO - [2026-03-23T00:39:55.504+0000] {dag.py:2941} INFO - Sync 1 DAGs
[2026-03-23T00:39:55.538+0000] {logging_mixin.py:154} INFO - [2026-03-23T00:39:55.538+0000] {dag.py:3722} INFO - Setting next_dagrun for dynamic_spark_pipeline to 2026-03-21T02:00:00+00:00, run_after=2026-03-22T02:00:00+00:00
[2026-03-23T00:39:55.584+0000] {processor.py:179} INFO - Processing /app/dags/dynamic_spark_pipeline_dag.py took 0.375 seconds
[2026-03-23T00:40:06.448+0000] {processor.py:157} INFO - Started process (PID=234) to work on /app/dags/dynamic_spark_pipeline_dag.py
[2026-03-23T00:40:06.451+0000] {processor.py:829} INFO - Processing file /app/dags/dynamic_spark_pipeline_dag.py for tasks to queue
[2026-03-23T00:40:06.452+0000] {logging_mixin.py:154} INFO - [2026-03-23T00:40:06.452+0000] {dagbag.py:536} INFO - Filling up the DagBag from /app/dags/dynamic_spark_pipeline_dag.py
[2026-03-23T00:40:06.484+0000] {processor.py:839} INFO - DAG(s) dict_keys(['dynamic_spark_pipeline']) retrieved from /app/dags/dynamic_spark_pipeline_dag.py
[2026-03-23T00:40:06.505+0000] {logging_mixin.py:154} INFO - [2026-03-23T00:40:06.505+0000] {dag.py:2941} INFO - Sync 1 DAGs
[2026-03-23T00:40:06.544+0000] {logging_mixin.py:154} INFO - [2026-03-23T00:40:06.544+0000] {dag.py:3722} INFO - Setting next_dagrun for dynamic_spark_pipeline to 2026-03-21T02:00:00+00:00, run_after=2026-03-22T02:00:00+00:00
[2026-03-23T00:40:06.585+0000] {processor.py:179} INFO - Processing /app/dags/dynamic_spark_pipeline_dag.py took 0.141 seconds
[2026-03-23T00:47:22.375+0000] {processor.py:157} INFO - Started process (PID=162) to work on /app/dags/dynamic_spark_pipeline_dag.py
[2026-03-23T00:47:22.375+0000] {processor.py:829} INFO - Processing file /app/dags/dynamic_spark_pipeline_dag.py for tasks to queue
[2026-03-23T00:47:22.376+0000] {logging_mixin.py:154} INFO - [2026-03-23T00:47:22.376+0000] {dagbag.py:536} INFO - Filling up the DagBag from /app/dags/dynamic_spark_pipeline_dag.py
[2026-03-23T00:47:22.432+0000] {processor.py:839} INFO - DAG(s) dict_keys(['dynamic_spark_pipeline']) retrieved from /app/dags/dynamic_spark_pipeline_dag.py
[2026-03-23T00:47:22.797+0000] {logging_mixin.py:154} INFO - [2026-03-23T00:47:22.797+0000] {manager.py:499} INFO - Created Permission View: %s
[2026-03-23T00:47:22.809+0000] {logging_mixin.py:154} INFO - [2026-03-23T00:47:22.809+0000] {manager.py:499} INFO - Created Permission View: %s
[2026-03-23T00:47:22.819+0000] {logging_mixin.py:154} INFO - [2026-03-23T00:47:22.819+0000] {manager.py:499} INFO - Created Permission View: %s
[2026-03-23T00:47:22.819+0000] {logging_mixin.py:154} INFO - [2026-03-23T00:47:22.819+0000] {dag.py:2941} INFO - Sync 1 DAGs
[2026-03-23T00:47:22.836+0000] {logging_mixin.py:154} INFO - [2026-03-23T00:47:22.835+0000] {dag.py:2963} INFO - Creating ORM DAG for dynamic_spark_pipeline
[2026-03-23T00:47:22.854+0000] {logging_mixin.py:154} INFO - [2026-03-23T00:47:22.853+0000] {dag.py:3722} INFO - Setting next_dagrun for dynamic_spark_pipeline to 2026-03-21T02:00:00+00:00, run_after=2026-03-22T02:00:00+00:00
[2026-03-23T00:47:22.880+0000] {processor.py:179} INFO - Processing /app/dags/dynamic_spark_pipeline_dag.py took 0.508 seconds
[2026-03-23T00:47:53.040+0000] {processor.py:157} INFO - Started process (PID=174) to work on /app/dags/dynamic_spark_pipeline_dag.py
[2026-03-23T00:47:53.040+0000] {processor.py:829} INFO - Processing file /app/dags/dynamic_spark_pipeline_dag.py for tasks to queue
[2026-03-23T00:47:53.041+0000] {logging_mixin.py:154} INFO - [2026-03-23T00:47:53.041+0000] {dagbag.py:536} INFO - Filling up the DagBag from /app/dags/dynamic_spark_pipeline_dag.py
[2026-03-23T00:47:53.063+0000] {processor.py:839} INFO - DAG(s) dict_keys(['dynamic_spark_pipeline']) retrieved from /app/dags/dynamic_spark_pipeline_dag.py
[2026-03-23T00:47:53.109+0000] {logging_mixin.py:154} INFO - [2026-03-23T00:47:53.109+0000] {dag.py:2941} INFO - Sync 1 DAGs
[2026-03-23T00:47:53.135+0000] {logging_mixin.py:154} INFO - [2026-03-23T00:47:53.135+0000] {dag.py:3722} INFO - Setting next_dagrun for dynamic_spark_pipeline to 2026-03-21T02:00:00+00:00, run_after=2026-03-22T02:00:00+00:00
[2026-03-23T00:47:53.153+0000] {processor.py:179} INFO - Processing /app/dags/dynamic_spark_pipeline_dag.py took 0.117 seconds
[2026-03-23T00:52:18.040+0000] {processor.py:157} INFO - Started process (PID=162) to work on /app/dags/dynamic_spark_pipeline_dag.py
[2026-03-23T00:52:18.042+0000] {processor.py:829} INFO - Processing file /app/dags/dynamic_spark_pipeline_dag.py for tasks to queue
[2026-03-23T00:52:18.043+0000] {logging_mixin.py:154} INFO - [2026-03-23T00:52:18.042+0000] {dagbag.py:536} INFO - Filling up the DagBag from /app/dags/dynamic_spark_pipeline_dag.py
[2026-03-23T00:52:18.139+0000] {processor.py:839} INFO - DAG(s) dict_keys(['dynamic_spark_pipeline']) retrieved from /app/dags/dynamic_spark_pipeline_dag.py
[2026-03-23T00:52:18.214+0000] {logging_mixin.py:154} INFO - [2026-03-23T00:52:18.213+0000] {dag.py:2941} INFO - Sync 1 DAGs
[2026-03-23T00:52:18.245+0000] {logging_mixin.py:154} INFO - [2026-03-23T00:52:18.244+0000] {dag.py:3722} INFO - Setting next_dagrun for dynamic_spark_pipeline to 2026-03-21T02:00:00+00:00, run_after=2026-03-22T02:00:00+00:00
[2026-03-23T00:52:18.269+0000] {processor.py:179} INFO - Processing /app/dags/dynamic_spark_pipeline_dag.py took 0.233 seconds
[2026-03-23T00:52:48.446+0000] {processor.py:157} INFO - Started process (PID=174) to work on /app/dags/dynamic_spark_pipeline_dag.py
[2026-03-23T00:52:48.476+0000] {processor.py:829} INFO - Processing file /app/dags/dynamic_spark_pipeline_dag.py for tasks to queue
[2026-03-23T00:52:48.478+0000] {logging_mixin.py:154} INFO - [2026-03-23T00:52:48.477+0000] {dagbag.py:536} INFO - Filling up the DagBag from /app/dags/dynamic_spark_pipeline_dag.py
[2026-03-23T00:52:48.588+0000] {processor.py:839} INFO - DAG(s) dict_keys(['dynamic_spark_pipeline']) retrieved from /app/dags/dynamic_spark_pipeline_dag.py
[2026-03-23T00:52:48.834+0000] {logging_mixin.py:154} INFO - [2026-03-23T00:52:48.833+0000] {dag.py:2941} INFO - Sync 1 DAGs
[2026-03-23T00:52:48.881+0000] {logging_mixin.py:154} INFO - [2026-03-23T00:52:48.881+0000] {dag.py:3722} INFO - Setting next_dagrun for dynamic_spark_pipeline to 2026-03-21T02:00:00+00:00, run_after=2026-03-22T02:00:00+00:00
[2026-03-23T00:52:48.918+0000] {processor.py:179} INFO - Processing /app/dags/dynamic_spark_pipeline_dag.py took 0.476 seconds
[2026-03-23T00:53:19.097+0000] {processor.py:157} INFO - Started process (PID=185) to work on /app/dags/dynamic_spark_pipeline_dag.py
[2026-03-23T00:53:19.185+0000] {processor.py:829} INFO - Processing file /app/dags/dynamic_spark_pipeline_dag.py for tasks to queue
[2026-03-23T00:53:19.185+0000] {logging_mixin.py:154} INFO - [2026-03-23T00:53:19.185+0000] {dagbag.py:536} INFO - Filling up the DagBag from /app/dags/dynamic_spark_pipeline_dag.py
[2026-03-23T00:53:19.211+0000] {processor.py:839} INFO - DAG(s) dict_keys(['dynamic_spark_pipeline']) retrieved from /app/dags/dynamic_spark_pipeline_dag.py
[2026-03-23T00:53:19.267+0000] {logging_mixin.py:154} INFO - [2026-03-23T00:53:19.266+0000] {dag.py:2941} INFO - Sync 1 DAGs
[2026-03-23T00:53:19.296+0000] {logging_mixin.py:154} INFO - [2026-03-23T00:53:19.296+0000] {dag.py:3722} INFO - Setting next_dagrun for dynamic_spark_pipeline to 2026-03-21T02:00:00+00:00, run_after=2026-03-22T02:00:00+00:00
[2026-03-23T00:53:19.354+0000] {processor.py:179} INFO - Processing /app/dags/dynamic_spark_pipeline_dag.py took 0.260 seconds
[2026-03-23T00:53:49.498+0000] {processor.py:157} INFO - Started process (PID=196) to work on /app/dags/dynamic_spark_pipeline_dag.py
[2026-03-23T00:53:49.499+0000] {processor.py:829} INFO - Processing file /app/dags/dynamic_spark_pipeline_dag.py for tasks to queue
[2026-03-23T00:53:49.500+0000] {logging_mixin.py:154} INFO - [2026-03-23T00:53:49.500+0000] {dagbag.py:536} INFO - Filling up the DagBag from /app/dags/dynamic_spark_pipeline_dag.py
[2026-03-23T00:53:49.538+0000] {processor.py:839} INFO - DAG(s) dict_keys(['dynamic_spark_pipeline']) retrieved from /app/dags/dynamic_spark_pipeline_dag.py
[2026-03-23T00:53:49.606+0000] {logging_mixin.py:154} INFO - [2026-03-23T00:53:49.606+0000] {dag.py:2941} INFO - Sync 1 DAGs
[2026-03-23T00:53:49.654+0000] {logging_mixin.py:154} INFO - [2026-03-23T00:53:49.654+0000] {dag.py:3722} INFO - Setting next_dagrun for dynamic_spark_pipeline to 2026-03-21T02:00:00+00:00, run_after=2026-03-22T02:00:00+00:00
[2026-03-23T00:53:49.689+0000] {processor.py:179} INFO - Processing /app/dags/dynamic_spark_pipeline_dag.py took 0.196 seconds
[2026-03-23T00:54:19.820+0000] {processor.py:157} INFO - Started process (PID=207) to work on /app/dags/dynamic_spark_pipeline_dag.py
[2026-03-23T00:54:19.821+0000] {processor.py:829} INFO - Processing file /app/dags/dynamic_spark_pipeline_dag.py for tasks to queue
[2026-03-23T00:54:19.821+0000] {logging_mixin.py:154} INFO - [2026-03-23T00:54:19.821+0000] {dagbag.py:536} INFO - Filling up the DagBag from /app/dags/dynamic_spark_pipeline_dag.py
[2026-03-23T00:54:19.845+0000] {processor.py:839} INFO - DAG(s) dict_keys(['dynamic_spark_pipeline']) retrieved from /app/dags/dynamic_spark_pipeline_dag.py
[2026-03-23T00:54:19.892+0000] {logging_mixin.py:154} INFO - [2026-03-23T00:54:19.892+0000] {dag.py:2941} INFO - Sync 1 DAGs
[2026-03-23T00:54:19.924+0000] {logging_mixin.py:154} INFO - [2026-03-23T00:54:19.924+0000] {dag.py:3722} INFO - Setting next_dagrun for dynamic_spark_pipeline to 2026-03-21T02:00:00+00:00, run_after=2026-03-22T02:00:00+00:00
[2026-03-23T00:54:19.947+0000] {processor.py:179} INFO - Processing /app/dags/dynamic_spark_pipeline_dag.py took 0.130 seconds
[2026-03-23T00:54:50.108+0000] {processor.py:157} INFO - Started process (PID=218) to work on /app/dags/dynamic_spark_pipeline_dag.py
[2026-03-23T00:54:50.110+0000] {processor.py:829} INFO - Processing file /app/dags/dynamic_spark_pipeline_dag.py for tasks to queue
[2026-03-23T00:54:50.111+0000] {logging_mixin.py:154} INFO - [2026-03-23T00:54:50.111+0000] {dagbag.py:536} INFO - Filling up the DagBag from /app/dags/dynamic_spark_pipeline_dag.py
[2026-03-23T00:54:50.137+0000] {processor.py:839} INFO - DAG(s) dict_keys(['dynamic_spark_pipeline']) retrieved from /app/dags/dynamic_spark_pipeline_dag.py
[2026-03-23T00:54:50.196+0000] {logging_mixin.py:154} INFO - [2026-03-23T00:54:50.196+0000] {dag.py:2941} INFO - Sync 1 DAGs
[2026-03-23T00:54:50.241+0000] {logging_mixin.py:154} INFO - [2026-03-23T00:54:50.241+0000] {dag.py:3722} INFO - Setting next_dagrun for dynamic_spark_pipeline to 2026-03-21T02:00:00+00:00, run_after=2026-03-22T02:00:00+00:00
[2026-03-23T00:54:50.271+0000] {processor.py:179} INFO - Processing /app/dags/dynamic_spark_pipeline_dag.py took 0.167 seconds
[2026-03-23T00:55:20.403+0000] {processor.py:157} INFO - Started process (PID=223) to work on /app/dags/dynamic_spark_pipeline_dag.py
[2026-03-23T00:55:20.404+0000] {processor.py:829} INFO - Processing file /app/dags/dynamic_spark_pipeline_dag.py for tasks to queue
[2026-03-23T00:55:20.405+0000] {logging_mixin.py:154} INFO - [2026-03-23T00:55:20.404+0000] {dagbag.py:536} INFO - Filling up the DagBag from /app/dags/dynamic_spark_pipeline_dag.py
[2026-03-23T00:55:20.430+0000] {processor.py:839} INFO - DAG(s) dict_keys(['dynamic_spark_pipeline']) retrieved from /app/dags/dynamic_spark_pipeline_dag.py
[2026-03-23T00:55:20.485+0000] {logging_mixin.py:154} INFO - [2026-03-23T00:55:20.484+0000] {dag.py:2941} INFO - Sync 1 DAGs
[2026-03-23T00:55:20.516+0000] {logging_mixin.py:154} INFO - [2026-03-23T00:55:20.516+0000] {dag.py:3722} INFO - Setting next_dagrun for dynamic_spark_pipeline to 2026-03-21T02:00:00+00:00, run_after=2026-03-22T02:00:00+00:00
[2026-03-23T00:55:20.547+0000] {processor.py:179} INFO - Processing /app/dags/dynamic_spark_pipeline_dag.py took 0.147 seconds
[2026-03-23T00:55:50.676+0000] {processor.py:157} INFO - Started process (PID=234) to work on /app/dags/dynamic_spark_pipeline_dag.py
[2026-03-23T00:55:50.680+0000] {processor.py:829} INFO - Processing file /app/dags/dynamic_spark_pipeline_dag.py for tasks to queue
[2026-03-23T00:55:50.681+0000] {logging_mixin.py:154} INFO - [2026-03-23T00:55:50.680+0000] {dagbag.py:536} INFO - Filling up the DagBag from /app/dags/dynamic_spark_pipeline_dag.py
[2026-03-23T00:55:50.708+0000] {processor.py:839} INFO - DAG(s) dict_keys(['dynamic_spark_pipeline']) retrieved from /app/dags/dynamic_spark_pipeline_dag.py
[2026-03-23T00:55:50.764+0000] {logging_mixin.py:154} INFO - [2026-03-23T00:55:50.763+0000] {dag.py:2941} INFO - Sync 1 DAGs
[2026-03-23T00:55:50.794+0000] {logging_mixin.py:154} INFO - [2026-03-23T00:55:50.794+0000] {dag.py:3722} INFO - Setting next_dagrun for dynamic_spark_pipeline to 2026-03-21T02:00:00+00:00, run_after=2026-03-22T02:00:00+00:00
[2026-03-23T00:55:50.826+0000] {processor.py:179} INFO - Processing /app/dags/dynamic_spark_pipeline_dag.py took 0.153 seconds
[2026-03-23T00:56:20.959+0000] {processor.py:157} INFO - Started process (PID=245) to work on /app/dags/dynamic_spark_pipeline_dag.py
[2026-03-23T00:56:20.961+0000] {processor.py:829} INFO - Processing file /app/dags/dynamic_spark_pipeline_dag.py for tasks to queue
[2026-03-23T00:56:20.962+0000] {logging_mixin.py:154} INFO - [2026-03-23T00:56:20.961+0000] {dagbag.py:536} INFO - Filling up the DagBag from /app/dags/dynamic_spark_pipeline_dag.py
[2026-03-23T00:56:20.992+0000] {processor.py:839} INFO - DAG(s) dict_keys(['dynamic_spark_pipeline']) retrieved from /app/dags/dynamic_spark_pipeline_dag.py
[2026-03-23T00:56:21.048+0000] {logging_mixin.py:154} INFO - [2026-03-23T00:56:21.047+0000] {dag.py:2941} INFO - Sync 1 DAGs
[2026-03-23T00:56:21.081+0000] {logging_mixin.py:154} INFO - [2026-03-23T00:56:21.081+0000] {dag.py:3722} INFO - Setting next_dagrun for dynamic_spark_pipeline to 2026-03-21T02:00:00+00:00, run_after=2026-03-22T02:00:00+00:00
[2026-03-23T00:56:21.125+0000] {processor.py:179} INFO - Processing /app/dags/dynamic_spark_pipeline_dag.py took 0.170 seconds
[2026-03-23T00:56:51.257+0000] {processor.py:157} INFO - Started process (PID=256) to work on /app/dags/dynamic_spark_pipeline_dag.py
[2026-03-23T00:56:51.259+0000] {processor.py:829} INFO - Processing file /app/dags/dynamic_spark_pipeline_dag.py for tasks to queue
[2026-03-23T00:56:51.261+0000] {logging_mixin.py:154} INFO - [2026-03-23T00:56:51.261+0000] {dagbag.py:536} INFO - Filling up the DagBag from /app/dags/dynamic_spark_pipeline_dag.py
[2026-03-23T00:56:51.291+0000] {processor.py:839} INFO - DAG(s) dict_keys(['dynamic_spark_pipeline']) retrieved from /app/dags/dynamic_spark_pipeline_dag.py
[2026-03-23T00:56:51.365+0000] {logging_mixin.py:154} INFO - [2026-03-23T00:56:51.364+0000] {dag.py:2941} INFO - Sync 1 DAGs
[2026-03-23T00:56:51.408+0000] {logging_mixin.py:154} INFO - [2026-03-23T00:56:51.408+0000] {dag.py:3722} INFO - Setting next_dagrun for dynamic_spark_pipeline to 2026-03-21T02:00:00+00:00, run_after=2026-03-22T02:00:00+00:00
[2026-03-23T00:56:51.448+0000] {processor.py:179} INFO - Processing /app/dags/dynamic_spark_pipeline_dag.py took 0.195 seconds
[2026-03-23T00:57:21.583+0000] {processor.py:157} INFO - Started process (PID=267) to work on /app/dags/dynamic_spark_pipeline_dag.py
[2026-03-23T00:57:21.638+0000] {processor.py:829} INFO - Processing file /app/dags/dynamic_spark_pipeline_dag.py for tasks to queue
[2026-03-23T00:57:21.638+0000] {logging_mixin.py:154} INFO - [2026-03-23T00:57:21.638+0000] {dagbag.py:536} INFO - Filling up the DagBag from /app/dags/dynamic_spark_pipeline_dag.py
[2026-03-23T00:57:21.665+0000] {processor.py:839} INFO - DAG(s) dict_keys(['dynamic_spark_pipeline']) retrieved from /app/dags/dynamic_spark_pipeline_dag.py
[2026-03-23T00:57:21.720+0000] {logging_mixin.py:154} INFO - [2026-03-23T00:57:21.720+0000] {dag.py:2941} INFO - Sync 1 DAGs
[2026-03-23T00:57:21.752+0000] {logging_mixin.py:154} INFO - [2026-03-23T00:57:21.752+0000] {dag.py:3722} INFO - Setting next_dagrun for dynamic_spark_pipeline to 2026-03-21T02:00:00+00:00, run_after=2026-03-22T02:00:00+00:00
[2026-03-23T00:57:22.316+0000] {processor.py:179} INFO - Processing /app/dags/dynamic_spark_pipeline_dag.py took 0.736 seconds
[2026-03-23T00:57:52.453+0000] {processor.py:157} INFO - Started process (PID=278) to work on /app/dags/dynamic_spark_pipeline_dag.py
[2026-03-23T00:57:52.456+0000] {processor.py:829} INFO - Processing file /app/dags/dynamic_spark_pipeline_dag.py for tasks to queue
[2026-03-23T00:57:52.457+0000] {logging_mixin.py:154} INFO - [2026-03-23T00:57:52.457+0000] {dagbag.py:536} INFO - Filling up the DagBag from /app/dags/dynamic_spark_pipeline_dag.py
[2026-03-23T00:57:52.483+0000] {processor.py:839} INFO - DAG(s) dict_keys(['dynamic_spark_pipeline']) retrieved from /app/dags/dynamic_spark_pipeline_dag.py
[2026-03-23T00:57:52.536+0000] {logging_mixin.py:154} INFO - [2026-03-23T00:57:52.536+0000] {dag.py:2941} INFO - Sync 1 DAGs
[2026-03-23T00:57:52.569+0000] {logging_mixin.py:154} INFO - [2026-03-23T00:57:52.569+0000] {dag.py:3722} INFO - Setting next_dagrun for dynamic_spark_pipeline to 2026-03-21T02:00:00+00:00, run_after=2026-03-22T02:00:00+00:00
[2026-03-23T00:57:52.592+0000] {processor.py:179} INFO - Processing /app/dags/dynamic_spark_pipeline_dag.py took 0.143 seconds
[2026-03-23T00:58:22.706+0000] {processor.py:157} INFO - Started process (PID=289) to work on /app/dags/dynamic_spark_pipeline_dag.py
[2026-03-23T00:58:22.709+0000] {processor.py:829} INFO - Processing file /app/dags/dynamic_spark_pipeline_dag.py for tasks to queue
[2026-03-23T00:58:22.710+0000] {logging_mixin.py:154} INFO - [2026-03-23T00:58:22.710+0000] {dagbag.py:536} INFO - Filling up the DagBag from /app/dags/dynamic_spark_pipeline_dag.py
[2026-03-23T00:58:22.733+0000] {processor.py:839} INFO - DAG(s) dict_keys(['dynamic_spark_pipeline']) retrieved from /app/dags/dynamic_spark_pipeline_dag.py
[2026-03-23T00:58:22.781+0000] {logging_mixin.py:154} INFO - [2026-03-23T00:58:22.781+0000] {dag.py:2941} INFO - Sync 1 DAGs
[2026-03-23T00:58:22.809+0000] {logging_mixin.py:154} INFO - [2026-03-23T00:58:22.809+0000] {dag.py:3722} INFO - Setting next_dagrun for dynamic_spark_pipeline to 2026-03-21T02:00:00+00:00, run_after=2026-03-22T02:00:00+00:00
[2026-03-23T00:58:22.830+0000] {processor.py:179} INFO - Processing /app/dags/dynamic_spark_pipeline_dag.py took 0.126 seconds
[2026-03-23T00:58:52.986+0000] {processor.py:157} INFO - Started process (PID=557) to work on /app/dags/dynamic_spark_pipeline_dag.py
[2026-03-23T00:58:52.990+0000] {processor.py:829} INFO - Processing file /app/dags/dynamic_spark_pipeline_dag.py for tasks to queue
[2026-03-23T00:58:52.991+0000] {logging_mixin.py:154} INFO - [2026-03-23T00:58:52.991+0000] {dagbag.py:536} INFO - Filling up the DagBag from /app/dags/dynamic_spark_pipeline_dag.py
[2026-03-23T00:58:53.052+0000] {processor.py:839} INFO - DAG(s) dict_keys(['dynamic_spark_pipeline']) retrieved from /app/dags/dynamic_spark_pipeline_dag.py
[2026-03-23T00:58:53.152+0000] {logging_mixin.py:154} INFO - [2026-03-23T00:58:53.152+0000] {dag.py:2941} INFO - Sync 1 DAGs
[2026-03-23T00:58:53.217+0000] {logging_mixin.py:154} INFO - [2026-03-23T00:58:53.216+0000] {dag.py:3722} INFO - Setting next_dagrun for dynamic_spark_pipeline to 2026-03-22T02:00:00+00:00, run_after=2026-03-23T02:00:00+00:00
[2026-03-23T00:58:53.257+0000] {processor.py:179} INFO - Processing /app/dags/dynamic_spark_pipeline_dag.py took 0.276 seconds
[2026-03-23T00:59:23.441+0000] {processor.py:157} INFO - Started process (PID=692) to work on /app/dags/dynamic_spark_pipeline_dag.py
[2026-03-23T00:59:23.444+0000] {processor.py:829} INFO - Processing file /app/dags/dynamic_spark_pipeline_dag.py for tasks to queue
[2026-03-23T00:59:23.445+0000] {logging_mixin.py:154} INFO - [2026-03-23T00:59:23.445+0000] {dagbag.py:536} INFO - Filling up the DagBag from /app/dags/dynamic_spark_pipeline_dag.py
[2026-03-23T00:59:23.470+0000] {processor.py:839} INFO - DAG(s) dict_keys(['dynamic_spark_pipeline']) retrieved from /app/dags/dynamic_spark_pipeline_dag.py
[2026-03-23T00:59:23.520+0000] {logging_mixin.py:154} INFO - [2026-03-23T00:59:23.519+0000] {dag.py:2941} INFO - Sync 1 DAGs
[2026-03-23T00:59:23.551+0000] {logging_mixin.py:154} INFO - [2026-03-23T00:59:23.551+0000] {dag.py:3722} INFO - Setting next_dagrun for dynamic_spark_pipeline to 2026-03-22T02:00:00+00:00, run_after=2026-03-23T02:00:00+00:00
[2026-03-23T00:59:23.574+0000] {processor.py:179} INFO - Processing /app/dags/dynamic_spark_pipeline_dag.py took 0.136 seconds
[2026-03-23T00:59:53.616+0000] {processor.py:157} INFO - Started process (PID=859) to work on /app/dags/dynamic_spark_pipeline_dag.py
[2026-03-23T00:59:53.619+0000] {processor.py:829} INFO - Processing file /app/dags/dynamic_spark_pipeline_dag.py for tasks to queue
[2026-03-23T00:59:53.620+0000] {logging_mixin.py:154} INFO - [2026-03-23T00:59:53.619+0000] {dagbag.py:536} INFO - Filling up the DagBag from /app/dags/dynamic_spark_pipeline_dag.py
[2026-03-23T00:59:53.646+0000] {processor.py:839} INFO - DAG(s) dict_keys(['dynamic_spark_pipeline']) retrieved from /app/dags/dynamic_spark_pipeline_dag.py
[2026-03-23T00:59:53.691+0000] {logging_mixin.py:154} INFO - [2026-03-23T00:59:53.691+0000] {dag.py:2941} INFO - Sync 1 DAGs
[2026-03-23T00:59:53.719+0000] {logging_mixin.py:154} INFO - [2026-03-23T00:59:53.719+0000] {dag.py:3722} INFO - Setting next_dagrun for dynamic_spark_pipeline to 2026-03-21T02:00:00+00:00, run_after=2026-03-22T02:00:00+00:00
[2026-03-23T00:59:53.742+0000] {processor.py:179} INFO - Processing /app/dags/dynamic_spark_pipeline_dag.py took 0.130 seconds
[2026-03-23T01:00:23.907+0000] {processor.py:157} INFO - Started process (PID=1113) to work on /app/dags/dynamic_spark_pipeline_dag.py
[2026-03-23T01:00:23.908+0000] {processor.py:829} INFO - Processing file /app/dags/dynamic_spark_pipeline_dag.py for tasks to queue
[2026-03-23T01:00:23.909+0000] {logging_mixin.py:154} INFO - [2026-03-23T01:00:23.909+0000] {dagbag.py:536} INFO - Filling up the DagBag from /app/dags/dynamic_spark_pipeline_dag.py
[2026-03-23T01:00:23.942+0000] {processor.py:839} INFO - DAG(s) dict_keys(['dynamic_spark_pipeline']) retrieved from /app/dags/dynamic_spark_pipeline_dag.py
[2026-03-23T01:00:23.991+0000] {logging_mixin.py:154} INFO - [2026-03-23T01:00:23.991+0000] {dag.py:2941} INFO - Sync 1 DAGs
[2026-03-23T01:00:24.020+0000] {logging_mixin.py:154} INFO - [2026-03-23T01:00:24.020+0000] {dag.py:3722} INFO - Setting next_dagrun for dynamic_spark_pipeline to 2026-03-22T02:00:00+00:00, run_after=2026-03-23T02:00:00+00:00
[2026-03-23T01:00:24.041+0000] {processor.py:179} INFO - Processing /app/dags/dynamic_spark_pipeline_dag.py took 0.138 seconds
[2026-03-23T01:02:03.032+0000] {processor.py:157} INFO - Started process (PID=162) to work on /app/dags/dynamic_spark_pipeline_dag.py
[2026-03-23T01:02:03.033+0000] {processor.py:829} INFO - Processing file /app/dags/dynamic_spark_pipeline_dag.py for tasks to queue
[2026-03-23T01:02:03.033+0000] {logging_mixin.py:154} INFO - [2026-03-23T01:02:03.033+0000] {dagbag.py:536} INFO - Filling up the DagBag from /app/dags/dynamic_spark_pipeline_dag.py
[2026-03-23T01:02:03.079+0000] {processor.py:839} INFO - DAG(s) dict_keys(['dynamic_spark_pipeline']) retrieved from /app/dags/dynamic_spark_pipeline_dag.py
[2026-03-23T01:02:03.380+0000] {logging_mixin.py:154} INFO - [2026-03-23T01:02:03.380+0000] {manager.py:499} INFO - Created Permission View: %s
[2026-03-23T01:02:03.391+0000] {logging_mixin.py:154} INFO - [2026-03-23T01:02:03.391+0000] {manager.py:499} INFO - Created Permission View: %s
[2026-03-23T01:02:03.400+0000] {logging_mixin.py:154} INFO - [2026-03-23T01:02:03.400+0000] {manager.py:499} INFO - Created Permission View: %s
[2026-03-23T01:02:03.400+0000] {logging_mixin.py:154} INFO - [2026-03-23T01:02:03.400+0000] {dag.py:2941} INFO - Sync 1 DAGs
[2026-03-23T01:02:03.414+0000] {logging_mixin.py:154} INFO - [2026-03-23T01:02:03.414+0000] {dag.py:2963} INFO - Creating ORM DAG for dynamic_spark_pipeline
[2026-03-23T01:02:03.426+0000] {logging_mixin.py:154} INFO - [2026-03-23T01:02:03.426+0000] {dag.py:3722} INFO - Setting next_dagrun for dynamic_spark_pipeline to 2026-03-21T02:00:00+00:00, run_after=2026-03-22T02:00:00+00:00
[2026-03-23T01:02:03.450+0000] {processor.py:179} INFO - Processing /app/dags/dynamic_spark_pipeline_dag.py took 0.422 seconds
[2026-03-23T01:02:33.590+0000] {processor.py:157} INFO - Started process (PID=174) to work on /app/dags/dynamic_spark_pipeline_dag.py
[2026-03-23T01:02:33.591+0000] {processor.py:829} INFO - Processing file /app/dags/dynamic_spark_pipeline_dag.py for tasks to queue
[2026-03-23T01:02:33.592+0000] {logging_mixin.py:154} INFO - [2026-03-23T01:02:33.592+0000] {dagbag.py:536} INFO - Filling up the DagBag from /app/dags/dynamic_spark_pipeline_dag.py
[2026-03-23T01:02:33.614+0000] {processor.py:839} INFO - DAG(s) dict_keys(['dynamic_spark_pipeline']) retrieved from /app/dags/dynamic_spark_pipeline_dag.py
[2026-03-23T01:02:33.663+0000] {logging_mixin.py:154} INFO - [2026-03-23T01:02:33.663+0000] {dag.py:2941} INFO - Sync 1 DAGs
[2026-03-23T01:02:33.688+0000] {logging_mixin.py:154} INFO - [2026-03-23T01:02:33.688+0000] {dag.py:3722} INFO - Setting next_dagrun for dynamic_spark_pipeline to 2026-03-21T02:00:00+00:00, run_after=2026-03-22T02:00:00+00:00
[2026-03-23T01:02:33.706+0000] {processor.py:179} INFO - Processing /app/dags/dynamic_spark_pipeline_dag.py took 0.118 seconds
[2026-03-23T01:03:03.757+0000] {processor.py:157} INFO - Started process (PID=185) to work on /app/dags/dynamic_spark_pipeline_dag.py
[2026-03-23T01:03:03.760+0000] {processor.py:829} INFO - Processing file /app/dags/dynamic_spark_pipeline_dag.py for tasks to queue
[2026-03-23T01:03:03.761+0000] {logging_mixin.py:154} INFO - [2026-03-23T01:03:03.760+0000] {dagbag.py:536} INFO - Filling up the DagBag from /app/dags/dynamic_spark_pipeline_dag.py
[2026-03-23T01:03:03.791+0000] {processor.py:839} INFO - DAG(s) dict_keys(['dynamic_spark_pipeline']) retrieved from /app/dags/dynamic_spark_pipeline_dag.py
[2026-03-23T01:03:03.849+0000] {logging_mixin.py:154} INFO - [2026-03-23T01:03:03.848+0000] {dag.py:2941} INFO - Sync 1 DAGs
[2026-03-23T01:03:03.880+0000] {logging_mixin.py:154} INFO - [2026-03-23T01:03:03.879+0000] {dag.py:3722} INFO - Setting next_dagrun for dynamic_spark_pipeline to 2026-03-21T02:00:00+00:00, run_after=2026-03-22T02:00:00+00:00
[2026-03-23T01:03:03.903+0000] {processor.py:179} INFO - Processing /app/dags/dynamic_spark_pipeline_dag.py took 0.149 seconds
[2026-03-23T01:03:34.044+0000] {processor.py:157} INFO - Started process (PID=494) to work on /app/dags/dynamic_spark_pipeline_dag.py
[2026-03-23T01:03:34.045+0000] {processor.py:829} INFO - Processing file /app/dags/dynamic_spark_pipeline_dag.py for tasks to queue
[2026-03-23T01:03:34.047+0000] {logging_mixin.py:154} INFO - [2026-03-23T01:03:34.046+0000] {dagbag.py:536} INFO - Filling up the DagBag from /app/dags/dynamic_spark_pipeline_dag.py
[2026-03-23T01:03:34.082+0000] {processor.py:839} INFO - DAG(s) dict_keys(['dynamic_spark_pipeline']) retrieved from /app/dags/dynamic_spark_pipeline_dag.py
[2026-03-23T01:03:34.152+0000] {logging_mixin.py:154} INFO - [2026-03-23T01:03:34.151+0000] {dag.py:2941} INFO - Sync 1 DAGs
[2026-03-23T01:03:34.189+0000] {logging_mixin.py:154} INFO - [2026-03-23T01:03:34.188+0000] {dag.py:3722} INFO - Setting next_dagrun for dynamic_spark_pipeline to 2026-03-21T02:00:00+00:00, run_after=2026-03-22T02:00:00+00:00
[2026-03-23T01:03:34.223+0000] {processor.py:179} INFO - Processing /app/dags/dynamic_spark_pipeline_dag.py took 0.183 seconds
[2026-03-23T01:04:04.265+0000] {processor.py:157} INFO - Started process (PID=758) to work on /app/dags/dynamic_spark_pipeline_dag.py
[2026-03-23T01:04:04.268+0000] {processor.py:829} INFO - Processing file /app/dags/dynamic_spark_pipeline_dag.py for tasks to queue
[2026-03-23T01:04:04.269+0000] {logging_mixin.py:154} INFO - [2026-03-23T01:04:04.269+0000] {dagbag.py:536} INFO - Filling up the DagBag from /app/dags/dynamic_spark_pipeline_dag.py
[2026-03-23T01:04:04.302+0000] {processor.py:839} INFO - DAG(s) dict_keys(['dynamic_spark_pipeline']) retrieved from /app/dags/dynamic_spark_pipeline_dag.py
[2026-03-23T01:04:04.355+0000] {logging_mixin.py:154} INFO - [2026-03-23T01:04:04.355+0000] {dag.py:2941} INFO - Sync 1 DAGs
[2026-03-23T01:04:04.387+0000] {logging_mixin.py:154} INFO - [2026-03-23T01:04:04.387+0000] {dag.py:3722} INFO - Setting next_dagrun for dynamic_spark_pipeline to 2026-03-21T02:00:00+00:00, run_after=2026-03-22T02:00:00+00:00
[2026-03-23T01:04:04.433+0000] {processor.py:179} INFO - Processing /app/dags/dynamic_spark_pipeline_dag.py took 0.172 seconds
[2026-03-23T01:04:34.558+0000] {processor.py:157} INFO - Started process (PID=965) to work on /app/dags/dynamic_spark_pipeline_dag.py
[2026-03-23T01:04:34.561+0000] {processor.py:829} INFO - Processing file /app/dags/dynamic_spark_pipeline_dag.py for tasks to queue
[2026-03-23T01:04:34.562+0000] {logging_mixin.py:154} INFO - [2026-03-23T01:04:34.562+0000] {dagbag.py:536} INFO - Filling up the DagBag from /app/dags/dynamic_spark_pipeline_dag.py
[2026-03-23T01:04:34.592+0000] {processor.py:839} INFO - DAG(s) dict_keys(['dynamic_spark_pipeline']) retrieved from /app/dags/dynamic_spark_pipeline_dag.py
[2026-03-23T01:04:34.647+0000] {logging_mixin.py:154} INFO - [2026-03-23T01:04:34.647+0000] {dag.py:2941} INFO - Sync 1 DAGs
[2026-03-23T01:04:34.679+0000] {logging_mixin.py:154} INFO - [2026-03-23T01:04:34.679+0000] {dag.py:3722} INFO - Setting next_dagrun for dynamic_spark_pipeline to 2026-03-22T02:00:00+00:00, run_after=2026-03-23T02:00:00+00:00
[2026-03-23T01:04:34.719+0000] {processor.py:179} INFO - Processing /app/dags/dynamic_spark_pipeline_dag.py took 0.165 seconds
[2026-03-23T01:05:04.791+0000] {processor.py:157} INFO - Started process (PID=976) to work on /app/dags/dynamic_spark_pipeline_dag.py
[2026-03-23T01:05:04.894+0000] {processor.py:829} INFO - Processing file /app/dags/dynamic_spark_pipeline_dag.py for tasks to queue
[2026-03-23T01:05:04.895+0000] {logging_mixin.py:154} INFO - [2026-03-23T01:05:04.894+0000] {dagbag.py:536} INFO - Filling up the DagBag from /app/dags/dynamic_spark_pipeline_dag.py
[2026-03-23T01:05:04.926+0000] {processor.py:839} INFO - DAG(s) dict_keys(['dynamic_spark_pipeline']) retrieved from /app/dags/dynamic_spark_pipeline_dag.py
[2026-03-23T01:05:04.990+0000] {logging_mixin.py:154} INFO - [2026-03-23T01:05:04.989+0000] {dag.py:2941} INFO - Sync 1 DAGs
[2026-03-23T01:05:05.022+0000] {logging_mixin.py:154} INFO - [2026-03-23T01:05:05.022+0000] {dag.py:3722} INFO - Setting next_dagrun for dynamic_spark_pipeline to 2026-03-21T02:00:00+00:00, run_after=2026-03-22T02:00:00+00:00
[2026-03-23T01:05:05.722+0000] {processor.py:179} INFO - Processing /app/dags/dynamic_spark_pipeline_dag.py took 0.935 seconds
[2026-03-23T01:05:35.937+0000] {processor.py:157} INFO - Started process (PID=1181) to work on /app/dags/dynamic_spark_pipeline_dag.py
[2026-03-23T01:05:35.940+0000] {processor.py:829} INFO - Processing file /app/dags/dynamic_spark_pipeline_dag.py for tasks to queue
[2026-03-23T01:05:35.941+0000] {logging_mixin.py:154} INFO - [2026-03-23T01:05:35.940+0000] {dagbag.py:536} INFO - Filling up the DagBag from /app/dags/dynamic_spark_pipeline_dag.py
[2026-03-23T01:05:35.967+0000] {processor.py:839} INFO - DAG(s) dict_keys(['dynamic_spark_pipeline']) retrieved from /app/dags/dynamic_spark_pipeline_dag.py
[2026-03-23T01:05:36.019+0000] {logging_mixin.py:154} INFO - [2026-03-23T01:05:36.019+0000] {dag.py:2941} INFO - Sync 1 DAGs
[2026-03-23T01:05:36.047+0000] {logging_mixin.py:154} INFO - [2026-03-23T01:05:36.047+0000] {dag.py:3722} INFO - Setting next_dagrun for dynamic_spark_pipeline to 2026-03-22T02:00:00+00:00, run_after=2026-03-23T02:00:00+00:00
[2026-03-23T01:05:36.067+0000] {processor.py:179} INFO - Processing /app/dags/dynamic_spark_pipeline_dag.py took 0.134 seconds
[2026-03-23T01:06:06.227+0000] {processor.py:157} INFO - Started process (PID=1192) to work on /app/dags/dynamic_spark_pipeline_dag.py
[2026-03-23T01:06:06.229+0000] {processor.py:829} INFO - Processing file /app/dags/dynamic_spark_pipeline_dag.py for tasks to queue
[2026-03-23T01:06:06.230+0000] {logging_mixin.py:154} INFO - [2026-03-23T01:06:06.229+0000] {dagbag.py:536} INFO - Filling up the DagBag from /app/dags/dynamic_spark_pipeline_dag.py
[2026-03-23T01:06:06.262+0000] {processor.py:839} INFO - DAG(s) dict_keys(['dynamic_spark_pipeline']) retrieved from /app/dags/dynamic_spark_pipeline_dag.py
[2026-03-23T01:06:06.313+0000] {logging_mixin.py:154} INFO - [2026-03-23T01:06:06.313+0000] {dag.py:2941} INFO - Sync 1 DAGs
[2026-03-23T01:06:06.360+0000] {logging_mixin.py:154} INFO - [2026-03-23T01:06:06.360+0000] {dag.py:3722} INFO - Setting next_dagrun for dynamic_spark_pipeline to 2026-03-22T02:00:00+00:00, run_after=2026-03-23T02:00:00+00:00
[2026-03-23T01:06:06.389+0000] {processor.py:179} INFO - Processing /app/dags/dynamic_spark_pipeline_dag.py took 0.165 seconds
[2026-03-23T01:06:36.530+0000] {processor.py:157} INFO - Started process (PID=1197) to work on /app/dags/dynamic_spark_pipeline_dag.py
[2026-03-23T01:06:36.535+0000] {processor.py:829} INFO - Processing file /app/dags/dynamic_spark_pipeline_dag.py for tasks to queue
[2026-03-23T01:06:36.536+0000] {logging_mixin.py:154} INFO - [2026-03-23T01:06:36.536+0000] {dagbag.py:536} INFO - Filling up the DagBag from /app/dags/dynamic_spark_pipeline_dag.py
[2026-03-23T01:06:36.593+0000] {processor.py:839} INFO - DAG(s) dict_keys(['dynamic_spark_pipeline']) retrieved from /app/dags/dynamic_spark_pipeline_dag.py
[2026-03-23T01:06:36.703+0000] {logging_mixin.py:154} INFO - [2026-03-23T01:06:36.702+0000] {dag.py:2941} INFO - Sync 1 DAGs
[2026-03-23T01:06:36.764+0000] {logging_mixin.py:154} INFO - [2026-03-23T01:06:36.763+0000] {dag.py:3722} INFO - Setting next_dagrun for dynamic_spark_pipeline to 2026-03-22T02:00:00+00:00, run_after=2026-03-23T02:00:00+00:00
[2026-03-23T01:06:36.801+0000] {processor.py:179} INFO - Processing /app/dags/dynamic_spark_pipeline_dag.py took 0.279 seconds
[2026-03-23T01:07:06.948+0000] {processor.py:157} INFO - Started process (PID=1208) to work on /app/dags/dynamic_spark_pipeline_dag.py
[2026-03-23T01:07:06.948+0000] {processor.py:829} INFO - Processing file /app/dags/dynamic_spark_pipeline_dag.py for tasks to queue
[2026-03-23T01:07:06.949+0000] {logging_mixin.py:154} INFO - [2026-03-23T01:07:06.949+0000] {dagbag.py:536} INFO - Filling up the DagBag from /app/dags/dynamic_spark_pipeline_dag.py
[2026-03-23T01:07:06.974+0000] {processor.py:839} INFO - DAG(s) dict_keys(['dynamic_spark_pipeline']) retrieved from /app/dags/dynamic_spark_pipeline_dag.py
[2026-03-23T01:07:07.032+0000] {logging_mixin.py:154} INFO - [2026-03-23T01:07:07.032+0000] {dag.py:2941} INFO - Sync 1 DAGs
[2026-03-23T01:07:07.066+0000] {logging_mixin.py:154} INFO - [2026-03-23T01:07:07.066+0000] {dag.py:3722} INFO - Setting next_dagrun for dynamic_spark_pipeline to 2026-03-22T02:00:00+00:00, run_after=2026-03-23T02:00:00+00:00
[2026-03-23T01:07:07.091+0000] {processor.py:179} INFO - Processing /app/dags/dynamic_spark_pipeline_dag.py took 0.146 seconds
[2026-03-23T01:07:37.228+0000] {processor.py:157} INFO - Started process (PID=1219) to work on /app/dags/dynamic_spark_pipeline_dag.py
[2026-03-23T01:07:37.231+0000] {processor.py:829} INFO - Processing file /app/dags/dynamic_spark_pipeline_dag.py for tasks to queue
[2026-03-23T01:07:37.232+0000] {logging_mixin.py:154} INFO - [2026-03-23T01:07:37.231+0000] {dagbag.py:536} INFO - Filling up the DagBag from /app/dags/dynamic_spark_pipeline_dag.py
[2026-03-23T01:07:37.258+0000] {processor.py:839} INFO - DAG(s) dict_keys(['dynamic_spark_pipeline']) retrieved from /app/dags/dynamic_spark_pipeline_dag.py
[2026-03-23T01:07:37.319+0000] {logging_mixin.py:154} INFO - [2026-03-23T01:07:37.318+0000] {dag.py:2941} INFO - Sync 1 DAGs
[2026-03-23T01:07:37.369+0000] {logging_mixin.py:154} INFO - [2026-03-23T01:07:37.369+0000] {dag.py:3722} INFO - Setting next_dagrun for dynamic_spark_pipeline to 2026-03-22T02:00:00+00:00, run_after=2026-03-23T02:00:00+00:00
[2026-03-23T01:07:37.409+0000] {processor.py:179} INFO - Processing /app/dags/dynamic_spark_pipeline_dag.py took 0.185 seconds
[2026-03-23T01:08:07.552+0000] {processor.py:157} INFO - Started process (PID=1230) to work on /app/dags/dynamic_spark_pipeline_dag.py
[2026-03-23T01:08:07.553+0000] {processor.py:829} INFO - Processing file /app/dags/dynamic_spark_pipeline_dag.py for tasks to queue
[2026-03-23T01:08:07.554+0000] {logging_mixin.py:154} INFO - [2026-03-23T01:08:07.554+0000] {dagbag.py:536} INFO - Filling up the DagBag from /app/dags/dynamic_spark_pipeline_dag.py
[2026-03-23T01:08:07.582+0000] {processor.py:839} INFO - DAG(s) dict_keys(['dynamic_spark_pipeline']) retrieved from /app/dags/dynamic_spark_pipeline_dag.py
[2026-03-23T01:08:07.642+0000] {logging_mixin.py:154} INFO - [2026-03-23T01:08:07.641+0000] {dag.py:2941} INFO - Sync 1 DAGs
[2026-03-23T01:08:07.676+0000] {logging_mixin.py:154} INFO - [2026-03-23T01:08:07.676+0000] {dag.py:3722} INFO - Setting next_dagrun for dynamic_spark_pipeline to 2026-03-22T02:00:00+00:00, run_after=2026-03-23T02:00:00+00:00
[2026-03-23T01:08:07.700+0000] {processor.py:179} INFO - Processing /app/dags/dynamic_spark_pipeline_dag.py took 0.152 seconds
[2026-03-23T01:08:37.901+0000] {processor.py:157} INFO - Started process (PID=1241) to work on /app/dags/dynamic_spark_pipeline_dag.py
[2026-03-23T01:08:37.905+0000] {processor.py:829} INFO - Processing file /app/dags/dynamic_spark_pipeline_dag.py for tasks to queue
[2026-03-23T01:08:37.907+0000] {logging_mixin.py:154} INFO - [2026-03-23T01:08:37.906+0000] {dagbag.py:536} INFO - Filling up the DagBag from /app/dags/dynamic_spark_pipeline_dag.py
[2026-03-23T01:08:37.940+0000] {processor.py:839} INFO - DAG(s) dict_keys(['dynamic_spark_pipeline']) retrieved from /app/dags/dynamic_spark_pipeline_dag.py
[2026-03-23T01:08:38.013+0000] {logging_mixin.py:154} INFO - [2026-03-23T01:08:38.013+0000] {dag.py:2941} INFO - Sync 1 DAGs
[2026-03-23T01:08:38.057+0000] {logging_mixin.py:154} INFO - [2026-03-23T01:08:38.056+0000] {dag.py:3722} INFO - Setting next_dagrun for dynamic_spark_pipeline to 2026-03-22T02:00:00+00:00, run_after=2026-03-23T02:00:00+00:00
[2026-03-23T01:08:38.084+0000] {processor.py:179} INFO - Processing /app/dags/dynamic_spark_pipeline_dag.py took 0.186 seconds
[2026-03-23T01:09:08.297+0000] {processor.py:157} INFO - Started process (PID=1252) to work on /app/dags/dynamic_spark_pipeline_dag.py
[2026-03-23T01:09:08.297+0000] {processor.py:829} INFO - Processing file /app/dags/dynamic_spark_pipeline_dag.py for tasks to queue
[2026-03-23T01:09:08.298+0000] {logging_mixin.py:154} INFO - [2026-03-23T01:09:08.298+0000] {dagbag.py:536} INFO - Filling up the DagBag from /app/dags/dynamic_spark_pipeline_dag.py
[2026-03-23T01:09:08.323+0000] {processor.py:839} INFO - DAG(s) dict_keys(['dynamic_spark_pipeline']) retrieved from /app/dags/dynamic_spark_pipeline_dag.py
[2026-03-23T01:09:08.372+0000] {logging_mixin.py:154} INFO - [2026-03-23T01:09:08.372+0000] {dag.py:2941} INFO - Sync 1 DAGs
[2026-03-23T01:09:08.402+0000] {logging_mixin.py:154} INFO - [2026-03-23T01:09:08.401+0000] {dag.py:3722} INFO - Setting next_dagrun for dynamic_spark_pipeline to 2026-03-22T02:00:00+00:00, run_after=2026-03-23T02:00:00+00:00
[2026-03-23T01:09:08.426+0000] {processor.py:179} INFO - Processing /app/dags/dynamic_spark_pipeline_dag.py took 0.132 seconds
[2026-03-23T01:09:38.484+0000] {processor.py:157} INFO - Started process (PID=1263) to work on /app/dags/dynamic_spark_pipeline_dag.py
[2026-03-23T01:09:38.488+0000] {processor.py:829} INFO - Processing file /app/dags/dynamic_spark_pipeline_dag.py for tasks to queue
[2026-03-23T01:09:38.489+0000] {logging_mixin.py:154} INFO - [2026-03-23T01:09:38.488+0000] {dagbag.py:536} INFO - Filling up the DagBag from /app/dags/dynamic_spark_pipeline_dag.py
[2026-03-23T01:09:38.516+0000] {processor.py:839} INFO - DAG(s) dict_keys(['dynamic_spark_pipeline']) retrieved from /app/dags/dynamic_spark_pipeline_dag.py
[2026-03-23T01:09:38.567+0000] {logging_mixin.py:154} INFO - [2026-03-23T01:09:38.566+0000] {dag.py:2941} INFO - Sync 1 DAGs
[2026-03-23T01:09:38.593+0000] {logging_mixin.py:154} INFO - [2026-03-23T01:09:38.593+0000] {dag.py:3722} INFO - Setting next_dagrun for dynamic_spark_pipeline to 2026-03-22T02:00:00+00:00, run_after=2026-03-23T02:00:00+00:00
[2026-03-23T01:09:38.614+0000] {processor.py:179} INFO - Processing /app/dags/dynamic_spark_pipeline_dag.py took 0.133 seconds
[2026-03-23T01:10:08.824+0000] {processor.py:157} INFO - Started process (PID=1274) to work on /app/dags/dynamic_spark_pipeline_dag.py
[2026-03-23T01:10:08.825+0000] {processor.py:829} INFO - Processing file /app/dags/dynamic_spark_pipeline_dag.py for tasks to queue
[2026-03-23T01:10:08.826+0000] {logging_mixin.py:154} INFO - [2026-03-23T01:10:08.826+0000] {dagbag.py:536} INFO - Filling up the DagBag from /app/dags/dynamic_spark_pipeline_dag.py
[2026-03-23T01:10:08.851+0000] {processor.py:839} INFO - DAG(s) dict_keys(['dynamic_spark_pipeline']) retrieved from /app/dags/dynamic_spark_pipeline_dag.py
[2026-03-23T01:10:08.901+0000] {logging_mixin.py:154} INFO - [2026-03-23T01:10:08.901+0000] {dag.py:2941} INFO - Sync 1 DAGs
[2026-03-23T01:10:08.927+0000] {logging_mixin.py:154} INFO - [2026-03-23T01:10:08.927+0000] {dag.py:3722} INFO - Setting next_dagrun for dynamic_spark_pipeline to 2026-03-22T02:00:00+00:00, run_after=2026-03-23T02:00:00+00:00
[2026-03-23T01:10:08.949+0000] {processor.py:179} INFO - Processing /app/dags/dynamic_spark_pipeline_dag.py took 0.128 seconds
[2026-03-23T01:10:39.001+0000] {processor.py:157} INFO - Started process (PID=1433) to work on /app/dags/dynamic_spark_pipeline_dag.py
[2026-03-23T01:10:39.004+0000] {processor.py:829} INFO - Processing file /app/dags/dynamic_spark_pipeline_dag.py for tasks to queue
[2026-03-23T01:10:39.005+0000] {logging_mixin.py:154} INFO - [2026-03-23T01:10:39.005+0000] {dagbag.py:536} INFO - Filling up the DagBag from /app/dags/dynamic_spark_pipeline_dag.py
[2026-03-23T01:10:39.036+0000] {processor.py:839} INFO - DAG(s) dict_keys(['dynamic_spark_pipeline']) retrieved from /app/dags/dynamic_spark_pipeline_dag.py
[2026-03-23T01:10:39.089+0000] {logging_mixin.py:154} INFO - [2026-03-23T01:10:39.089+0000] {dag.py:2941} INFO - Sync 1 DAGs
[2026-03-23T01:10:39.120+0000] {logging_mixin.py:154} INFO - [2026-03-23T01:10:39.119+0000] {dag.py:3722} INFO - Setting next_dagrun for dynamic_spark_pipeline to 2026-03-22T02:00:00+00:00, run_after=2026-03-23T02:00:00+00:00
[2026-03-23T01:10:39.142+0000] {processor.py:179} INFO - Processing /app/dags/dynamic_spark_pipeline_dag.py took 0.145 seconds
[2026-03-23T01:11:09.269+0000] {processor.py:157} INFO - Started process (PID=1514) to work on /app/dags/dynamic_spark_pipeline_dag.py
[2026-03-23T01:11:09.269+0000] {processor.py:829} INFO - Processing file /app/dags/dynamic_spark_pipeline_dag.py for tasks to queue
[2026-03-23T01:11:09.270+0000] {logging_mixin.py:154} INFO - [2026-03-23T01:11:09.270+0000] {dagbag.py:536} INFO - Filling up the DagBag from /app/dags/dynamic_spark_pipeline_dag.py
[2026-03-23T01:11:09.311+0000] {processor.py:839} INFO - DAG(s) dict_keys(['dynamic_spark_pipeline']) retrieved from /app/dags/dynamic_spark_pipeline_dag.py
[2026-03-23T01:11:09.369+0000] {logging_mixin.py:154} INFO - [2026-03-23T01:11:09.368+0000] {dag.py:2941} INFO - Sync 1 DAGs
[2026-03-23T01:11:09.401+0000] {logging_mixin.py:154} INFO - [2026-03-23T01:11:09.401+0000] {dag.py:3722} INFO - Setting next_dagrun for dynamic_spark_pipeline to 2026-03-22T02:00:00+00:00, run_after=2026-03-23T02:00:00+00:00
[2026-03-23T01:11:09.424+0000] {processor.py:179} INFO - Processing /app/dags/dynamic_spark_pipeline_dag.py took 0.161 seconds
[2026-03-23T01:11:39.472+0000] {processor.py:157} INFO - Started process (PID=1525) to work on /app/dags/dynamic_spark_pipeline_dag.py
[2026-03-23T01:11:39.474+0000] {processor.py:829} INFO - Processing file /app/dags/dynamic_spark_pipeline_dag.py for tasks to queue
[2026-03-23T01:11:39.475+0000] {logging_mixin.py:154} INFO - [2026-03-23T01:11:39.475+0000] {dagbag.py:536} INFO - Filling up the DagBag from /app/dags/dynamic_spark_pipeline_dag.py
[2026-03-23T01:11:39.499+0000] {processor.py:839} INFO - DAG(s) dict_keys(['dynamic_spark_pipeline']) retrieved from /app/dags/dynamic_spark_pipeline_dag.py
[2026-03-23T01:11:39.549+0000] {logging_mixin.py:154} INFO - [2026-03-23T01:11:39.549+0000] {dag.py:2941} INFO - Sync 1 DAGs
[2026-03-23T01:11:39.578+0000] {logging_mixin.py:154} INFO - [2026-03-23T01:11:39.577+0000] {dag.py:3722} INFO - Setting next_dagrun for dynamic_spark_pipeline to 2026-03-22T02:00:00+00:00, run_after=2026-03-23T02:00:00+00:00
[2026-03-23T01:11:39.600+0000] {processor.py:179} INFO - Processing /app/dags/dynamic_spark_pipeline_dag.py took 0.131 seconds
[2026-03-23T01:12:09.814+0000] {processor.py:157} INFO - Started process (PID=1536) to work on /app/dags/dynamic_spark_pipeline_dag.py
[2026-03-23T01:12:09.815+0000] {processor.py:829} INFO - Processing file /app/dags/dynamic_spark_pipeline_dag.py for tasks to queue
[2026-03-23T01:12:09.816+0000] {logging_mixin.py:154} INFO - [2026-03-23T01:12:09.815+0000] {dagbag.py:536} INFO - Filling up the DagBag from /app/dags/dynamic_spark_pipeline_dag.py
[2026-03-23T01:12:09.842+0000] {processor.py:839} INFO - DAG(s) dict_keys(['dynamic_spark_pipeline']) retrieved from /app/dags/dynamic_spark_pipeline_dag.py
[2026-03-23T01:12:09.892+0000] {logging_mixin.py:154} INFO - [2026-03-23T01:12:09.891+0000] {dag.py:2941} INFO - Sync 1 DAGs
[2026-03-23T01:12:09.920+0000] {logging_mixin.py:154} INFO - [2026-03-23T01:12:09.920+0000] {dag.py:3722} INFO - Setting next_dagrun for dynamic_spark_pipeline to 2026-03-22T02:00:00+00:00, run_after=2026-03-23T02:00:00+00:00
[2026-03-23T01:12:09.944+0000] {processor.py:179} INFO - Processing /app/dags/dynamic_spark_pipeline_dag.py took 0.133 seconds
[2026-03-23T01:12:40.047+0000] {processor.py:157} INFO - Started process (PID=1547) to work on /app/dags/dynamic_spark_pipeline_dag.py
[2026-03-23T01:12:40.048+0000] {processor.py:829} INFO - Processing file /app/dags/dynamic_spark_pipeline_dag.py for tasks to queue
[2026-03-23T01:12:40.049+0000] {logging_mixin.py:154} INFO - [2026-03-23T01:12:40.048+0000] {dagbag.py:536} INFO - Filling up the DagBag from /app/dags/dynamic_spark_pipeline_dag.py
[2026-03-23T01:12:40.077+0000] {processor.py:839} INFO - DAG(s) dict_keys(['dynamic_spark_pipeline']) retrieved from /app/dags/dynamic_spark_pipeline_dag.py
[2026-03-23T01:12:40.126+0000] {logging_mixin.py:154} INFO - [2026-03-23T01:12:40.126+0000] {dag.py:2941} INFO - Sync 1 DAGs
[2026-03-23T01:12:40.153+0000] {logging_mixin.py:154} INFO - [2026-03-23T01:12:40.152+0000] {dag.py:3722} INFO - Setting next_dagrun for dynamic_spark_pipeline to 2026-03-22T02:00:00+00:00, run_after=2026-03-23T02:00:00+00:00
[2026-03-23T01:12:40.174+0000] {processor.py:179} INFO - Processing /app/dags/dynamic_spark_pipeline_dag.py took 0.131 seconds
[2026-03-23T01:23:49.292+0000] {processor.py:157} INFO - Started process (PID=166) to work on /app/dags/dynamic_spark_pipeline_dag.py
[2026-03-23T01:23:49.293+0000] {processor.py:829} INFO - Processing file /app/dags/dynamic_spark_pipeline_dag.py for tasks to queue
[2026-03-23T01:23:49.294+0000] {logging_mixin.py:154} INFO - [2026-03-23T01:23:49.293+0000] {dagbag.py:536} INFO - Filling up the DagBag from /app/dags/dynamic_spark_pipeline_dag.py
[2026-03-23T01:23:49.348+0000] {processor.py:839} INFO - DAG(s) dict_keys(['dynamic_spark_pipeline']) retrieved from /app/dags/dynamic_spark_pipeline_dag.py
[2026-03-23T01:23:49.966+0000] {logging_mixin.py:154} INFO - [2026-03-23T01:23:49.966+0000] {manager.py:499} INFO - Created Permission View: %s
[2026-03-23T01:23:49.977+0000] {logging_mixin.py:154} INFO - [2026-03-23T01:23:49.977+0000] {manager.py:499} INFO - Created Permission View: %s
[2026-03-23T01:23:49.985+0000] {logging_mixin.py:154} INFO - [2026-03-23T01:23:49.985+0000] {manager.py:499} INFO - Created Permission View: %s
[2026-03-23T01:23:49.985+0000] {logging_mixin.py:154} INFO - [2026-03-23T01:23:49.985+0000] {dag.py:2941} INFO - Sync 1 DAGs
[2026-03-23T01:23:49.998+0000] {logging_mixin.py:154} INFO - [2026-03-23T01:23:49.998+0000] {dag.py:2963} INFO - Creating ORM DAG for dynamic_spark_pipeline
[2026-03-23T01:23:50.011+0000] {logging_mixin.py:154} INFO - [2026-03-23T01:23:50.011+0000] {dag.py:3722} INFO - Setting next_dagrun for dynamic_spark_pipeline to 2026-03-21T02:00:00+00:00, run_after=2026-03-22T02:00:00+00:00
[2026-03-23T01:23:50.037+0000] {processor.py:179} INFO - Processing /app/dags/dynamic_spark_pipeline_dag.py took 0.748 seconds
[2026-03-23T01:24:20.177+0000] {processor.py:157} INFO - Started process (PID=178) to work on /app/dags/dynamic_spark_pipeline_dag.py
[2026-03-23T01:24:20.178+0000] {processor.py:829} INFO - Processing file /app/dags/dynamic_spark_pipeline_dag.py for tasks to queue
[2026-03-23T01:24:20.178+0000] {logging_mixin.py:154} INFO - [2026-03-23T01:24:20.178+0000] {dagbag.py:536} INFO - Filling up the DagBag from /app/dags/dynamic_spark_pipeline_dag.py
[2026-03-23T01:24:20.199+0000] {processor.py:839} INFO - DAG(s) dict_keys(['dynamic_spark_pipeline']) retrieved from /app/dags/dynamic_spark_pipeline_dag.py
[2026-03-23T01:24:20.245+0000] {logging_mixin.py:154} INFO - [2026-03-23T01:24:20.245+0000] {dag.py:2941} INFO - Sync 1 DAGs
[2026-03-23T01:24:20.270+0000] {logging_mixin.py:154} INFO - [2026-03-23T01:24:20.270+0000] {dag.py:3722} INFO - Setting next_dagrun for dynamic_spark_pipeline to 2026-03-21T02:00:00+00:00, run_after=2026-03-22T02:00:00+00:00
[2026-03-23T01:24:20.289+0000] {processor.py:179} INFO - Processing /app/dags/dynamic_spark_pipeline_dag.py took 0.115 seconds
[2026-03-23T01:24:50.364+0000] {processor.py:157} INFO - Started process (PID=189) to work on /app/dags/dynamic_spark_pipeline_dag.py
[2026-03-23T01:24:50.368+0000] {processor.py:829} INFO - Processing file /app/dags/dynamic_spark_pipeline_dag.py for tasks to queue
[2026-03-23T01:24:50.369+0000] {logging_mixin.py:154} INFO - [2026-03-23T01:24:50.368+0000] {dagbag.py:536} INFO - Filling up the DagBag from /app/dags/dynamic_spark_pipeline_dag.py
[2026-03-23T01:24:50.393+0000] {processor.py:839} INFO - DAG(s) dict_keys(['dynamic_spark_pipeline']) retrieved from /app/dags/dynamic_spark_pipeline_dag.py
[2026-03-23T01:24:50.443+0000] {logging_mixin.py:154} INFO - [2026-03-23T01:24:50.443+0000] {dag.py:2941} INFO - Sync 1 DAGs
[2026-03-23T01:24:50.470+0000] {logging_mixin.py:154} INFO - [2026-03-23T01:24:50.470+0000] {dag.py:3722} INFO - Setting next_dagrun for dynamic_spark_pipeline to 2026-03-21T02:00:00+00:00, run_after=2026-03-22T02:00:00+00:00
[2026-03-23T01:24:50.525+0000] {processor.py:179} INFO - Processing /app/dags/dynamic_spark_pipeline_dag.py took 0.164 seconds
[2026-03-23T01:25:20.628+0000] {processor.py:157} INFO - Started process (PID=335) to work on /app/dags/dynamic_spark_pipeline_dag.py
[2026-03-23T01:25:20.629+0000] {processor.py:829} INFO - Processing file /app/dags/dynamic_spark_pipeline_dag.py for tasks to queue
[2026-03-23T01:25:20.630+0000] {logging_mixin.py:154} INFO - [2026-03-23T01:25:20.630+0000] {dagbag.py:536} INFO - Filling up the DagBag from /app/dags/dynamic_spark_pipeline_dag.py
[2026-03-23T01:25:20.661+0000] {processor.py:839} INFO - DAG(s) dict_keys(['dynamic_spark_pipeline']) retrieved from /app/dags/dynamic_spark_pipeline_dag.py
[2026-03-23T01:25:20.748+0000] {logging_mixin.py:154} INFO - [2026-03-23T01:25:20.748+0000] {dag.py:2941} INFO - Sync 1 DAGs
[2026-03-23T01:25:20.796+0000] {logging_mixin.py:154} INFO - [2026-03-23T01:25:20.796+0000] {dag.py:3722} INFO - Setting next_dagrun for dynamic_spark_pipeline to 2026-03-22T02:00:00+00:00, run_after=2026-03-23T02:00:00+00:00
[2026-03-23T01:25:20.832+0000] {processor.py:179} INFO - Processing /app/dags/dynamic_spark_pipeline_dag.py took 0.208 seconds
[2026-03-23T01:25:50.924+0000] {processor.py:157} INFO - Started process (PID=455) to work on /app/dags/dynamic_spark_pipeline_dag.py
[2026-03-23T01:25:50.927+0000] {processor.py:829} INFO - Processing file /app/dags/dynamic_spark_pipeline_dag.py for tasks to queue
[2026-03-23T01:25:50.930+0000] {logging_mixin.py:154} INFO - [2026-03-23T01:25:50.929+0000] {dagbag.py:536} INFO - Filling up the DagBag from /app/dags/dynamic_spark_pipeline_dag.py
[2026-03-23T01:25:50.974+0000] {processor.py:839} INFO - DAG(s) dict_keys(['dynamic_spark_pipeline']) retrieved from /app/dags/dynamic_spark_pipeline_dag.py
[2026-03-23T01:25:51.068+0000] {logging_mixin.py:154} INFO - [2026-03-23T01:25:51.067+0000] {dag.py:2941} INFO - Sync 1 DAGs
[2026-03-23T01:25:51.118+0000] {logging_mixin.py:154} INFO - [2026-03-23T01:25:51.118+0000] {dag.py:3722} INFO - Setting next_dagrun for dynamic_spark_pipeline to 2026-03-22T02:00:00+00:00, run_after=2026-03-23T02:00:00+00:00
[2026-03-23T01:25:51.177+0000] {processor.py:179} INFO - Processing /app/dags/dynamic_spark_pipeline_dag.py took 0.257 seconds
[2026-03-23T01:26:21.257+0000] {processor.py:157} INFO - Started process (PID=466) to work on /app/dags/dynamic_spark_pipeline_dag.py
[2026-03-23T01:26:21.261+0000] {processor.py:829} INFO - Processing file /app/dags/dynamic_spark_pipeline_dag.py for tasks to queue
[2026-03-23T01:26:21.262+0000] {logging_mixin.py:154} INFO - [2026-03-23T01:26:21.261+0000] {dagbag.py:536} INFO - Filling up the DagBag from /app/dags/dynamic_spark_pipeline_dag.py
[2026-03-23T01:26:21.286+0000] {processor.py:839} INFO - DAG(s) dict_keys(['dynamic_spark_pipeline']) retrieved from /app/dags/dynamic_spark_pipeline_dag.py
[2026-03-23T01:26:21.333+0000] {logging_mixin.py:154} INFO - [2026-03-23T01:26:21.333+0000] {dag.py:2941} INFO - Sync 1 DAGs
[2026-03-23T01:26:21.360+0000] {logging_mixin.py:154} INFO - [2026-03-23T01:26:21.360+0000] {dag.py:3722} INFO - Setting next_dagrun for dynamic_spark_pipeline to 2026-03-22T02:00:00+00:00, run_after=2026-03-23T02:00:00+00:00
[2026-03-23T01:26:21.420+0000] {processor.py:179} INFO - Processing /app/dags/dynamic_spark_pipeline_dag.py took 0.166 seconds
[2026-03-23T01:26:51.621+0000] {processor.py:157} INFO - Started process (PID=477) to work on /app/dags/dynamic_spark_pipeline_dag.py
[2026-03-23T01:26:51.623+0000] {processor.py:829} INFO - Processing file /app/dags/dynamic_spark_pipeline_dag.py for tasks to queue
[2026-03-23T01:26:51.624+0000] {logging_mixin.py:154} INFO - [2026-03-23T01:26:51.624+0000] {dagbag.py:536} INFO - Filling up the DagBag from /app/dags/dynamic_spark_pipeline_dag.py
[2026-03-23T01:26:51.687+0000] {processor.py:839} INFO - DAG(s) dict_keys(['dynamic_spark_pipeline']) retrieved from /app/dags/dynamic_spark_pipeline_dag.py
[2026-03-23T01:26:51.788+0000] {logging_mixin.py:154} INFO - [2026-03-23T01:26:51.787+0000] {dag.py:2941} INFO - Sync 1 DAGs
[2026-03-23T01:26:51.823+0000] {logging_mixin.py:154} INFO - [2026-03-23T01:26:51.823+0000] {dag.py:3722} INFO - Setting next_dagrun for dynamic_spark_pipeline to 2026-03-22T02:00:00+00:00, run_after=2026-03-23T02:00:00+00:00
[2026-03-23T01:26:51.846+0000] {processor.py:179} INFO - Processing /app/dags/dynamic_spark_pipeline_dag.py took 0.229 seconds
[2026-03-23T01:27:22.033+0000] {processor.py:157} INFO - Started process (PID=719) to work on /app/dags/dynamic_spark_pipeline_dag.py
[2026-03-23T01:27:22.035+0000] {processor.py:829} INFO - Processing file /app/dags/dynamic_spark_pipeline_dag.py for tasks to queue
[2026-03-23T01:27:22.036+0000] {logging_mixin.py:154} INFO - [2026-03-23T01:27:22.036+0000] {dagbag.py:536} INFO - Filling up the DagBag from /app/dags/dynamic_spark_pipeline_dag.py
[2026-03-23T01:27:22.079+0000] {processor.py:839} INFO - DAG(s) dict_keys(['dynamic_spark_pipeline']) retrieved from /app/dags/dynamic_spark_pipeline_dag.py
[2026-03-23T01:27:22.164+0000] {logging_mixin.py:154} INFO - [2026-03-23T01:27:22.164+0000] {dag.py:2941} INFO - Sync 1 DAGs
[2026-03-23T01:27:22.191+0000] {logging_mixin.py:154} INFO - [2026-03-23T01:27:22.191+0000] {dag.py:3722} INFO - Setting next_dagrun for dynamic_spark_pipeline to 2026-03-22T02:00:00+00:00, run_after=2026-03-23T02:00:00+00:00
[2026-03-23T01:27:22.223+0000] {processor.py:179} INFO - Processing /app/dags/dynamic_spark_pipeline_dag.py took 0.197 seconds
[2026-03-23T01:27:52.263+0000] {processor.py:157} INFO - Started process (PID=730) to work on /app/dags/dynamic_spark_pipeline_dag.py
[2026-03-23T01:27:52.268+0000] {processor.py:829} INFO - Processing file /app/dags/dynamic_spark_pipeline_dag.py for tasks to queue
[2026-03-23T01:27:52.269+0000] {logging_mixin.py:154} INFO - [2026-03-23T01:27:52.268+0000] {dagbag.py:536} INFO - Filling up the DagBag from /app/dags/dynamic_spark_pipeline_dag.py
[2026-03-23T01:27:52.295+0000] {processor.py:839} INFO - DAG(s) dict_keys(['dynamic_spark_pipeline']) retrieved from /app/dags/dynamic_spark_pipeline_dag.py
[2026-03-23T01:27:52.343+0000] {logging_mixin.py:154} INFO - [2026-03-23T01:27:52.343+0000] {dag.py:2941} INFO - Sync 1 DAGs
[2026-03-23T01:27:52.371+0000] {logging_mixin.py:154} INFO - [2026-03-23T01:27:52.370+0000] {dag.py:3722} INFO - Setting next_dagrun for dynamic_spark_pipeline to 2026-03-22T02:00:00+00:00, run_after=2026-03-23T02:00:00+00:00
[2026-03-23T01:27:52.391+0000] {processor.py:179} INFO - Processing /app/dags/dynamic_spark_pipeline_dag.py took 0.131 seconds
[2026-03-23T01:28:22.479+0000] {processor.py:157} INFO - Started process (PID=741) to work on /app/dags/dynamic_spark_pipeline_dag.py
[2026-03-23T01:28:22.481+0000] {processor.py:829} INFO - Processing file /app/dags/dynamic_spark_pipeline_dag.py for tasks to queue
[2026-03-23T01:28:22.481+0000] {logging_mixin.py:154} INFO - [2026-03-23T01:28:22.481+0000] {dagbag.py:536} INFO - Filling up the DagBag from /app/dags/dynamic_spark_pipeline_dag.py
[2026-03-23T01:28:22.507+0000] {processor.py:839} INFO - DAG(s) dict_keys(['dynamic_spark_pipeline']) retrieved from /app/dags/dynamic_spark_pipeline_dag.py
[2026-03-23T01:28:22.560+0000] {logging_mixin.py:154} INFO - [2026-03-23T01:28:22.560+0000] {dag.py:2941} INFO - Sync 1 DAGs
[2026-03-23T01:28:22.588+0000] {logging_mixin.py:154} INFO - [2026-03-23T01:28:22.588+0000] {dag.py:3722} INFO - Setting next_dagrun for dynamic_spark_pipeline to 2026-03-22T02:00:00+00:00, run_after=2026-03-23T02:00:00+00:00
[2026-03-23T01:28:22.612+0000] {processor.py:179} INFO - Processing /app/dags/dynamic_spark_pipeline_dag.py took 0.137 seconds
[2026-03-23T01:28:52.793+0000] {processor.py:157} INFO - Started process (PID=752) to work on /app/dags/dynamic_spark_pipeline_dag.py
[2026-03-23T01:28:52.796+0000] {processor.py:829} INFO - Processing file /app/dags/dynamic_spark_pipeline_dag.py for tasks to queue
[2026-03-23T01:28:52.797+0000] {logging_mixin.py:154} INFO - [2026-03-23T01:28:52.797+0000] {dagbag.py:536} INFO - Filling up the DagBag from /app/dags/dynamic_spark_pipeline_dag.py
[2026-03-23T01:28:52.819+0000] {processor.py:839} INFO - DAG(s) dict_keys(['dynamic_spark_pipeline']) retrieved from /app/dags/dynamic_spark_pipeline_dag.py
[2026-03-23T01:28:52.877+0000] {logging_mixin.py:154} INFO - [2026-03-23T01:28:52.876+0000] {dag.py:2941} INFO - Sync 1 DAGs
[2026-03-23T01:28:52.907+0000] {logging_mixin.py:154} INFO - [2026-03-23T01:28:52.907+0000] {dag.py:3722} INFO - Setting next_dagrun for dynamic_spark_pipeline to 2026-03-22T02:00:00+00:00, run_after=2026-03-23T02:00:00+00:00
[2026-03-23T01:28:52.933+0000] {processor.py:179} INFO - Processing /app/dags/dynamic_spark_pipeline_dag.py took 0.143 seconds
[2026-03-23T01:29:22.976+0000] {processor.py:157} INFO - Started process (PID=763) to work on /app/dags/dynamic_spark_pipeline_dag.py
[2026-03-23T01:29:22.980+0000] {processor.py:829} INFO - Processing file /app/dags/dynamic_spark_pipeline_dag.py for tasks to queue
[2026-03-23T01:29:22.981+0000] {logging_mixin.py:154} INFO - [2026-03-23T01:29:22.980+0000] {dagbag.py:536} INFO - Filling up the DagBag from /app/dags/dynamic_spark_pipeline_dag.py
[2026-03-23T01:29:23.002+0000] {processor.py:839} INFO - DAG(s) dict_keys(['dynamic_spark_pipeline']) retrieved from /app/dags/dynamic_spark_pipeline_dag.py
[2026-03-23T01:29:23.053+0000] {logging_mixin.py:154} INFO - [2026-03-23T01:29:23.052+0000] {dag.py:2941} INFO - Sync 1 DAGs
[2026-03-23T01:29:23.083+0000] {logging_mixin.py:154} INFO - [2026-03-23T01:29:23.082+0000] {dag.py:3722} INFO - Setting next_dagrun for dynamic_spark_pipeline to 2026-03-22T02:00:00+00:00, run_after=2026-03-23T02:00:00+00:00
[2026-03-23T01:29:23.127+0000] {processor.py:179} INFO - Processing /app/dags/dynamic_spark_pipeline_dag.py took 0.153 seconds
[2026-03-23T01:29:38.136+0000] {processor.py:157} INFO - Started process (PID=774) to work on /app/dags/dynamic_spark_pipeline_dag.py
[2026-03-23T01:29:38.137+0000] {processor.py:829} INFO - Processing file /app/dags/dynamic_spark_pipeline_dag.py for tasks to queue
[2026-03-23T01:29:38.138+0000] {logging_mixin.py:154} INFO - [2026-03-23T01:29:38.138+0000] {dagbag.py:536} INFO - Filling up the DagBag from /app/dags/dynamic_spark_pipeline_dag.py
[2026-03-23T01:29:38.176+0000] {logging_mixin.py:154} INFO - [2026-03-23T01:29:38.175+0000] {dagbag.py:346} ERROR - Failed to import: /app/dags/dynamic_spark_pipeline_dag.py
Traceback (most recent call last):
  File "/home/airflow/.local/lib/python3.9/site-packages/airflow/models/dagbag.py", line 342, in parse
    loader.exec_module(new_module)
  File "<frozen importlib._bootstrap_external>", line 850, in exec_module
  File "<frozen importlib._bootstrap>", line 228, in _call_with_frames_removed
  File "/app/dags/dynamic_spark_pipeline_dag.py", line 319, in <module>
    "config_path": CONFIG_PATH,
NameError: name 'CONFIG_PATH' is not defined
[2026-03-23T01:29:38.177+0000] {processor.py:841} WARNING - No viable dags retrieved from /app/dags/dynamic_spark_pipeline_dag.py
[2026-03-23T01:29:38.193+0000] {processor.py:179} INFO - Processing /app/dags/dynamic_spark_pipeline_dag.py took 0.060 seconds
[2026-03-23T01:30:08.384+0000] {processor.py:157} INFO - Started process (PID=785) to work on /app/dags/dynamic_spark_pipeline_dag.py
[2026-03-23T01:30:08.387+0000] {processor.py:829} INFO - Processing file /app/dags/dynamic_spark_pipeline_dag.py for tasks to queue
[2026-03-23T01:30:08.388+0000] {logging_mixin.py:154} INFO - [2026-03-23T01:30:08.388+0000] {dagbag.py:536} INFO - Filling up the DagBag from /app/dags/dynamic_spark_pipeline_dag.py
[2026-03-23T01:30:08.416+0000] {logging_mixin.py:154} INFO - [2026-03-23T01:30:08.415+0000] {dagbag.py:346} ERROR - Failed to import: /app/dags/dynamic_spark_pipeline_dag.py
Traceback (most recent call last):
  File "/home/airflow/.local/lib/python3.9/site-packages/airflow/models/dagbag.py", line 342, in parse
    loader.exec_module(new_module)
  File "<frozen importlib._bootstrap_external>", line 850, in exec_module
  File "<frozen importlib._bootstrap>", line 228, in _call_with_frames_removed
  File "/app/dags/dynamic_spark_pipeline_dag.py", line 319, in <module>
    "config_path": CONFIG_PATH,
NameError: name 'CONFIG_PATH' is not defined
[2026-03-23T01:30:08.416+0000] {processor.py:841} WARNING - No viable dags retrieved from /app/dags/dynamic_spark_pipeline_dag.py
[2026-03-23T01:30:08.429+0000] {processor.py:179} INFO - Processing /app/dags/dynamic_spark_pipeline_dag.py took 0.048 seconds
[2026-03-23T01:30:38.513+0000] {processor.py:157} INFO - Started process (PID=796) to work on /app/dags/dynamic_spark_pipeline_dag.py
[2026-03-23T01:30:38.515+0000] {processor.py:829} INFO - Processing file /app/dags/dynamic_spark_pipeline_dag.py for tasks to queue
[2026-03-23T01:30:38.516+0000] {logging_mixin.py:154} INFO - [2026-03-23T01:30:38.516+0000] {dagbag.py:536} INFO - Filling up the DagBag from /app/dags/dynamic_spark_pipeline_dag.py
[2026-03-23T01:30:38.549+0000] {logging_mixin.py:154} INFO - [2026-03-23T01:30:38.548+0000] {dagbag.py:346} ERROR - Failed to import: /app/dags/dynamic_spark_pipeline_dag.py
Traceback (most recent call last):
  File "/home/airflow/.local/lib/python3.9/site-packages/airflow/models/dagbag.py", line 342, in parse
    loader.exec_module(new_module)
  File "<frozen importlib._bootstrap_external>", line 850, in exec_module
  File "<frozen importlib._bootstrap>", line 228, in _call_with_frames_removed
  File "/app/dags/dynamic_spark_pipeline_dag.py", line 319, in <module>
    "config_path": CONFIG_PATH,
NameError: name 'CONFIG_PATH' is not defined
[2026-03-23T01:30:38.550+0000] {processor.py:841} WARNING - No viable dags retrieved from /app/dags/dynamic_spark_pipeline_dag.py
[2026-03-23T01:30:38.561+0000] {processor.py:179} INFO - Processing /app/dags/dynamic_spark_pipeline_dag.py took 0.051 seconds
[2026-03-23T01:31:08.835+0000] {processor.py:157} INFO - Started process (PID=807) to work on /app/dags/dynamic_spark_pipeline_dag.py
[2026-03-23T01:31:08.838+0000] {processor.py:829} INFO - Processing file /app/dags/dynamic_spark_pipeline_dag.py for tasks to queue
[2026-03-23T01:31:08.840+0000] {logging_mixin.py:154} INFO - [2026-03-23T01:31:08.839+0000] {dagbag.py:536} INFO - Filling up the DagBag from /app/dags/dynamic_spark_pipeline_dag.py
[2026-03-23T01:31:08.873+0000] {logging_mixin.py:154} INFO - [2026-03-23T01:31:08.871+0000] {dagbag.py:346} ERROR - Failed to import: /app/dags/dynamic_spark_pipeline_dag.py
Traceback (most recent call last):
  File "/home/airflow/.local/lib/python3.9/site-packages/airflow/models/dagbag.py", line 342, in parse
    loader.exec_module(new_module)
  File "<frozen importlib._bootstrap_external>", line 850, in exec_module
  File "<frozen importlib._bootstrap>", line 228, in _call_with_frames_removed
  File "/app/dags/dynamic_spark_pipeline_dag.py", line 319, in <module>
    "config_path": CONFIG_PATH,
NameError: name 'CONFIG_PATH' is not defined
[2026-03-23T01:31:08.874+0000] {processor.py:841} WARNING - No viable dags retrieved from /app/dags/dynamic_spark_pipeline_dag.py
[2026-03-23T01:31:08.885+0000] {processor.py:179} INFO - Processing /app/dags/dynamic_spark_pipeline_dag.py took 0.054 seconds
[2026-03-23T01:31:13.873+0000] {processor.py:157} INFO - Started process (PID=812) to work on /app/dags/dynamic_spark_pipeline_dag.py
[2026-03-23T01:31:13.876+0000] {processor.py:829} INFO - Processing file /app/dags/dynamic_spark_pipeline_dag.py for tasks to queue
[2026-03-23T01:31:13.877+0000] {logging_mixin.py:154} INFO - [2026-03-23T01:31:13.876+0000] {dagbag.py:536} INFO - Filling up the DagBag from /app/dags/dynamic_spark_pipeline_dag.py
[2026-03-23T01:31:13.926+0000] {processor.py:839} INFO - DAG(s) dict_keys(['dynamic_spark_pipeline']) retrieved from /app/dags/dynamic_spark_pipeline_dag.py
[2026-03-23T01:31:14.037+0000] {logging_mixin.py:154} INFO - [2026-03-23T01:31:14.037+0000] {dag.py:2941} INFO - Sync 1 DAGs
[2026-03-23T01:31:14.062+0000] {logging_mixin.py:154} INFO - [2026-03-23T01:31:14.062+0000] {dag.py:3722} INFO - Setting next_dagrun for dynamic_spark_pipeline to 2026-03-22T02:00:00+00:00, run_after=2026-03-23T02:00:00+00:00
[2026-03-23T01:31:14.254+0000] {processor.py:179} INFO - Processing /app/dags/dynamic_spark_pipeline_dag.py took 0.384 seconds
[2026-03-23T01:31:44.438+0000] {processor.py:157} INFO - Started process (PID=823) to work on /app/dags/dynamic_spark_pipeline_dag.py
[2026-03-23T01:31:44.441+0000] {processor.py:829} INFO - Processing file /app/dags/dynamic_spark_pipeline_dag.py for tasks to queue
[2026-03-23T01:31:44.442+0000] {logging_mixin.py:154} INFO - [2026-03-23T01:31:44.441+0000] {dagbag.py:536} INFO - Filling up the DagBag from /app/dags/dynamic_spark_pipeline_dag.py
[2026-03-23T01:31:44.486+0000] {processor.py:839} INFO - DAG(s) dict_keys(['dynamic_spark_pipeline']) retrieved from /app/dags/dynamic_spark_pipeline_dag.py
[2026-03-23T01:31:44.517+0000] {logging_mixin.py:154} INFO - [2026-03-23T01:31:44.516+0000] {dag.py:2941} INFO - Sync 1 DAGs
[2026-03-23T01:31:44.545+0000] {logging_mixin.py:154} INFO - [2026-03-23T01:31:44.545+0000] {dag.py:3722} INFO - Setting next_dagrun for dynamic_spark_pipeline to 2026-03-22T02:00:00+00:00, run_after=2026-03-23T02:00:00+00:00
[2026-03-23T01:31:44.575+0000] {processor.py:179} INFO - Processing /app/dags/dynamic_spark_pipeline_dag.py took 0.141 seconds
[2026-03-23T01:32:14.621+0000] {processor.py:157} INFO - Started process (PID=834) to work on /app/dags/dynamic_spark_pipeline_dag.py
[2026-03-23T01:32:14.625+0000] {processor.py:829} INFO - Processing file /app/dags/dynamic_spark_pipeline_dag.py for tasks to queue
[2026-03-23T01:32:14.626+0000] {logging_mixin.py:154} INFO - [2026-03-23T01:32:14.626+0000] {dagbag.py:536} INFO - Filling up the DagBag from /app/dags/dynamic_spark_pipeline_dag.py
[2026-03-23T01:32:14.682+0000] {processor.py:839} INFO - DAG(s) dict_keys(['dynamic_spark_pipeline']) retrieved from /app/dags/dynamic_spark_pipeline_dag.py
[2026-03-23T01:32:14.719+0000] {logging_mixin.py:154} INFO - [2026-03-23T01:32:14.719+0000] {dag.py:2941} INFO - Sync 1 DAGs
[2026-03-23T01:32:14.756+0000] {logging_mixin.py:154} INFO - [2026-03-23T01:32:14.755+0000] {dag.py:3722} INFO - Setting next_dagrun for dynamic_spark_pipeline to 2026-03-22T02:00:00+00:00, run_after=2026-03-23T02:00:00+00:00
[2026-03-23T01:32:14.781+0000] {processor.py:179} INFO - Processing /app/dags/dynamic_spark_pipeline_dag.py took 0.163 seconds
[2026-03-23T01:32:44.901+0000] {processor.py:157} INFO - Started process (PID=845) to work on /app/dags/dynamic_spark_pipeline_dag.py
[2026-03-23T01:32:44.905+0000] {processor.py:829} INFO - Processing file /app/dags/dynamic_spark_pipeline_dag.py for tasks to queue
[2026-03-23T01:32:44.906+0000] {logging_mixin.py:154} INFO - [2026-03-23T01:32:44.906+0000] {dagbag.py:536} INFO - Filling up the DagBag from /app/dags/dynamic_spark_pipeline_dag.py
[2026-03-23T01:32:44.959+0000] {processor.py:839} INFO - DAG(s) dict_keys(['dynamic_spark_pipeline']) retrieved from /app/dags/dynamic_spark_pipeline_dag.py
[2026-03-23T01:32:44.994+0000] {logging_mixin.py:154} INFO - [2026-03-23T01:32:44.994+0000] {dag.py:2941} INFO - Sync 1 DAGs
[2026-03-23T01:32:45.027+0000] {logging_mixin.py:154} INFO - [2026-03-23T01:32:45.026+0000] {dag.py:3722} INFO - Setting next_dagrun for dynamic_spark_pipeline to 2026-03-22T02:00:00+00:00, run_after=2026-03-23T02:00:00+00:00
[2026-03-23T01:32:45.050+0000] {processor.py:179} INFO - Processing /app/dags/dynamic_spark_pipeline_dag.py took 0.154 seconds
[2026-03-23T01:32:50.978+0000] {processor.py:157} INFO - Started process (PID=850) to work on /app/dags/dynamic_spark_pipeline_dag.py
[2026-03-23T01:32:50.981+0000] {processor.py:829} INFO - Processing file /app/dags/dynamic_spark_pipeline_dag.py for tasks to queue
[2026-03-23T01:32:50.982+0000] {logging_mixin.py:154} INFO - [2026-03-23T01:32:50.981+0000] {dagbag.py:536} INFO - Filling up the DagBag from /app/dags/dynamic_spark_pipeline_dag.py
[2026-03-23T01:32:51.013+0000] {processor.py:839} INFO - DAG(s) dict_keys(['dynamic_spark_pipeline']) retrieved from /app/dags/dynamic_spark_pipeline_dag.py
[2026-03-23T01:32:51.172+0000] {logging_mixin.py:154} INFO - [2026-03-23T01:32:51.171+0000] {dag.py:2941} INFO - Sync 1 DAGs
[2026-03-23T01:32:51.211+0000] {logging_mixin.py:154} INFO - [2026-03-23T01:32:51.210+0000] {dag.py:3722} INFO - Setting next_dagrun for dynamic_spark_pipeline to 2026-03-22T02:00:00+00:00, run_after=2026-03-23T02:00:00+00:00
[2026-03-23T01:32:51.243+0000] {processor.py:179} INFO - Processing /app/dags/dynamic_spark_pipeline_dag.py took 0.268 seconds
[2026-03-23T01:33:21.336+0000] {processor.py:157} INFO - Started process (PID=861) to work on /app/dags/dynamic_spark_pipeline_dag.py
[2026-03-23T01:33:21.337+0000] {processor.py:829} INFO - Processing file /app/dags/dynamic_spark_pipeline_dag.py for tasks to queue
[2026-03-23T01:33:21.337+0000] {logging_mixin.py:154} INFO - [2026-03-23T01:33:21.337+0000] {dagbag.py:536} INFO - Filling up the DagBag from /app/dags/dynamic_spark_pipeline_dag.py
[2026-03-23T01:33:21.363+0000] {processor.py:839} INFO - DAG(s) dict_keys(['dynamic_spark_pipeline']) retrieved from /app/dags/dynamic_spark_pipeline_dag.py
[2026-03-23T01:33:21.413+0000] {logging_mixin.py:154} INFO - [2026-03-23T01:33:21.413+0000] {dag.py:2941} INFO - Sync 1 DAGs
[2026-03-23T01:33:21.440+0000] {logging_mixin.py:154} INFO - [2026-03-23T01:33:21.439+0000] {dag.py:3722} INFO - Setting next_dagrun for dynamic_spark_pipeline to 2026-03-22T02:00:00+00:00, run_after=2026-03-23T02:00:00+00:00
[2026-03-23T01:33:21.461+0000] {processor.py:179} INFO - Processing /app/dags/dynamic_spark_pipeline_dag.py took 0.129 seconds
[2026-03-23T01:33:51.671+0000] {processor.py:157} INFO - Started process (PID=872) to work on /app/dags/dynamic_spark_pipeline_dag.py
[2026-03-23T01:33:51.674+0000] {processor.py:829} INFO - Processing file /app/dags/dynamic_spark_pipeline_dag.py for tasks to queue
[2026-03-23T01:33:51.675+0000] {logging_mixin.py:154} INFO - [2026-03-23T01:33:51.674+0000] {dagbag.py:536} INFO - Filling up the DagBag from /app/dags/dynamic_spark_pipeline_dag.py
[2026-03-23T01:33:51.711+0000] {processor.py:839} INFO - DAG(s) dict_keys(['dynamic_spark_pipeline']) retrieved from /app/dags/dynamic_spark_pipeline_dag.py
[2026-03-23T01:33:51.796+0000] {logging_mixin.py:154} INFO - [2026-03-23T01:33:51.796+0000] {dag.py:2941} INFO - Sync 1 DAGs
[2026-03-23T01:33:51.840+0000] {logging_mixin.py:154} INFO - [2026-03-23T01:33:51.840+0000] {dag.py:3722} INFO - Setting next_dagrun for dynamic_spark_pipeline to 2026-03-22T02:00:00+00:00, run_after=2026-03-23T02:00:00+00:00
[2026-03-23T01:33:51.869+0000] {processor.py:179} INFO - Processing /app/dags/dynamic_spark_pipeline_dag.py took 0.202 seconds
[2026-03-23T01:34:22.004+0000] {processor.py:157} INFO - Started process (PID=883) to work on /app/dags/dynamic_spark_pipeline_dag.py
[2026-03-23T01:34:22.007+0000] {processor.py:829} INFO - Processing file /app/dags/dynamic_spark_pipeline_dag.py for tasks to queue
[2026-03-23T01:34:22.007+0000] {logging_mixin.py:154} INFO - [2026-03-23T01:34:22.007+0000] {dagbag.py:536} INFO - Filling up the DagBag from /app/dags/dynamic_spark_pipeline_dag.py
[2026-03-23T01:34:22.027+0000] {processor.py:839} INFO - DAG(s) dict_keys(['dynamic_spark_pipeline']) retrieved from /app/dags/dynamic_spark_pipeline_dag.py
[2026-03-23T01:34:22.074+0000] {logging_mixin.py:154} INFO - [2026-03-23T01:34:22.074+0000] {dag.py:2941} INFO - Sync 1 DAGs
[2026-03-23T01:34:22.100+0000] {logging_mixin.py:154} INFO - [2026-03-23T01:34:22.100+0000] {dag.py:3722} INFO - Setting next_dagrun for dynamic_spark_pipeline to 2026-03-22T02:00:00+00:00, run_after=2026-03-23T02:00:00+00:00
[2026-03-23T01:34:22.121+0000] {processor.py:179} INFO - Processing /app/dags/dynamic_spark_pipeline_dag.py took 0.120 seconds
[2026-03-23T01:34:52.192+0000] {processor.py:157} INFO - Started process (PID=894) to work on /app/dags/dynamic_spark_pipeline_dag.py
[2026-03-23T01:34:52.195+0000] {processor.py:829} INFO - Processing file /app/dags/dynamic_spark_pipeline_dag.py for tasks to queue
[2026-03-23T01:34:52.196+0000] {logging_mixin.py:154} INFO - [2026-03-23T01:34:52.196+0000] {dagbag.py:536} INFO - Filling up the DagBag from /app/dags/dynamic_spark_pipeline_dag.py
[2026-03-23T01:34:52.220+0000] {processor.py:839} INFO - DAG(s) dict_keys(['dynamic_spark_pipeline']) retrieved from /app/dags/dynamic_spark_pipeline_dag.py
[2026-03-23T01:34:52.268+0000] {logging_mixin.py:154} INFO - [2026-03-23T01:34:52.268+0000] {dag.py:2941} INFO - Sync 1 DAGs
[2026-03-23T01:34:52.300+0000] {logging_mixin.py:154} INFO - [2026-03-23T01:34:52.300+0000] {dag.py:3722} INFO - Setting next_dagrun for dynamic_spark_pipeline to 2026-03-22T02:00:00+00:00, run_after=2026-03-23T02:00:00+00:00
[2026-03-23T01:34:52.321+0000] {processor.py:179} INFO - Processing /app/dags/dynamic_spark_pipeline_dag.py took 0.131 seconds
[2026-03-23T01:35:22.520+0000] {processor.py:157} INFO - Started process (PID=905) to work on /app/dags/dynamic_spark_pipeline_dag.py
[2026-03-23T01:35:22.522+0000] {processor.py:829} INFO - Processing file /app/dags/dynamic_spark_pipeline_dag.py for tasks to queue
[2026-03-23T01:35:22.523+0000] {logging_mixin.py:154} INFO - [2026-03-23T01:35:22.523+0000] {dagbag.py:536} INFO - Filling up the DagBag from /app/dags/dynamic_spark_pipeline_dag.py
[2026-03-23T01:35:22.547+0000] {processor.py:839} INFO - DAG(s) dict_keys(['dynamic_spark_pipeline']) retrieved from /app/dags/dynamic_spark_pipeline_dag.py
[2026-03-23T01:35:22.599+0000] {logging_mixin.py:154} INFO - [2026-03-23T01:35:22.599+0000] {dag.py:2941} INFO - Sync 1 DAGs
[2026-03-23T01:35:22.626+0000] {logging_mixin.py:154} INFO - [2026-03-23T01:35:22.626+0000] {dag.py:3722} INFO - Setting next_dagrun for dynamic_spark_pipeline to 2026-03-22T02:00:00+00:00, run_after=2026-03-23T02:00:00+00:00
[2026-03-23T01:35:22.649+0000] {processor.py:179} INFO - Processing /app/dags/dynamic_spark_pipeline_dag.py took 0.132 seconds
[2026-03-23T01:35:52.747+0000] {processor.py:157} INFO - Started process (PID=916) to work on /app/dags/dynamic_spark_pipeline_dag.py
[2026-03-23T01:35:52.750+0000] {processor.py:829} INFO - Processing file /app/dags/dynamic_spark_pipeline_dag.py for tasks to queue
[2026-03-23T01:35:52.751+0000] {logging_mixin.py:154} INFO - [2026-03-23T01:35:52.751+0000] {dagbag.py:536} INFO - Filling up the DagBag from /app/dags/dynamic_spark_pipeline_dag.py
[2026-03-23T01:35:52.782+0000] {processor.py:839} INFO - DAG(s) dict_keys(['dynamic_spark_pipeline']) retrieved from /app/dags/dynamic_spark_pipeline_dag.py
[2026-03-23T01:35:52.840+0000] {logging_mixin.py:154} INFO - [2026-03-23T01:35:52.840+0000] {dag.py:2941} INFO - Sync 1 DAGs
[2026-03-23T01:35:52.875+0000] {logging_mixin.py:154} INFO - [2026-03-23T01:35:52.875+0000] {dag.py:3722} INFO - Setting next_dagrun for dynamic_spark_pipeline to 2026-03-22T02:00:00+00:00, run_after=2026-03-23T02:00:00+00:00
[2026-03-23T01:35:52.899+0000] {processor.py:179} INFO - Processing /app/dags/dynamic_spark_pipeline_dag.py took 0.156 seconds
[2026-03-23T01:36:23.041+0000] {processor.py:157} INFO - Started process (PID=927) to work on /app/dags/dynamic_spark_pipeline_dag.py
[2026-03-23T01:36:23.044+0000] {processor.py:829} INFO - Processing file /app/dags/dynamic_spark_pipeline_dag.py for tasks to queue
[2026-03-23T01:36:23.044+0000] {logging_mixin.py:154} INFO - [2026-03-23T01:36:23.044+0000] {dagbag.py:536} INFO - Filling up the DagBag from /app/dags/dynamic_spark_pipeline_dag.py
[2026-03-23T01:36:23.068+0000] {processor.py:839} INFO - DAG(s) dict_keys(['dynamic_spark_pipeline']) retrieved from /app/dags/dynamic_spark_pipeline_dag.py
[2026-03-23T01:36:23.125+0000] {logging_mixin.py:154} INFO - [2026-03-23T01:36:23.125+0000] {dag.py:2941} INFO - Sync 1 DAGs
[2026-03-23T01:36:23.158+0000] {logging_mixin.py:154} INFO - [2026-03-23T01:36:23.157+0000] {dag.py:3722} INFO - Setting next_dagrun for dynamic_spark_pipeline to 2026-03-22T02:00:00+00:00, run_after=2026-03-23T02:00:00+00:00
[2026-03-23T01:36:23.182+0000] {processor.py:179} INFO - Processing /app/dags/dynamic_spark_pipeline_dag.py took 0.146 seconds
[2026-03-23T01:36:53.258+0000] {processor.py:157} INFO - Started process (PID=938) to work on /app/dags/dynamic_spark_pipeline_dag.py
[2026-03-23T01:36:53.259+0000] {processor.py:829} INFO - Processing file /app/dags/dynamic_spark_pipeline_dag.py for tasks to queue
[2026-03-23T01:36:53.260+0000] {logging_mixin.py:154} INFO - [2026-03-23T01:36:53.260+0000] {dagbag.py:536} INFO - Filling up the DagBag from /app/dags/dynamic_spark_pipeline_dag.py
[2026-03-23T01:36:53.303+0000] {processor.py:839} INFO - DAG(s) dict_keys(['dynamic_spark_pipeline']) retrieved from /app/dags/dynamic_spark_pipeline_dag.py
[2026-03-23T01:36:53.399+0000] {logging_mixin.py:154} INFO - [2026-03-23T01:36:53.398+0000] {dag.py:2941} INFO - Sync 1 DAGs
[2026-03-23T01:36:53.437+0000] {logging_mixin.py:154} INFO - [2026-03-23T01:36:53.437+0000] {dag.py:3722} INFO - Setting next_dagrun for dynamic_spark_pipeline to 2026-03-22T02:00:00+00:00, run_after=2026-03-23T02:00:00+00:00
[2026-03-23T01:36:53.477+0000] {processor.py:179} INFO - Processing /app/dags/dynamic_spark_pipeline_dag.py took 0.227 seconds
[2026-03-23T01:37:23.524+0000] {processor.py:157} INFO - Started process (PID=949) to work on /app/dags/dynamic_spark_pipeline_dag.py
[2026-03-23T01:37:23.525+0000] {processor.py:829} INFO - Processing file /app/dags/dynamic_spark_pipeline_dag.py for tasks to queue
[2026-03-23T01:37:23.526+0000] {logging_mixin.py:154} INFO - [2026-03-23T01:37:23.525+0000] {dagbag.py:536} INFO - Filling up the DagBag from /app/dags/dynamic_spark_pipeline_dag.py
[2026-03-23T01:37:23.552+0000] {processor.py:839} INFO - DAG(s) dict_keys(['dynamic_spark_pipeline']) retrieved from /app/dags/dynamic_spark_pipeline_dag.py
[2026-03-23T01:37:23.608+0000] {logging_mixin.py:154} INFO - [2026-03-23T01:37:23.608+0000] {dag.py:2941} INFO - Sync 1 DAGs
[2026-03-23T01:37:23.640+0000] {logging_mixin.py:154} INFO - [2026-03-23T01:37:23.640+0000] {dag.py:3722} INFO - Setting next_dagrun for dynamic_spark_pipeline to 2026-03-22T02:00:00+00:00, run_after=2026-03-23T02:00:00+00:00
[2026-03-23T01:37:23.666+0000] {processor.py:179} INFO - Processing /app/dags/dynamic_spark_pipeline_dag.py took 0.146 seconds
[2026-03-23T01:37:53.719+0000] {processor.py:157} INFO - Started process (PID=960) to work on /app/dags/dynamic_spark_pipeline_dag.py
[2026-03-23T01:37:53.720+0000] {processor.py:829} INFO - Processing file /app/dags/dynamic_spark_pipeline_dag.py for tasks to queue
[2026-03-23T01:37:53.720+0000] {logging_mixin.py:154} INFO - [2026-03-23T01:37:53.720+0000] {dagbag.py:536} INFO - Filling up the DagBag from /app/dags/dynamic_spark_pipeline_dag.py
[2026-03-23T01:37:53.746+0000] {processor.py:839} INFO - DAG(s) dict_keys(['dynamic_spark_pipeline']) retrieved from /app/dags/dynamic_spark_pipeline_dag.py
[2026-03-23T01:37:53.801+0000] {logging_mixin.py:154} INFO - [2026-03-23T01:37:53.801+0000] {dag.py:2941} INFO - Sync 1 DAGs
[2026-03-23T01:37:53.835+0000] {logging_mixin.py:154} INFO - [2026-03-23T01:37:53.835+0000] {dag.py:3722} INFO - Setting next_dagrun for dynamic_spark_pipeline to 2026-03-22T02:00:00+00:00, run_after=2026-03-23T02:00:00+00:00
[2026-03-23T01:37:53.858+0000] {processor.py:179} INFO - Processing /app/dags/dynamic_spark_pipeline_dag.py took 0.144 seconds
[2026-03-23T01:38:24.094+0000] {processor.py:157} INFO - Started process (PID=971) to work on /app/dags/dynamic_spark_pipeline_dag.py
[2026-03-23T01:38:24.097+0000] {processor.py:829} INFO - Processing file /app/dags/dynamic_spark_pipeline_dag.py for tasks to queue
[2026-03-23T01:38:24.098+0000] {logging_mixin.py:154} INFO - [2026-03-23T01:38:24.097+0000] {dagbag.py:536} INFO - Filling up the DagBag from /app/dags/dynamic_spark_pipeline_dag.py
[2026-03-23T01:38:24.122+0000] {processor.py:839} INFO - DAG(s) dict_keys(['dynamic_spark_pipeline']) retrieved from /app/dags/dynamic_spark_pipeline_dag.py
[2026-03-23T01:38:24.174+0000] {logging_mixin.py:154} INFO - [2026-03-23T01:38:24.173+0000] {dag.py:2941} INFO - Sync 1 DAGs
[2026-03-23T01:38:24.202+0000] {logging_mixin.py:154} INFO - [2026-03-23T01:38:24.202+0000] {dag.py:3722} INFO - Setting next_dagrun for dynamic_spark_pipeline to 2026-03-22T02:00:00+00:00, run_after=2026-03-23T02:00:00+00:00
[2026-03-23T01:38:24.224+0000] {processor.py:179} INFO - Processing /app/dags/dynamic_spark_pipeline_dag.py took 0.133 seconds
[2026-03-23T01:38:54.313+0000] {processor.py:157} INFO - Started process (PID=982) to work on /app/dags/dynamic_spark_pipeline_dag.py
[2026-03-23T01:38:54.316+0000] {processor.py:829} INFO - Processing file /app/dags/dynamic_spark_pipeline_dag.py for tasks to queue
[2026-03-23T01:38:54.317+0000] {logging_mixin.py:154} INFO - [2026-03-23T01:38:54.316+0000] {dagbag.py:536} INFO - Filling up the DagBag from /app/dags/dynamic_spark_pipeline_dag.py
[2026-03-23T01:38:54.340+0000] {processor.py:839} INFO - DAG(s) dict_keys(['dynamic_spark_pipeline']) retrieved from /app/dags/dynamic_spark_pipeline_dag.py
[2026-03-23T01:38:54.391+0000] {logging_mixin.py:154} INFO - [2026-03-23T01:38:54.390+0000] {dag.py:2941} INFO - Sync 1 DAGs
[2026-03-23T01:38:54.417+0000] {logging_mixin.py:154} INFO - [2026-03-23T01:38:54.417+0000] {dag.py:3722} INFO - Setting next_dagrun for dynamic_spark_pipeline to 2026-03-22T02:00:00+00:00, run_after=2026-03-23T02:00:00+00:00
[2026-03-23T01:38:54.439+0000] {processor.py:179} INFO - Processing /app/dags/dynamic_spark_pipeline_dag.py took 0.129 seconds
[2026-03-23T01:39:24.604+0000] {processor.py:157} INFO - Started process (PID=993) to work on /app/dags/dynamic_spark_pipeline_dag.py
[2026-03-23T01:39:24.605+0000] {processor.py:829} INFO - Processing file /app/dags/dynamic_spark_pipeline_dag.py for tasks to queue
[2026-03-23T01:39:24.606+0000] {logging_mixin.py:154} INFO - [2026-03-23T01:39:24.606+0000] {dagbag.py:536} INFO - Filling up the DagBag from /app/dags/dynamic_spark_pipeline_dag.py
[2026-03-23T01:39:24.631+0000] {processor.py:839} INFO - DAG(s) dict_keys(['dynamic_spark_pipeline']) retrieved from /app/dags/dynamic_spark_pipeline_dag.py
[2026-03-23T01:39:24.690+0000] {logging_mixin.py:154} INFO - [2026-03-23T01:39:24.689+0000] {dag.py:2941} INFO - Sync 1 DAGs
[2026-03-23T01:39:24.724+0000] {logging_mixin.py:154} INFO - [2026-03-23T01:39:24.724+0000] {dag.py:3722} INFO - Setting next_dagrun for dynamic_spark_pipeline to 2026-03-22T02:00:00+00:00, run_after=2026-03-23T02:00:00+00:00
[2026-03-23T01:39:24.750+0000] {processor.py:179} INFO - Processing /app/dags/dynamic_spark_pipeline_dag.py took 0.150 seconds
[2026-03-23T01:39:37.832+0000] {processor.py:157} INFO - Started process (PID=998) to work on /app/dags/dynamic_spark_pipeline_dag.py
[2026-03-23T01:39:37.833+0000] {processor.py:829} INFO - Processing file /app/dags/dynamic_spark_pipeline_dag.py for tasks to queue
[2026-03-23T01:39:37.834+0000] {logging_mixin.py:154} INFO - [2026-03-23T01:39:37.834+0000] {dagbag.py:536} INFO - Filling up the DagBag from /app/dags/dynamic_spark_pipeline_dag.py
[2026-03-23T01:39:37.871+0000] {processor.py:839} INFO - DAG(s) dict_keys(['dynamic_spark_pipeline']) retrieved from /app/dags/dynamic_spark_pipeline_dag.py
[2026-03-23T01:39:37.945+0000] {logging_mixin.py:154} INFO - [2026-03-23T01:39:37.944+0000] {dag.py:2941} INFO - Sync 1 DAGs
[2026-03-23T01:39:37.977+0000] {logging_mixin.py:154} INFO - [2026-03-23T01:39:37.977+0000] {dag.py:3722} INFO - Setting next_dagrun for dynamic_spark_pipeline to 2026-03-22T02:00:00+00:00, run_after=2026-03-23T02:00:00+00:00
[2026-03-23T01:39:38.007+0000] {processor.py:179} INFO - Processing /app/dags/dynamic_spark_pipeline_dag.py took 0.179 seconds
[2026-03-23T01:40:08.183+0000] {processor.py:157} INFO - Started process (PID=1009) to work on /app/dags/dynamic_spark_pipeline_dag.py
[2026-03-23T01:40:08.186+0000] {processor.py:829} INFO - Processing file /app/dags/dynamic_spark_pipeline_dag.py for tasks to queue
[2026-03-23T01:40:08.187+0000] {logging_mixin.py:154} INFO - [2026-03-23T01:40:08.187+0000] {dagbag.py:536} INFO - Filling up the DagBag from /app/dags/dynamic_spark_pipeline_dag.py
[2026-03-23T01:40:08.213+0000] {processor.py:839} INFO - DAG(s) dict_keys(['dynamic_spark_pipeline']) retrieved from /app/dags/dynamic_spark_pipeline_dag.py
[2026-03-23T01:40:08.269+0000] {logging_mixin.py:154} INFO - [2026-03-23T01:40:08.268+0000] {dag.py:2941} INFO - Sync 1 DAGs
[2026-03-23T01:40:08.303+0000] {logging_mixin.py:154} INFO - [2026-03-23T01:40:08.303+0000] {dag.py:3722} INFO - Setting next_dagrun for dynamic_spark_pipeline to 2026-03-22T02:00:00+00:00, run_after=2026-03-23T02:00:00+00:00
[2026-03-23T01:40:08.331+0000] {processor.py:179} INFO - Processing /app/dags/dynamic_spark_pipeline_dag.py took 0.151 seconds
[2026-03-23T01:40:38.549+0000] {processor.py:157} INFO - Started process (PID=1020) to work on /app/dags/dynamic_spark_pipeline_dag.py
[2026-03-23T01:40:38.552+0000] {processor.py:829} INFO - Processing file /app/dags/dynamic_spark_pipeline_dag.py for tasks to queue
[2026-03-23T01:40:38.553+0000] {logging_mixin.py:154} INFO - [2026-03-23T01:40:38.552+0000] {dagbag.py:536} INFO - Filling up the DagBag from /app/dags/dynamic_spark_pipeline_dag.py
[2026-03-23T01:40:38.578+0000] {processor.py:839} INFO - DAG(s) dict_keys(['dynamic_spark_pipeline']) retrieved from /app/dags/dynamic_spark_pipeline_dag.py
[2026-03-23T01:40:38.637+0000] {logging_mixin.py:154} INFO - [2026-03-23T01:40:38.636+0000] {dag.py:2941} INFO - Sync 1 DAGs
[2026-03-23T01:40:38.673+0000] {logging_mixin.py:154} INFO - [2026-03-23T01:40:38.673+0000] {dag.py:3722} INFO - Setting next_dagrun for dynamic_spark_pipeline to 2026-03-22T02:00:00+00:00, run_after=2026-03-23T02:00:00+00:00
[2026-03-23T01:40:38.697+0000] {processor.py:179} INFO - Processing /app/dags/dynamic_spark_pipeline_dag.py took 0.151 seconds
[2026-03-23T01:41:04.675+0000] {processor.py:157} INFO - Started process (PID=1031) to work on /app/dags/dynamic_spark_pipeline_dag.py
[2026-03-23T01:41:04.677+0000] {processor.py:829} INFO - Processing file /app/dags/dynamic_spark_pipeline_dag.py for tasks to queue
[2026-03-23T01:41:04.678+0000] {logging_mixin.py:154} INFO - [2026-03-23T01:41:04.678+0000] {dagbag.py:536} INFO - Filling up the DagBag from /app/dags/dynamic_spark_pipeline_dag.py
[2026-03-23T01:41:04.714+0000] {processor.py:839} INFO - DAG(s) dict_keys(['dynamic_spark_pipeline']) retrieved from /app/dags/dynamic_spark_pipeline_dag.py
[2026-03-23T01:41:04.834+0000] {logging_mixin.py:154} INFO - [2026-03-23T01:41:04.834+0000] {dag.py:2941} INFO - Sync 1 DAGs
[2026-03-23T01:41:04.874+0000] {logging_mixin.py:154} INFO - [2026-03-23T01:41:04.874+0000] {dag.py:3722} INFO - Setting next_dagrun for dynamic_spark_pipeline to 2026-03-22T02:00:00+00:00, run_after=2026-03-23T02:00:00+00:00
[2026-03-23T01:41:04.907+0000] {processor.py:179} INFO - Processing /app/dags/dynamic_spark_pipeline_dag.py took 0.236 seconds
[2026-03-23T01:41:29.961+0000] {processor.py:157} INFO - Started process (PID=1042) to work on /app/dags/dynamic_spark_pipeline_dag.py
[2026-03-23T01:41:29.964+0000] {processor.py:829} INFO - Processing file /app/dags/dynamic_spark_pipeline_dag.py for tasks to queue
[2026-03-23T01:41:29.965+0000] {logging_mixin.py:154} INFO - [2026-03-23T01:41:29.964+0000] {dagbag.py:536} INFO - Filling up the DagBag from /app/dags/dynamic_spark_pipeline_dag.py
[2026-03-23T01:41:29.993+0000] {processor.py:839} INFO - DAG(s) dict_keys(['dynamic_spark_pipeline']) retrieved from /app/dags/dynamic_spark_pipeline_dag.py
[2026-03-23T01:41:30.051+0000] {logging_mixin.py:154} INFO - [2026-03-23T01:41:30.051+0000] {dag.py:2941} INFO - Sync 1 DAGs
[2026-03-23T01:41:30.086+0000] {logging_mixin.py:154} INFO - [2026-03-23T01:41:30.086+0000] {dag.py:3722} INFO - Setting next_dagrun for dynamic_spark_pipeline to 2026-03-22T02:00:00+00:00, run_after=2026-03-23T02:00:00+00:00
[2026-03-23T01:41:30.114+0000] {processor.py:179} INFO - Processing /app/dags/dynamic_spark_pipeline_dag.py took 0.156 seconds
[2026-03-23T11:09:55.650+0000] {processor.py:157} INFO - Started process (PID=167) to work on /app/dags/dynamic_spark_pipeline_dag.py
[2026-03-23T11:09:55.651+0000] {processor.py:829} INFO - Processing file /app/dags/dynamic_spark_pipeline_dag.py for tasks to queue
[2026-03-23T11:09:55.652+0000] {logging_mixin.py:154} INFO - [2026-03-23T11:09:55.652+0000] {dagbag.py:536} INFO - Filling up the DagBag from /app/dags/dynamic_spark_pipeline_dag.py
[2026-03-23T11:09:55.698+0000] {processor.py:839} INFO - DAG(s) dict_keys(['dynamic_spark_pipeline']) retrieved from /app/dags/dynamic_spark_pipeline_dag.py
[2026-03-23T11:09:56.001+0000] {logging_mixin.py:154} INFO - [2026-03-23T11:09:56.001+0000] {manager.py:499} INFO - Created Permission View: %s
[2026-03-23T11:09:56.010+0000] {logging_mixin.py:154} INFO - [2026-03-23T11:09:56.010+0000] {manager.py:499} INFO - Created Permission View: %s
[2026-03-23T11:09:56.016+0000] {logging_mixin.py:154} INFO - [2026-03-23T11:09:56.016+0000] {manager.py:499} INFO - Created Permission View: %s
[2026-03-23T11:09:56.017+0000] {logging_mixin.py:154} INFO - [2026-03-23T11:09:56.016+0000] {dag.py:2941} INFO - Sync 1 DAGs
[2026-03-23T11:09:56.029+0000] {logging_mixin.py:154} INFO - [2026-03-23T11:09:56.029+0000] {dag.py:2963} INFO - Creating ORM DAG for dynamic_spark_pipeline
[2026-03-23T11:09:56.042+0000] {logging_mixin.py:154} INFO - [2026-03-23T11:09:56.042+0000] {dag.py:3722} INFO - Setting next_dagrun for dynamic_spark_pipeline to 2026-03-22T02:00:00+00:00, run_after=2026-03-23T02:00:00+00:00
[2026-03-23T11:09:56.062+0000] {processor.py:179} INFO - Processing /app/dags/dynamic_spark_pipeline_dag.py took 0.415 seconds
[2026-03-23T11:10:26.197+0000] {processor.py:157} INFO - Started process (PID=178) to work on /app/dags/dynamic_spark_pipeline_dag.py
[2026-03-23T11:10:26.198+0000] {processor.py:829} INFO - Processing file /app/dags/dynamic_spark_pipeline_dag.py for tasks to queue
[2026-03-23T11:10:26.198+0000] {logging_mixin.py:154} INFO - [2026-03-23T11:10:26.198+0000] {dagbag.py:536} INFO - Filling up the DagBag from /app/dags/dynamic_spark_pipeline_dag.py
[2026-03-23T11:10:26.221+0000] {processor.py:839} INFO - DAG(s) dict_keys(['dynamic_spark_pipeline']) retrieved from /app/dags/dynamic_spark_pipeline_dag.py
[2026-03-23T11:10:26.267+0000] {logging_mixin.py:154} INFO - [2026-03-23T11:10:26.267+0000] {dag.py:2941} INFO - Sync 1 DAGs
[2026-03-23T11:10:26.294+0000] {logging_mixin.py:154} INFO - [2026-03-23T11:10:26.293+0000] {dag.py:3722} INFO - Setting next_dagrun for dynamic_spark_pipeline to 2026-03-22T02:00:00+00:00, run_after=2026-03-23T02:00:00+00:00
[2026-03-23T11:10:26.313+0000] {processor.py:179} INFO - Processing /app/dags/dynamic_spark_pipeline_dag.py took 0.119 seconds
[2026-03-23T11:10:56.361+0000] {processor.py:157} INFO - Started process (PID=189) to work on /app/dags/dynamic_spark_pipeline_dag.py
[2026-03-23T11:10:56.364+0000] {processor.py:829} INFO - Processing file /app/dags/dynamic_spark_pipeline_dag.py for tasks to queue
[2026-03-23T11:10:56.364+0000] {logging_mixin.py:154} INFO - [2026-03-23T11:10:56.364+0000] {dagbag.py:536} INFO - Filling up the DagBag from /app/dags/dynamic_spark_pipeline_dag.py
[2026-03-23T11:10:56.387+0000] {processor.py:839} INFO - DAG(s) dict_keys(['dynamic_spark_pipeline']) retrieved from /app/dags/dynamic_spark_pipeline_dag.py
[2026-03-23T11:10:56.436+0000] {logging_mixin.py:154} INFO - [2026-03-23T11:10:56.436+0000] {dag.py:2941} INFO - Sync 1 DAGs
[2026-03-23T11:10:56.463+0000] {logging_mixin.py:154} INFO - [2026-03-23T11:10:56.463+0000] {dag.py:3722} INFO - Setting next_dagrun for dynamic_spark_pipeline to 2026-03-22T02:00:00+00:00, run_after=2026-03-23T02:00:00+00:00
[2026-03-23T11:10:56.485+0000] {processor.py:179} INFO - Processing /app/dags/dynamic_spark_pipeline_dag.py took 0.128 seconds
[2026-03-23T11:11:26.679+0000] {processor.py:157} INFO - Started process (PID=200) to work on /app/dags/dynamic_spark_pipeline_dag.py
[2026-03-23T11:11:26.680+0000] {processor.py:829} INFO - Processing file /app/dags/dynamic_spark_pipeline_dag.py for tasks to queue
[2026-03-23T11:11:26.681+0000] {logging_mixin.py:154} INFO - [2026-03-23T11:11:26.680+0000] {dagbag.py:536} INFO - Filling up the DagBag from /app/dags/dynamic_spark_pipeline_dag.py
[2026-03-23T11:11:26.706+0000] {processor.py:839} INFO - DAG(s) dict_keys(['dynamic_spark_pipeline']) retrieved from /app/dags/dynamic_spark_pipeline_dag.py
[2026-03-23T11:11:26.754+0000] {logging_mixin.py:154} INFO - [2026-03-23T11:11:26.754+0000] {dag.py:2941} INFO - Sync 1 DAGs
[2026-03-23T11:11:26.784+0000] {logging_mixin.py:154} INFO - [2026-03-23T11:11:26.783+0000] {dag.py:3722} INFO - Setting next_dagrun for dynamic_spark_pipeline to 2026-03-22T02:00:00+00:00, run_after=2026-03-23T02:00:00+00:00
[2026-03-23T11:11:26.819+0000] {processor.py:179} INFO - Processing /app/dags/dynamic_spark_pipeline_dag.py took 0.144 seconds
[2026-03-23T11:11:56.908+0000] {processor.py:157} INFO - Started process (PID=211) to work on /app/dags/dynamic_spark_pipeline_dag.py
[2026-03-23T11:11:56.910+0000] {processor.py:829} INFO - Processing file /app/dags/dynamic_spark_pipeline_dag.py for tasks to queue
[2026-03-23T11:11:56.911+0000] {logging_mixin.py:154} INFO - [2026-03-23T11:11:56.911+0000] {dagbag.py:536} INFO - Filling up the DagBag from /app/dags/dynamic_spark_pipeline_dag.py
[2026-03-23T11:11:56.934+0000] {processor.py:839} INFO - DAG(s) dict_keys(['dynamic_spark_pipeline']) retrieved from /app/dags/dynamic_spark_pipeline_dag.py
[2026-03-23T11:11:56.985+0000] {logging_mixin.py:154} INFO - [2026-03-23T11:11:56.985+0000] {dag.py:2941} INFO - Sync 1 DAGs
[2026-03-23T11:11:57.017+0000] {logging_mixin.py:154} INFO - [2026-03-23T11:11:57.017+0000] {dag.py:3722} INFO - Setting next_dagrun for dynamic_spark_pipeline to 2026-03-22T02:00:00+00:00, run_after=2026-03-23T02:00:00+00:00
[2026-03-23T11:11:57.110+0000] {processor.py:179} INFO - Processing /app/dags/dynamic_spark_pipeline_dag.py took 0.205 seconds
[2026-03-23T11:12:27.237+0000] {processor.py:157} INFO - Started process (PID=222) to work on /app/dags/dynamic_spark_pipeline_dag.py
[2026-03-23T11:12:27.241+0000] {processor.py:829} INFO - Processing file /app/dags/dynamic_spark_pipeline_dag.py for tasks to queue
[2026-03-23T11:12:27.242+0000] {logging_mixin.py:154} INFO - [2026-03-23T11:12:27.241+0000] {dagbag.py:536} INFO - Filling up the DagBag from /app/dags/dynamic_spark_pipeline_dag.py
[2026-03-23T11:12:27.267+0000] {processor.py:839} INFO - DAG(s) dict_keys(['dynamic_spark_pipeline']) retrieved from /app/dags/dynamic_spark_pipeline_dag.py
[2026-03-23T11:12:27.318+0000] {logging_mixin.py:154} INFO - [2026-03-23T11:12:27.317+0000] {dag.py:2941} INFO - Sync 1 DAGs
[2026-03-23T11:12:27.344+0000] {logging_mixin.py:154} INFO - [2026-03-23T11:12:27.344+0000] {dag.py:3722} INFO - Setting next_dagrun for dynamic_spark_pipeline to 2026-03-22T02:00:00+00:00, run_after=2026-03-23T02:00:00+00:00
[2026-03-23T11:12:27.384+0000] {processor.py:179} INFO - Processing /app/dags/dynamic_spark_pipeline_dag.py took 0.150 seconds
[2026-03-23T11:12:57.490+0000] {processor.py:157} INFO - Started process (PID=233) to work on /app/dags/dynamic_spark_pipeline_dag.py
[2026-03-23T11:12:57.491+0000] {processor.py:829} INFO - Processing file /app/dags/dynamic_spark_pipeline_dag.py for tasks to queue
[2026-03-23T11:12:57.492+0000] {logging_mixin.py:154} INFO - [2026-03-23T11:12:57.491+0000] {dagbag.py:536} INFO - Filling up the DagBag from /app/dags/dynamic_spark_pipeline_dag.py
[2026-03-23T11:12:57.516+0000] {processor.py:839} INFO - DAG(s) dict_keys(['dynamic_spark_pipeline']) retrieved from /app/dags/dynamic_spark_pipeline_dag.py
[2026-03-23T11:12:57.597+0000] {logging_mixin.py:154} INFO - [2026-03-23T11:12:57.597+0000] {dag.py:2941} INFO - Sync 1 DAGs
[2026-03-23T11:12:57.637+0000] {logging_mixin.py:154} INFO - [2026-03-23T11:12:57.637+0000] {dag.py:3722} INFO - Setting next_dagrun for dynamic_spark_pipeline to 2026-03-22T02:00:00+00:00, run_after=2026-03-23T02:00:00+00:00
[2026-03-23T11:12:57.678+0000] {processor.py:179} INFO - Processing /app/dags/dynamic_spark_pipeline_dag.py took 0.190 seconds
[2026-03-23T11:13:27.775+0000] {processor.py:157} INFO - Started process (PID=244) to work on /app/dags/dynamic_spark_pipeline_dag.py
[2026-03-23T11:13:27.776+0000] {processor.py:829} INFO - Processing file /app/dags/dynamic_spark_pipeline_dag.py for tasks to queue
[2026-03-23T11:13:27.777+0000] {logging_mixin.py:154} INFO - [2026-03-23T11:13:27.776+0000] {dagbag.py:536} INFO - Filling up the DagBag from /app/dags/dynamic_spark_pipeline_dag.py
[2026-03-23T11:13:27.797+0000] {processor.py:839} INFO - DAG(s) dict_keys(['dynamic_spark_pipeline']) retrieved from /app/dags/dynamic_spark_pipeline_dag.py
[2026-03-23T11:13:27.842+0000] {logging_mixin.py:154} INFO - [2026-03-23T11:13:27.842+0000] {dag.py:2941} INFO - Sync 1 DAGs
[2026-03-23T11:13:27.868+0000] {logging_mixin.py:154} INFO - [2026-03-23T11:13:27.868+0000] {dag.py:3722} INFO - Setting next_dagrun for dynamic_spark_pipeline to 2026-03-22T02:00:00+00:00, run_after=2026-03-23T02:00:00+00:00
[2026-03-23T11:13:27.888+0000] {processor.py:179} INFO - Processing /app/dags/dynamic_spark_pipeline_dag.py took 0.115 seconds
[2026-03-23T11:13:58.073+0000] {processor.py:157} INFO - Started process (PID=255) to work on /app/dags/dynamic_spark_pipeline_dag.py
[2026-03-23T11:13:58.073+0000] {processor.py:829} INFO - Processing file /app/dags/dynamic_spark_pipeline_dag.py for tasks to queue
[2026-03-23T11:13:58.074+0000] {logging_mixin.py:154} INFO - [2026-03-23T11:13:58.074+0000] {dagbag.py:536} INFO - Filling up the DagBag from /app/dags/dynamic_spark_pipeline_dag.py
[2026-03-23T11:13:58.096+0000] {processor.py:839} INFO - DAG(s) dict_keys(['dynamic_spark_pipeline']) retrieved from /app/dags/dynamic_spark_pipeline_dag.py
[2026-03-23T11:13:58.142+0000] {logging_mixin.py:154} INFO - [2026-03-23T11:13:58.142+0000] {dag.py:2941} INFO - Sync 1 DAGs
[2026-03-23T11:13:58.168+0000] {logging_mixin.py:154} INFO - [2026-03-23T11:13:58.168+0000] {dag.py:3722} INFO - Setting next_dagrun for dynamic_spark_pipeline to 2026-03-22T02:00:00+00:00, run_after=2026-03-23T02:00:00+00:00
[2026-03-23T11:13:58.188+0000] {processor.py:179} INFO - Processing /app/dags/dynamic_spark_pipeline_dag.py took 0.118 seconds
[2026-03-23T11:14:28.248+0000] {processor.py:157} INFO - Started process (PID=394) to work on /app/dags/dynamic_spark_pipeline_dag.py
[2026-03-23T11:14:28.249+0000] {processor.py:829} INFO - Processing file /app/dags/dynamic_spark_pipeline_dag.py for tasks to queue
[2026-03-23T11:14:28.250+0000] {logging_mixin.py:154} INFO - [2026-03-23T11:14:28.250+0000] {dagbag.py:536} INFO - Filling up the DagBag from /app/dags/dynamic_spark_pipeline_dag.py
[2026-03-23T11:14:28.279+0000] {processor.py:839} INFO - DAG(s) dict_keys(['dynamic_spark_pipeline']) retrieved from /app/dags/dynamic_spark_pipeline_dag.py
[2026-03-23T11:14:28.359+0000] {logging_mixin.py:154} INFO - [2026-03-23T11:14:28.358+0000] {dag.py:2941} INFO - Sync 1 DAGs
[2026-03-23T11:14:28.411+0000] {logging_mixin.py:154} INFO - [2026-03-23T11:14:28.410+0000] {dag.py:3722} INFO - Setting next_dagrun for dynamic_spark_pipeline to 2026-03-23T02:00:00+00:00, run_after=2026-03-24T02:00:00+00:00
[2026-03-23T11:14:28.446+0000] {processor.py:179} INFO - Processing /app/dags/dynamic_spark_pipeline_dag.py took 0.200 seconds
[2026-03-23T11:14:58.567+0000] {processor.py:157} INFO - Started process (PID=517) to work on /app/dags/dynamic_spark_pipeline_dag.py
[2026-03-23T11:14:58.568+0000] {processor.py:829} INFO - Processing file /app/dags/dynamic_spark_pipeline_dag.py for tasks to queue
[2026-03-23T11:14:58.568+0000] {logging_mixin.py:154} INFO - [2026-03-23T11:14:58.568+0000] {dagbag.py:536} INFO - Filling up the DagBag from /app/dags/dynamic_spark_pipeline_dag.py
[2026-03-23T11:14:58.592+0000] {processor.py:839} INFO - DAG(s) dict_keys(['dynamic_spark_pipeline']) retrieved from /app/dags/dynamic_spark_pipeline_dag.py
[2026-03-23T11:14:58.643+0000] {logging_mixin.py:154} INFO - [2026-03-23T11:14:58.643+0000] {dag.py:2941} INFO - Sync 1 DAGs
[2026-03-23T11:14:58.671+0000] {logging_mixin.py:154} INFO - [2026-03-23T11:14:58.671+0000] {dag.py:3722} INFO - Setting next_dagrun for dynamic_spark_pipeline to 2026-03-23T02:00:00+00:00, run_after=2026-03-24T02:00:00+00:00
[2026-03-23T11:14:58.693+0000] {processor.py:179} INFO - Processing /app/dags/dynamic_spark_pipeline_dag.py took 0.131 seconds
[2026-03-23T11:15:28.904+0000] {processor.py:157} INFO - Started process (PID=528) to work on /app/dags/dynamic_spark_pipeline_dag.py
[2026-03-23T11:15:28.907+0000] {processor.py:829} INFO - Processing file /app/dags/dynamic_spark_pipeline_dag.py for tasks to queue
[2026-03-23T11:15:28.909+0000] {logging_mixin.py:154} INFO - [2026-03-23T11:15:28.908+0000] {dagbag.py:536} INFO - Filling up the DagBag from /app/dags/dynamic_spark_pipeline_dag.py
[2026-03-23T11:15:28.953+0000] {processor.py:839} INFO - DAG(s) dict_keys(['dynamic_spark_pipeline']) retrieved from /app/dags/dynamic_spark_pipeline_dag.py
[2026-03-23T11:15:29.043+0000] {logging_mixin.py:154} INFO - [2026-03-23T11:15:29.043+0000] {dag.py:2941} INFO - Sync 1 DAGs
[2026-03-23T11:15:29.085+0000] {logging_mixin.py:154} INFO - [2026-03-23T11:15:29.085+0000] {dag.py:3722} INFO - Setting next_dagrun for dynamic_spark_pipeline to 2026-03-23T02:00:00+00:00, run_after=2026-03-24T02:00:00+00:00
[2026-03-23T11:15:29.114+0000] {processor.py:179} INFO - Processing /app/dags/dynamic_spark_pipeline_dag.py took 0.214 seconds
[2026-03-23T11:15:59.289+0000] {processor.py:157} INFO - Started process (PID=539) to work on /app/dags/dynamic_spark_pipeline_dag.py
[2026-03-23T11:15:59.289+0000] {processor.py:829} INFO - Processing file /app/dags/dynamic_spark_pipeline_dag.py for tasks to queue
[2026-03-23T11:15:59.290+0000] {logging_mixin.py:154} INFO - [2026-03-23T11:15:59.290+0000] {dagbag.py:536} INFO - Filling up the DagBag from /app/dags/dynamic_spark_pipeline_dag.py
[2026-03-23T11:15:59.331+0000] {processor.py:839} INFO - DAG(s) dict_keys(['dynamic_spark_pipeline']) retrieved from /app/dags/dynamic_spark_pipeline_dag.py
[2026-03-23T11:15:59.422+0000] {logging_mixin.py:154} INFO - [2026-03-23T11:15:59.422+0000] {dag.py:2941} INFO - Sync 1 DAGs
[2026-03-23T11:15:59.478+0000] {logging_mixin.py:154} INFO - [2026-03-23T11:15:59.478+0000] {dag.py:3722} INFO - Setting next_dagrun for dynamic_spark_pipeline to 2026-03-23T02:00:00+00:00, run_after=2026-03-24T02:00:00+00:00
[2026-03-23T11:15:59.522+0000] {processor.py:179} INFO - Processing /app/dags/dynamic_spark_pipeline_dag.py took 0.238 seconds
[2026-03-23T11:16:29.752+0000] {processor.py:157} INFO - Started process (PID=550) to work on /app/dags/dynamic_spark_pipeline_dag.py
[2026-03-23T11:16:29.755+0000] {processor.py:829} INFO - Processing file /app/dags/dynamic_spark_pipeline_dag.py for tasks to queue
[2026-03-23T11:16:29.755+0000] {logging_mixin.py:154} INFO - [2026-03-23T11:16:29.755+0000] {dagbag.py:536} INFO - Filling up the DagBag from /app/dags/dynamic_spark_pipeline_dag.py
[2026-03-23T11:16:29.780+0000] {processor.py:839} INFO - DAG(s) dict_keys(['dynamic_spark_pipeline']) retrieved from /app/dags/dynamic_spark_pipeline_dag.py
[2026-03-23T11:16:29.832+0000] {logging_mixin.py:154} INFO - [2026-03-23T11:16:29.832+0000] {dag.py:2941} INFO - Sync 1 DAGs
[2026-03-23T11:16:29.859+0000] {logging_mixin.py:154} INFO - [2026-03-23T11:16:29.859+0000] {dag.py:3722} INFO - Setting next_dagrun for dynamic_spark_pipeline to 2026-03-23T02:00:00+00:00, run_after=2026-03-24T02:00:00+00:00
[2026-03-23T11:16:29.881+0000] {processor.py:179} INFO - Processing /app/dags/dynamic_spark_pipeline_dag.py took 0.132 seconds
[2026-03-23T11:16:59.950+0000] {processor.py:157} INFO - Started process (PID=561) to work on /app/dags/dynamic_spark_pipeline_dag.py
[2026-03-23T11:16:59.951+0000] {processor.py:829} INFO - Processing file /app/dags/dynamic_spark_pipeline_dag.py for tasks to queue
[2026-03-23T11:16:59.951+0000] {logging_mixin.py:154} INFO - [2026-03-23T11:16:59.951+0000] {dagbag.py:536} INFO - Filling up the DagBag from /app/dags/dynamic_spark_pipeline_dag.py
[2026-03-23T11:16:59.972+0000] {processor.py:839} INFO - DAG(s) dict_keys(['dynamic_spark_pipeline']) retrieved from /app/dags/dynamic_spark_pipeline_dag.py
[2026-03-23T11:17:00.020+0000] {logging_mixin.py:154} INFO - [2026-03-23T11:17:00.020+0000] {dag.py:2941} INFO - Sync 1 DAGs
[2026-03-23T11:17:00.048+0000] {logging_mixin.py:154} INFO - [2026-03-23T11:17:00.048+0000] {dag.py:3722} INFO - Setting next_dagrun for dynamic_spark_pipeline to 2026-03-23T02:00:00+00:00, run_after=2026-03-24T02:00:00+00:00
[2026-03-23T11:17:00.068+0000] {processor.py:179} INFO - Processing /app/dags/dynamic_spark_pipeline_dag.py took 0.121 seconds
[2026-03-23T11:17:30.184+0000] {processor.py:157} INFO - Started process (PID=572) to work on /app/dags/dynamic_spark_pipeline_dag.py
[2026-03-23T11:17:30.186+0000] {processor.py:829} INFO - Processing file /app/dags/dynamic_spark_pipeline_dag.py for tasks to queue
[2026-03-23T11:17:30.187+0000] {logging_mixin.py:154} INFO - [2026-03-23T11:17:30.187+0000] {dagbag.py:536} INFO - Filling up the DagBag from /app/dags/dynamic_spark_pipeline_dag.py
[2026-03-23T11:17:30.214+0000] {processor.py:839} INFO - DAG(s) dict_keys(['dynamic_spark_pipeline']) retrieved from /app/dags/dynamic_spark_pipeline_dag.py
[2026-03-23T11:17:30.267+0000] {logging_mixin.py:154} INFO - [2026-03-23T11:17:30.267+0000] {dag.py:2941} INFO - Sync 1 DAGs
[2026-03-23T11:17:30.297+0000] {logging_mixin.py:154} INFO - [2026-03-23T11:17:30.296+0000] {dag.py:3722} INFO - Setting next_dagrun for dynamic_spark_pipeline to 2026-03-23T02:00:00+00:00, run_after=2026-03-24T02:00:00+00:00
[2026-03-23T11:17:30.319+0000] {processor.py:179} INFO - Processing /app/dags/dynamic_spark_pipeline_dag.py took 0.139 seconds
[2026-03-23T11:18:00.487+0000] {processor.py:157} INFO - Started process (PID=589) to work on /app/dags/dynamic_spark_pipeline_dag.py
[2026-03-23T11:18:00.487+0000] {processor.py:829} INFO - Processing file /app/dags/dynamic_spark_pipeline_dag.py for tasks to queue
[2026-03-23T11:18:00.488+0000] {logging_mixin.py:154} INFO - [2026-03-23T11:18:00.488+0000] {dagbag.py:536} INFO - Filling up the DagBag from /app/dags/dynamic_spark_pipeline_dag.py
[2026-03-23T11:18:00.518+0000] {processor.py:839} INFO - DAG(s) dict_keys(['dynamic_spark_pipeline']) retrieved from /app/dags/dynamic_spark_pipeline_dag.py
[2026-03-23T11:18:00.570+0000] {logging_mixin.py:154} INFO - [2026-03-23T11:18:00.569+0000] {dag.py:2941} INFO - Sync 1 DAGs
[2026-03-23T11:18:00.607+0000] {logging_mixin.py:154} INFO - [2026-03-23T11:18:00.607+0000] {dag.py:3722} INFO - Setting next_dagrun for dynamic_spark_pipeline to 2026-03-23T02:00:00+00:00, run_after=2026-03-24T02:00:00+00:00
[2026-03-23T11:18:00.635+0000] {processor.py:179} INFO - Processing /app/dags/dynamic_spark_pipeline_dag.py took 0.152 seconds
[2026-03-23T11:18:30.688+0000] {processor.py:157} INFO - Started process (PID=600) to work on /app/dags/dynamic_spark_pipeline_dag.py
[2026-03-23T11:18:30.689+0000] {processor.py:829} INFO - Processing file /app/dags/dynamic_spark_pipeline_dag.py for tasks to queue
[2026-03-23T11:18:30.690+0000] {logging_mixin.py:154} INFO - [2026-03-23T11:18:30.689+0000] {dagbag.py:536} INFO - Filling up the DagBag from /app/dags/dynamic_spark_pipeline_dag.py
[2026-03-23T11:18:30.713+0000] {processor.py:839} INFO - DAG(s) dict_keys(['dynamic_spark_pipeline']) retrieved from /app/dags/dynamic_spark_pipeline_dag.py
[2026-03-23T11:18:30.764+0000] {logging_mixin.py:154} INFO - [2026-03-23T11:18:30.764+0000] {dag.py:2941} INFO - Sync 1 DAGs
[2026-03-23T11:18:30.798+0000] {logging_mixin.py:154} INFO - [2026-03-23T11:18:30.798+0000] {dag.py:3722} INFO - Setting next_dagrun for dynamic_spark_pipeline to 2026-03-23T02:00:00+00:00, run_after=2026-03-24T02:00:00+00:00
[2026-03-23T11:18:30.821+0000] {processor.py:179} INFO - Processing /app/dags/dynamic_spark_pipeline_dag.py took 0.136 seconds
[2026-03-23T11:19:01.023+0000] {processor.py:157} INFO - Started process (PID=611) to work on /app/dags/dynamic_spark_pipeline_dag.py
[2026-03-23T11:19:01.024+0000] {processor.py:829} INFO - Processing file /app/dags/dynamic_spark_pipeline_dag.py for tasks to queue
[2026-03-23T11:19:01.025+0000] {logging_mixin.py:154} INFO - [2026-03-23T11:19:01.025+0000] {dagbag.py:536} INFO - Filling up the DagBag from /app/dags/dynamic_spark_pipeline_dag.py
[2026-03-23T11:19:01.050+0000] {processor.py:839} INFO - DAG(s) dict_keys(['dynamic_spark_pipeline']) retrieved from /app/dags/dynamic_spark_pipeline_dag.py
[2026-03-23T11:19:01.105+0000] {logging_mixin.py:154} INFO - [2026-03-23T11:19:01.104+0000] {dag.py:2941} INFO - Sync 1 DAGs
[2026-03-23T11:19:01.138+0000] {logging_mixin.py:154} INFO - [2026-03-23T11:19:01.138+0000] {dag.py:3722} INFO - Setting next_dagrun for dynamic_spark_pipeline to 2026-03-23T02:00:00+00:00, run_after=2026-03-24T02:00:00+00:00
[2026-03-23T11:19:01.165+0000] {processor.py:179} INFO - Processing /app/dags/dynamic_spark_pipeline_dag.py took 0.145 seconds
[2026-03-23T11:19:31.234+0000] {processor.py:157} INFO - Started process (PID=622) to work on /app/dags/dynamic_spark_pipeline_dag.py
[2026-03-23T11:19:31.236+0000] {processor.py:829} INFO - Processing file /app/dags/dynamic_spark_pipeline_dag.py for tasks to queue
[2026-03-23T11:19:31.237+0000] {logging_mixin.py:154} INFO - [2026-03-23T11:19:31.237+0000] {dagbag.py:536} INFO - Filling up the DagBag from /app/dags/dynamic_spark_pipeline_dag.py
[2026-03-23T11:19:31.262+0000] {processor.py:839} INFO - DAG(s) dict_keys(['dynamic_spark_pipeline']) retrieved from /app/dags/dynamic_spark_pipeline_dag.py
[2026-03-23T11:19:31.312+0000] {logging_mixin.py:154} INFO - [2026-03-23T11:19:31.312+0000] {dag.py:2941} INFO - Sync 1 DAGs
[2026-03-23T11:19:31.340+0000] {logging_mixin.py:154} INFO - [2026-03-23T11:19:31.340+0000] {dag.py:3722} INFO - Setting next_dagrun for dynamic_spark_pipeline to 2026-03-23T02:00:00+00:00, run_after=2026-03-24T02:00:00+00:00
[2026-03-23T11:19:31.360+0000] {processor.py:179} INFO - Processing /app/dags/dynamic_spark_pipeline_dag.py took 0.130 seconds
[2026-03-23T11:20:01.552+0000] {processor.py:157} INFO - Started process (PID=633) to work on /app/dags/dynamic_spark_pipeline_dag.py
[2026-03-23T11:20:01.553+0000] {processor.py:829} INFO - Processing file /app/dags/dynamic_spark_pipeline_dag.py for tasks to queue
[2026-03-23T11:20:01.554+0000] {logging_mixin.py:154} INFO - [2026-03-23T11:20:01.554+0000] {dagbag.py:536} INFO - Filling up the DagBag from /app/dags/dynamic_spark_pipeline_dag.py
[2026-03-23T11:20:01.577+0000] {processor.py:839} INFO - DAG(s) dict_keys(['dynamic_spark_pipeline']) retrieved from /app/dags/dynamic_spark_pipeline_dag.py
[2026-03-23T11:20:01.624+0000] {logging_mixin.py:154} INFO - [2026-03-23T11:20:01.624+0000] {dag.py:2941} INFO - Sync 1 DAGs
[2026-03-23T11:20:01.657+0000] {logging_mixin.py:154} INFO - [2026-03-23T11:20:01.657+0000] {dag.py:3722} INFO - Setting next_dagrun for dynamic_spark_pipeline to 2026-03-23T02:00:00+00:00, run_after=2026-03-24T02:00:00+00:00
[2026-03-23T11:20:01.684+0000] {processor.py:179} INFO - Processing /app/dags/dynamic_spark_pipeline_dag.py took 0.135 seconds
[2026-03-23T11:20:28.718+0000] {processor.py:157} INFO - Started process (PID=638) to work on /app/dags/dynamic_spark_pipeline_dag.py
[2026-03-23T11:20:28.722+0000] {processor.py:829} INFO - Processing file /app/dags/dynamic_spark_pipeline_dag.py for tasks to queue
[2026-03-23T11:20:28.723+0000] {logging_mixin.py:154} INFO - [2026-03-23T11:20:28.723+0000] {dagbag.py:536} INFO - Filling up the DagBag from /app/dags/dynamic_spark_pipeline_dag.py
[2026-03-23T11:20:28.764+0000] {processor.py:839} INFO - DAG(s) dict_keys(['dynamic_spark_pipeline']) retrieved from /app/dags/dynamic_spark_pipeline_dag.py
[2026-03-23T11:20:28.854+0000] {logging_mixin.py:154} INFO - [2026-03-23T11:20:28.854+0000] {dag.py:2941} INFO - Sync 1 DAGs
[2026-03-23T11:20:28.909+0000] {logging_mixin.py:154} INFO - [2026-03-23T11:20:28.909+0000] {dag.py:3722} INFO - Setting next_dagrun for dynamic_spark_pipeline to 2026-03-23T02:00:00+00:00, run_after=2026-03-24T02:00:00+00:00
[2026-03-23T11:20:28.955+0000] {processor.py:179} INFO - Processing /app/dags/dynamic_spark_pipeline_dag.py took 0.243 seconds
[2026-03-23T11:20:43.911+0000] {processor.py:157} INFO - Started process (PID=649) to work on /app/dags/dynamic_spark_pipeline_dag.py
[2026-03-23T11:20:43.913+0000] {processor.py:829} INFO - Processing file /app/dags/dynamic_spark_pipeline_dag.py for tasks to queue
[2026-03-23T11:20:43.915+0000] {logging_mixin.py:154} INFO - [2026-03-23T11:20:43.914+0000] {dagbag.py:536} INFO - Filling up the DagBag from /app/dags/dynamic_spark_pipeline_dag.py
[2026-03-23T11:20:43.969+0000] {processor.py:839} INFO - DAG(s) dict_keys(['dynamic_spark_pipeline']) retrieved from /app/dags/dynamic_spark_pipeline_dag.py
[2026-03-23T11:20:44.073+0000] {logging_mixin.py:154} INFO - [2026-03-23T11:20:44.072+0000] {dag.py:2941} INFO - Sync 1 DAGs
[2026-03-23T11:20:44.126+0000] {logging_mixin.py:154} INFO - [2026-03-23T11:20:44.125+0000] {dag.py:3722} INFO - Setting next_dagrun for dynamic_spark_pipeline to 2026-03-23T02:00:00+00:00, run_after=2026-03-24T02:00:00+00:00
[2026-03-23T11:20:44.180+0000] {processor.py:179} INFO - Processing /app/dags/dynamic_spark_pipeline_dag.py took 0.273 seconds
[2026-03-23T11:20:57.113+0000] {processor.py:157} INFO - Started process (PID=654) to work on /app/dags/dynamic_spark_pipeline_dag.py
[2026-03-23T11:20:57.114+0000] {processor.py:829} INFO - Processing file /app/dags/dynamic_spark_pipeline_dag.py for tasks to queue
[2026-03-23T11:20:57.114+0000] {logging_mixin.py:154} INFO - [2026-03-23T11:20:57.114+0000] {dagbag.py:536} INFO - Filling up the DagBag from /app/dags/dynamic_spark_pipeline_dag.py
[2026-03-23T11:20:57.141+0000] {processor.py:839} INFO - DAG(s) dict_keys(['dynamic_spark_pipeline']) retrieved from /app/dags/dynamic_spark_pipeline_dag.py
[2026-03-23T11:20:57.194+0000] {logging_mixin.py:154} INFO - [2026-03-23T11:20:57.194+0000] {dag.py:2941} INFO - Sync 1 DAGs
[2026-03-23T11:20:57.245+0000] {logging_mixin.py:154} INFO - [2026-03-23T11:20:57.244+0000] {dag.py:3722} INFO - Setting next_dagrun for dynamic_spark_pipeline to 2026-03-23T02:00:00+00:00, run_after=2026-03-24T02:00:00+00:00
[2026-03-23T11:20:57.290+0000] {processor.py:179} INFO - Processing /app/dags/dynamic_spark_pipeline_dag.py took 0.180 seconds
[2026-03-23T11:21:14.367+0000] {processor.py:157} INFO - Started process (PID=665) to work on /app/dags/dynamic_spark_pipeline_dag.py
[2026-03-23T11:21:14.368+0000] {processor.py:829} INFO - Processing file /app/dags/dynamic_spark_pipeline_dag.py for tasks to queue
[2026-03-23T11:21:14.369+0000] {logging_mixin.py:154} INFO - [2026-03-23T11:21:14.369+0000] {dagbag.py:536} INFO - Filling up the DagBag from /app/dags/dynamic_spark_pipeline_dag.py
[2026-03-23T11:21:14.398+0000] {processor.py:839} INFO - DAG(s) dict_keys(['dynamic_spark_pipeline']) retrieved from /app/dags/dynamic_spark_pipeline_dag.py
[2026-03-23T11:21:14.445+0000] {logging_mixin.py:154} INFO - [2026-03-23T11:21:14.445+0000] {dag.py:2941} INFO - Sync 1 DAGs
[2026-03-23T11:21:14.480+0000] {logging_mixin.py:154} INFO - [2026-03-23T11:21:14.479+0000] {dag.py:3722} INFO - Setting next_dagrun for dynamic_spark_pipeline to 2026-03-23T02:00:00+00:00, run_after=2026-03-24T02:00:00+00:00
[2026-03-23T11:21:14.505+0000] {processor.py:179} INFO - Processing /app/dags/dynamic_spark_pipeline_dag.py took 0.141 seconds
[2026-03-23T11:21:26.434+0000] {processor.py:157} INFO - Started process (PID=670) to work on /app/dags/dynamic_spark_pipeline_dag.py
[2026-03-23T11:21:26.435+0000] {processor.py:829} INFO - Processing file /app/dags/dynamic_spark_pipeline_dag.py for tasks to queue
[2026-03-23T11:21:26.436+0000] {logging_mixin.py:154} INFO - [2026-03-23T11:21:26.436+0000] {dagbag.py:536} INFO - Filling up the DagBag from /app/dags/dynamic_spark_pipeline_dag.py
[2026-03-23T11:21:26.478+0000] {processor.py:839} INFO - DAG(s) dict_keys(['dynamic_spark_pipeline']) retrieved from /app/dags/dynamic_spark_pipeline_dag.py
[2026-03-23T11:21:26.530+0000] {logging_mixin.py:154} INFO - [2026-03-23T11:21:26.530+0000] {dag.py:2941} INFO - Sync 1 DAGs
[2026-03-23T11:21:26.559+0000] {logging_mixin.py:154} INFO - [2026-03-23T11:21:26.559+0000] {dag.py:3722} INFO - Setting next_dagrun for dynamic_spark_pipeline to 2026-03-23T02:00:00+00:00, run_after=2026-03-24T02:00:00+00:00
[2026-03-23T11:21:26.582+0000] {processor.py:179} INFO - Processing /app/dags/dynamic_spark_pipeline_dag.py took 0.152 seconds
[2026-03-23T11:21:48.677+0000] {processor.py:157} INFO - Started process (PID=682) to work on /app/dags/dynamic_spark_pipeline_dag.py
[2026-03-23T11:21:48.680+0000] {processor.py:829} INFO - Processing file /app/dags/dynamic_spark_pipeline_dag.py for tasks to queue
[2026-03-23T11:21:48.680+0000] {logging_mixin.py:154} INFO - [2026-03-23T11:21:48.680+0000] {dagbag.py:536} INFO - Filling up the DagBag from /app/dags/dynamic_spark_pipeline_dag.py
[2026-03-23T11:21:48.713+0000] {processor.py:839} INFO - DAG(s) dict_keys(['dynamic_spark_pipeline']) retrieved from /app/dags/dynamic_spark_pipeline_dag.py
[2026-03-23T11:21:48.889+0000] {logging_mixin.py:154} INFO - [2026-03-23T11:21:48.888+0000] {dag.py:2941} INFO - Sync 1 DAGs
[2026-03-23T11:21:48.920+0000] {logging_mixin.py:154} INFO - [2026-03-23T11:21:48.919+0000] {dag.py:3722} INFO - Setting next_dagrun for dynamic_spark_pipeline to 2026-03-23T02:00:00+00:00, run_after=2026-03-24T02:00:00+00:00
[2026-03-23T11:21:48.955+0000] {processor.py:179} INFO - Processing /app/dags/dynamic_spark_pipeline_dag.py took 0.281 seconds
[2026-03-23T11:22:10.074+0000] {processor.py:157} INFO - Started process (PID=693) to work on /app/dags/dynamic_spark_pipeline_dag.py
[2026-03-23T11:22:10.075+0000] {processor.py:829} INFO - Processing file /app/dags/dynamic_spark_pipeline_dag.py for tasks to queue
[2026-03-23T11:22:10.076+0000] {logging_mixin.py:154} INFO - [2026-03-23T11:22:10.076+0000] {dagbag.py:536} INFO - Filling up the DagBag from /app/dags/dynamic_spark_pipeline_dag.py
[2026-03-23T11:22:10.103+0000] {processor.py:839} INFO - DAG(s) dict_keys(['dynamic_spark_pipeline']) retrieved from /app/dags/dynamic_spark_pipeline_dag.py
[2026-03-23T11:22:10.125+0000] {logging_mixin.py:154} INFO - [2026-03-23T11:22:10.125+0000] {dag.py:2941} INFO - Sync 1 DAGs
[2026-03-23T11:22:10.157+0000] {logging_mixin.py:154} INFO - [2026-03-23T11:22:10.157+0000] {dag.py:3722} INFO - Setting next_dagrun for dynamic_spark_pipeline to 2026-03-23T02:00:00+00:00, run_after=2026-03-24T02:00:00+00:00
[2026-03-23T11:22:10.182+0000] {processor.py:179} INFO - Processing /app/dags/dynamic_spark_pipeline_dag.py took 0.112 seconds
[2026-03-23T11:22:25.274+0000] {processor.py:157} INFO - Started process (PID=698) to work on /app/dags/dynamic_spark_pipeline_dag.py
[2026-03-23T11:22:25.275+0000] {processor.py:829} INFO - Processing file /app/dags/dynamic_spark_pipeline_dag.py for tasks to queue
[2026-03-23T11:22:25.276+0000] {logging_mixin.py:154} INFO - [2026-03-23T11:22:25.275+0000] {dagbag.py:536} INFO - Filling up the DagBag from /app/dags/dynamic_spark_pipeline_dag.py
[2026-03-23T11:22:25.301+0000] {processor.py:839} INFO - DAG(s) dict_keys(['dynamic_spark_pipeline']) retrieved from /app/dags/dynamic_spark_pipeline_dag.py
[2026-03-23T11:22:25.434+0000] {logging_mixin.py:154} INFO - [2026-03-23T11:22:25.434+0000] {dag.py:2941} INFO - Sync 1 DAGs
[2026-03-23T11:22:25.463+0000] {logging_mixin.py:154} INFO - [2026-03-23T11:22:25.463+0000] {dag.py:3722} INFO - Setting next_dagrun for dynamic_spark_pipeline to 2026-03-23T02:00:00+00:00, run_after=2026-03-24T02:00:00+00:00
[2026-03-23T11:22:25.490+0000] {processor.py:179} INFO - Processing /app/dags/dynamic_spark_pipeline_dag.py took 0.220 seconds
[2026-03-23T11:22:40.364+0000] {processor.py:157} INFO - Started process (PID=709) to work on /app/dags/dynamic_spark_pipeline_dag.py
[2026-03-23T11:22:40.365+0000] {processor.py:829} INFO - Processing file /app/dags/dynamic_spark_pipeline_dag.py for tasks to queue
[2026-03-23T11:22:40.366+0000] {logging_mixin.py:154} INFO - [2026-03-23T11:22:40.365+0000] {dagbag.py:536} INFO - Filling up the DagBag from /app/dags/dynamic_spark_pipeline_dag.py
[2026-03-23T11:22:40.394+0000] {processor.py:839} INFO - DAG(s) dict_keys(['dynamic_spark_pipeline']) retrieved from /app/dags/dynamic_spark_pipeline_dag.py
[2026-03-23T11:22:40.415+0000] {logging_mixin.py:154} INFO - [2026-03-23T11:22:40.414+0000] {dag.py:2941} INFO - Sync 1 DAGs
[2026-03-23T11:22:40.456+0000] {logging_mixin.py:154} INFO - [2026-03-23T11:22:40.455+0000] {dag.py:3722} INFO - Setting next_dagrun for dynamic_spark_pipeline to 2026-03-23T02:00:00+00:00, run_after=2026-03-24T02:00:00+00:00
[2026-03-23T11:22:40.482+0000] {processor.py:179} INFO - Processing /app/dags/dynamic_spark_pipeline_dag.py took 0.120 seconds
[2026-03-23T11:23:10.555+0000] {processor.py:157} INFO - Started process (PID=720) to work on /app/dags/dynamic_spark_pipeline_dag.py
[2026-03-23T11:23:10.558+0000] {processor.py:829} INFO - Processing file /app/dags/dynamic_spark_pipeline_dag.py for tasks to queue
[2026-03-23T11:23:10.559+0000] {logging_mixin.py:154} INFO - [2026-03-23T11:23:10.559+0000] {dagbag.py:536} INFO - Filling up the DagBag from /app/dags/dynamic_spark_pipeline_dag.py
[2026-03-23T11:23:10.586+0000] {processor.py:839} INFO - DAG(s) dict_keys(['dynamic_spark_pipeline']) retrieved from /app/dags/dynamic_spark_pipeline_dag.py
[2026-03-23T11:23:10.641+0000] {logging_mixin.py:154} INFO - [2026-03-23T11:23:10.641+0000] {dag.py:2941} INFO - Sync 1 DAGs
[2026-03-23T11:23:10.672+0000] {logging_mixin.py:154} INFO - [2026-03-23T11:23:10.672+0000] {dag.py:3722} INFO - Setting next_dagrun for dynamic_spark_pipeline to 2026-03-23T02:00:00+00:00, run_after=2026-03-24T02:00:00+00:00
[2026-03-23T11:23:10.698+0000] {processor.py:179} INFO - Processing /app/dags/dynamic_spark_pipeline_dag.py took 0.147 seconds
[2026-03-23T11:23:40.846+0000] {processor.py:157} INFO - Started process (PID=731) to work on /app/dags/dynamic_spark_pipeline_dag.py
[2026-03-23T11:23:40.847+0000] {processor.py:829} INFO - Processing file /app/dags/dynamic_spark_pipeline_dag.py for tasks to queue
[2026-03-23T11:23:40.847+0000] {logging_mixin.py:154} INFO - [2026-03-23T11:23:40.847+0000] {dagbag.py:536} INFO - Filling up the DagBag from /app/dags/dynamic_spark_pipeline_dag.py
[2026-03-23T11:23:40.874+0000] {processor.py:839} INFO - DAG(s) dict_keys(['dynamic_spark_pipeline']) retrieved from /app/dags/dynamic_spark_pipeline_dag.py
[2026-03-23T11:23:40.926+0000] {logging_mixin.py:154} INFO - [2026-03-23T11:23:40.926+0000] {dag.py:2941} INFO - Sync 1 DAGs
[2026-03-23T11:23:40.960+0000] {logging_mixin.py:154} INFO - [2026-03-23T11:23:40.960+0000] {dag.py:3722} INFO - Setting next_dagrun for dynamic_spark_pipeline to 2026-03-23T02:00:00+00:00, run_after=2026-03-24T02:00:00+00:00
[2026-03-23T11:23:40.983+0000] {processor.py:179} INFO - Processing /app/dags/dynamic_spark_pipeline_dag.py took 0.140 seconds
[2026-03-23T11:24:11.088+0000] {processor.py:157} INFO - Started process (PID=742) to work on /app/dags/dynamic_spark_pipeline_dag.py
[2026-03-23T11:24:11.091+0000] {processor.py:829} INFO - Processing file /app/dags/dynamic_spark_pipeline_dag.py for tasks to queue
[2026-03-23T11:24:11.092+0000] {logging_mixin.py:154} INFO - [2026-03-23T11:24:11.091+0000] {dagbag.py:536} INFO - Filling up the DagBag from /app/dags/dynamic_spark_pipeline_dag.py
[2026-03-23T11:24:11.115+0000] {processor.py:839} INFO - DAG(s) dict_keys(['dynamic_spark_pipeline']) retrieved from /app/dags/dynamic_spark_pipeline_dag.py
[2026-03-23T11:24:11.164+0000] {logging_mixin.py:154} INFO - [2026-03-23T11:24:11.163+0000] {dag.py:2941} INFO - Sync 1 DAGs
[2026-03-23T11:24:11.191+0000] {logging_mixin.py:154} INFO - [2026-03-23T11:24:11.191+0000] {dag.py:3722} INFO - Setting next_dagrun for dynamic_spark_pipeline to 2026-03-23T02:00:00+00:00, run_after=2026-03-24T02:00:00+00:00
[2026-03-23T11:24:11.213+0000] {processor.py:179} INFO - Processing /app/dags/dynamic_spark_pipeline_dag.py took 0.130 seconds
[2026-03-23T11:24:41.354+0000] {processor.py:157} INFO - Started process (PID=753) to work on /app/dags/dynamic_spark_pipeline_dag.py
[2026-03-23T11:24:41.355+0000] {processor.py:829} INFO - Processing file /app/dags/dynamic_spark_pipeline_dag.py for tasks to queue
[2026-03-23T11:24:41.356+0000] {logging_mixin.py:154} INFO - [2026-03-23T11:24:41.356+0000] {dagbag.py:536} INFO - Filling up the DagBag from /app/dags/dynamic_spark_pipeline_dag.py
[2026-03-23T11:24:41.381+0000] {processor.py:839} INFO - DAG(s) dict_keys(['dynamic_spark_pipeline']) retrieved from /app/dags/dynamic_spark_pipeline_dag.py
[2026-03-23T11:24:41.441+0000] {logging_mixin.py:154} INFO - [2026-03-23T11:24:41.441+0000] {dag.py:2941} INFO - Sync 1 DAGs
[2026-03-23T11:24:41.475+0000] {logging_mixin.py:154} INFO - [2026-03-23T11:24:41.475+0000] {dag.py:3722} INFO - Setting next_dagrun for dynamic_spark_pipeline to 2026-03-23T02:00:00+00:00, run_after=2026-03-24T02:00:00+00:00
[2026-03-23T11:24:41.505+0000] {processor.py:179} INFO - Processing /app/dags/dynamic_spark_pipeline_dag.py took 0.154 seconds
[2026-03-23T11:25:11.602+0000] {processor.py:157} INFO - Started process (PID=764) to work on /app/dags/dynamic_spark_pipeline_dag.py
[2026-03-23T11:25:11.603+0000] {processor.py:829} INFO - Processing file /app/dags/dynamic_spark_pipeline_dag.py for tasks to queue
[2026-03-23T11:25:11.604+0000] {logging_mixin.py:154} INFO - [2026-03-23T11:25:11.604+0000] {dagbag.py:536} INFO - Filling up the DagBag from /app/dags/dynamic_spark_pipeline_dag.py
[2026-03-23T11:25:11.627+0000] {processor.py:839} INFO - DAG(s) dict_keys(['dynamic_spark_pipeline']) retrieved from /app/dags/dynamic_spark_pipeline_dag.py
[2026-03-23T11:25:11.681+0000] {logging_mixin.py:154} INFO - [2026-03-23T11:25:11.681+0000] {dag.py:2941} INFO - Sync 1 DAGs
[2026-03-23T11:25:11.710+0000] {logging_mixin.py:154} INFO - [2026-03-23T11:25:11.710+0000] {dag.py:3722} INFO - Setting next_dagrun for dynamic_spark_pipeline to 2026-03-23T02:00:00+00:00, run_after=2026-03-24T02:00:00+00:00
[2026-03-23T11:25:11.732+0000] {processor.py:179} INFO - Processing /app/dags/dynamic_spark_pipeline_dag.py took 0.133 seconds
[2026-03-23T11:25:41.913+0000] {processor.py:157} INFO - Started process (PID=775) to work on /app/dags/dynamic_spark_pipeline_dag.py
[2026-03-23T11:25:41.914+0000] {processor.py:829} INFO - Processing file /app/dags/dynamic_spark_pipeline_dag.py for tasks to queue
[2026-03-23T11:25:41.915+0000] {logging_mixin.py:154} INFO - [2026-03-23T11:25:41.914+0000] {dagbag.py:536} INFO - Filling up the DagBag from /app/dags/dynamic_spark_pipeline_dag.py
[2026-03-23T11:25:41.938+0000] {processor.py:839} INFO - DAG(s) dict_keys(['dynamic_spark_pipeline']) retrieved from /app/dags/dynamic_spark_pipeline_dag.py
[2026-03-23T11:25:42.006+0000] {logging_mixin.py:154} INFO - [2026-03-23T11:25:42.005+0000] {dag.py:2941} INFO - Sync 1 DAGs
[2026-03-23T11:25:42.034+0000] {logging_mixin.py:154} INFO - [2026-03-23T11:25:42.034+0000] {dag.py:3722} INFO - Setting next_dagrun for dynamic_spark_pipeline to 2026-03-23T02:00:00+00:00, run_after=2026-03-24T02:00:00+00:00
[2026-03-23T11:25:42.055+0000] {processor.py:179} INFO - Processing /app/dags/dynamic_spark_pipeline_dag.py took 0.145 seconds
[2026-03-23T11:26:12.126+0000] {processor.py:157} INFO - Started process (PID=786) to work on /app/dags/dynamic_spark_pipeline_dag.py
[2026-03-23T11:26:12.129+0000] {processor.py:829} INFO - Processing file /app/dags/dynamic_spark_pipeline_dag.py for tasks to queue
[2026-03-23T11:26:12.130+0000] {logging_mixin.py:154} INFO - [2026-03-23T11:26:12.130+0000] {dagbag.py:536} INFO - Filling up the DagBag from /app/dags/dynamic_spark_pipeline_dag.py
[2026-03-23T11:26:12.155+0000] {processor.py:839} INFO - DAG(s) dict_keys(['dynamic_spark_pipeline']) retrieved from /app/dags/dynamic_spark_pipeline_dag.py
[2026-03-23T11:26:12.207+0000] {logging_mixin.py:154} INFO - [2026-03-23T11:26:12.207+0000] {dag.py:2941} INFO - Sync 1 DAGs
[2026-03-23T11:26:12.234+0000] {logging_mixin.py:154} INFO - [2026-03-23T11:26:12.234+0000] {dag.py:3722} INFO - Setting next_dagrun for dynamic_spark_pipeline to 2026-03-23T02:00:00+00:00, run_after=2026-03-24T02:00:00+00:00
[2026-03-23T11:26:12.257+0000] {processor.py:179} INFO - Processing /app/dags/dynamic_spark_pipeline_dag.py took 0.135 seconds
[2026-03-23T11:26:42.467+0000] {processor.py:157} INFO - Started process (PID=797) to work on /app/dags/dynamic_spark_pipeline_dag.py
[2026-03-23T11:26:42.468+0000] {processor.py:829} INFO - Processing file /app/dags/dynamic_spark_pipeline_dag.py for tasks to queue
[2026-03-23T11:26:42.469+0000] {logging_mixin.py:154} INFO - [2026-03-23T11:26:42.469+0000] {dagbag.py:536} INFO - Filling up the DagBag from /app/dags/dynamic_spark_pipeline_dag.py
[2026-03-23T11:26:42.495+0000] {processor.py:839} INFO - DAG(s) dict_keys(['dynamic_spark_pipeline']) retrieved from /app/dags/dynamic_spark_pipeline_dag.py
[2026-03-23T11:26:42.550+0000] {logging_mixin.py:154} INFO - [2026-03-23T11:26:42.549+0000] {dag.py:2941} INFO - Sync 1 DAGs
[2026-03-23T11:26:42.584+0000] {logging_mixin.py:154} INFO - [2026-03-23T11:26:42.584+0000] {dag.py:3722} INFO - Setting next_dagrun for dynamic_spark_pipeline to 2026-03-23T02:00:00+00:00, run_after=2026-03-24T02:00:00+00:00
[2026-03-23T11:26:42.613+0000] {processor.py:179} INFO - Processing /app/dags/dynamic_spark_pipeline_dag.py took 0.149 seconds
[2026-03-23T11:27:12.702+0000] {processor.py:157} INFO - Started process (PID=808) to work on /app/dags/dynamic_spark_pipeline_dag.py
[2026-03-23T11:27:12.705+0000] {processor.py:829} INFO - Processing file /app/dags/dynamic_spark_pipeline_dag.py for tasks to queue
[2026-03-23T11:27:12.706+0000] {logging_mixin.py:154} INFO - [2026-03-23T11:27:12.706+0000] {dagbag.py:536} INFO - Filling up the DagBag from /app/dags/dynamic_spark_pipeline_dag.py
[2026-03-23T11:27:12.728+0000] {processor.py:839} INFO - DAG(s) dict_keys(['dynamic_spark_pipeline']) retrieved from /app/dags/dynamic_spark_pipeline_dag.py
[2026-03-23T11:27:12.777+0000] {logging_mixin.py:154} INFO - [2026-03-23T11:27:12.777+0000] {dag.py:2941} INFO - Sync 1 DAGs
[2026-03-23T11:27:12.804+0000] {logging_mixin.py:154} INFO - [2026-03-23T11:27:12.804+0000] {dag.py:3722} INFO - Setting next_dagrun for dynamic_spark_pipeline to 2026-03-23T02:00:00+00:00, run_after=2026-03-24T02:00:00+00:00
[2026-03-23T11:27:12.826+0000] {processor.py:179} INFO - Processing /app/dags/dynamic_spark_pipeline_dag.py took 0.128 seconds
[2026-03-23T11:27:42.975+0000] {processor.py:157} INFO - Started process (PID=819) to work on /app/dags/dynamic_spark_pipeline_dag.py
[2026-03-23T11:27:42.975+0000] {processor.py:829} INFO - Processing file /app/dags/dynamic_spark_pipeline_dag.py for tasks to queue
[2026-03-23T11:27:42.976+0000] {logging_mixin.py:154} INFO - [2026-03-23T11:27:42.976+0000] {dagbag.py:536} INFO - Filling up the DagBag from /app/dags/dynamic_spark_pipeline_dag.py
[2026-03-23T11:27:43.001+0000] {processor.py:839} INFO - DAG(s) dict_keys(['dynamic_spark_pipeline']) retrieved from /app/dags/dynamic_spark_pipeline_dag.py
[2026-03-23T11:27:43.055+0000] {logging_mixin.py:154} INFO - [2026-03-23T11:27:43.055+0000] {dag.py:2941} INFO - Sync 1 DAGs
[2026-03-23T11:27:43.085+0000] {logging_mixin.py:154} INFO - [2026-03-23T11:27:43.085+0000] {dag.py:3722} INFO - Setting next_dagrun for dynamic_spark_pipeline to 2026-03-23T02:00:00+00:00, run_after=2026-03-24T02:00:00+00:00
[2026-03-23T11:27:43.107+0000] {processor.py:179} INFO - Processing /app/dags/dynamic_spark_pipeline_dag.py took 0.136 seconds
[2026-03-23T11:28:13.223+0000] {processor.py:157} INFO - Started process (PID=830) to work on /app/dags/dynamic_spark_pipeline_dag.py
[2026-03-23T11:28:13.226+0000] {processor.py:829} INFO - Processing file /app/dags/dynamic_spark_pipeline_dag.py for tasks to queue
[2026-03-23T11:28:13.227+0000] {logging_mixin.py:154} INFO - [2026-03-23T11:28:13.227+0000] {dagbag.py:536} INFO - Filling up the DagBag from /app/dags/dynamic_spark_pipeline_dag.py
[2026-03-23T11:28:13.250+0000] {processor.py:839} INFO - DAG(s) dict_keys(['dynamic_spark_pipeline']) retrieved from /app/dags/dynamic_spark_pipeline_dag.py
[2026-03-23T11:28:13.296+0000] {logging_mixin.py:154} INFO - [2026-03-23T11:28:13.296+0000] {dag.py:2941} INFO - Sync 1 DAGs
[2026-03-23T11:28:13.324+0000] {logging_mixin.py:154} INFO - [2026-03-23T11:28:13.324+0000] {dag.py:3722} INFO - Setting next_dagrun for dynamic_spark_pipeline to 2026-03-23T02:00:00+00:00, run_after=2026-03-24T02:00:00+00:00
[2026-03-23T11:28:13.344+0000] {processor.py:179} INFO - Processing /app/dags/dynamic_spark_pipeline_dag.py took 0.125 seconds
[2026-03-23T11:28:43.485+0000] {processor.py:157} INFO - Started process (PID=841) to work on /app/dags/dynamic_spark_pipeline_dag.py
[2026-03-23T11:28:43.486+0000] {processor.py:829} INFO - Processing file /app/dags/dynamic_spark_pipeline_dag.py for tasks to queue
[2026-03-23T11:28:43.487+0000] {logging_mixin.py:154} INFO - [2026-03-23T11:28:43.487+0000] {dagbag.py:536} INFO - Filling up the DagBag from /app/dags/dynamic_spark_pipeline_dag.py
[2026-03-23T11:28:43.510+0000] {processor.py:839} INFO - DAG(s) dict_keys(['dynamic_spark_pipeline']) retrieved from /app/dags/dynamic_spark_pipeline_dag.py
[2026-03-23T11:28:43.571+0000] {logging_mixin.py:154} INFO - [2026-03-23T11:28:43.571+0000] {dag.py:2941} INFO - Sync 1 DAGs
[2026-03-23T11:28:43.605+0000] {logging_mixin.py:154} INFO - [2026-03-23T11:28:43.605+0000] {dag.py:3722} INFO - Setting next_dagrun for dynamic_spark_pipeline to 2026-03-23T02:00:00+00:00, run_after=2026-03-24T02:00:00+00:00
[2026-03-23T11:28:43.632+0000] {processor.py:179} INFO - Processing /app/dags/dynamic_spark_pipeline_dag.py took 0.152 seconds
[2026-03-23T11:29:13.722+0000] {processor.py:157} INFO - Started process (PID=852) to work on /app/dags/dynamic_spark_pipeline_dag.py
[2026-03-23T11:29:13.723+0000] {processor.py:829} INFO - Processing file /app/dags/dynamic_spark_pipeline_dag.py for tasks to queue
[2026-03-23T11:29:13.723+0000] {logging_mixin.py:154} INFO - [2026-03-23T11:29:13.723+0000] {dagbag.py:536} INFO - Filling up the DagBag from /app/dags/dynamic_spark_pipeline_dag.py
[2026-03-23T11:29:13.743+0000] {processor.py:839} INFO - DAG(s) dict_keys(['dynamic_spark_pipeline']) retrieved from /app/dags/dynamic_spark_pipeline_dag.py
[2026-03-23T11:29:13.790+0000] {logging_mixin.py:154} INFO - [2026-03-23T11:29:13.789+0000] {dag.py:2941} INFO - Sync 1 DAGs
[2026-03-23T11:29:13.817+0000] {logging_mixin.py:154} INFO - [2026-03-23T11:29:13.817+0000] {dag.py:3722} INFO - Setting next_dagrun for dynamic_spark_pipeline to 2026-03-23T02:00:00+00:00, run_after=2026-03-24T02:00:00+00:00
[2026-03-23T11:29:13.836+0000] {processor.py:179} INFO - Processing /app/dags/dynamic_spark_pipeline_dag.py took 0.117 seconds
[2026-03-23T11:29:44.046+0000] {processor.py:157} INFO - Started process (PID=863) to work on /app/dags/dynamic_spark_pipeline_dag.py
[2026-03-23T11:29:44.047+0000] {processor.py:829} INFO - Processing file /app/dags/dynamic_spark_pipeline_dag.py for tasks to queue
[2026-03-23T11:29:44.048+0000] {logging_mixin.py:154} INFO - [2026-03-23T11:29:44.048+0000] {dagbag.py:536} INFO - Filling up the DagBag from /app/dags/dynamic_spark_pipeline_dag.py
[2026-03-23T11:29:44.072+0000] {processor.py:839} INFO - DAG(s) dict_keys(['dynamic_spark_pipeline']) retrieved from /app/dags/dynamic_spark_pipeline_dag.py
[2026-03-23T11:29:44.120+0000] {logging_mixin.py:154} INFO - [2026-03-23T11:29:44.120+0000] {dag.py:2941} INFO - Sync 1 DAGs
[2026-03-23T11:29:44.149+0000] {logging_mixin.py:154} INFO - [2026-03-23T11:29:44.148+0000] {dag.py:3722} INFO - Setting next_dagrun for dynamic_spark_pipeline to 2026-03-23T02:00:00+00:00, run_after=2026-03-24T02:00:00+00:00
[2026-03-23T11:29:44.171+0000] {processor.py:179} INFO - Processing /app/dags/dynamic_spark_pipeline_dag.py took 0.128 seconds
[2026-03-23T11:30:14.307+0000] {processor.py:157} INFO - Started process (PID=874) to work on /app/dags/dynamic_spark_pipeline_dag.py
[2026-03-23T11:30:14.308+0000] {processor.py:829} INFO - Processing file /app/dags/dynamic_spark_pipeline_dag.py for tasks to queue
[2026-03-23T11:30:14.309+0000] {logging_mixin.py:154} INFO - [2026-03-23T11:30:14.309+0000] {dagbag.py:536} INFO - Filling up the DagBag from /app/dags/dynamic_spark_pipeline_dag.py
[2026-03-23T11:30:14.333+0000] {processor.py:839} INFO - DAG(s) dict_keys(['dynamic_spark_pipeline']) retrieved from /app/dags/dynamic_spark_pipeline_dag.py
[2026-03-23T11:30:14.388+0000] {logging_mixin.py:154} INFO - [2026-03-23T11:30:14.388+0000] {dag.py:2941} INFO - Sync 1 DAGs
[2026-03-23T11:30:14.421+0000] {logging_mixin.py:154} INFO - [2026-03-23T11:30:14.420+0000] {dag.py:3722} INFO - Setting next_dagrun for dynamic_spark_pipeline to 2026-03-23T02:00:00+00:00, run_after=2026-03-24T02:00:00+00:00
[2026-03-23T11:30:14.442+0000] {processor.py:179} INFO - Processing /app/dags/dynamic_spark_pipeline_dag.py took 0.138 seconds
[2026-03-23T11:30:44.557+0000] {processor.py:157} INFO - Started process (PID=885) to work on /app/dags/dynamic_spark_pipeline_dag.py
[2026-03-23T11:30:44.559+0000] {processor.py:829} INFO - Processing file /app/dags/dynamic_spark_pipeline_dag.py for tasks to queue
[2026-03-23T11:30:44.560+0000] {logging_mixin.py:154} INFO - [2026-03-23T11:30:44.560+0000] {dagbag.py:536} INFO - Filling up the DagBag from /app/dags/dynamic_spark_pipeline_dag.py
[2026-03-23T11:30:44.585+0000] {processor.py:839} INFO - DAG(s) dict_keys(['dynamic_spark_pipeline']) retrieved from /app/dags/dynamic_spark_pipeline_dag.py
[2026-03-23T11:30:44.635+0000] {logging_mixin.py:154} INFO - [2026-03-23T11:30:44.635+0000] {dag.py:2941} INFO - Sync 1 DAGs
[2026-03-23T11:30:44.663+0000] {logging_mixin.py:154} INFO - [2026-03-23T11:30:44.663+0000] {dag.py:3722} INFO - Setting next_dagrun for dynamic_spark_pipeline to 2026-03-23T02:00:00+00:00, run_after=2026-03-24T02:00:00+00:00
[2026-03-23T11:30:44.685+0000] {processor.py:179} INFO - Processing /app/dags/dynamic_spark_pipeline_dag.py took 0.132 seconds
