[2026-03-22T19:18:37.917+0000] {taskinstance.py:1159} INFO - Dependencies all met for dep_context=non-requeueable deps ti=<TaskInstance: dynamic_spark_pipeline.run_pipeline scheduled__2026-03-21T02:00:00+00:00 [queued]>
[2026-03-22T19:18:37.934+0000] {taskinstance.py:1159} INFO - Dependencies all met for dep_context=requeueable deps ti=<TaskInstance: dynamic_spark_pipeline.run_pipeline scheduled__2026-03-21T02:00:00+00:00 [queued]>
[2026-03-22T19:18:37.934+0000] {taskinstance.py:1361} INFO - Starting attempt 1 of 3
[2026-03-22T19:18:37.958+0000] {taskinstance.py:1382} INFO - Executing <Task(BashOperator): run_pipeline> on 2026-03-21 02:00:00+00:00
[2026-03-22T19:18:37.965+0000] {standard_task_runner.py:57} INFO - Started process 175 to run task
[2026-03-22T19:18:37.968+0000] {standard_task_runner.py:84} INFO - Running: ['***', 'tasks', 'run', 'dynamic_spark_pipeline', 'run_pipeline', 'scheduled__2026-03-21T02:00:00+00:00', '--job-id', '5', '--raw', '--subdir', 'DAGS_FOLDER/dynamic_spark_pipeline_dag.py', '--cfg-path', '/tmp/tmptyixaelv']
[2026-03-22T19:18:37.971+0000] {standard_task_runner.py:85} INFO - Job 5: Subtask run_pipeline
[2026-03-22T19:18:38.059+0000] {task_command.py:416} INFO - Running <TaskInstance: dynamic_spark_pipeline.run_pipeline scheduled__2026-03-21T02:00:00+00:00 [running]> on host 3deb7b853a44
[2026-03-22T19:18:38.190+0000] {taskinstance.py:1662} INFO - Exporting env vars: AIRFLOW_CTX_DAG_OWNER='Nasredine ouelseti' AIRFLOW_CTX_DAG_ID='dynamic_spark_pipeline' AIRFLOW_CTX_TASK_ID='run_pipeline' AIRFLOW_CTX_EXECUTION_DATE='2026-03-21T02:00:00+00:00' AIRFLOW_CTX_TRY_NUMBER='1' AIRFLOW_CTX_DAG_RUN_ID='scheduled__2026-03-21T02:00:00+00:00'
[2026-03-22T19:18:38.190+0000] {subprocess.py:63} INFO - Tmp dir root location: /tmp
[2026-03-22T19:18:38.191+0000] {subprocess.py:75} INFO - Running command: ['/bin/bash', '-c', '\n        set -e\n        cd /app\n        python src/main.py 2>&1 | tee -a /var/log/***/pipeline.log\n        echo "Pipeline execution completed"\n        ']
[2026-03-22T19:18:38.202+0000] {subprocess.py:86} INFO - Output:
[2026-03-22T19:18:38.241+0000] {subprocess.py:93} INFO - tee: /var/log/***/pipeline.log: No such file or directory
[2026-03-22T19:18:38.491+0000] {subprocess.py:93} INFO - Traceback (most recent call last):
[2026-03-22T19:18:38.491+0000] {subprocess.py:93} INFO -   File "/app/src/main.py", line 4, in <module>
[2026-03-22T19:18:38.492+0000] {subprocess.py:93} INFO -     from pyspark.sql import SparkSession
[2026-03-22T19:18:38.492+0000] {subprocess.py:93} INFO - ModuleNotFoundError: No module named 'pyspark'
[2026-03-22T19:18:38.497+0000] {subprocess.py:97} INFO - Command exited with return code 1
[2026-03-22T19:18:38.523+0000] {taskinstance.py:1937} ERROR - Task failed with exception
Traceback (most recent call last):
  File "/home/airflow/.local/lib/python3.9/site-packages/airflow/operators/bash.py", line 210, in execute
    raise AirflowException(
airflow.exceptions.AirflowException: Bash command failed. The command returned a non-zero exit code 1.
[2026-03-22T19:18:38.529+0000] {taskinstance.py:1400} INFO - Marking task as UP_FOR_RETRY. dag_id=dynamic_spark_pipeline, task_id=run_pipeline, execution_date=20260321T020000, start_date=20260322T191837, end_date=20260322T191838
[2026-03-22T19:18:38.550+0000] {standard_task_runner.py:104} ERROR - Failed to execute job 5 for task run_pipeline (Bash command failed. The command returned a non-zero exit code 1.; 175)
[2026-03-22T19:18:38.586+0000] {local_task_job_runner.py:228} INFO - Task exited with return code 1
[2026-03-22T19:18:38.631+0000] {taskinstance.py:2778} INFO - 0 downstream tasks scheduled from follow-on schedule check
[2026-03-22T19:32:06.441+0000] {taskinstance.py:1159} INFO - Dependencies all met for dep_context=non-requeueable deps ti=<TaskInstance: dynamic_spark_pipeline.run_pipeline scheduled__2026-03-21T02:00:00+00:00 [queued]>
[2026-03-22T19:32:06.452+0000] {taskinstance.py:1159} INFO - Dependencies all met for dep_context=requeueable deps ti=<TaskInstance: dynamic_spark_pipeline.run_pipeline scheduled__2026-03-21T02:00:00+00:00 [queued]>
[2026-03-22T19:32:06.453+0000] {taskinstance.py:1361} INFO - Starting attempt 1 of 3
[2026-03-22T19:32:06.467+0000] {taskinstance.py:1382} INFO - Executing <Task(BashOperator): run_pipeline> on 2026-03-21 02:00:00+00:00
[2026-03-22T19:32:06.473+0000] {standard_task_runner.py:57} INFO - Started process 508 to run task
[2026-03-22T19:32:06.476+0000] {standard_task_runner.py:84} INFO - Running: ['***', 'tasks', 'run', 'dynamic_spark_pipeline', 'run_pipeline', 'scheduled__2026-03-21T02:00:00+00:00', '--job-id', '15', '--raw', '--subdir', 'DAGS_FOLDER/dynamic_spark_pipeline_dag.py', '--cfg-path', '/tmp/tmpwl_c3hg2']
[2026-03-22T19:32:06.478+0000] {standard_task_runner.py:85} INFO - Job 15: Subtask run_pipeline
[2026-03-22T19:32:06.554+0000] {task_command.py:416} INFO - Running <TaskInstance: dynamic_spark_pipeline.run_pipeline scheduled__2026-03-21T02:00:00+00:00 [running]> on host 3deb7b853a44
[2026-03-22T19:32:06.677+0000] {taskinstance.py:1662} INFO - Exporting env vars: AIRFLOW_CTX_DAG_OWNER='Nasredine ouelseti' AIRFLOW_CTX_DAG_ID='dynamic_spark_pipeline' AIRFLOW_CTX_TASK_ID='run_pipeline' AIRFLOW_CTX_EXECUTION_DATE='2026-03-21T02:00:00+00:00' AIRFLOW_CTX_TRY_NUMBER='1' AIRFLOW_CTX_DAG_RUN_ID='scheduled__2026-03-21T02:00:00+00:00'
[2026-03-22T19:32:06.678+0000] {subprocess.py:63} INFO - Tmp dir root location: /tmp
[2026-03-22T19:32:06.679+0000] {subprocess.py:75} INFO - Running command: ['/bin/bash', '-c', '\n        set -e\n        cd /app\n        python src/main.py 2>&1 | tee -a /var/log/***/pipeline.log\n        echo "Pipeline execution completed"\n        ']
[2026-03-22T19:32:06.690+0000] {subprocess.py:86} INFO - Output:
[2026-03-22T19:32:06.694+0000] {subprocess.py:93} INFO - tee: /var/log/***/pipeline.log: No such file or directory
[2026-03-22T19:32:06.867+0000] {subprocess.py:93} INFO - Traceback (most recent call last):
[2026-03-22T19:32:06.868+0000] {subprocess.py:93} INFO -   File "/app/src/main.py", line 4, in <module>
[2026-03-22T19:32:06.868+0000] {subprocess.py:93} INFO -     from pyspark.sql import SparkSession
[2026-03-22T19:32:06.868+0000] {subprocess.py:93} INFO - ModuleNotFoundError: No module named 'pyspark'
[2026-03-22T19:32:06.873+0000] {subprocess.py:97} INFO - Command exited with return code 1
[2026-03-22T19:32:06.891+0000] {taskinstance.py:1937} ERROR - Task failed with exception
Traceback (most recent call last):
  File "/home/airflow/.local/lib/python3.9/site-packages/airflow/operators/bash.py", line 210, in execute
    raise AirflowException(
airflow.exceptions.AirflowException: Bash command failed. The command returned a non-zero exit code 1.
[2026-03-22T19:32:06.894+0000] {taskinstance.py:1400} INFO - Marking task as UP_FOR_RETRY. dag_id=dynamic_spark_pipeline, task_id=run_pipeline, execution_date=20260321T020000, start_date=20260322T193206, end_date=20260322T193206
[2026-03-22T19:32:06.909+0000] {standard_task_runner.py:104} ERROR - Failed to execute job 15 for task run_pipeline (Bash command failed. The command returned a non-zero exit code 1.; 508)
[2026-03-22T19:32:06.928+0000] {local_task_job_runner.py:228} INFO - Task exited with return code 1
[2026-03-22T19:32:06.971+0000] {taskinstance.py:2778} INFO - 0 downstream tasks scheduled from follow-on schedule check
[2026-03-22T23:21:15.009+0000] {taskinstance.py:1159} INFO - Dependencies all met for dep_context=non-requeueable deps ti=<TaskInstance: dynamic_spark_pipeline.run_pipeline scheduled__2026-03-21T02:00:00+00:00 [queued]>
[2026-03-22T23:21:15.019+0000] {taskinstance.py:1159} INFO - Dependencies all met for dep_context=requeueable deps ti=<TaskInstance: dynamic_spark_pipeline.run_pipeline scheduled__2026-03-21T02:00:00+00:00 [queued]>
[2026-03-22T23:21:15.020+0000] {taskinstance.py:1361} INFO - Starting attempt 1 of 3
[2026-03-22T23:21:15.033+0000] {taskinstance.py:1382} INFO - Executing <Task(BashOperator): run_pipeline> on 2026-03-21 02:00:00+00:00
[2026-03-22T23:21:15.039+0000] {standard_task_runner.py:57} INFO - Started process 193 to run task
[2026-03-22T23:21:15.041+0000] {standard_task_runner.py:84} INFO - Running: ['***', 'tasks', 'run', 'dynamic_spark_pipeline', 'run_pipeline', 'scheduled__2026-03-21T02:00:00+00:00', '--job-id', '34', '--raw', '--subdir', 'DAGS_FOLDER/dynamic_spark_pipeline_dag.py', '--cfg-path', '/tmp/tmpr46ew5pv']
[2026-03-22T23:21:15.044+0000] {standard_task_runner.py:85} INFO - Job 34: Subtask run_pipeline
[2026-03-22T23:21:15.123+0000] {task_command.py:416} INFO - Running <TaskInstance: dynamic_spark_pipeline.run_pipeline scheduled__2026-03-21T02:00:00+00:00 [running]> on host da27f22158d7
[2026-03-22T23:21:15.266+0000] {taskinstance.py:1662} INFO - Exporting env vars: AIRFLOW_CTX_DAG_OWNER='Nasredine Ouelseti' AIRFLOW_CTX_DAG_ID='dynamic_spark_pipeline' AIRFLOW_CTX_TASK_ID='run_pipeline' AIRFLOW_CTX_EXECUTION_DATE='2026-03-21T02:00:00+00:00' AIRFLOW_CTX_TRY_NUMBER='1' AIRFLOW_CTX_DAG_RUN_ID='scheduled__2026-03-21T02:00:00+00:00'
[2026-03-22T23:21:15.268+0000] {subprocess.py:63} INFO - Tmp dir root location: /tmp
[2026-03-22T23:21:15.268+0000] {subprocess.py:75} INFO - Running command: ['/bin/bash', '-c', '\nset -e\n\necho "Starting Spark pipeline execution..."\necho "Configuration: /app/metadata/config.json"\necho "Data path: /app/data"\necho "Script: /app/src/main.py"\n\n# Create necessary directories\nmkdir -p "/app/***/logs/pipeline"\nmkdir -p "/app/data/output"\n\n# Run pipeline with error handling\ncd "/app" || exit 1\npython "/app/src/main.py" 2>&1 | tee -a "/app/***/logs/pipeline/pipeline.log"\n\nEXIT_CODE=${PIPESTATUS[0]}\nif [ $EXIT_CODE -eq 0 ]; then\n    echo "✓ Pipeline execution completed successfully"\n    exit 0\nelse\n    echo "✗ Pipeline failed with exit code: $EXIT_CODE"\n    exit $EXIT_CODE\nfi\n        ']
[2026-03-22T23:21:15.282+0000] {subprocess.py:86} INFO - Output:
[2026-03-22T23:21:15.285+0000] {subprocess.py:93} INFO - Starting Spark pipeline execution...
[2026-03-22T23:21:15.285+0000] {subprocess.py:93} INFO - Configuration: /app/metadata/config.json
[2026-03-22T23:21:15.285+0000] {subprocess.py:93} INFO - Data path: /app/data
[2026-03-22T23:21:15.286+0000] {subprocess.py:93} INFO - Script: /app/src/main.py
[2026-03-22T23:21:15.980+0000] {subprocess.py:93} INFO - Traceback (most recent call last):
[2026-03-22T23:21:15.981+0000] {subprocess.py:93} INFO -   File "/app/src/main.py", line 9, in <module>
[2026-03-22T23:21:15.981+0000] {subprocess.py:93} INFO -     logger = setup_logger(__name__)
[2026-03-22T23:21:15.981+0000] {subprocess.py:93} INFO -   File "/app/src/logger.py", line 29, in setup_logger
[2026-03-22T23:21:15.981+0000] {subprocess.py:93} INFO -     Path(log_dir).mkdir(parents=True, exist_ok=True)
[2026-03-22T23:21:15.982+0000] {subprocess.py:93} INFO -   File "/usr/local/lib/python3.9/pathlib.py", line 1323, in mkdir
[2026-03-22T23:21:15.982+0000] {subprocess.py:93} INFO -     self._accessor.mkdir(self, mode)
[2026-03-22T23:21:15.982+0000] {subprocess.py:93} INFO - PermissionError: [Errno 13] Permission denied: 'logs'
[2026-03-22T23:21:16.037+0000] {subprocess.py:93} INFO - ✗ Pipeline failed with exit code: 1
[2026-03-22T23:21:16.038+0000] {subprocess.py:97} INFO - Command exited with return code 1
[2026-03-22T23:21:16.059+0000] {taskinstance.py:1937} ERROR - Task failed with exception
Traceback (most recent call last):
  File "/home/airflow/.local/lib/python3.9/site-packages/airflow/operators/bash.py", line 210, in execute
    raise AirflowException(
airflow.exceptions.AirflowException: Bash command failed. The command returned a non-zero exit code 1.
[2026-03-22T23:21:16.063+0000] {taskinstance.py:1400} INFO - Marking task as UP_FOR_RETRY. dag_id=dynamic_spark_pipeline, task_id=run_pipeline, execution_date=20260321T020000, start_date=20260322T232115, end_date=20260322T232116
[2026-03-22T23:21:16.087+0000] {standard_task_runner.py:104} ERROR - Failed to execute job 34 for task run_pipeline (Bash command failed. The command returned a non-zero exit code 1.; 193)
[2026-03-22T23:21:16.136+0000] {local_task_job_runner.py:228} INFO - Task exited with return code 1
[2026-03-22T23:21:16.199+0000] {taskinstance.py:2778} INFO - 0 downstream tasks scheduled from follow-on schedule check
[2026-03-23T00:14:03.927+0000] {taskinstance.py:1159} INFO - Dependencies all met for dep_context=non-requeueable deps ti=<TaskInstance: dynamic_spark_pipeline.run_pipeline scheduled__2026-03-21T02:00:00+00:00 [queued]>
[2026-03-23T00:14:03.941+0000] {taskinstance.py:1159} INFO - Dependencies all met for dep_context=requeueable deps ti=<TaskInstance: dynamic_spark_pipeline.run_pipeline scheduled__2026-03-21T02:00:00+00:00 [queued]>
[2026-03-23T00:14:03.941+0000] {taskinstance.py:1361} INFO - Starting attempt 1 of 3
[2026-03-23T00:14:03.957+0000] {taskinstance.py:1382} INFO - Executing <Task(BashOperator): run_pipeline> on 2026-03-21 02:00:00+00:00
[2026-03-23T00:14:03.963+0000] {standard_task_runner.py:57} INFO - Started process 186 to run task
[2026-03-23T00:14:03.966+0000] {standard_task_runner.py:84} INFO - Running: ['***', 'tasks', 'run', 'dynamic_spark_pipeline', 'run_pipeline', 'scheduled__2026-03-21T02:00:00+00:00', '--job-id', '5', '--raw', '--subdir', 'DAGS_FOLDER/dynamic_spark_pipeline_dag.py', '--cfg-path', '/tmp/tmpymkivnwv']
[2026-03-23T00:14:03.970+0000] {standard_task_runner.py:85} INFO - Job 5: Subtask run_pipeline
[2026-03-23T00:14:04.060+0000] {task_command.py:416} INFO - Running <TaskInstance: dynamic_spark_pipeline.run_pipeline scheduled__2026-03-21T02:00:00+00:00 [running]> on host 98339a0edaaf
[2026-03-23T00:14:04.213+0000] {taskinstance.py:1662} INFO - Exporting env vars: AIRFLOW_CTX_DAG_OWNER='Nasredine Ouelseti' AIRFLOW_CTX_DAG_ID='dynamic_spark_pipeline' AIRFLOW_CTX_TASK_ID='run_pipeline' AIRFLOW_CTX_EXECUTION_DATE='2026-03-21T02:00:00+00:00' AIRFLOW_CTX_TRY_NUMBER='1' AIRFLOW_CTX_DAG_RUN_ID='scheduled__2026-03-21T02:00:00+00:00'
[2026-03-23T00:14:04.214+0000] {subprocess.py:63} INFO - Tmp dir root location: /tmp
[2026-03-23T00:14:04.216+0000] {subprocess.py:75} INFO - Running command: ['/bin/bash', '-c', '\nset -e\n\necho "Starting Spark pipeline execution..."\necho "Configuration: /app/metadata/config.json"\necho "Data path: /app/data"\necho "Script: /app/src/main.py"\necho "Log path: /app/***/logs/pipeline"\n\n# Pre-create critical directories with proper error handling\necho "Preparing directories..."\nLOG_DIR_BACKUP="/tmp/***_logs"\n\n# Try to create log directory with primary path\nif mkdir -p "/app/***/logs/pipeline" 2>/dev/null && touch "/app/***/logs/pipeline/.write_test" 2>/dev/null; then\n    echo "✓ Using primary log path: /app/***/logs/pipeline"\n    rm -f "/app/***/logs/pipeline/.write_test"\nelse\n    echo "⚠ Primary log path not writable, using backup: $LOG_DIR_BACKUP"\n    mkdir -p "$LOG_DIR_BACKUP"\n    mkdir -p "/app/data/output" 2>/dev/null || true\nfi\n\n# Create data output directory (non-critical)\nmkdir -p "/app/data/output" 2>/dev/null || echo "⚠ Warning: Could not create data output directory"\n\n# Set effective log path for the script\nexport LOG_PATH_EFFECTIVE="/app/***/logs/pipeline"\nif [ ! -w "/app/***/logs/pipeline" ]; then\n    export LOG_PATH_EFFECTIVE="$LOG_DIR_BACKUP"\nfi\n\necho "Effective log path: $LOG_PATH_EFFECTIVE"\n\n# Change to application home directory\nif [ -d "/app" ]; then\n    cd "/app"\n    echo "✓ Changed to: /app"\nelse\n    echo "✗ Application directory not found: /app"\n    exit 1\nfi\n\n# Run the pipeline script\necho "Executing pipeline script..."\npython "/app/src/main.py" 2>&1 | tee -a "$LOG_PATH_EFFECTIVE/pipeline.log" || true\n\n# Capture exit code\nEXIT_CODE=${PIPESTATUS[0]}\n\n# Report results\necho ""\necho "Pipeline execution completed with exit code: $EXIT_CODE"\n\nif [ $EXIT_CODE -eq 0 ]; then\n    echo "✓ Pipeline executed successfully"\n    exit 0\nelse\n    echo "✗ Pipeline failed with errors (see logs above)"\n    exit $EXIT_CODE\nfi\n        ']
[2026-03-23T00:14:04.229+0000] {subprocess.py:86} INFO - Output:
[2026-03-23T00:14:04.231+0000] {subprocess.py:93} INFO - Starting Spark pipeline execution...
[2026-03-23T00:14:04.231+0000] {subprocess.py:93} INFO - Configuration: /app/metadata/config.json
[2026-03-23T00:14:04.231+0000] {subprocess.py:93} INFO - Data path: /app/data
[2026-03-23T00:14:04.232+0000] {subprocess.py:93} INFO - Script: /app/src/main.py
[2026-03-23T00:14:04.232+0000] {subprocess.py:93} INFO - Log path: /app/***/logs/pipeline
[2026-03-23T00:14:04.232+0000] {subprocess.py:93} INFO - Preparing directories...
[2026-03-23T00:14:04.237+0000] {subprocess.py:93} INFO - ✓ Using primary log path: /app/***/logs/pipeline
[2026-03-23T00:14:04.242+0000] {subprocess.py:93} INFO - Effective log path: /app/***/logs/pipeline
[2026-03-23T00:14:04.243+0000] {subprocess.py:93} INFO - ✓ Changed to: /app
[2026-03-23T00:14:04.243+0000] {subprocess.py:93} INFO - Executing pipeline script...
[2026-03-23T00:14:05.410+0000] {subprocess.py:93} INFO - 2026-03-23 00:14:05,410 - __main__ - INFO - Starting Dynamic Spark Pipeline...
[2026-03-23T00:14:05.412+0000] {subprocess.py:93} INFO - 2026-03-23 00:14:05,412 - __main__ - INFO - Loading config from metadata/config.json
[2026-03-23T00:14:05.412+0000] {subprocess.py:93} INFO - 2026-03-23 00:14:05,412 - __main__ - INFO - Creating Spark session...
[2026-03-23T00:14:06.263+0000] {subprocess.py:93} INFO - WARNING: Using incubator modules: jdk.incubator.vector
[2026-03-23T00:14:08.751+0000] {subprocess.py:93} INFO - Using Spark's default log4j profile: org/apache/spark/log4j2-defaults.properties
[2026-03-23T00:14:08.753+0000] {subprocess.py:93} INFO - Setting default log level to "WARN".
[2026-03-23T00:14:08.753+0000] {subprocess.py:93} INFO - To adjust logging level use sc.setLogLevel(newLevel). For SparkR, use setLogLevel(newLevel).
[2026-03-23T00:14:12.039+0000] {subprocess.py:93} INFO - 26/03/23 00:14:12 WARN NativeCodeLoader: Unable to load native-hadoop library for your platform... using builtin-java classes where applicable
[2026-03-23T00:14:18.037+0000] {subprocess.py:93} INFO - 2026-03-23 00:14:18,037 - __main__ - INFO - Executing 1 dataflow(s)...
[2026-03-23T00:14:22.376+0000] {subprocess.py:93} INFO - [Stage 0:>                                                          (0 + 1) / 1]                                                                                26/03/23 00:14:22 WARN FileUtil: Failed to delete file or dir [/app/data/output/events/motor_policy/_SUCCESS]: it still exists.
[2026-03-23T00:14:22.377+0000] {subprocess.py:93} INFO - 26/03/23 00:14:22 WARN FileUtil: Failed to delete file or dir [/app/data/output/events/motor_policy/._SUCCESS.crc]: it still exists.
[2026-03-23T00:14:22.378+0000] {subprocess.py:93} INFO - 26/03/23 00:14:22 WARN FileUtil: Failed to delete file or dir [/app/data/output/events/motor_policy/part-00000-b78ac4d7-b1a9-45ed-8a83-22bb8cbb1034-c000.json]: it still exists.
[2026-03-23T00:14:22.378+0000] {subprocess.py:93} INFO - 26/03/23 00:14:22 WARN FileUtil: Failed to delete file or dir [/app/data/output/events/motor_policy/.part-00000-b78ac4d7-b1a9-45ed-8a83-22bb8cbb1034-c000.json.crc]: it still exists.
[2026-03-23T00:14:22.534+0000] {subprocess.py:93} INFO - 2026-03-23 00:14:22,490 - __main__ - ERROR - Pipeline execution failed: Failed writing sink 'raw-ok' to path 'data/output/events/motor_policy' with format 'JSON' and mode 'OVERWRITE'
[2026-03-23T00:14:22.535+0000] {subprocess.py:93} INFO - Traceback (most recent call last):
[2026-03-23T00:14:22.535+0000] {subprocess.py:93} INFO -   File "/app/src/writer.py", line 37, in write_output
[2026-03-23T00:14:22.535+0000] {subprocess.py:93} INFO -     df.write.mode(sink_mode).format(sink_format).save(path)
[2026-03-23T00:14:22.536+0000] {subprocess.py:93} INFO -   File "/home/***/.local/lib/python3.9/site-packages/pyspark/sql/readwriter.py", line 1745, in save
[2026-03-23T00:14:22.536+0000] {subprocess.py:93} INFO -     self._jwrite.save(path)
[2026-03-23T00:14:22.536+0000] {subprocess.py:93} INFO -   File "/home/***/.local/lib/python3.9/site-packages/py4j/java_gateway.py", line 1362, in __call__
[2026-03-23T00:14:22.537+0000] {subprocess.py:93} INFO -     return_value = get_return_value(
[2026-03-23T00:14:22.537+0000] {subprocess.py:93} INFO -   File "/home/***/.local/lib/python3.9/site-packages/pyspark/errors/exceptions/captured.py", line 282, in deco
[2026-03-23T00:14:22.537+0000] {subprocess.py:93} INFO -     return f(*a, **kw)
[2026-03-23T00:14:22.538+0000] {subprocess.py:93} INFO -   File "/home/***/.local/lib/python3.9/site-packages/py4j/protocol.py", line 327, in get_return_value
[2026-03-23T00:14:22.538+0000] {subprocess.py:93} INFO -     raise Py4JJavaError(
[2026-03-23T00:14:22.538+0000] {subprocess.py:93} INFO - py4j.protocol.Py4JJavaError: An error occurred while calling o70.save.
[2026-03-23T00:14:22.538+0000] {subprocess.py:93} INFO - : org.apache.spark.SparkException: Unable to clear output directory file:/app/data/output/events/motor_policy prior to writing to it.
[2026-03-23T00:14:22.538+0000] {subprocess.py:93} INFO - 	at org.apache.spark.sql.errors.QueryExecutionErrors$.cannotClearOutputDirectoryError(QueryExecutionErrors.scala:786)
[2026-03-23T00:14:22.539+0000] {subprocess.py:93} INFO - 	at org.apache.spark.sql.execution.datasources.InsertIntoHadoopFsRelationCommand.deleteMatchingPartitions(InsertIntoHadoopFsRelationCommand.scala:244)
[2026-03-23T00:14:22.539+0000] {subprocess.py:93} INFO - 	at org.apache.spark.sql.execution.datasources.InsertIntoHadoopFsRelationCommand.run(InsertIntoHadoopFsRelationCommand.scala:136)
[2026-03-23T00:14:22.539+0000] {subprocess.py:93} INFO - 	at org.apache.spark.sql.execution.command.DataWritingCommandExec.sideEffectResult$lzycompute(commands.scala:117)
[2026-03-23T00:14:22.539+0000] {subprocess.py:93} INFO - 	at org.apache.spark.sql.execution.command.DataWritingCommandExec.sideEffectResult(commands.scala:115)
[2026-03-23T00:14:22.539+0000] {subprocess.py:93} INFO - 	at org.apache.spark.sql.execution.command.DataWritingCommandExec.executeCollect(commands.scala:129)
[2026-03-23T00:14:22.540+0000] {subprocess.py:93} INFO - 	at org.apache.spark.sql.execution.QueryExecution.$anonfun$eagerlyExecuteCommands$2(QueryExecution.scala:155)
[2026-03-23T00:14:22.540+0000] {subprocess.py:93} INFO - 	at org.apache.spark.sql.execution.SQLExecution$.$anonfun$withNewExecutionId0$8(SQLExecution.scala:163)
[2026-03-23T00:14:22.540+0000] {subprocess.py:93} INFO - 	at org.apache.spark.sql.execution.SQLExecution$.withSessionTagsApplied(SQLExecution.scala:272)
[2026-03-23T00:14:22.540+0000] {subprocess.py:93} INFO - 	at org.apache.spark.sql.execution.SQLExecution$.$anonfun$withNewExecutionId0$7(SQLExecution.scala:125)
[2026-03-23T00:14:22.541+0000] {subprocess.py:93} INFO - 	at org.apache.spark.JobArtifactSet$.withActiveJobArtifactState(JobArtifactSet.scala:94)
[2026-03-23T00:14:22.541+0000] {subprocess.py:93} INFO - 	at org.apache.spark.sql.artifact.ArtifactManager.$anonfun$withResources$1(ArtifactManager.scala:112)
[2026-03-23T00:14:22.541+0000] {subprocess.py:93} INFO - 	at org.apache.spark.sql.artifact.ArtifactManager.withClassLoaderIfNeeded(ArtifactManager.scala:106)
[2026-03-23T00:14:22.541+0000] {subprocess.py:93} INFO - 	at org.apache.spark.sql.artifact.ArtifactManager.withResources(ArtifactManager.scala:111)
[2026-03-23T00:14:22.541+0000] {subprocess.py:93} INFO - 	at org.apache.spark.sql.execution.SQLExecution$.$anonfun$withNewExecutionId0$6(SQLExecution.scala:125)
[2026-03-23T00:14:22.542+0000] {subprocess.py:93} INFO - 	at org.apache.spark.sql.execution.SQLExecution$.withSQLConfPropagated(SQLExecution.scala:295)
[2026-03-23T00:14:22.542+0000] {subprocess.py:93} INFO - 	at org.apache.spark.sql.execution.SQLExecution$.$anonfun$withNewExecutionId0$1(SQLExecution.scala:124)
[2026-03-23T00:14:22.542+0000] {subprocess.py:93} INFO - 	at org.apache.spark.sql.SparkSession.withActive(SparkSession.scala:804)
[2026-03-23T00:14:22.542+0000] {subprocess.py:93} INFO - 	at org.apache.spark.sql.execution.SQLExecution$.withNewExecutionId0(SQLExecution.scala:78)
[2026-03-23T00:14:22.542+0000] {subprocess.py:93} INFO - 	at org.apache.spark.sql.execution.SQLExecution$.withNewExecutionId(SQLExecution.scala:237)
[2026-03-23T00:14:22.543+0000] {subprocess.py:93} INFO - 	at org.apache.spark.sql.execution.QueryExecution.$anonfun$eagerlyExecuteCommands$1(QueryExecution.scala:155)
[2026-03-23T00:14:22.543+0000] {subprocess.py:93} INFO - 	at org.apache.spark.sql.execution.QueryExecution$.withInternalError(QueryExecution.scala:654)
[2026-03-23T00:14:22.543+0000] {subprocess.py:93} INFO - 	at org.apache.spark.sql.execution.QueryExecution.org$apache$spark$sql$execution$QueryExecution$$eagerlyExecute$1(QueryExecution.scala:154)
[2026-03-23T00:14:22.543+0000] {subprocess.py:93} INFO - 	at org.apache.spark.sql.execution.QueryExecution$$anonfun$eagerlyExecuteCommands$3.applyOrElse(QueryExecution.scala:169)
[2026-03-23T00:14:22.543+0000] {subprocess.py:93} INFO - 	at org.apache.spark.sql.execution.QueryExecution$$anonfun$eagerlyExecuteCommands$3.applyOrElse(QueryExecution.scala:164)
[2026-03-23T00:14:22.544+0000] {subprocess.py:93} INFO - 	at org.apache.spark.sql.catalyst.trees.TreeNode.$anonfun$transformDownWithPruning$1(TreeNode.scala:470)
[2026-03-23T00:14:22.544+0000] {subprocess.py:93} INFO - 	at org.apache.spark.sql.catalyst.trees.CurrentOrigin$.withOrigin(origin.scala:86)
[2026-03-23T00:14:22.544+0000] {subprocess.py:93} INFO - 	at org.apache.spark.sql.catalyst.trees.TreeNode.transformDownWithPruning(TreeNode.scala:470)
[2026-03-23T00:14:22.544+0000] {subprocess.py:93} INFO - 	at org.apache.spark.sql.catalyst.plans.logical.LogicalPlan.org$apache$spark$sql$catalyst$plans$logical$AnalysisHelper$$super$transformDownWithPruning(LogicalPlan.scala:37)
[2026-03-23T00:14:22.544+0000] {subprocess.py:93} INFO - 	at org.apache.spark.sql.catalyst.plans.logical.AnalysisHelper.transformDownWithPruning(AnalysisHelper.scala:360)
[2026-03-23T00:14:22.544+0000] {subprocess.py:93} INFO - 	at org.apache.spark.sql.catalyst.plans.logical.AnalysisHelper.transformDownWithPruning$(AnalysisHelper.scala:356)
[2026-03-23T00:14:22.544+0000] {subprocess.py:93} INFO - 	at org.apache.spark.sql.catalyst.plans.logical.LogicalPlan.transformDownWithPruning(LogicalPlan.scala:37)
[2026-03-23T00:14:22.544+0000] {subprocess.py:93} INFO - 	at org.apache.spark.sql.catalyst.plans.logical.LogicalPlan.transformDownWithPruning(LogicalPlan.scala:37)
[2026-03-23T00:14:22.545+0000] {subprocess.py:93} INFO - 	at org.apache.spark.sql.catalyst.trees.TreeNode.transformDown(TreeNode.scala:446)
[2026-03-23T00:14:22.545+0000] {subprocess.py:93} INFO - 	at org.apache.spark.sql.execution.QueryExecution.eagerlyExecuteCommands(QueryExecution.scala:164)
[2026-03-23T00:14:22.545+0000] {subprocess.py:93} INFO - 	at org.apache.spark.sql.execution.QueryExecution.$anonfun$lazyCommandExecuted$1(QueryExecution.scala:126)
[2026-03-23T00:14:22.545+0000] {subprocess.py:93} INFO - 	at scala.util.Try$.apply(Try.scala:217)
[2026-03-23T00:14:22.545+0000] {subprocess.py:93} INFO - 	at org.apache.spark.util.Utils$.doTryWithCallerStacktrace(Utils.scala:1378)
[2026-03-23T00:14:22.545+0000] {subprocess.py:93} INFO - 	at org.apache.spark.util.Utils$.getTryWithCallerStacktrace(Utils.scala:1439)
[2026-03-23T00:14:22.545+0000] {subprocess.py:93} INFO - 	at org.apache.spark.util.LazyTry.get(LazyTry.scala:58)
[2026-03-23T00:14:22.546+0000] {subprocess.py:93} INFO - 	at org.apache.spark.sql.execution.QueryExecution.commandExecuted(QueryExecution.scala:131)
[2026-03-23T00:14:22.546+0000] {subprocess.py:93} INFO - 	at org.apache.spark.sql.execution.QueryExecution.assertCommandExecuted(QueryExecution.scala:192)
[2026-03-23T00:14:22.546+0000] {subprocess.py:93} INFO - 	at org.apache.spark.sql.classic.DataFrameWriter.runCommand(DataFrameWriter.scala:622)
[2026-03-23T00:14:22.546+0000] {subprocess.py:93} INFO - 	at org.apache.spark.sql.classic.DataFrameWriter.saveToV1Source(DataFrameWriter.scala:273)
[2026-03-23T00:14:22.546+0000] {subprocess.py:93} INFO - 	at org.apache.spark.sql.classic.DataFrameWriter.saveInternal(DataFrameWriter.scala:241)
[2026-03-23T00:14:22.547+0000] {subprocess.py:93} INFO - 	at org.apache.spark.sql.classic.DataFrameWriter.save(DataFrameWriter.scala:118)
[2026-03-23T00:14:22.547+0000] {subprocess.py:93} INFO - 	at java.base/jdk.internal.reflect.NativeMethodAccessorImpl.invoke0(Native Method)
[2026-03-23T00:14:22.547+0000] {subprocess.py:93} INFO - 	at java.base/jdk.internal.reflect.NativeMethodAccessorImpl.invoke(NativeMethodAccessorImpl.java:77)
[2026-03-23T00:14:22.548+0000] {subprocess.py:93} INFO - 	at java.base/jdk.internal.reflect.DelegatingMethodAccessorImpl.invoke(DelegatingMethodAccessorImpl.java:43)
[2026-03-23T00:14:22.548+0000] {subprocess.py:93} INFO - 	at java.base/java.lang.reflect.Method.invoke(Method.java:569)
[2026-03-23T00:14:22.548+0000] {subprocess.py:93} INFO - 	at py4j.reflection.MethodInvoker.invoke(MethodInvoker.java:244)
[2026-03-23T00:14:22.548+0000] {subprocess.py:93} INFO - 	at py4j.reflection.ReflectionEngine.invoke(ReflectionEngine.java:374)
[2026-03-23T00:14:22.549+0000] {subprocess.py:93} INFO - 	at py4j.Gateway.invoke(Gateway.java:282)
[2026-03-23T00:14:22.549+0000] {subprocess.py:93} INFO - 	at py4j.commands.AbstractCommand.invokeMethod(AbstractCommand.java:132)
[2026-03-23T00:14:22.549+0000] {subprocess.py:93} INFO - 	at py4j.commands.CallCommand.execute(CallCommand.java:79)
[2026-03-23T00:14:22.549+0000] {subprocess.py:93} INFO - 	at py4j.ClientServerConnection.waitForCommands(ClientServerConnection.java:184)
[2026-03-23T00:14:22.550+0000] {subprocess.py:93} INFO - 	at py4j.ClientServerConnection.run(ClientServerConnection.java:108)
[2026-03-23T00:14:22.550+0000] {subprocess.py:93} INFO - 	at java.base/java.lang.Thread.run(Thread.java:840)
[2026-03-23T00:14:22.550+0000] {subprocess.py:93} INFO - 	Suppressed: org.apache.spark.util.Utils$OriginalTryStackTraceException: Full stacktrace of original doTryWithCallerStacktrace caller
[2026-03-23T00:14:22.550+0000] {subprocess.py:93} INFO - 		at org.apache.spark.sql.errors.QueryExecutionErrors$.cannotClearOutputDirectoryError(QueryExecutionErrors.scala:786)
[2026-03-23T00:14:22.550+0000] {subprocess.py:93} INFO - 		at org.apache.spark.sql.execution.datasources.InsertIntoHadoopFsRelationCommand.deleteMatchingPartitions(InsertIntoHadoopFsRelationCommand.scala:244)
[2026-03-23T00:14:22.550+0000] {subprocess.py:93} INFO - 		at org.apache.spark.sql.execution.datasources.InsertIntoHadoopFsRelationCommand.run(InsertIntoHadoopFsRelationCommand.scala:136)
[2026-03-23T00:14:22.551+0000] {subprocess.py:93} INFO - 		at org.apache.spark.sql.execution.command.DataWritingCommandExec.sideEffectResult$lzycompute(commands.scala:117)
[2026-03-23T00:14:22.551+0000] {subprocess.py:93} INFO - 		at org.apache.spark.sql.execution.command.DataWritingCommandExec.sideEffectResult(commands.scala:115)
[2026-03-23T00:14:22.551+0000] {subprocess.py:93} INFO - 		at org.apache.spark.sql.execution.command.DataWritingCommandExec.executeCollect(commands.scala:129)
[2026-03-23T00:14:22.551+0000] {subprocess.py:93} INFO - 		at org.apache.spark.sql.execution.QueryExecution.$anonfun$eagerlyExecuteCommands$2(QueryExecution.scala:155)
[2026-03-23T00:14:22.551+0000] {subprocess.py:93} INFO - 		at org.apache.spark.sql.execution.SQLExecution$.$anonfun$withNewExecutionId0$8(SQLExecution.scala:163)
[2026-03-23T00:14:22.552+0000] {subprocess.py:93} INFO - 		at org.apache.spark.sql.execution.SQLExecution$.withSessionTagsApplied(SQLExecution.scala:272)
[2026-03-23T00:14:22.552+0000] {subprocess.py:93} INFO - 		at org.apache.spark.sql.execution.SQLExecution$.$anonfun$withNewExecutionId0$7(SQLExecution.scala:125)
[2026-03-23T00:14:22.552+0000] {subprocess.py:93} INFO - 		at org.apache.spark.JobArtifactSet$.withActiveJobArtifactState(JobArtifactSet.scala:94)
[2026-03-23T00:14:22.552+0000] {subprocess.py:93} INFO - 		at org.apache.spark.sql.artifact.ArtifactManager.$anonfun$withResources$1(ArtifactManager.scala:112)
[2026-03-23T00:14:22.552+0000] {subprocess.py:93} INFO - 		at org.apache.spark.sql.artifact.ArtifactManager.withClassLoaderIfNeeded(ArtifactManager.scala:106)
[2026-03-23T00:14:22.552+0000] {subprocess.py:93} INFO - 		at org.apache.spark.sql.artifact.ArtifactManager.withResources(ArtifactManager.scala:111)
[2026-03-23T00:14:22.553+0000] {subprocess.py:93} INFO - 		at org.apache.spark.sql.execution.SQLExecution$.$anonfun$withNewExecutionId0$6(SQLExecution.scala:125)
[2026-03-23T00:14:22.553+0000] {subprocess.py:93} INFO - 		at org.apache.spark.sql.execution.SQLExecution$.withSQLConfPropagated(SQLExecution.scala:295)
[2026-03-23T00:14:22.553+0000] {subprocess.py:93} INFO - 		at org.apache.spark.sql.execution.SQLExecution$.$anonfun$withNewExecutionId0$1(SQLExecution.scala:124)
[2026-03-23T00:14:22.553+0000] {subprocess.py:93} INFO - 		at org.apache.spark.sql.SparkSession.withActive(SparkSession.scala:804)
[2026-03-23T00:14:22.553+0000] {subprocess.py:93} INFO - 		at org.apache.spark.sql.execution.SQLExecution$.withNewExecutionId0(SQLExecution.scala:78)
[2026-03-23T00:14:22.553+0000] {subprocess.py:93} INFO - 		at org.apache.spark.sql.execution.SQLExecution$.withNewExecutionId(SQLExecution.scala:237)
[2026-03-23T00:14:22.554+0000] {subprocess.py:93} INFO - 		at org.apache.spark.sql.execution.QueryExecution.$anonfun$eagerlyExecuteCommands$1(QueryExecution.scala:155)
[2026-03-23T00:14:22.554+0000] {subprocess.py:93} INFO - 		at org.apache.spark.sql.execution.QueryExecution$.withInternalError(QueryExecution.scala:654)
[2026-03-23T00:14:22.554+0000] {subprocess.py:93} INFO - 		at org.apache.spark.sql.execution.QueryExecution.org$apache$spark$sql$execution$QueryExecution$$eagerlyExecute$1(QueryExecution.scala:154)
[2026-03-23T00:14:22.554+0000] {subprocess.py:93} INFO - 		at org.apache.spark.sql.execution.QueryExecution$$anonfun$eagerlyExecuteCommands$3.applyOrElse(QueryExecution.scala:169)
[2026-03-23T00:14:22.554+0000] {subprocess.py:93} INFO - 		at org.apache.spark.sql.execution.QueryExecution$$anonfun$eagerlyExecuteCommands$3.applyOrElse(QueryExecution.scala:164)
[2026-03-23T00:14:22.554+0000] {subprocess.py:93} INFO - 		at org.apache.spark.sql.catalyst.trees.TreeNode.$anonfun$transformDownWithPruning$1(TreeNode.scala:470)
[2026-03-23T00:14:22.555+0000] {subprocess.py:93} INFO - 		at org.apache.spark.sql.catalyst.trees.CurrentOrigin$.withOrigin(origin.scala:86)
[2026-03-23T00:14:22.555+0000] {subprocess.py:93} INFO - 		at org.apache.spark.sql.catalyst.trees.TreeNode.transformDownWithPruning(TreeNode.scala:470)
[2026-03-23T00:14:22.555+0000] {subprocess.py:93} INFO - 		at org.apache.spark.sql.catalyst.plans.logical.LogicalPlan.org$apache$spark$sql$catalyst$plans$logical$AnalysisHelper$$super$transformDownWithPruning(LogicalPlan.scala:37)
[2026-03-23T00:14:22.555+0000] {subprocess.py:93} INFO - 		at org.apache.spark.sql.catalyst.plans.logical.AnalysisHelper.transformDownWithPruning(AnalysisHelper.scala:360)
[2026-03-23T00:14:22.555+0000] {subprocess.py:93} INFO - 		at org.apache.spark.sql.catalyst.plans.logical.AnalysisHelper.transformDownWithPruning$(AnalysisHelper.scala:356)
[2026-03-23T00:14:22.555+0000] {subprocess.py:93} INFO - 		at org.apache.spark.sql.catalyst.plans.logical.LogicalPlan.transformDownWithPruning(LogicalPlan.scala:37)
[2026-03-23T00:14:22.555+0000] {subprocess.py:93} INFO - 		at org.apache.spark.sql.catalyst.plans.logical.LogicalPlan.transformDownWithPruning(LogicalPlan.scala:37)
[2026-03-23T00:14:22.555+0000] {subprocess.py:93} INFO - 		at org.apache.spark.sql.catalyst.trees.TreeNode.transformDown(TreeNode.scala:446)
[2026-03-23T00:14:22.556+0000] {subprocess.py:93} INFO - 		at org.apache.spark.sql.execution.QueryExecution.eagerlyExecuteCommands(QueryExecution.scala:164)
[2026-03-23T00:14:22.556+0000] {subprocess.py:93} INFO - 		at org.apache.spark.sql.execution.QueryExecution.$anonfun$lazyCommandExecuted$1(QueryExecution.scala:126)
[2026-03-23T00:14:22.556+0000] {subprocess.py:93} INFO - 		at scala.util.Try$.apply(Try.scala:217)
[2026-03-23T00:14:22.556+0000] {subprocess.py:93} INFO - 		at org.apache.spark.util.Utils$.doTryWithCallerStacktrace(Utils.scala:1378)
[2026-03-23T00:14:22.556+0000] {subprocess.py:93} INFO - 		at org.apache.spark.util.LazyTry.tryT$lzycompute(LazyTry.scala:46)
[2026-03-23T00:14:22.556+0000] {subprocess.py:93} INFO - 		at org.apache.spark.util.LazyTry.tryT(LazyTry.scala:46)
[2026-03-23T00:14:22.556+0000] {subprocess.py:93} INFO - 		... 19 more
[2026-03-23T00:14:22.556+0000] {subprocess.py:93} INFO - 
[2026-03-23T00:14:22.557+0000] {subprocess.py:93} INFO - 
[2026-03-23T00:14:22.557+0000] {subprocess.py:93} INFO - The above exception was the direct cause of the following exception:
[2026-03-23T00:14:22.557+0000] {subprocess.py:93} INFO - 
[2026-03-23T00:14:22.557+0000] {subprocess.py:93} INFO - Traceback (most recent call last):
[2026-03-23T00:14:22.557+0000] {subprocess.py:93} INFO -   File "/app/src/main.py", line 29, in main
[2026-03-23T00:14:22.557+0000] {subprocess.py:93} INFO -     engine.run()
[2026-03-23T00:14:22.557+0000] {subprocess.py:93} INFO -   File "/app/src/engine.py", line 70, in run
[2026-03-23T00:14:22.557+0000] {subprocess.py:93} INFO -     write_output(self.dataframes[sink_input], sink)
[2026-03-23T00:14:22.558+0000] {subprocess.py:93} INFO -   File "/app/src/writer.py", line 39, in write_output
[2026-03-23T00:14:22.558+0000] {subprocess.py:93} INFO -     raise RuntimeError(
[2026-03-23T00:14:22.558+0000] {subprocess.py:93} INFO - RuntimeError: Failed writing sink 'raw-ok' to path 'data/output/events/motor_policy' with format 'JSON' and mode 'OVERWRITE'
[2026-03-23T00:14:22.558+0000] {subprocess.py:93} INFO - 2026-03-23 00:14:22,534 - __main__ - INFO - Stopping Spark session...
[2026-03-23T00:14:22.778+0000] {subprocess.py:93} INFO - 2026-03-23 00:14:22,778 - __main__ - CRITICAL - Fatal error: Failed writing sink 'raw-ok' to path 'data/output/events/motor_policy' with format 'JSON' and mode 'OVERWRITE'
[2026-03-23T00:14:22.778+0000] {subprocess.py:93} INFO - Pipeline execution failed: Failed writing sink 'raw-ok' to path 'data/output/events/motor_policy' with format 'JSON' and mode 'OVERWRITE'
[2026-03-23T00:14:23.345+0000] {subprocess.py:93} INFO - 
[2026-03-23T00:14:23.345+0000] {subprocess.py:93} INFO - Pipeline execution completed with exit code: 1
[2026-03-23T00:14:23.345+0000] {subprocess.py:93} INFO - ✗ Pipeline failed with errors (see logs above)
[2026-03-23T00:14:23.345+0000] {subprocess.py:97} INFO - Command exited with return code 1
[2026-03-23T00:14:23.365+0000] {taskinstance.py:1937} ERROR - Task failed with exception
Traceback (most recent call last):
  File "/home/airflow/.local/lib/python3.9/site-packages/airflow/operators/bash.py", line 210, in execute
    raise AirflowException(
airflow.exceptions.AirflowException: Bash command failed. The command returned a non-zero exit code 1.
[2026-03-23T00:14:23.370+0000] {taskinstance.py:1400} INFO - Marking task as UP_FOR_RETRY. dag_id=dynamic_spark_pipeline, task_id=run_pipeline, execution_date=20260321T020000, start_date=20260323T001403, end_date=20260323T001423
[2026-03-23T00:14:23.409+0000] {standard_task_runner.py:104} ERROR - Failed to execute job 5 for task run_pipeline (Bash command failed. The command returned a non-zero exit code 1.; 186)
[2026-03-23T00:14:23.425+0000] {local_task_job_runner.py:228} INFO - Task exited with return code 1
[2026-03-23T00:14:23.460+0000] {taskinstance.py:2778} INFO - 0 downstream tasks scheduled from follow-on schedule check
[2026-03-23T00:19:59.105+0000] {taskinstance.py:1159} INFO - Dependencies all met for dep_context=non-requeueable deps ti=<TaskInstance: dynamic_spark_pipeline.run_pipeline scheduled__2026-03-21T02:00:00+00:00 [queued]>
[2026-03-23T00:19:59.121+0000] {taskinstance.py:1159} INFO - Dependencies all met for dep_context=requeueable deps ti=<TaskInstance: dynamic_spark_pipeline.run_pipeline scheduled__2026-03-21T02:00:00+00:00 [queued]>
[2026-03-23T00:19:59.122+0000] {taskinstance.py:1361} INFO - Starting attempt 1 of 3
[2026-03-23T00:19:59.139+0000] {taskinstance.py:1382} INFO - Executing <Task(BashOperator): run_pipeline> on 2026-03-21 02:00:00+00:00
[2026-03-23T00:19:59.144+0000] {standard_task_runner.py:57} INFO - Started process 1285 to run task
[2026-03-23T00:19:59.147+0000] {standard_task_runner.py:84} INFO - Running: ['***', 'tasks', 'run', 'dynamic_spark_pipeline', 'run_pipeline', 'scheduled__2026-03-21T02:00:00+00:00', '--job-id', '13', '--raw', '--subdir', 'DAGS_FOLDER/dynamic_spark_pipeline_dag.py', '--cfg-path', '/tmp/tmpxamhh810']
[2026-03-23T00:19:59.150+0000] {standard_task_runner.py:85} INFO - Job 13: Subtask run_pipeline
[2026-03-23T00:19:59.230+0000] {task_command.py:416} INFO - Running <TaskInstance: dynamic_spark_pipeline.run_pipeline scheduled__2026-03-21T02:00:00+00:00 [running]> on host 98339a0edaaf
[2026-03-23T00:19:59.416+0000] {taskinstance.py:1662} INFO - Exporting env vars: AIRFLOW_CTX_DAG_OWNER='Nasredine Ouelseti' AIRFLOW_CTX_DAG_ID='dynamic_spark_pipeline' AIRFLOW_CTX_TASK_ID='run_pipeline' AIRFLOW_CTX_EXECUTION_DATE='2026-03-21T02:00:00+00:00' AIRFLOW_CTX_TRY_NUMBER='1' AIRFLOW_CTX_DAG_RUN_ID='scheduled__2026-03-21T02:00:00+00:00'
[2026-03-23T00:19:59.417+0000] {subprocess.py:63} INFO - Tmp dir root location: /tmp
[2026-03-23T00:19:59.418+0000] {subprocess.py:75} INFO - Running command: ['/bin/bash', '-c', '\nset -e\n\necho "Starting Spark pipeline execution..."\necho "Configuration: /app/metadata/config.json"\necho "Data path: /app/data"\necho "Script: /app/src/main.py"\necho "Log path: /app/***/logs/pipeline"\n\n# Pre-create critical directories with proper error handling\necho "Preparing directories..."\nLOG_DIR_BACKUP="/tmp/***_logs"\n\n# Try to create log directory with primary path\nif mkdir -p "/app/***/logs/pipeline" 2>/dev/null && touch "/app/***/logs/pipeline/.write_test" 2>/dev/null; then\n    echo "✓ Using primary log path: /app/***/logs/pipeline"\n    rm -f "/app/***/logs/pipeline/.write_test"\nelse\n    echo "⚠ Primary log path not writable, using backup: $LOG_DIR_BACKUP"\n    mkdir -p "$LOG_DIR_BACKUP"\n    mkdir -p "/app/data/output" 2>/dev/null || true\nfi\n\n# Create data output directory (non-critical)\nmkdir -p "/app/data/output" 2>/dev/null || echo "⚠ Warning: Could not create data output directory"\n\n# Set effective log path for the script\nexport LOG_PATH_EFFECTIVE="/app/***/logs/pipeline"\nif [ ! -w "/app/***/logs/pipeline" ]; then\n    export LOG_PATH_EFFECTIVE="$LOG_DIR_BACKUP"\nfi\n\necho "Effective log path: $LOG_PATH_EFFECTIVE"\n\n# Change to application home directory\nif [ -d "/app" ]; then\n    cd "/app"\n    echo "✓ Changed to: /app"\nelse\n    echo "✗ Application directory not found: /app"\n    exit 1\nfi\n\n# Run the pipeline script\necho "Executing pipeline script..."\npython "/app/src/main.py" 2>&1 | tee -a "$LOG_PATH_EFFECTIVE/pipeline.log" || true\n\n# Capture exit code\nEXIT_CODE=${PIPESTATUS[0]}\n\n# Report results\necho ""\necho "Pipeline execution completed with exit code: $EXIT_CODE"\n\nif [ $EXIT_CODE -eq 0 ]; then\n    echo "✓ Pipeline executed successfully"\n    exit 0\nelse\n    echo "✗ Pipeline failed with errors (see logs above)"\n    exit $EXIT_CODE\nfi\n        ']
[2026-03-23T00:19:59.435+0000] {subprocess.py:86} INFO - Output:
[2026-03-23T00:19:59.438+0000] {subprocess.py:93} INFO - Starting Spark pipeline execution...
[2026-03-23T00:19:59.438+0000] {subprocess.py:93} INFO - Configuration: /app/metadata/config.json
[2026-03-23T00:19:59.439+0000] {subprocess.py:93} INFO - Data path: /app/data
[2026-03-23T00:19:59.439+0000] {subprocess.py:93} INFO - Script: /app/src/main.py
[2026-03-23T00:19:59.439+0000] {subprocess.py:93} INFO - Log path: /app/***/logs/pipeline
[2026-03-23T00:19:59.439+0000] {subprocess.py:93} INFO - Preparing directories...
[2026-03-23T00:19:59.445+0000] {subprocess.py:93} INFO - ✓ Using primary log path: /app/***/logs/pipeline
[2026-03-23T00:19:59.453+0000] {subprocess.py:93} INFO - Effective log path: /app/***/logs/pipeline
[2026-03-23T00:19:59.454+0000] {subprocess.py:93} INFO - ✓ Changed to: /app
[2026-03-23T00:19:59.454+0000] {subprocess.py:93} INFO - Executing pipeline script...
[2026-03-23T00:20:00.388+0000] {subprocess.py:93} INFO - 2026-03-23 00:20:00,388 - __main__ - INFO - Starting Dynamic Spark Pipeline...
[2026-03-23T00:20:00.389+0000] {subprocess.py:93} INFO - 2026-03-23 00:20:00,389 - __main__ - INFO - Loading config from metadata/config.json
[2026-03-23T00:20:00.390+0000] {subprocess.py:93} INFO - 2026-03-23 00:20:00,390 - __main__ - INFO - Creating Spark session...
[2026-03-23T00:20:00.703+0000] {subprocess.py:93} INFO - WARNING: Using incubator modules: jdk.incubator.vector
[2026-03-23T00:20:02.776+0000] {subprocess.py:93} INFO - Using Spark's default log4j profile: org/apache/spark/log4j2-defaults.properties
[2026-03-23T00:20:02.776+0000] {subprocess.py:93} INFO - Setting default log level to "WARN".
[2026-03-23T00:20:02.777+0000] {subprocess.py:93} INFO - To adjust logging level use sc.setLogLevel(newLevel). For SparkR, use setLogLevel(newLevel).
[2026-03-23T00:20:03.890+0000] {subprocess.py:93} INFO - 26/03/23 00:20:03 WARN NativeCodeLoader: Unable to load native-hadoop library for your platform... using builtin-java classes where applicable
[2026-03-23T00:20:05.255+0000] {subprocess.py:93} INFO - 26/03/23 00:20:05 WARN Utils: Service 'SparkUI' could not bind on port 4040. Attempting port 4041.
[2026-03-23T00:20:09.256+0000] {subprocess.py:93} INFO - 2026-03-23 00:20:09,256 - __main__ - INFO - Executing 1 dataflow(s)...
[2026-03-23T00:20:12.058+0000] {subprocess.py:93} INFO - [Stage 0:>                                                          (0 + 1) / 1]                                                                                26/03/23 00:20:12 WARN FileUtil: Failed to delete file or dir [/app/data/output/events/motor_policy/_SUCCESS]: it still exists.
[2026-03-23T00:20:12.058+0000] {subprocess.py:93} INFO - 26/03/23 00:20:12 WARN FileUtil: Failed to delete file or dir [/app/data/output/events/motor_policy/._SUCCESS.crc]: it still exists.
[2026-03-23T00:20:12.058+0000] {subprocess.py:93} INFO - 26/03/23 00:20:12 WARN FileUtil: Failed to delete file or dir [/app/data/output/events/motor_policy/part-00000-b78ac4d7-b1a9-45ed-8a83-22bb8cbb1034-c000.json]: it still exists.
[2026-03-23T00:20:12.058+0000] {subprocess.py:93} INFO - 26/03/23 00:20:12 WARN FileUtil: Failed to delete file or dir [/app/data/output/events/motor_policy/.part-00000-b78ac4d7-b1a9-45ed-8a83-22bb8cbb1034-c000.json.crc]: it still exists.
[2026-03-23T00:20:12.177+0000] {subprocess.py:93} INFO - 2026-03-23 00:20:12,129 - __main__ - ERROR - Pipeline execution failed: Failed writing sink 'raw-ok' to path 'data/output/events/motor_policy' with format 'JSON' and mode 'OVERWRITE'
[2026-03-23T00:20:12.178+0000] {subprocess.py:93} INFO - Traceback (most recent call last):
[2026-03-23T00:20:12.178+0000] {subprocess.py:93} INFO -   File "/app/src/writer.py", line 37, in write_output
[2026-03-23T00:20:12.179+0000] {subprocess.py:93} INFO -     df.write.mode(sink_mode).format(sink_format).save(path)
[2026-03-23T00:20:12.179+0000] {subprocess.py:93} INFO -   File "/home/***/.local/lib/python3.9/site-packages/pyspark/sql/readwriter.py", line 1745, in save
[2026-03-23T00:20:12.179+0000] {subprocess.py:93} INFO -     self._jwrite.save(path)
[2026-03-23T00:20:12.179+0000] {subprocess.py:93} INFO -   File "/home/***/.local/lib/python3.9/site-packages/py4j/java_gateway.py", line 1362, in __call__
[2026-03-23T00:20:12.179+0000] {subprocess.py:93} INFO -     return_value = get_return_value(
[2026-03-23T00:20:12.180+0000] {subprocess.py:93} INFO -   File "/home/***/.local/lib/python3.9/site-packages/pyspark/errors/exceptions/captured.py", line 282, in deco
[2026-03-23T00:20:12.180+0000] {subprocess.py:93} INFO -     return f(*a, **kw)
[2026-03-23T00:20:12.180+0000] {subprocess.py:93} INFO -   File "/home/***/.local/lib/python3.9/site-packages/py4j/protocol.py", line 327, in get_return_value
[2026-03-23T00:20:12.180+0000] {subprocess.py:93} INFO -     raise Py4JJavaError(
[2026-03-23T00:20:12.180+0000] {subprocess.py:93} INFO - py4j.protocol.Py4JJavaError: An error occurred while calling o70.save.
[2026-03-23T00:20:12.180+0000] {subprocess.py:93} INFO - : org.apache.spark.SparkException: Unable to clear output directory file:/app/data/output/events/motor_policy prior to writing to it.
[2026-03-23T00:20:12.180+0000] {subprocess.py:93} INFO - 	at org.apache.spark.sql.errors.QueryExecutionErrors$.cannotClearOutputDirectoryError(QueryExecutionErrors.scala:786)
[2026-03-23T00:20:12.180+0000] {subprocess.py:93} INFO - 	at org.apache.spark.sql.execution.datasources.InsertIntoHadoopFsRelationCommand.deleteMatchingPartitions(InsertIntoHadoopFsRelationCommand.scala:244)
[2026-03-23T00:20:12.181+0000] {subprocess.py:93} INFO - 	at org.apache.spark.sql.execution.datasources.InsertIntoHadoopFsRelationCommand.run(InsertIntoHadoopFsRelationCommand.scala:136)
[2026-03-23T00:20:12.181+0000] {subprocess.py:93} INFO - 	at org.apache.spark.sql.execution.command.DataWritingCommandExec.sideEffectResult$lzycompute(commands.scala:117)
[2026-03-23T00:20:12.181+0000] {subprocess.py:93} INFO - 	at org.apache.spark.sql.execution.command.DataWritingCommandExec.sideEffectResult(commands.scala:115)
[2026-03-23T00:20:12.181+0000] {subprocess.py:93} INFO - 	at org.apache.spark.sql.execution.command.DataWritingCommandExec.executeCollect(commands.scala:129)
[2026-03-23T00:20:12.181+0000] {subprocess.py:93} INFO - 	at org.apache.spark.sql.execution.QueryExecution.$anonfun$eagerlyExecuteCommands$2(QueryExecution.scala:155)
[2026-03-23T00:20:12.181+0000] {subprocess.py:93} INFO - 	at org.apache.spark.sql.execution.SQLExecution$.$anonfun$withNewExecutionId0$8(SQLExecution.scala:163)
[2026-03-23T00:20:12.181+0000] {subprocess.py:93} INFO - 	at org.apache.spark.sql.execution.SQLExecution$.withSessionTagsApplied(SQLExecution.scala:272)
[2026-03-23T00:20:12.181+0000] {subprocess.py:93} INFO - 	at org.apache.spark.sql.execution.SQLExecution$.$anonfun$withNewExecutionId0$7(SQLExecution.scala:125)
[2026-03-23T00:20:12.182+0000] {subprocess.py:93} INFO - 	at org.apache.spark.JobArtifactSet$.withActiveJobArtifactState(JobArtifactSet.scala:94)
[2026-03-23T00:20:12.182+0000] {subprocess.py:93} INFO - 	at org.apache.spark.sql.artifact.ArtifactManager.$anonfun$withResources$1(ArtifactManager.scala:112)
[2026-03-23T00:20:12.182+0000] {subprocess.py:93} INFO - 	at org.apache.spark.sql.artifact.ArtifactManager.withClassLoaderIfNeeded(ArtifactManager.scala:106)
[2026-03-23T00:20:12.182+0000] {subprocess.py:93} INFO - 	at org.apache.spark.sql.artifact.ArtifactManager.withResources(ArtifactManager.scala:111)
[2026-03-23T00:20:12.182+0000] {subprocess.py:93} INFO - 	at org.apache.spark.sql.execution.SQLExecution$.$anonfun$withNewExecutionId0$6(SQLExecution.scala:125)
[2026-03-23T00:20:12.182+0000] {subprocess.py:93} INFO - 	at org.apache.spark.sql.execution.SQLExecution$.withSQLConfPropagated(SQLExecution.scala:295)
[2026-03-23T00:20:12.182+0000] {subprocess.py:93} INFO - 	at org.apache.spark.sql.execution.SQLExecution$.$anonfun$withNewExecutionId0$1(SQLExecution.scala:124)
[2026-03-23T00:20:12.182+0000] {subprocess.py:93} INFO - 	at org.apache.spark.sql.SparkSession.withActive(SparkSession.scala:804)
[2026-03-23T00:20:12.183+0000] {subprocess.py:93} INFO - 	at org.apache.spark.sql.execution.SQLExecution$.withNewExecutionId0(SQLExecution.scala:78)
[2026-03-23T00:20:12.183+0000] {subprocess.py:93} INFO - 	at org.apache.spark.sql.execution.SQLExecution$.withNewExecutionId(SQLExecution.scala:237)
[2026-03-23T00:20:12.183+0000] {subprocess.py:93} INFO - 	at org.apache.spark.sql.execution.QueryExecution.$anonfun$eagerlyExecuteCommands$1(QueryExecution.scala:155)
[2026-03-23T00:20:12.183+0000] {subprocess.py:93} INFO - 	at org.apache.spark.sql.execution.QueryExecution$.withInternalError(QueryExecution.scala:654)
[2026-03-23T00:20:12.183+0000] {subprocess.py:93} INFO - 	at org.apache.spark.sql.execution.QueryExecution.org$apache$spark$sql$execution$QueryExecution$$eagerlyExecute$1(QueryExecution.scala:154)
[2026-03-23T00:20:12.183+0000] {subprocess.py:93} INFO - 	at org.apache.spark.sql.execution.QueryExecution$$anonfun$eagerlyExecuteCommands$3.applyOrElse(QueryExecution.scala:169)
[2026-03-23T00:20:12.183+0000] {subprocess.py:93} INFO - 	at org.apache.spark.sql.execution.QueryExecution$$anonfun$eagerlyExecuteCommands$3.applyOrElse(QueryExecution.scala:164)
[2026-03-23T00:20:12.183+0000] {subprocess.py:93} INFO - 	at org.apache.spark.sql.catalyst.trees.TreeNode.$anonfun$transformDownWithPruning$1(TreeNode.scala:470)
[2026-03-23T00:20:12.184+0000] {subprocess.py:93} INFO - 	at org.apache.spark.sql.catalyst.trees.CurrentOrigin$.withOrigin(origin.scala:86)
[2026-03-23T00:20:12.184+0000] {subprocess.py:93} INFO - 	at org.apache.spark.sql.catalyst.trees.TreeNode.transformDownWithPruning(TreeNode.scala:470)
[2026-03-23T00:20:12.184+0000] {subprocess.py:93} INFO - 	at org.apache.spark.sql.catalyst.plans.logical.LogicalPlan.org$apache$spark$sql$catalyst$plans$logical$AnalysisHelper$$super$transformDownWithPruning(LogicalPlan.scala:37)
[2026-03-23T00:20:12.184+0000] {subprocess.py:93} INFO - 	at org.apache.spark.sql.catalyst.plans.logical.AnalysisHelper.transformDownWithPruning(AnalysisHelper.scala:360)
[2026-03-23T00:20:12.184+0000] {subprocess.py:93} INFO - 	at org.apache.spark.sql.catalyst.plans.logical.AnalysisHelper.transformDownWithPruning$(AnalysisHelper.scala:356)
[2026-03-23T00:20:12.184+0000] {subprocess.py:93} INFO - 	at org.apache.spark.sql.catalyst.plans.logical.LogicalPlan.transformDownWithPruning(LogicalPlan.scala:37)
[2026-03-23T00:20:12.185+0000] {subprocess.py:93} INFO - 	at org.apache.spark.sql.catalyst.plans.logical.LogicalPlan.transformDownWithPruning(LogicalPlan.scala:37)
[2026-03-23T00:20:12.185+0000] {subprocess.py:93} INFO - 	at org.apache.spark.sql.catalyst.trees.TreeNode.transformDown(TreeNode.scala:446)
[2026-03-23T00:20:12.185+0000] {subprocess.py:93} INFO - 	at org.apache.spark.sql.execution.QueryExecution.eagerlyExecuteCommands(QueryExecution.scala:164)
[2026-03-23T00:20:12.185+0000] {subprocess.py:93} INFO - 	at org.apache.spark.sql.execution.QueryExecution.$anonfun$lazyCommandExecuted$1(QueryExecution.scala:126)
[2026-03-23T00:20:12.185+0000] {subprocess.py:93} INFO - 	at scala.util.Try$.apply(Try.scala:217)
[2026-03-23T00:20:12.185+0000] {subprocess.py:93} INFO - 	at org.apache.spark.util.Utils$.doTryWithCallerStacktrace(Utils.scala:1378)
[2026-03-23T00:20:12.185+0000] {subprocess.py:93} INFO - 	at org.apache.spark.util.Utils$.getTryWithCallerStacktrace(Utils.scala:1439)
[2026-03-23T00:20:12.185+0000] {subprocess.py:93} INFO - 	at org.apache.spark.util.LazyTry.get(LazyTry.scala:58)
[2026-03-23T00:20:12.186+0000] {subprocess.py:93} INFO - 	at org.apache.spark.sql.execution.QueryExecution.commandExecuted(QueryExecution.scala:131)
[2026-03-23T00:20:12.186+0000] {subprocess.py:93} INFO - 	at org.apache.spark.sql.execution.QueryExecution.assertCommandExecuted(QueryExecution.scala:192)
[2026-03-23T00:20:12.186+0000] {subprocess.py:93} INFO - 	at org.apache.spark.sql.classic.DataFrameWriter.runCommand(DataFrameWriter.scala:622)
[2026-03-23T00:20:12.186+0000] {subprocess.py:93} INFO - 	at org.apache.spark.sql.classic.DataFrameWriter.saveToV1Source(DataFrameWriter.scala:273)
[2026-03-23T00:20:12.186+0000] {subprocess.py:93} INFO - 	at org.apache.spark.sql.classic.DataFrameWriter.saveInternal(DataFrameWriter.scala:241)
[2026-03-23T00:20:12.186+0000] {subprocess.py:93} INFO - 	at org.apache.spark.sql.classic.DataFrameWriter.save(DataFrameWriter.scala:118)
[2026-03-23T00:20:12.186+0000] {subprocess.py:93} INFO - 	at java.base/jdk.internal.reflect.NativeMethodAccessorImpl.invoke0(Native Method)
[2026-03-23T00:20:12.187+0000] {subprocess.py:93} INFO - 	at java.base/jdk.internal.reflect.NativeMethodAccessorImpl.invoke(NativeMethodAccessorImpl.java:77)
[2026-03-23T00:20:12.187+0000] {subprocess.py:93} INFO - 	at java.base/jdk.internal.reflect.DelegatingMethodAccessorImpl.invoke(DelegatingMethodAccessorImpl.java:43)
[2026-03-23T00:20:12.187+0000] {subprocess.py:93} INFO - 	at java.base/java.lang.reflect.Method.invoke(Method.java:569)
[2026-03-23T00:20:12.187+0000] {subprocess.py:93} INFO - 	at py4j.reflection.MethodInvoker.invoke(MethodInvoker.java:244)
[2026-03-23T00:20:12.187+0000] {subprocess.py:93} INFO - 	at py4j.reflection.ReflectionEngine.invoke(ReflectionEngine.java:374)
[2026-03-23T00:20:12.187+0000] {subprocess.py:93} INFO - 	at py4j.Gateway.invoke(Gateway.java:282)
[2026-03-23T00:20:12.187+0000] {subprocess.py:93} INFO - 	at py4j.commands.AbstractCommand.invokeMethod(AbstractCommand.java:132)
[2026-03-23T00:20:12.187+0000] {subprocess.py:93} INFO - 	at py4j.commands.CallCommand.execute(CallCommand.java:79)
[2026-03-23T00:20:12.188+0000] {subprocess.py:93} INFO - 	at py4j.ClientServerConnection.waitForCommands(ClientServerConnection.java:184)
[2026-03-23T00:20:12.188+0000] {subprocess.py:93} INFO - 	at py4j.ClientServerConnection.run(ClientServerConnection.java:108)
[2026-03-23T00:20:12.188+0000] {subprocess.py:93} INFO - 	at java.base/java.lang.Thread.run(Thread.java:840)
[2026-03-23T00:20:12.188+0000] {subprocess.py:93} INFO - 	Suppressed: org.apache.spark.util.Utils$OriginalTryStackTraceException: Full stacktrace of original doTryWithCallerStacktrace caller
[2026-03-23T00:20:12.188+0000] {subprocess.py:93} INFO - 		at org.apache.spark.sql.errors.QueryExecutionErrors$.cannotClearOutputDirectoryError(QueryExecutionErrors.scala:786)
[2026-03-23T00:20:12.188+0000] {subprocess.py:93} INFO - 		at org.apache.spark.sql.execution.datasources.InsertIntoHadoopFsRelationCommand.deleteMatchingPartitions(InsertIntoHadoopFsRelationCommand.scala:244)
[2026-03-23T00:20:12.188+0000] {subprocess.py:93} INFO - 		at org.apache.spark.sql.execution.datasources.InsertIntoHadoopFsRelationCommand.run(InsertIntoHadoopFsRelationCommand.scala:136)
[2026-03-23T00:20:12.189+0000] {subprocess.py:93} INFO - 		at org.apache.spark.sql.execution.command.DataWritingCommandExec.sideEffectResult$lzycompute(commands.scala:117)
[2026-03-23T00:20:12.189+0000] {subprocess.py:93} INFO - 		at org.apache.spark.sql.execution.command.DataWritingCommandExec.sideEffectResult(commands.scala:115)
[2026-03-23T00:20:12.189+0000] {subprocess.py:93} INFO - 		at org.apache.spark.sql.execution.command.DataWritingCommandExec.executeCollect(commands.scala:129)
[2026-03-23T00:20:12.189+0000] {subprocess.py:93} INFO - 		at org.apache.spark.sql.execution.QueryExecution.$anonfun$eagerlyExecuteCommands$2(QueryExecution.scala:155)
[2026-03-23T00:20:12.189+0000] {subprocess.py:93} INFO - 		at org.apache.spark.sql.execution.SQLExecution$.$anonfun$withNewExecutionId0$8(SQLExecution.scala:163)
[2026-03-23T00:20:12.189+0000] {subprocess.py:93} INFO - 		at org.apache.spark.sql.execution.SQLExecution$.withSessionTagsApplied(SQLExecution.scala:272)
[2026-03-23T00:20:12.189+0000] {subprocess.py:93} INFO - 		at org.apache.spark.sql.execution.SQLExecution$.$anonfun$withNewExecutionId0$7(SQLExecution.scala:125)
[2026-03-23T00:20:12.190+0000] {subprocess.py:93} INFO - 		at org.apache.spark.JobArtifactSet$.withActiveJobArtifactState(JobArtifactSet.scala:94)
[2026-03-23T00:20:12.190+0000] {subprocess.py:93} INFO - 		at org.apache.spark.sql.artifact.ArtifactManager.$anonfun$withResources$1(ArtifactManager.scala:112)
[2026-03-23T00:20:12.190+0000] {subprocess.py:93} INFO - 		at org.apache.spark.sql.artifact.ArtifactManager.withClassLoaderIfNeeded(ArtifactManager.scala:106)
[2026-03-23T00:20:12.190+0000] {subprocess.py:93} INFO - 		at org.apache.spark.sql.artifact.ArtifactManager.withResources(ArtifactManager.scala:111)
[2026-03-23T00:20:12.190+0000] {subprocess.py:93} INFO - 		at org.apache.spark.sql.execution.SQLExecution$.$anonfun$withNewExecutionId0$6(SQLExecution.scala:125)
[2026-03-23T00:20:12.191+0000] {subprocess.py:93} INFO - 		at org.apache.spark.sql.execution.SQLExecution$.withSQLConfPropagated(SQLExecution.scala:295)
[2026-03-23T00:20:12.191+0000] {subprocess.py:93} INFO - 		at org.apache.spark.sql.execution.SQLExecution$.$anonfun$withNewExecutionId0$1(SQLExecution.scala:124)
[2026-03-23T00:20:12.191+0000] {subprocess.py:93} INFO - 		at org.apache.spark.sql.SparkSession.withActive(SparkSession.scala:804)
[2026-03-23T00:20:12.191+0000] {subprocess.py:93} INFO - 		at org.apache.spark.sql.execution.SQLExecution$.withNewExecutionId0(SQLExecution.scala:78)
[2026-03-23T00:20:12.191+0000] {subprocess.py:93} INFO - 		at org.apache.spark.sql.execution.SQLExecution$.withNewExecutionId(SQLExecution.scala:237)
[2026-03-23T00:20:12.191+0000] {subprocess.py:93} INFO - 		at org.apache.spark.sql.execution.QueryExecution.$anonfun$eagerlyExecuteCommands$1(QueryExecution.scala:155)
[2026-03-23T00:20:12.191+0000] {subprocess.py:93} INFO - 		at org.apache.spark.sql.execution.QueryExecution$.withInternalError(QueryExecution.scala:654)
[2026-03-23T00:20:12.191+0000] {subprocess.py:93} INFO - 		at org.apache.spark.sql.execution.QueryExecution.org$apache$spark$sql$execution$QueryExecution$$eagerlyExecute$1(QueryExecution.scala:154)
[2026-03-23T00:20:12.192+0000] {subprocess.py:93} INFO - 		at org.apache.spark.sql.execution.QueryExecution$$anonfun$eagerlyExecuteCommands$3.applyOrElse(QueryExecution.scala:169)
[2026-03-23T00:20:12.192+0000] {subprocess.py:93} INFO - 		at org.apache.spark.sql.execution.QueryExecution$$anonfun$eagerlyExecuteCommands$3.applyOrElse(QueryExecution.scala:164)
[2026-03-23T00:20:12.192+0000] {subprocess.py:93} INFO - 		at org.apache.spark.sql.catalyst.trees.TreeNode.$anonfun$transformDownWithPruning$1(TreeNode.scala:470)
[2026-03-23T00:20:12.192+0000] {subprocess.py:93} INFO - 		at org.apache.spark.sql.catalyst.trees.CurrentOrigin$.withOrigin(origin.scala:86)
[2026-03-23T00:20:12.192+0000] {subprocess.py:93} INFO - 		at org.apache.spark.sql.catalyst.trees.TreeNode.transformDownWithPruning(TreeNode.scala:470)
[2026-03-23T00:20:12.192+0000] {subprocess.py:93} INFO - 		at org.apache.spark.sql.catalyst.plans.logical.LogicalPlan.org$apache$spark$sql$catalyst$plans$logical$AnalysisHelper$$super$transformDownWithPruning(LogicalPlan.scala:37)
[2026-03-23T00:20:12.192+0000] {subprocess.py:93} INFO - 		at org.apache.spark.sql.catalyst.plans.logical.AnalysisHelper.transformDownWithPruning(AnalysisHelper.scala:360)
[2026-03-23T00:20:12.193+0000] {subprocess.py:93} INFO - 		at org.apache.spark.sql.catalyst.plans.logical.AnalysisHelper.transformDownWithPruning$(AnalysisHelper.scala:356)
[2026-03-23T00:20:12.193+0000] {subprocess.py:93} INFO - 		at org.apache.spark.sql.catalyst.plans.logical.LogicalPlan.transformDownWithPruning(LogicalPlan.scala:37)
[2026-03-23T00:20:12.193+0000] {subprocess.py:93} INFO - 		at org.apache.spark.sql.catalyst.plans.logical.LogicalPlan.transformDownWithPruning(LogicalPlan.scala:37)
[2026-03-23T00:20:12.193+0000] {subprocess.py:93} INFO - 		at org.apache.spark.sql.catalyst.trees.TreeNode.transformDown(TreeNode.scala:446)
[2026-03-23T00:20:12.193+0000] {subprocess.py:93} INFO - 		at org.apache.spark.sql.execution.QueryExecution.eagerlyExecuteCommands(QueryExecution.scala:164)
[2026-03-23T00:20:12.193+0000] {subprocess.py:93} INFO - 		at org.apache.spark.sql.execution.QueryExecution.$anonfun$lazyCommandExecuted$1(QueryExecution.scala:126)
[2026-03-23T00:20:12.193+0000] {subprocess.py:93} INFO - 		at scala.util.Try$.apply(Try.scala:217)
[2026-03-23T00:20:12.194+0000] {subprocess.py:93} INFO - 		at org.apache.spark.util.Utils$.doTryWithCallerStacktrace(Utils.scala:1378)
[2026-03-23T00:20:12.194+0000] {subprocess.py:93} INFO - 		at org.apache.spark.util.LazyTry.tryT$lzycompute(LazyTry.scala:46)
[2026-03-23T00:20:12.194+0000] {subprocess.py:93} INFO - 		at org.apache.spark.util.LazyTry.tryT(LazyTry.scala:46)
[2026-03-23T00:20:12.194+0000] {subprocess.py:93} INFO - 		... 19 more
[2026-03-23T00:20:12.194+0000] {subprocess.py:93} INFO - 
[2026-03-23T00:20:12.194+0000] {subprocess.py:93} INFO - 
[2026-03-23T00:20:12.194+0000] {subprocess.py:93} INFO - The above exception was the direct cause of the following exception:
[2026-03-23T00:20:12.194+0000] {subprocess.py:93} INFO - 
[2026-03-23T00:20:12.195+0000] {subprocess.py:93} INFO - Traceback (most recent call last):
[2026-03-23T00:20:12.195+0000] {subprocess.py:93} INFO -   File "/app/src/main.py", line 29, in main
[2026-03-23T00:20:12.195+0000] {subprocess.py:93} INFO -     engine.run()
[2026-03-23T00:20:12.195+0000] {subprocess.py:93} INFO -   File "/app/src/engine.py", line 70, in run
[2026-03-23T00:20:12.195+0000] {subprocess.py:93} INFO -     write_output(self.dataframes[sink_input], sink)
[2026-03-23T00:20:12.195+0000] {subprocess.py:93} INFO -   File "/app/src/writer.py", line 39, in write_output
[2026-03-23T00:20:12.195+0000] {subprocess.py:93} INFO -     raise RuntimeError(
[2026-03-23T00:20:12.195+0000] {subprocess.py:93} INFO - RuntimeError: Failed writing sink 'raw-ok' to path 'data/output/events/motor_policy' with format 'JSON' and mode 'OVERWRITE'
[2026-03-23T00:20:12.196+0000] {subprocess.py:93} INFO - 2026-03-23 00:20:12,177 - __main__ - INFO - Stopping Spark session...
[2026-03-23T00:20:12.245+0000] {subprocess.py:93} INFO - 2026-03-23 00:20:12,245 - __main__ - CRITICAL - Fatal error: Failed writing sink 'raw-ok' to path 'data/output/events/motor_policy' with format 'JSON' and mode 'OVERWRITE'
[2026-03-23T00:20:12.246+0000] {subprocess.py:93} INFO - Pipeline execution failed: Failed writing sink 'raw-ok' to path 'data/output/events/motor_policy' with format 'JSON' and mode 'OVERWRITE'
[2026-03-23T00:20:12.778+0000] {subprocess.py:93} INFO - 
[2026-03-23T00:20:12.778+0000] {subprocess.py:93} INFO - Pipeline execution completed with exit code: 1
[2026-03-23T00:20:12.779+0000] {subprocess.py:93} INFO - ✗ Pipeline failed with errors (see logs above)
[2026-03-23T00:20:12.779+0000] {subprocess.py:97} INFO - Command exited with return code 1
[2026-03-23T00:20:12.808+0000] {taskinstance.py:1937} ERROR - Task failed with exception
Traceback (most recent call last):
  File "/home/airflow/.local/lib/python3.9/site-packages/airflow/operators/bash.py", line 210, in execute
    raise AirflowException(
airflow.exceptions.AirflowException: Bash command failed. The command returned a non-zero exit code 1.
[2026-03-23T00:20:12.814+0000] {taskinstance.py:1400} INFO - Marking task as UP_FOR_RETRY. dag_id=dynamic_spark_pipeline, task_id=run_pipeline, execution_date=20260321T020000, start_date=20260323T001959, end_date=20260323T002012
[2026-03-23T00:20:12.838+0000] {standard_task_runner.py:104} ERROR - Failed to execute job 13 for task run_pipeline (Bash command failed. The command returned a non-zero exit code 1.; 1285)
[2026-03-23T00:20:12.870+0000] {local_task_job_runner.py:228} INFO - Task exited with return code 1
[2026-03-23T00:20:12.904+0000] {taskinstance.py:2778} INFO - 0 downstream tasks scheduled from follow-on schedule check
[2026-03-23T00:34:25.538+0000] {taskinstance.py:1159} INFO - Dependencies all met for dep_context=non-requeueable deps ti=<TaskInstance: dynamic_spark_pipeline.run_pipeline scheduled__2026-03-21T02:00:00+00:00 [queued]>
[2026-03-23T00:34:25.554+0000] {taskinstance.py:1159} INFO - Dependencies all met for dep_context=requeueable deps ti=<TaskInstance: dynamic_spark_pipeline.run_pipeline scheduled__2026-03-21T02:00:00+00:00 [queued]>
[2026-03-23T00:34:25.555+0000] {taskinstance.py:1361} INFO - Starting attempt 1 of 3
[2026-03-23T00:34:25.577+0000] {taskinstance.py:1382} INFO - Executing <Task(BashOperator): run_pipeline> on 2026-03-21 02:00:00+00:00
[2026-03-23T00:34:25.581+0000] {standard_task_runner.py:57} INFO - Started process 185 to run task
[2026-03-23T00:34:25.584+0000] {standard_task_runner.py:84} INFO - Running: ['***', 'tasks', 'run', 'dynamic_spark_pipeline', 'run_pipeline', 'scheduled__2026-03-21T02:00:00+00:00', '--job-id', '4', '--raw', '--subdir', 'DAGS_FOLDER/dynamic_spark_pipeline_dag.py', '--cfg-path', '/tmp/tmp30_suohc']
[2026-03-23T00:34:25.588+0000] {standard_task_runner.py:85} INFO - Job 4: Subtask run_pipeline
[2026-03-23T00:34:25.803+0000] {task_command.py:416} INFO - Running <TaskInstance: dynamic_spark_pipeline.run_pipeline scheduled__2026-03-21T02:00:00+00:00 [running]> on host e42bc663f5c9
[2026-03-23T00:34:25.967+0000] {taskinstance.py:1662} INFO - Exporting env vars: AIRFLOW_CTX_DAG_OWNER='Nasredine Ouelseti' AIRFLOW_CTX_DAG_ID='dynamic_spark_pipeline' AIRFLOW_CTX_TASK_ID='run_pipeline' AIRFLOW_CTX_EXECUTION_DATE='2026-03-21T02:00:00+00:00' AIRFLOW_CTX_TRY_NUMBER='1' AIRFLOW_CTX_DAG_RUN_ID='scheduled__2026-03-21T02:00:00+00:00'
[2026-03-23T00:34:25.968+0000] {subprocess.py:63} INFO - Tmp dir root location: /tmp
[2026-03-23T00:34:25.969+0000] {subprocess.py:75} INFO - Running command: ['/bin/bash', '-c', '\nset -e\n\necho "Starting Spark pipeline execution..."\necho "Configuration: /app/metadata/config.json"\necho "Data path: /app/data"\necho "Script: /app/src/main.py"\necho "Log path: /app/***/logs/pipeline"\n\n# Pre-create critical directories with proper error handling\necho "Preparing directories..."\nLOG_DIR_BACKUP="/tmp/***_logs"\n\n# Try to create log directory with primary path\nif mkdir -p "/app/***/logs/pipeline" 2>/dev/null && touch "/app/***/logs/pipeline/.write_test" 2>/dev/null; then\n    echo "✓ Using primary log path: /app/***/logs/pipeline"\n    rm -f "/app/***/logs/pipeline/.write_test"\nelse\n    echo "⚠ Primary log path not writable, using backup: $LOG_DIR_BACKUP"\n    mkdir -p "$LOG_DIR_BACKUP"\n    mkdir -p "/app/data/output" 2>/dev/null || true\nfi\n\n# Create data output directory (non-critical)\nmkdir -p "/app/data/output" 2>/dev/null || echo "⚠ Warning: Could not create data output directory"\n\n# Clean up old output files to prevent Spark OVERWRITE permission issues\necho "Cleaning previous output..."\nfind "/app/data/output" -type d -name "events" -o -name "discards" 2>/dev/null | while read dir; do\n    if [ -d "$dir" ]; then\n        rm -rf "$dir" 2>/dev/null && echo "  ✓ Removed $dir" || echo "  ⚠ Could not remove $dir (will retry if writable)"\n    fi\ndone\nmkdir -p "/app/data/output/events" 2>/dev/null || true\nmkdir -p "/app/data/output/discards" 2>/dev/null || true\n\n# Set effective log path for the script\nexport LOG_PATH_EFFECTIVE="/app/***/logs/pipeline"\nif [ ! -w "/app/***/logs/pipeline" ]; then\n    export LOG_PATH_EFFECTIVE="$LOG_DIR_BACKUP"\nfi\n\necho "Effective log path: $LOG_PATH_EFFECTIVE"\n\n# Change to application home directory\nif [ -d "/app" ]; then\n    cd "/app"\n    echo "✓ Changed to: /app"\nelse\n    echo "✗ Application directory not found: /app"\n    exit 1\nfi\n\n# Run the pipeline script\necho "Executing pipeline script..."\npython "/app/src/main.py" 2>&1 | tee -a "$LOG_PATH_EFFECTIVE/pipeline.log" || true\n\n# Capture exit code\nEXIT_CODE=${PIPESTATUS[0]}\n\n# Report results\necho ""\necho "Pipeline execution completed with exit code: $EXIT_CODE"\n\nif [ $EXIT_CODE -eq 0 ]; then\n    echo "✓ Pipeline executed successfully"\n    exit 0\nelse\n    echo "✗ Pipeline failed with errors (see logs above)"\n    exit $EXIT_CODE\nfi\n        ']
[2026-03-23T00:34:25.980+0000] {subprocess.py:86} INFO - Output:
[2026-03-23T00:34:25.982+0000] {subprocess.py:93} INFO - Starting Spark pipeline execution...
[2026-03-23T00:34:25.982+0000] {subprocess.py:93} INFO - Configuration: /app/metadata/config.json
[2026-03-23T00:34:25.983+0000] {subprocess.py:93} INFO - Data path: /app/data
[2026-03-23T00:34:25.983+0000] {subprocess.py:93} INFO - Script: /app/src/main.py
[2026-03-23T00:34:25.983+0000] {subprocess.py:93} INFO - Log path: /app/***/logs/pipeline
[2026-03-23T00:34:25.983+0000] {subprocess.py:93} INFO - Preparing directories...
[2026-03-23T00:34:25.989+0000] {subprocess.py:93} INFO - ✓ Using primary log path: /app/***/logs/pipeline
[2026-03-23T00:34:25.994+0000] {subprocess.py:93} INFO - Cleaning previous output...
[2026-03-23T00:34:26.004+0000] {subprocess.py:93} INFO -   ⚠ Could not remove /app/data/output/discards (will retry if writable)
[2026-03-23T00:34:26.007+0000] {subprocess.py:93} INFO -   ⚠ Could not remove /app/data/output/events (will retry if writable)
[2026-03-23T00:34:26.012+0000] {subprocess.py:93} INFO - Effective log path: /app/***/logs/pipeline
[2026-03-23T00:34:26.012+0000] {subprocess.py:93} INFO - ✓ Changed to: /app
[2026-03-23T00:34:26.012+0000] {subprocess.py:93} INFO - Executing pipeline script...
[2026-03-23T00:34:26.803+0000] {subprocess.py:93} INFO - 2026-03-23 00:34:26,803 - __main__ - INFO - Starting Dynamic Spark Pipeline...
[2026-03-23T00:34:26.805+0000] {subprocess.py:93} INFO - 2026-03-23 00:34:26,805 - __main__ - INFO - Loading config from metadata/config.json
[2026-03-23T00:34:26.805+0000] {subprocess.py:93} INFO - 2026-03-23 00:34:26,805 - __main__ - INFO - Creating Spark session...
[2026-03-23T00:34:27.275+0000] {subprocess.py:93} INFO - WARNING: Using incubator modules: jdk.incubator.vector
[2026-03-23T00:34:29.830+0000] {subprocess.py:93} INFO - Using Spark's default log4j profile: org/apache/spark/log4j2-defaults.properties
[2026-03-23T00:34:29.834+0000] {subprocess.py:93} INFO - Setting default log level to "WARN".
[2026-03-23T00:34:29.835+0000] {subprocess.py:93} INFO - To adjust logging level use sc.setLogLevel(newLevel). For SparkR, use setLogLevel(newLevel).
[2026-03-23T00:34:32.953+0000] {subprocess.py:93} INFO - 26/03/23 00:34:32 WARN NativeCodeLoader: Unable to load native-hadoop library for your platform... using builtin-java classes where applicable
[2026-03-23T00:34:34.234+0000] {subprocess.py:93} INFO - 26/03/23 00:34:34 WARN Utils: Service 'SparkUI' could not bind on port 4040. Attempting port 4041.
[2026-03-23T00:34:39.858+0000] {subprocess.py:93} INFO - 2026-03-23 00:34:39,857 - __main__ - INFO - Executing 1 dataflow(s)...
[2026-03-23T00:34:44.617+0000] {subprocess.py:93} INFO - [Stage 0:>                                                          (0 + 1) / 1]                                                                                26/03/23 00:34:44 WARN FileUtil: Failed to delete file or dir [/app/data/output/events/motor_policy/_SUCCESS]: it still exists.
[2026-03-23T00:34:44.617+0000] {subprocess.py:93} INFO - 26/03/23 00:34:44 WARN FileUtil: Failed to delete file or dir [/app/data/output/events/motor_policy/._SUCCESS.crc]: it still exists.
[2026-03-23T00:34:44.617+0000] {subprocess.py:93} INFO - 26/03/23 00:34:44 WARN FileUtil: Failed to delete file or dir [/app/data/output/events/motor_policy/part-00000-b78ac4d7-b1a9-45ed-8a83-22bb8cbb1034-c000.json]: it still exists.
[2026-03-23T00:34:44.618+0000] {subprocess.py:93} INFO - 26/03/23 00:34:44 WARN FileUtil: Failed to delete file or dir [/app/data/output/events/motor_policy/.part-00000-b78ac4d7-b1a9-45ed-8a83-22bb8cbb1034-c000.json.crc]: it still exists.
[2026-03-23T00:34:44.803+0000] {subprocess.py:93} INFO - 26/03/23 00:34:44 WARN FileUtil: Failed to delete file or dir [/app/data/output/events/motor_policy/_SUCCESS]: it still exists.
[2026-03-23T00:34:44.804+0000] {subprocess.py:93} INFO - 26/03/23 00:34:44 WARN FileUtil: Failed to delete file or dir [/app/data/output/events/motor_policy/._SUCCESS.crc]: it still exists.
[2026-03-23T00:34:44.804+0000] {subprocess.py:93} INFO - 26/03/23 00:34:44 WARN FileUtil: Failed to delete file or dir [/app/data/output/events/motor_policy/part-00000-b78ac4d7-b1a9-45ed-8a83-22bb8cbb1034-c000.json]: it still exists.
[2026-03-23T00:34:44.804+0000] {subprocess.py:93} INFO - 26/03/23 00:34:44 WARN FileUtil: Failed to delete file or dir [/app/data/output/events/motor_policy/.part-00000-b78ac4d7-b1a9-45ed-8a83-22bb8cbb1034-c000.json.crc]: it still exists.
[2026-03-23T00:34:44.963+0000] {subprocess.py:93} INFO - [raw-ok] Cleaning output directory before write: data/output/events/motor_policy
[2026-03-23T00:34:44.964+0000] {subprocess.py:93} INFO - [raw-ok] Attempting aggressive cleanup of data/output/events/motor_policy
[2026-03-23T00:34:44.964+0000] {subprocess.py:93} INFO - 2026-03-23 00:34:44,875 - __main__ - ERROR - Pipeline execution failed: Failed writing sink 'raw-ok' to path 'data/output/events/motor_policy' (even after cleanup). Format: 'JSON', Mode: 'OVERWRITE'. Original error: An error occurred while calling o70.save.
[2026-03-23T00:34:44.964+0000] {subprocess.py:93} INFO - : org.apache.spark.SparkException: Unable to clear output directory file:/app/data/output/events/motor_policy prior to writing to it.
[2026-03-23T00:34:44.965+0000] {subprocess.py:93} INFO - 	at org.apache.spark.sql.errors.QueryExecutionErrors$.cannotClearOutputDirectoryError(QueryExecutionErrors.scala:786)
[2026-03-23T00:34:44.965+0000] {subprocess.py:93} INFO - 	at org.apache.spark.sql.execution.datasources.InsertIntoHadoopFsRelationCommand.deleteMatchingPartitions(InsertIntoHadoopFsRelationCommand.scala:244)
[2026-03-23T00:34:44.965+0000] {subprocess.py:93} INFO - 	at org.apache.spark.sql.execution.datasources.InsertIntoHadoopFsRelationCommand.run(InsertIntoHadoopFsRelationCommand.scala:136)
[2026-03-23T00:34:44.965+0000] {subprocess.py:93} INFO - 	at org.apache.spark.sql.execution.command.DataWritingCommandExec.sideEffectResult$lzycompute(commands.scala:117)
[2026-03-23T00:34:44.965+0000] {subprocess.py:93} INFO - 	at org.apache.spark.sql.execution.command.DataWritingCommandExec.sideEffectResult(commands.scala:115)
[2026-03-23T00:34:44.966+0000] {subprocess.py:93} INFO - 	at org.apache.spark.sql.execution.command.DataWritingCommandExec.executeCollect(commands.scala:129)
[2026-03-23T00:34:44.966+0000] {subprocess.py:93} INFO - 	at org.apache.spark.sql.execution.QueryExecution.$anonfun$eagerlyExecuteCommands$2(QueryExecution.scala:155)
[2026-03-23T00:34:44.966+0000] {subprocess.py:93} INFO - 	at org.apache.spark.sql.execution.SQLExecution$.$anonfun$withNewExecutionId0$8(SQLExecution.scala:163)
[2026-03-23T00:34:44.967+0000] {subprocess.py:93} INFO - 	at org.apache.spark.sql.execution.SQLExecution$.withSessionTagsApplied(SQLExecution.scala:272)
[2026-03-23T00:34:44.967+0000] {subprocess.py:93} INFO - 	at org.apache.spark.sql.execution.SQLExecution$.$anonfun$withNewExecutionId0$7(SQLExecution.scala:125)
[2026-03-23T00:34:44.967+0000] {subprocess.py:93} INFO - 	at org.apache.spark.JobArtifactSet$.withActiveJobArtifactState(JobArtifactSet.scala:94)
[2026-03-23T00:34:44.967+0000] {subprocess.py:93} INFO - 	at org.apache.spark.sql.artifact.ArtifactManager.$anonfun$withResources$1(ArtifactManager.scala:112)
[2026-03-23T00:34:44.967+0000] {subprocess.py:93} INFO - 	at org.apache.spark.sql.artifact.ArtifactManager.withClassLoaderIfNeeded(ArtifactManager.scala:106)
[2026-03-23T00:34:44.968+0000] {subprocess.py:93} INFO - 	at org.apache.spark.sql.artifact.ArtifactManager.withResources(ArtifactManager.scala:111)
[2026-03-23T00:34:44.968+0000] {subprocess.py:93} INFO - 	at org.apache.spark.sql.execution.SQLExecution$.$anonfun$withNewExecutionId0$6(SQLExecution.scala:125)
[2026-03-23T00:34:44.968+0000] {subprocess.py:93} INFO - 	at org.apache.spark.sql.execution.SQLExecution$.withSQLConfPropagated(SQLExecution.scala:295)
[2026-03-23T00:34:44.968+0000] {subprocess.py:93} INFO - 	at org.apache.spark.sql.execution.SQLExecution$.$anonfun$withNewExecutionId0$1(SQLExecution.scala:124)
[2026-03-23T00:34:44.969+0000] {subprocess.py:93} INFO - 	at org.apache.spark.sql.SparkSession.withActive(SparkSession.scala:804)
[2026-03-23T00:34:44.969+0000] {subprocess.py:93} INFO - 	at org.apache.spark.sql.execution.SQLExecution$.withNewExecutionId0(SQLExecution.scala:78)
[2026-03-23T00:34:44.969+0000] {subprocess.py:93} INFO - 	at org.apache.spark.sql.execution.SQLExecution$.withNewExecutionId(SQLExecution.scala:237)
[2026-03-23T00:34:44.970+0000] {subprocess.py:93} INFO - 	at org.apache.spark.sql.execution.QueryExecution.$anonfun$eagerlyExecuteCommands$1(QueryExecution.scala:155)
[2026-03-23T00:34:44.970+0000] {subprocess.py:93} INFO - 	at org.apache.spark.sql.execution.QueryExecution$.withInternalError(QueryExecution.scala:654)
[2026-03-23T00:34:44.970+0000] {subprocess.py:93} INFO - 	at org.apache.spark.sql.execution.QueryExecution.org$apache$spark$sql$execution$QueryExecution$$eagerlyExecute$1(QueryExecution.scala:154)
[2026-03-23T00:34:44.970+0000] {subprocess.py:93} INFO - 	at org.apache.spark.sql.execution.QueryExecution$$anonfun$eagerlyExecuteCommands$3.applyOrElse(QueryExecution.scala:169)
[2026-03-23T00:34:44.970+0000] {subprocess.py:93} INFO - 	at org.apache.spark.sql.execution.QueryExecution$$anonfun$eagerlyExecuteCommands$3.applyOrElse(QueryExecution.scala:164)
[2026-03-23T00:34:44.971+0000] {subprocess.py:93} INFO - 	at org.apache.spark.sql.catalyst.trees.TreeNode.$anonfun$transformDownWithPruning$1(TreeNode.scala:470)
[2026-03-23T00:34:44.971+0000] {subprocess.py:93} INFO - 	at org.apache.spark.sql.catalyst.trees.CurrentOrigin$.withOrigin(origin.scala:86)
[2026-03-23T00:34:44.971+0000] {subprocess.py:93} INFO - 	at org.apache.spark.sql.catalyst.trees.TreeNode.transformDownWithPruning(TreeNode.scala:470)
[2026-03-23T00:34:44.971+0000] {subprocess.py:93} INFO - 	at org.apache.spark.sql.catalyst.plans.logical.LogicalPlan.org$apache$spark$sql$catalyst$plans$logical$AnalysisHelper$$super$transformDownWithPruning(LogicalPlan.scala:37)
[2026-03-23T00:34:44.972+0000] {subprocess.py:93} INFO - 	at org.apache.spark.sql.catalyst.plans.logical.AnalysisHelper.transformDownWithPruning(AnalysisHelper.scala:360)
[2026-03-23T00:34:44.972+0000] {subprocess.py:93} INFO - 	at org.apache.spark.sql.catalyst.plans.logical.AnalysisHelper.transformDownWithPruning$(AnalysisHelper.scala:356)
[2026-03-23T00:34:44.972+0000] {subprocess.py:93} INFO - 	at org.apache.spark.sql.catalyst.plans.logical.LogicalPlan.transformDownWithPruning(LogicalPlan.scala:37)
[2026-03-23T00:34:44.973+0000] {subprocess.py:93} INFO - 	at org.apache.spark.sql.catalyst.plans.logical.LogicalPlan.transformDownWithPruning(LogicalPlan.scala:37)
[2026-03-23T00:34:44.973+0000] {subprocess.py:93} INFO - 	at org.apache.spark.sql.catalyst.trees.TreeNode.transformDown(TreeNode.scala:446)
[2026-03-23T00:34:44.973+0000] {subprocess.py:93} INFO - 	at org.apache.spark.sql.execution.QueryExecution.eagerlyExecuteCommands(QueryExecution.scala:164)
[2026-03-23T00:34:44.973+0000] {subprocess.py:93} INFO - 	at org.apache.spark.sql.execution.QueryExecution.$anonfun$lazyCommandExecuted$1(QueryExecution.scala:126)
[2026-03-23T00:34:44.974+0000] {subprocess.py:93} INFO - 	at scala.util.Try$.apply(Try.scala:217)
[2026-03-23T00:34:44.974+0000] {subprocess.py:93} INFO - 	at org.apache.spark.util.Utils$.doTryWithCallerStacktrace(Utils.scala:1378)
[2026-03-23T00:34:44.974+0000] {subprocess.py:93} INFO - 	at org.apache.spark.util.Utils$.getTryWithCallerStacktrace(Utils.scala:1439)
[2026-03-23T00:34:44.974+0000] {subprocess.py:93} INFO - 	at org.apache.spark.util.LazyTry.get(LazyTry.scala:58)
[2026-03-23T00:34:44.975+0000] {subprocess.py:93} INFO - 	at org.apache.spark.sql.execution.QueryExecution.commandExecuted(QueryExecution.scala:131)
[2026-03-23T00:34:44.975+0000] {subprocess.py:93} INFO - 	at org.apache.spark.sql.execution.QueryExecution.assertCommandExecuted(QueryExecution.scala:192)
[2026-03-23T00:34:44.975+0000] {subprocess.py:93} INFO - 	at org.apache.spark.sql.classic.DataFrameWriter.runCommand(DataFrameWriter.scala:622)
[2026-03-23T00:34:44.975+0000] {subprocess.py:93} INFO - 	at org.apache.spark.sql.classic.DataFrameWriter.saveToV1Source(DataFrameWriter.scala:273)
[2026-03-23T00:34:44.976+0000] {subprocess.py:93} INFO - 	at org.apache.spark.sql.classic.DataFrameWriter.saveInternal(DataFrameWriter.scala:241)
[2026-03-23T00:34:44.976+0000] {subprocess.py:93} INFO - 	at org.apache.spark.sql.classic.DataFrameWriter.save(DataFrameWriter.scala:118)
[2026-03-23T00:34:44.976+0000] {subprocess.py:93} INFO - 	at java.base/jdk.internal.reflect.NativeMethodAccessorImpl.invoke0(Native Method)
[2026-03-23T00:34:44.976+0000] {subprocess.py:93} INFO - 	at java.base/jdk.internal.reflect.NativeMethodAccessorImpl.invoke(NativeMethodAccessorImpl.java:77)
[2026-03-23T00:34:44.976+0000] {subprocess.py:93} INFO - 	at java.base/jdk.internal.reflect.DelegatingMethodAccessorImpl.invoke(DelegatingMethodAccessorImpl.java:43)
[2026-03-23T00:34:44.977+0000] {subprocess.py:93} INFO - 	at java.base/java.lang.reflect.Method.invoke(Method.java:569)
[2026-03-23T00:34:44.977+0000] {subprocess.py:93} INFO - 	at py4j.reflection.MethodInvoker.invoke(MethodInvoker.java:244)
[2026-03-23T00:34:44.977+0000] {subprocess.py:93} INFO - 	at py4j.reflection.ReflectionEngine.invoke(ReflectionEngine.java:374)
[2026-03-23T00:34:44.978+0000] {subprocess.py:93} INFO - 	at py4j.Gateway.invoke(Gateway.java:282)
[2026-03-23T00:34:44.978+0000] {subprocess.py:93} INFO - 	at py4j.commands.AbstractCommand.invokeMethod(AbstractCommand.java:132)
[2026-03-23T00:34:44.978+0000] {subprocess.py:93} INFO - 	at py4j.commands.CallCommand.execute(CallCommand.java:79)
[2026-03-23T00:34:44.978+0000] {subprocess.py:93} INFO - 	at py4j.ClientServerConnection.waitForCommands(ClientServerConnection.java:184)
[2026-03-23T00:34:44.979+0000] {subprocess.py:93} INFO - 	at py4j.ClientServerConnection.run(ClientServerConnection.java:108)
[2026-03-23T00:34:44.979+0000] {subprocess.py:93} INFO - 	at java.base/java.lang.Thread.run(Thread.java:840)
[2026-03-23T00:34:44.979+0000] {subprocess.py:93} INFO - 	Suppressed: org.apache.spark.util.Utils$OriginalTryStackTraceException: Full stacktrace of original doTryWithCallerStacktrace caller
[2026-03-23T00:34:44.979+0000] {subprocess.py:93} INFO - 		at org.apache.spark.sql.errors.QueryExecutionErrors$.cannotClearOutputDirectoryError(QueryExecutionErrors.scala:786)
[2026-03-23T00:34:44.980+0000] {subprocess.py:93} INFO - 		at org.apache.spark.sql.execution.datasources.InsertIntoHadoopFsRelationCommand.deleteMatchingPartitions(InsertIntoHadoopFsRelationCommand.scala:244)
[2026-03-23T00:34:44.980+0000] {subprocess.py:93} INFO - 		at org.apache.spark.sql.execution.datasources.InsertIntoHadoopFsRelationCommand.run(InsertIntoHadoopFsRelationCommand.scala:136)
[2026-03-23T00:34:44.980+0000] {subprocess.py:93} INFO - 		at org.apache.spark.sql.execution.command.DataWritingCommandExec.sideEffectResult$lzycompute(commands.scala:117)
[2026-03-23T00:34:44.980+0000] {subprocess.py:93} INFO - 		at org.apache.spark.sql.execution.command.DataWritingCommandExec.sideEffectResult(commands.scala:115)
[2026-03-23T00:34:44.981+0000] {subprocess.py:93} INFO - 		at org.apache.spark.sql.execution.command.DataWritingCommandExec.executeCollect(commands.scala:129)
[2026-03-23T00:34:44.981+0000] {subprocess.py:93} INFO - 		at org.apache.spark.sql.execution.QueryExecution.$anonfun$eagerlyExecuteCommands$2(QueryExecution.scala:155)
[2026-03-23T00:34:44.981+0000] {subprocess.py:93} INFO - 		at org.apache.spark.sql.execution.SQLExecution$.$anonfun$withNewExecutionId0$8(SQLExecution.scala:163)
[2026-03-23T00:34:44.981+0000] {subprocess.py:93} INFO - 		at org.apache.spark.sql.execution.SQLExecution$.withSessionTagsApplied(SQLExecution.scala:272)
[2026-03-23T00:34:44.982+0000] {subprocess.py:93} INFO - 		at org.apache.spark.sql.execution.SQLExecution$.$anonfun$withNewExecutionId0$7(SQLExecution.scala:125)
[2026-03-23T00:34:44.982+0000] {subprocess.py:93} INFO - 		at org.apache.spark.JobArtifactSet$.withActiveJobArtifactState(JobArtifactSet.scala:94)
[2026-03-23T00:34:44.982+0000] {subprocess.py:93} INFO - 		at org.apache.spark.sql.artifact.ArtifactManager.$anonfun$withResources$1(ArtifactManager.scala:112)
[2026-03-23T00:34:44.983+0000] {subprocess.py:93} INFO - 		at org.apache.spark.sql.artifact.ArtifactManager.withClassLoaderIfNeeded(ArtifactManager.scala:106)
[2026-03-23T00:34:44.983+0000] {subprocess.py:93} INFO - 		at org.apache.spark.sql.artifact.ArtifactManager.withResources(ArtifactManager.scala:111)
[2026-03-23T00:34:44.983+0000] {subprocess.py:93} INFO - 		at org.apache.spark.sql.execution.SQLExecution$.$anonfun$withNewExecutionId0$6(SQLExecution.scala:125)
[2026-03-23T00:34:44.983+0000] {subprocess.py:93} INFO - 		at org.apache.spark.sql.execution.SQLExecution$.withSQLConfPropagated(SQLExecution.scala:295)
[2026-03-23T00:34:44.983+0000] {subprocess.py:93} INFO - 		at org.apache.spark.sql.execution.SQLExecution$.$anonfun$withNewExecutionId0$1(SQLExecution.scala:124)
[2026-03-23T00:34:44.984+0000] {subprocess.py:93} INFO - 		at org.apache.spark.sql.SparkSession.withActive(SparkSession.scala:804)
[2026-03-23T00:34:44.984+0000] {subprocess.py:93} INFO - 		at org.apache.spark.sql.execution.SQLExecution$.withNewExecutionId0(SQLExecution.scala:78)
[2026-03-23T00:34:44.984+0000] {subprocess.py:93} INFO - 		at org.apache.spark.sql.execution.SQLExecution$.withNewExecutionId(SQLExecution.scala:237)
[2026-03-23T00:34:44.984+0000] {subprocess.py:93} INFO - 		at org.apache.spark.sql.execution.QueryExecution.$anonfun$eagerlyExecuteCommands$1(QueryExecution.scala:155)
[2026-03-23T00:34:44.985+0000] {subprocess.py:93} INFO - 		at org.apache.spark.sql.execution.QueryExecution$.withInternalError(QueryExecution.scala:654)
[2026-03-23T00:34:44.985+0000] {subprocess.py:93} INFO - 		at org.apache.spark.sql.execution.QueryExecution.org$apache$spark$sql$execution$QueryExecution$$eagerlyExecute$1(QueryExecution.scala:154)
[2026-03-23T00:34:44.985+0000] {subprocess.py:93} INFO - 		at org.apache.spark.sql.execution.QueryExecution$$anonfun$eagerlyExecuteCommands$3.applyOrElse(QueryExecution.scala:169)
[2026-03-23T00:34:44.985+0000] {subprocess.py:93} INFO - 		at org.apache.spark.sql.execution.QueryExecution$$anonfun$eagerlyExecuteCommands$3.applyOrElse(QueryExecution.scala:164)
[2026-03-23T00:34:44.985+0000] {subprocess.py:93} INFO - 		at org.apache.spark.sql.catalyst.trees.TreeNode.$anonfun$transformDownWithPruning$1(TreeNode.scala:470)
[2026-03-23T00:34:44.985+0000] {subprocess.py:93} INFO - 		at org.apache.spark.sql.catalyst.trees.CurrentOrigin$.withOrigin(origin.scala:86)
[2026-03-23T00:34:44.986+0000] {subprocess.py:93} INFO - 		at org.apache.spark.sql.catalyst.trees.TreeNode.transformDownWithPruning(TreeNode.scala:470)
[2026-03-23T00:34:44.986+0000] {subprocess.py:93} INFO - 		at org.apache.spark.sql.catalyst.plans.logical.LogicalPlan.org$apache$spark$sql$catalyst$plans$logical$AnalysisHelper$$super$transformDownWithPruning(LogicalPlan.scala:37)
[2026-03-23T00:34:44.986+0000] {subprocess.py:93} INFO - 		at org.apache.spark.sql.catalyst.plans.logical.AnalysisHelper.transformDownWithPruning(AnalysisHelper.scala:360)
[2026-03-23T00:34:44.986+0000] {subprocess.py:93} INFO - 		at org.apache.spark.sql.catalyst.plans.logical.AnalysisHelper.transformDownWithPruning$(AnalysisHelper.scala:356)
[2026-03-23T00:34:44.987+0000] {subprocess.py:93} INFO - 		at org.apache.spark.sql.catalyst.plans.logical.LogicalPlan.transformDownWithPruning(LogicalPlan.scala:37)
[2026-03-23T00:34:44.987+0000] {subprocess.py:93} INFO - 		at org.apache.spark.sql.catalyst.plans.logical.LogicalPlan.transformDownWithPruning(LogicalPlan.scala:37)
[2026-03-23T00:34:44.987+0000] {subprocess.py:93} INFO - 		at org.apache.spark.sql.catalyst.trees.TreeNode.transformDown(TreeNode.scala:446)
[2026-03-23T00:34:44.987+0000] {subprocess.py:93} INFO - 		at org.apache.spark.sql.execution.QueryExecution.eagerlyExecuteCommands(QueryExecution.scala:164)
[2026-03-23T00:34:44.987+0000] {subprocess.py:93} INFO - 		at org.apache.spark.sql.execution.QueryExecution.$anonfun$lazyCommandExecuted$1(QueryExecution.scala:126)
[2026-03-23T00:34:44.988+0000] {subprocess.py:93} INFO - 		at scala.util.Try$.apply(Try.scala:217)
[2026-03-23T00:34:44.988+0000] {subprocess.py:93} INFO - 		at org.apache.spark.util.Utils$.doTryWithCallerStacktrace(Utils.scala:1378)
[2026-03-23T00:34:44.988+0000] {subprocess.py:93} INFO - 		at org.apache.spark.util.LazyTry.tryT$lzycompute(LazyTry.scala:46)
[2026-03-23T00:34:44.988+0000] {subprocess.py:93} INFO - 		at org.apache.spark.util.LazyTry.tryT(LazyTry.scala:46)
[2026-03-23T00:34:44.988+0000] {subprocess.py:93} INFO - 		... 19 more
[2026-03-23T00:34:44.989+0000] {subprocess.py:93} INFO - Traceback (most recent call last):
[2026-03-23T00:34:44.989+0000] {subprocess.py:93} INFO -   File "/app/src/writer.py", line 49, in write_output
[2026-03-23T00:34:44.989+0000] {subprocess.py:93} INFO -     df.write.mode(sink_mode).format(sink_format).save(path)
[2026-03-23T00:34:44.989+0000] {subprocess.py:93} INFO -   File "/home/***/.local/lib/python3.9/site-packages/pyspark/sql/readwriter.py", line 1745, in save
[2026-03-23T00:34:44.990+0000] {subprocess.py:93} INFO -     self._jwrite.save(path)
[2026-03-23T00:34:44.990+0000] {subprocess.py:93} INFO -   File "/home/***/.local/lib/python3.9/site-packages/py4j/java_gateway.py", line 1362, in __call__
[2026-03-23T00:34:44.990+0000] {subprocess.py:93} INFO -     return_value = get_return_value(
[2026-03-23T00:34:44.990+0000] {subprocess.py:93} INFO -   File "/home/***/.local/lib/python3.9/site-packages/pyspark/errors/exceptions/captured.py", line 282, in deco
[2026-03-23T00:34:44.991+0000] {subprocess.py:93} INFO -     return f(*a, **kw)
[2026-03-23T00:34:44.991+0000] {subprocess.py:93} INFO -   File "/home/***/.local/lib/python3.9/site-packages/py4j/protocol.py", line 327, in get_return_value
[2026-03-23T00:34:44.991+0000] {subprocess.py:93} INFO -     raise Py4JJavaError(
[2026-03-23T00:34:44.992+0000] {subprocess.py:93} INFO - py4j.protocol.Py4JJavaError: An error occurred while calling o70.save.
[2026-03-23T00:34:44.992+0000] {subprocess.py:93} INFO - : org.apache.spark.SparkException: Unable to clear output directory file:/app/data/output/events/motor_policy prior to writing to it.
[2026-03-23T00:34:44.992+0000] {subprocess.py:93} INFO - 	at org.apache.spark.sql.errors.QueryExecutionErrors$.cannotClearOutputDirectoryError(QueryExecutionErrors.scala:786)
[2026-03-23T00:34:44.992+0000] {subprocess.py:93} INFO - 	at org.apache.spark.sql.execution.datasources.InsertIntoHadoopFsRelationCommand.deleteMatchingPartitions(InsertIntoHadoopFsRelationCommand.scala:244)
[2026-03-23T00:34:44.992+0000] {subprocess.py:93} INFO - 	at org.apache.spark.sql.execution.datasources.InsertIntoHadoopFsRelationCommand.run(InsertIntoHadoopFsRelationCommand.scala:136)
[2026-03-23T00:34:44.993+0000] {subprocess.py:93} INFO - 	at org.apache.spark.sql.execution.command.DataWritingCommandExec.sideEffectResult$lzycompute(commands.scala:117)
[2026-03-23T00:34:44.993+0000] {subprocess.py:93} INFO - 	at org.apache.spark.sql.execution.command.DataWritingCommandExec.sideEffectResult(commands.scala:115)
[2026-03-23T00:34:44.993+0000] {subprocess.py:93} INFO - 	at org.apache.spark.sql.execution.command.DataWritingCommandExec.executeCollect(commands.scala:129)
[2026-03-23T00:34:44.993+0000] {subprocess.py:93} INFO - 	at org.apache.spark.sql.execution.QueryExecution.$anonfun$eagerlyExecuteCommands$2(QueryExecution.scala:155)
[2026-03-23T00:34:44.994+0000] {subprocess.py:93} INFO - 	at org.apache.spark.sql.execution.SQLExecution$.$anonfun$withNewExecutionId0$8(SQLExecution.scala:163)
[2026-03-23T00:34:44.994+0000] {subprocess.py:93} INFO - 	at org.apache.spark.sql.execution.SQLExecution$.withSessionTagsApplied(SQLExecution.scala:272)
[2026-03-23T00:34:44.994+0000] {subprocess.py:93} INFO - 	at org.apache.spark.sql.execution.SQLExecution$.$anonfun$withNewExecutionId0$7(SQLExecution.scala:125)
[2026-03-23T00:34:44.994+0000] {subprocess.py:93} INFO - 	at org.apache.spark.JobArtifactSet$.withActiveJobArtifactState(JobArtifactSet.scala:94)
[2026-03-23T00:34:44.995+0000] {subprocess.py:93} INFO - 	at org.apache.spark.sql.artifact.ArtifactManager.$anonfun$withResources$1(ArtifactManager.scala:112)
[2026-03-23T00:34:44.995+0000] {subprocess.py:93} INFO - 	at org.apache.spark.sql.artifact.ArtifactManager.withClassLoaderIfNeeded(ArtifactManager.scala:106)
[2026-03-23T00:34:44.995+0000] {subprocess.py:93} INFO - 	at org.apache.spark.sql.artifact.ArtifactManager.withResources(ArtifactManager.scala:111)
[2026-03-23T00:34:44.995+0000] {subprocess.py:93} INFO - 	at org.apache.spark.sql.execution.SQLExecution$.$anonfun$withNewExecutionId0$6(SQLExecution.scala:125)
[2026-03-23T00:34:44.995+0000] {subprocess.py:93} INFO - 	at org.apache.spark.sql.execution.SQLExecution$.withSQLConfPropagated(SQLExecution.scala:295)
[2026-03-23T00:34:44.996+0000] {subprocess.py:93} INFO - 	at org.apache.spark.sql.execution.SQLExecution$.$anonfun$withNewExecutionId0$1(SQLExecution.scala:124)
[2026-03-23T00:34:44.996+0000] {subprocess.py:93} INFO - 	at org.apache.spark.sql.SparkSession.withActive(SparkSession.scala:804)
[2026-03-23T00:34:44.996+0000] {subprocess.py:93} INFO - 	at org.apache.spark.sql.execution.SQLExecution$.withNewExecutionId0(SQLExecution.scala:78)
[2026-03-23T00:34:44.996+0000] {subprocess.py:93} INFO - 	at org.apache.spark.sql.execution.SQLExecution$.withNewExecutionId(SQLExecution.scala:237)
[2026-03-23T00:34:44.996+0000] {subprocess.py:93} INFO - 	at org.apache.spark.sql.execution.QueryExecution.$anonfun$eagerlyExecuteCommands$1(QueryExecution.scala:155)
[2026-03-23T00:34:44.997+0000] {subprocess.py:93} INFO - 	at org.apache.spark.sql.execution.QueryExecution$.withInternalError(QueryExecution.scala:654)
[2026-03-23T00:34:44.997+0000] {subprocess.py:93} INFO - 	at org.apache.spark.sql.execution.QueryExecution.org$apache$spark$sql$execution$QueryExecution$$eagerlyExecute$1(QueryExecution.scala:154)
[2026-03-23T00:34:44.997+0000] {subprocess.py:93} INFO - 	at org.apache.spark.sql.execution.QueryExecution$$anonfun$eagerlyExecuteCommands$3.applyOrElse(QueryExecution.scala:169)
[2026-03-23T00:34:44.997+0000] {subprocess.py:93} INFO - 	at org.apache.spark.sql.execution.QueryExecution$$anonfun$eagerlyExecuteCommands$3.applyOrElse(QueryExecution.scala:164)
[2026-03-23T00:34:44.998+0000] {subprocess.py:93} INFO - 	at org.apache.spark.sql.catalyst.trees.TreeNode.$anonfun$transformDownWithPruning$1(TreeNode.scala:470)
[2026-03-23T00:34:44.998+0000] {subprocess.py:93} INFO - 	at org.apache.spark.sql.catalyst.trees.CurrentOrigin$.withOrigin(origin.scala:86)
[2026-03-23T00:34:44.998+0000] {subprocess.py:93} INFO - 	at org.apache.spark.sql.catalyst.trees.TreeNode.transformDownWithPruning(TreeNode.scala:470)
[2026-03-23T00:34:44.998+0000] {subprocess.py:93} INFO - 	at org.apache.spark.sql.catalyst.plans.logical.LogicalPlan.org$apache$spark$sql$catalyst$plans$logical$AnalysisHelper$$super$transformDownWithPruning(LogicalPlan.scala:37)
[2026-03-23T00:34:44.998+0000] {subprocess.py:93} INFO - 	at org.apache.spark.sql.catalyst.plans.logical.AnalysisHelper.transformDownWithPruning(AnalysisHelper.scala:360)
[2026-03-23T00:34:44.998+0000] {subprocess.py:93} INFO - 	at org.apache.spark.sql.catalyst.plans.logical.AnalysisHelper.transformDownWithPruning$(AnalysisHelper.scala:356)
[2026-03-23T00:34:44.998+0000] {subprocess.py:93} INFO - 	at org.apache.spark.sql.catalyst.plans.logical.LogicalPlan.transformDownWithPruning(LogicalPlan.scala:37)
[2026-03-23T00:34:44.999+0000] {subprocess.py:93} INFO - 	at org.apache.spark.sql.catalyst.plans.logical.LogicalPlan.transformDownWithPruning(LogicalPlan.scala:37)
[2026-03-23T00:34:44.999+0000] {subprocess.py:93} INFO - 	at org.apache.spark.sql.catalyst.trees.TreeNode.transformDown(TreeNode.scala:446)
[2026-03-23T00:34:44.999+0000] {subprocess.py:93} INFO - 	at org.apache.spark.sql.execution.QueryExecution.eagerlyExecuteCommands(QueryExecution.scala:164)
[2026-03-23T00:34:44.999+0000] {subprocess.py:93} INFO - 	at org.apache.spark.sql.execution.QueryExecution.$anonfun$lazyCommandExecuted$1(QueryExecution.scala:126)
[2026-03-23T00:34:44.999+0000] {subprocess.py:93} INFO - 	at scala.util.Try$.apply(Try.scala:217)
[2026-03-23T00:34:45.000+0000] {subprocess.py:93} INFO - 	at org.apache.spark.util.Utils$.doTryWithCallerStacktrace(Utils.scala:1378)
[2026-03-23T00:34:45.000+0000] {subprocess.py:93} INFO - 	at org.apache.spark.util.Utils$.getTryWithCallerStacktrace(Utils.scala:1439)
[2026-03-23T00:34:45.000+0000] {subprocess.py:93} INFO - 	at org.apache.spark.util.LazyTry.get(LazyTry.scala:58)
[2026-03-23T00:34:45.001+0000] {subprocess.py:93} INFO - 	at org.apache.spark.sql.execution.QueryExecution.commandExecuted(QueryExecution.scala:131)
[2026-03-23T00:34:45.001+0000] {subprocess.py:93} INFO - 	at org.apache.spark.sql.execution.QueryExecution.assertCommandExecuted(QueryExecution.scala:192)
[2026-03-23T00:34:45.001+0000] {subprocess.py:93} INFO - 	at org.apache.spark.sql.classic.DataFrameWriter.runCommand(DataFrameWriter.scala:622)
[2026-03-23T00:34:45.001+0000] {subprocess.py:93} INFO - 	at org.apache.spark.sql.classic.DataFrameWriter.saveToV1Source(DataFrameWriter.scala:273)
[2026-03-23T00:34:45.001+0000] {subprocess.py:93} INFO - 	at org.apache.spark.sql.classic.DataFrameWriter.saveInternal(DataFrameWriter.scala:241)
[2026-03-23T00:34:45.001+0000] {subprocess.py:93} INFO - 	at org.apache.spark.sql.classic.DataFrameWriter.save(DataFrameWriter.scala:118)
[2026-03-23T00:34:45.002+0000] {subprocess.py:93} INFO - 	at java.base/jdk.internal.reflect.NativeMethodAccessorImpl.invoke0(Native Method)
[2026-03-23T00:34:45.002+0000] {subprocess.py:93} INFO - 	at java.base/jdk.internal.reflect.NativeMethodAccessorImpl.invoke(NativeMethodAccessorImpl.java:77)
[2026-03-23T00:34:45.002+0000] {subprocess.py:93} INFO - 	at java.base/jdk.internal.reflect.DelegatingMethodAccessorImpl.invoke(DelegatingMethodAccessorImpl.java:43)
[2026-03-23T00:34:45.002+0000] {subprocess.py:93} INFO - 	at java.base/java.lang.reflect.Method.invoke(Method.java:569)
[2026-03-23T00:34:45.003+0000] {subprocess.py:93} INFO - 	at py4j.reflection.MethodInvoker.invoke(MethodInvoker.java:244)
[2026-03-23T00:34:45.003+0000] {subprocess.py:93} INFO - 	at py4j.reflection.ReflectionEngine.invoke(ReflectionEngine.java:374)
[2026-03-23T00:34:45.003+0000] {subprocess.py:93} INFO - 	at py4j.Gateway.invoke(Gateway.java:282)
[2026-03-23T00:34:45.003+0000] {subprocess.py:93} INFO - 	at py4j.commands.AbstractCommand.invokeMethod(AbstractCommand.java:132)
[2026-03-23T00:34:45.003+0000] {subprocess.py:93} INFO - 	at py4j.commands.CallCommand.execute(CallCommand.java:79)
[2026-03-23T00:34:45.004+0000] {subprocess.py:93} INFO - 	at py4j.ClientServerConnection.waitForCommands(ClientServerConnection.java:184)
[2026-03-23T00:34:45.004+0000] {subprocess.py:93} INFO - 	at py4j.ClientServerConnection.run(ClientServerConnection.java:108)
[2026-03-23T00:34:45.004+0000] {subprocess.py:93} INFO - 	at java.base/java.lang.Thread.run(Thread.java:840)
[2026-03-23T00:34:45.004+0000] {subprocess.py:93} INFO - 	Suppressed: org.apache.spark.util.Utils$OriginalTryStackTraceException: Full stacktrace of original doTryWithCallerStacktrace caller
[2026-03-23T00:34:45.004+0000] {subprocess.py:93} INFO - 		at org.apache.spark.sql.errors.QueryExecutionErrors$.cannotClearOutputDirectoryError(QueryExecutionErrors.scala:786)
[2026-03-23T00:34:45.005+0000] {subprocess.py:93} INFO - 		at org.apache.spark.sql.execution.datasources.InsertIntoHadoopFsRelationCommand.deleteMatchingPartitions(InsertIntoHadoopFsRelationCommand.scala:244)
[2026-03-23T00:34:45.005+0000] {subprocess.py:93} INFO - 		at org.apache.spark.sql.execution.datasources.InsertIntoHadoopFsRelationCommand.run(InsertIntoHadoopFsRelationCommand.scala:136)
[2026-03-23T00:34:45.005+0000] {subprocess.py:93} INFO - 		at org.apache.spark.sql.execution.command.DataWritingCommandExec.sideEffectResult$lzycompute(commands.scala:117)
[2026-03-23T00:34:45.005+0000] {subprocess.py:93} INFO - 		at org.apache.spark.sql.execution.command.DataWritingCommandExec.sideEffectResult(commands.scala:115)
[2026-03-23T00:34:45.006+0000] {subprocess.py:93} INFO - 		at org.apache.spark.sql.execution.command.DataWritingCommandExec.executeCollect(commands.scala:129)
[2026-03-23T00:34:45.006+0000] {subprocess.py:93} INFO - 		at org.apache.spark.sql.execution.QueryExecution.$anonfun$eagerlyExecuteCommands$2(QueryExecution.scala:155)
[2026-03-23T00:34:45.006+0000] {subprocess.py:93} INFO - 		at org.apache.spark.sql.execution.SQLExecution$.$anonfun$withNewExecutionId0$8(SQLExecution.scala:163)
[2026-03-23T00:34:45.006+0000] {subprocess.py:93} INFO - 		at org.apache.spark.sql.execution.SQLExecution$.withSessionTagsApplied(SQLExecution.scala:272)
[2026-03-23T00:34:45.006+0000] {subprocess.py:93} INFO - 		at org.apache.spark.sql.execution.SQLExecution$.$anonfun$withNewExecutionId0$7(SQLExecution.scala:125)
[2026-03-23T00:34:45.007+0000] {subprocess.py:93} INFO - 		at org.apache.spark.JobArtifactSet$.withActiveJobArtifactState(JobArtifactSet.scala:94)
[2026-03-23T00:34:45.007+0000] {subprocess.py:93} INFO - 		at org.apache.spark.sql.artifact.ArtifactManager.$anonfun$withResources$1(ArtifactManager.scala:112)
[2026-03-23T00:34:45.007+0000] {subprocess.py:93} INFO - 		at org.apache.spark.sql.artifact.ArtifactManager.withClassLoaderIfNeeded(ArtifactManager.scala:106)
[2026-03-23T00:34:45.007+0000] {subprocess.py:93} INFO - 		at org.apache.spark.sql.artifact.ArtifactManager.withResources(ArtifactManager.scala:111)
[2026-03-23T00:34:45.007+0000] {subprocess.py:93} INFO - 		at org.apache.spark.sql.execution.SQLExecution$.$anonfun$withNewExecutionId0$6(SQLExecution.scala:125)
[2026-03-23T00:34:45.007+0000] {subprocess.py:93} INFO - 		at org.apache.spark.sql.execution.SQLExecution$.withSQLConfPropagated(SQLExecution.scala:295)
[2026-03-23T00:34:45.008+0000] {subprocess.py:93} INFO - 		at org.apache.spark.sql.execution.SQLExecution$.$anonfun$withNewExecutionId0$1(SQLExecution.scala:124)
[2026-03-23T00:34:45.008+0000] {subprocess.py:93} INFO - 		at org.apache.spark.sql.SparkSession.withActive(SparkSession.scala:804)
[2026-03-23T00:34:45.008+0000] {subprocess.py:93} INFO - 		at org.apache.spark.sql.execution.SQLExecution$.withNewExecutionId0(SQLExecution.scala:78)
[2026-03-23T00:34:45.008+0000] {subprocess.py:93} INFO - 		at org.apache.spark.sql.execution.SQLExecution$.withNewExecutionId(SQLExecution.scala:237)
[2026-03-23T00:34:45.009+0000] {subprocess.py:93} INFO - 		at org.apache.spark.sql.execution.QueryExecution.$anonfun$eagerlyExecuteCommands$1(QueryExecution.scala:155)
[2026-03-23T00:34:45.009+0000] {subprocess.py:93} INFO - 		at org.apache.spark.sql.execution.QueryExecution$.withInternalError(QueryExecution.scala:654)
[2026-03-23T00:34:45.009+0000] {subprocess.py:93} INFO - 		at org.apache.spark.sql.execution.QueryExecution.org$apache$spark$sql$execution$QueryExecution$$eagerlyExecute$1(QueryExecution.scala:154)
[2026-03-23T00:34:45.009+0000] {subprocess.py:93} INFO - 		at org.apache.spark.sql.execution.QueryExecution$$anonfun$eagerlyExecuteCommands$3.applyOrElse(QueryExecution.scala:169)
[2026-03-23T00:34:45.009+0000] {subprocess.py:93} INFO - 		at org.apache.spark.sql.execution.QueryExecution$$anonfun$eagerlyExecuteCommands$3.applyOrElse(QueryExecution.scala:164)
[2026-03-23T00:34:45.009+0000] {subprocess.py:93} INFO - 		at org.apache.spark.sql.catalyst.trees.TreeNode.$anonfun$transformDownWithPruning$1(TreeNode.scala:470)
[2026-03-23T00:34:45.010+0000] {subprocess.py:93} INFO - 		at org.apache.spark.sql.catalyst.trees.CurrentOrigin$.withOrigin(origin.scala:86)
[2026-03-23T00:34:45.010+0000] {subprocess.py:93} INFO - 		at org.apache.spark.sql.catalyst.trees.TreeNode.transformDownWithPruning(TreeNode.scala:470)
[2026-03-23T00:34:45.010+0000] {subprocess.py:93} INFO - 		at org.apache.spark.sql.catalyst.plans.logical.LogicalPlan.org$apache$spark$sql$catalyst$plans$logical$AnalysisHelper$$super$transformDownWithPruning(LogicalPlan.scala:37)
[2026-03-23T00:34:45.010+0000] {subprocess.py:93} INFO - 		at org.apache.spark.sql.catalyst.plans.logical.AnalysisHelper.transformDownWithPruning(AnalysisHelper.scala:360)
[2026-03-23T00:34:45.010+0000] {subprocess.py:93} INFO - 		at org.apache.spark.sql.catalyst.plans.logical.AnalysisHelper.transformDownWithPruning$(AnalysisHelper.scala:356)
[2026-03-23T00:34:45.010+0000] {subprocess.py:93} INFO - 		at org.apache.spark.sql.catalyst.plans.logical.LogicalPlan.transformDownWithPruning(LogicalPlan.scala:37)
[2026-03-23T00:34:45.010+0000] {subprocess.py:93} INFO - 		at org.apache.spark.sql.catalyst.plans.logical.LogicalPlan.transformDownWithPruning(LogicalPlan.scala:37)
[2026-03-23T00:34:45.011+0000] {subprocess.py:93} INFO - 		at org.apache.spark.sql.catalyst.trees.TreeNode.transformDown(TreeNode.scala:446)
[2026-03-23T00:34:45.011+0000] {subprocess.py:93} INFO - 		at org.apache.spark.sql.execution.QueryExecution.eagerlyExecuteCommands(QueryExecution.scala:164)
[2026-03-23T00:34:45.011+0000] {subprocess.py:93} INFO - 		at org.apache.spark.sql.execution.QueryExecution.$anonfun$lazyCommandExecuted$1(QueryExecution.scala:126)
[2026-03-23T00:34:45.011+0000] {subprocess.py:93} INFO - 		at scala.util.Try$.apply(Try.scala:217)
[2026-03-23T00:34:45.011+0000] {subprocess.py:93} INFO - 		at org.apache.spark.util.Utils$.doTryWithCallerStacktrace(Utils.scala:1378)
[2026-03-23T00:34:45.011+0000] {subprocess.py:93} INFO - 		at org.apache.spark.util.LazyTry.tryT$lzycompute(LazyTry.scala:46)
[2026-03-23T00:34:45.011+0000] {subprocess.py:93} INFO - 		at org.apache.spark.util.LazyTry.tryT(LazyTry.scala:46)
[2026-03-23T00:34:45.011+0000] {subprocess.py:93} INFO - 		... 19 more
[2026-03-23T00:34:45.012+0000] {subprocess.py:93} INFO - 
[2026-03-23T00:34:45.012+0000] {subprocess.py:93} INFO - 
[2026-03-23T00:34:45.012+0000] {subprocess.py:93} INFO - During handling of the above exception, another exception occurred:
[2026-03-23T00:34:45.012+0000] {subprocess.py:93} INFO - 
[2026-03-23T00:34:45.012+0000] {subprocess.py:93} INFO - Traceback (most recent call last):
[2026-03-23T00:34:45.012+0000] {subprocess.py:93} INFO -   File "/app/src/writer.py", line 63, in write_output
[2026-03-23T00:34:45.012+0000] {subprocess.py:93} INFO -     df.write.mode(sink_mode).format(sink_format).save(path)
[2026-03-23T00:34:45.012+0000] {subprocess.py:93} INFO -   File "/home/***/.local/lib/python3.9/site-packages/pyspark/sql/readwriter.py", line 1745, in save
[2026-03-23T00:34:45.013+0000] {subprocess.py:93} INFO -     self._jwrite.save(path)
[2026-03-23T00:34:45.013+0000] {subprocess.py:93} INFO -   File "/home/***/.local/lib/python3.9/site-packages/py4j/java_gateway.py", line 1362, in __call__
[2026-03-23T00:34:45.013+0000] {subprocess.py:93} INFO -     return_value = get_return_value(
[2026-03-23T00:34:45.013+0000] {subprocess.py:93} INFO -   File "/home/***/.local/lib/python3.9/site-packages/pyspark/errors/exceptions/captured.py", line 282, in deco
[2026-03-23T00:34:45.013+0000] {subprocess.py:93} INFO -     return f(*a, **kw)
[2026-03-23T00:34:45.014+0000] {subprocess.py:93} INFO -   File "/home/***/.local/lib/python3.9/site-packages/py4j/protocol.py", line 327, in get_return_value
[2026-03-23T00:34:45.014+0000] {subprocess.py:93} INFO -     raise Py4JJavaError(
[2026-03-23T00:34:45.014+0000] {subprocess.py:93} INFO - py4j.protocol.Py4JJavaError: An error occurred while calling o74.save.
[2026-03-23T00:34:45.014+0000] {subprocess.py:93} INFO - : org.apache.spark.SparkException: Unable to clear output directory file:/app/data/output/events/motor_policy prior to writing to it.
[2026-03-23T00:34:45.014+0000] {subprocess.py:93} INFO - 	at org.apache.spark.sql.errors.QueryExecutionErrors$.cannotClearOutputDirectoryError(QueryExecutionErrors.scala:786)
[2026-03-23T00:34:45.014+0000] {subprocess.py:93} INFO - 	at org.apache.spark.sql.execution.datasources.InsertIntoHadoopFsRelationCommand.deleteMatchingPartitions(InsertIntoHadoopFsRelationCommand.scala:244)
[2026-03-23T00:34:45.015+0000] {subprocess.py:93} INFO - 	at org.apache.spark.sql.execution.datasources.InsertIntoHadoopFsRelationCommand.run(InsertIntoHadoopFsRelationCommand.scala:136)
[2026-03-23T00:34:45.015+0000] {subprocess.py:93} INFO - 	at org.apache.spark.sql.execution.command.DataWritingCommandExec.sideEffectResult$lzycompute(commands.scala:117)
[2026-03-23T00:34:45.015+0000] {subprocess.py:93} INFO - 	at org.apache.spark.sql.execution.command.DataWritingCommandExec.sideEffectResult(commands.scala:115)
[2026-03-23T00:34:45.015+0000] {subprocess.py:93} INFO - 	at org.apache.spark.sql.execution.command.DataWritingCommandExec.executeCollect(commands.scala:129)
[2026-03-23T00:34:45.015+0000] {subprocess.py:93} INFO - 	at org.apache.spark.sql.execution.QueryExecution.$anonfun$eagerlyExecuteCommands$2(QueryExecution.scala:155)
[2026-03-23T00:34:45.016+0000] {subprocess.py:93} INFO - 	at org.apache.spark.sql.execution.SQLExecution$.$anonfun$withNewExecutionId0$8(SQLExecution.scala:163)
[2026-03-23T00:34:45.016+0000] {subprocess.py:93} INFO - 	at org.apache.spark.sql.execution.SQLExecution$.withSessionTagsApplied(SQLExecution.scala:272)
[2026-03-23T00:34:45.016+0000] {subprocess.py:93} INFO - 	at org.apache.spark.sql.execution.SQLExecution$.$anonfun$withNewExecutionId0$7(SQLExecution.scala:125)
[2026-03-23T00:34:45.016+0000] {subprocess.py:93} INFO - 	at org.apache.spark.JobArtifactSet$.withActiveJobArtifactState(JobArtifactSet.scala:94)
[2026-03-23T00:34:45.016+0000] {subprocess.py:93} INFO - 	at org.apache.spark.sql.artifact.ArtifactManager.$anonfun$withResources$1(ArtifactManager.scala:112)
[2026-03-23T00:34:45.016+0000] {subprocess.py:93} INFO - 	at org.apache.spark.sql.artifact.ArtifactManager.withClassLoaderIfNeeded(ArtifactManager.scala:106)
[2026-03-23T00:34:45.017+0000] {subprocess.py:93} INFO - 	at org.apache.spark.sql.artifact.ArtifactManager.withResources(ArtifactManager.scala:111)
[2026-03-23T00:34:45.017+0000] {subprocess.py:93} INFO - 	at org.apache.spark.sql.execution.SQLExecution$.$anonfun$withNewExecutionId0$6(SQLExecution.scala:125)
[2026-03-23T00:34:45.017+0000] {subprocess.py:93} INFO - 	at org.apache.spark.sql.execution.SQLExecution$.withSQLConfPropagated(SQLExecution.scala:295)
[2026-03-23T00:34:45.017+0000] {subprocess.py:93} INFO - 	at org.apache.spark.sql.execution.SQLExecution$.$anonfun$withNewExecutionId0$1(SQLExecution.scala:124)
[2026-03-23T00:34:45.017+0000] {subprocess.py:93} INFO - 	at org.apache.spark.sql.SparkSession.withActive(SparkSession.scala:804)
[2026-03-23T00:34:45.018+0000] {subprocess.py:93} INFO - 	at org.apache.spark.sql.execution.SQLExecution$.withNewExecutionId0(SQLExecution.scala:78)
[2026-03-23T00:34:45.018+0000] {subprocess.py:93} INFO - 	at org.apache.spark.sql.execution.SQLExecution$.withNewExecutionId(SQLExecution.scala:237)
[2026-03-23T00:34:45.018+0000] {subprocess.py:93} INFO - 	at org.apache.spark.sql.execution.QueryExecution.$anonfun$eagerlyExecuteCommands$1(QueryExecution.scala:155)
[2026-03-23T00:34:45.018+0000] {subprocess.py:93} INFO - 	at org.apache.spark.sql.execution.QueryExecution$.withInternalError(QueryExecution.scala:654)
[2026-03-23T00:34:45.018+0000] {subprocess.py:93} INFO - 	at org.apache.spark.sql.execution.QueryExecution.org$apache$spark$sql$execution$QueryExecution$$eagerlyExecute$1(QueryExecution.scala:154)
[2026-03-23T00:34:45.018+0000] {subprocess.py:93} INFO - 	at org.apache.spark.sql.execution.QueryExecution$$anonfun$eagerlyExecuteCommands$3.applyOrElse(QueryExecution.scala:169)
[2026-03-23T00:34:45.019+0000] {subprocess.py:93} INFO - 	at org.apache.spark.sql.execution.QueryExecution$$anonfun$eagerlyExecuteCommands$3.applyOrElse(QueryExecution.scala:164)
[2026-03-23T00:34:45.019+0000] {subprocess.py:93} INFO - 	at org.apache.spark.sql.catalyst.trees.TreeNode.$anonfun$transformDownWithPruning$1(TreeNode.scala:470)
[2026-03-23T00:34:45.019+0000] {subprocess.py:93} INFO - 	at org.apache.spark.sql.catalyst.trees.CurrentOrigin$.withOrigin(origin.scala:86)
[2026-03-23T00:34:45.019+0000] {subprocess.py:93} INFO - 	at org.apache.spark.sql.catalyst.trees.TreeNode.transformDownWithPruning(TreeNode.scala:470)
[2026-03-23T00:34:45.019+0000] {subprocess.py:93} INFO - 	at org.apache.spark.sql.catalyst.plans.logical.LogicalPlan.org$apache$spark$sql$catalyst$plans$logical$AnalysisHelper$$super$transformDownWithPruning(LogicalPlan.scala:37)
[2026-03-23T00:34:45.019+0000] {subprocess.py:93} INFO - 	at org.apache.spark.sql.catalyst.plans.logical.AnalysisHelper.transformDownWithPruning(AnalysisHelper.scala:360)
[2026-03-23T00:34:45.019+0000] {subprocess.py:93} INFO - 	at org.apache.spark.sql.catalyst.plans.logical.AnalysisHelper.transformDownWithPruning$(AnalysisHelper.scala:356)
[2026-03-23T00:34:45.020+0000] {subprocess.py:93} INFO - 	at org.apache.spark.sql.catalyst.plans.logical.LogicalPlan.transformDownWithPruning(LogicalPlan.scala:37)
[2026-03-23T00:34:45.020+0000] {subprocess.py:93} INFO - 	at org.apache.spark.sql.catalyst.plans.logical.LogicalPlan.transformDownWithPruning(LogicalPlan.scala:37)
[2026-03-23T00:34:45.020+0000] {subprocess.py:93} INFO - 	at org.apache.spark.sql.catalyst.trees.TreeNode.transformDown(TreeNode.scala:446)
[2026-03-23T00:34:45.020+0000] {subprocess.py:93} INFO - 	at org.apache.spark.sql.execution.QueryExecution.eagerlyExecuteCommands(QueryExecution.scala:164)
[2026-03-23T00:34:45.020+0000] {subprocess.py:93} INFO - 	at org.apache.spark.sql.execution.QueryExecution.$anonfun$lazyCommandExecuted$1(QueryExecution.scala:126)
[2026-03-23T00:34:45.020+0000] {subprocess.py:93} INFO - 	at scala.util.Try$.apply(Try.scala:217)
[2026-03-23T00:34:45.020+0000] {subprocess.py:93} INFO - 	at org.apache.spark.util.Utils$.doTryWithCallerStacktrace(Utils.scala:1378)
[2026-03-23T00:34:45.021+0000] {subprocess.py:93} INFO - 	at org.apache.spark.util.Utils$.getTryWithCallerStacktrace(Utils.scala:1439)
[2026-03-23T00:34:45.021+0000] {subprocess.py:93} INFO - 	at org.apache.spark.util.LazyTry.get(LazyTry.scala:58)
[2026-03-23T00:34:45.021+0000] {subprocess.py:93} INFO - 	at org.apache.spark.sql.execution.QueryExecution.commandExecuted(QueryExecution.scala:131)
[2026-03-23T00:34:45.021+0000] {subprocess.py:93} INFO - 	at org.apache.spark.sql.execution.QueryExecution.assertCommandExecuted(QueryExecution.scala:192)
[2026-03-23T00:34:45.021+0000] {subprocess.py:93} INFO - 	at org.apache.spark.sql.classic.DataFrameWriter.runCommand(DataFrameWriter.scala:622)
[2026-03-23T00:34:45.021+0000] {subprocess.py:93} INFO - 	at org.apache.spark.sql.classic.DataFrameWriter.saveToV1Source(DataFrameWriter.scala:273)
[2026-03-23T00:34:45.021+0000] {subprocess.py:93} INFO - 	at org.apache.spark.sql.classic.DataFrameWriter.saveInternal(DataFrameWriter.scala:241)
[2026-03-23T00:34:45.021+0000] {subprocess.py:93} INFO - 	at org.apache.spark.sql.classic.DataFrameWriter.save(DataFrameWriter.scala:118)
[2026-03-23T00:34:45.022+0000] {subprocess.py:93} INFO - 	at java.base/jdk.internal.reflect.NativeMethodAccessorImpl.invoke0(Native Method)
[2026-03-23T00:34:45.022+0000] {subprocess.py:93} INFO - 	at java.base/jdk.internal.reflect.NativeMethodAccessorImpl.invoke(NativeMethodAccessorImpl.java:77)
[2026-03-23T00:34:45.022+0000] {subprocess.py:93} INFO - 	at java.base/jdk.internal.reflect.DelegatingMethodAccessorImpl.invoke(DelegatingMethodAccessorImpl.java:43)
[2026-03-23T00:34:45.022+0000] {subprocess.py:93} INFO - 	at java.base/java.lang.reflect.Method.invoke(Method.java:569)
[2026-03-23T00:34:45.022+0000] {subprocess.py:93} INFO - 	at py4j.reflection.MethodInvoker.invoke(MethodInvoker.java:244)
[2026-03-23T00:34:45.022+0000] {subprocess.py:93} INFO - 	at py4j.reflection.ReflectionEngine.invoke(ReflectionEngine.java:374)
[2026-03-23T00:34:45.023+0000] {subprocess.py:93} INFO - 	at py4j.Gateway.invoke(Gateway.java:282)
[2026-03-23T00:34:45.023+0000] {subprocess.py:93} INFO - 	at py4j.commands.AbstractCommand.invokeMethod(AbstractCommand.java:132)
[2026-03-23T00:34:45.023+0000] {subprocess.py:93} INFO - 	at py4j.commands.CallCommand.execute(CallCommand.java:79)
[2026-03-23T00:34:45.023+0000] {subprocess.py:93} INFO - 	at py4j.ClientServerConnection.waitForCommands(ClientServerConnection.java:184)
[2026-03-23T00:34:45.023+0000] {subprocess.py:93} INFO - 	at py4j.ClientServerConnection.run(ClientServerConnection.java:108)
[2026-03-23T00:34:45.023+0000] {subprocess.py:93} INFO - 	at java.base/java.lang.Thread.run(Thread.java:840)
[2026-03-23T00:34:45.024+0000] {subprocess.py:93} INFO - 	Suppressed: org.apache.spark.util.Utils$OriginalTryStackTraceException: Full stacktrace of original doTryWithCallerStacktrace caller
[2026-03-23T00:34:45.024+0000] {subprocess.py:93} INFO - 		at org.apache.spark.sql.errors.QueryExecutionErrors$.cannotClearOutputDirectoryError(QueryExecutionErrors.scala:786)
[2026-03-23T00:34:45.024+0000] {subprocess.py:93} INFO - 		at org.apache.spark.sql.execution.datasources.InsertIntoHadoopFsRelationCommand.deleteMatchingPartitions(InsertIntoHadoopFsRelationCommand.scala:244)
[2026-03-23T00:34:45.024+0000] {subprocess.py:93} INFO - 		at org.apache.spark.sql.execution.datasources.InsertIntoHadoopFsRelationCommand.run(InsertIntoHadoopFsRelationCommand.scala:136)
[2026-03-23T00:34:45.024+0000] {subprocess.py:93} INFO - 		at org.apache.spark.sql.execution.command.DataWritingCommandExec.sideEffectResult$lzycompute(commands.scala:117)
[2026-03-23T00:34:45.024+0000] {subprocess.py:93} INFO - 		at org.apache.spark.sql.execution.command.DataWritingCommandExec.sideEffectResult(commands.scala:115)
[2026-03-23T00:34:45.024+0000] {subprocess.py:93} INFO - 		at org.apache.spark.sql.execution.command.DataWritingCommandExec.executeCollect(commands.scala:129)
[2026-03-23T00:34:45.025+0000] {subprocess.py:93} INFO - 		at org.apache.spark.sql.execution.QueryExecution.$anonfun$eagerlyExecuteCommands$2(QueryExecution.scala:155)
[2026-03-23T00:34:45.025+0000] {subprocess.py:93} INFO - 		at org.apache.spark.sql.execution.SQLExecution$.$anonfun$withNewExecutionId0$8(SQLExecution.scala:163)
[2026-03-23T00:34:45.025+0000] {subprocess.py:93} INFO - 		at org.apache.spark.sql.execution.SQLExecution$.withSessionTagsApplied(SQLExecution.scala:272)
[2026-03-23T00:34:45.025+0000] {subprocess.py:93} INFO - 		at org.apache.spark.sql.execution.SQLExecution$.$anonfun$withNewExecutionId0$7(SQLExecution.scala:125)
[2026-03-23T00:34:45.025+0000] {subprocess.py:93} INFO - 		at org.apache.spark.JobArtifactSet$.withActiveJobArtifactState(JobArtifactSet.scala:94)
[2026-03-23T00:34:45.025+0000] {subprocess.py:93} INFO - 		at org.apache.spark.sql.artifact.ArtifactManager.$anonfun$withResources$1(ArtifactManager.scala:112)
[2026-03-23T00:34:45.025+0000] {subprocess.py:93} INFO - 		at org.apache.spark.sql.artifact.ArtifactManager.withClassLoaderIfNeeded(ArtifactManager.scala:106)
[2026-03-23T00:34:45.026+0000] {subprocess.py:93} INFO - 		at org.apache.spark.sql.artifact.ArtifactManager.withResources(ArtifactManager.scala:111)
[2026-03-23T00:34:45.026+0000] {subprocess.py:93} INFO - 		at org.apache.spark.sql.execution.SQLExecution$.$anonfun$withNewExecutionId0$6(SQLExecution.scala:125)
[2026-03-23T00:34:45.026+0000] {subprocess.py:93} INFO - 		at org.apache.spark.sql.execution.SQLExecution$.withSQLConfPropagated(SQLExecution.scala:295)
[2026-03-23T00:34:45.026+0000] {subprocess.py:93} INFO - 		at org.apache.spark.sql.execution.SQLExecution$.$anonfun$withNewExecutionId0$1(SQLExecution.scala:124)
[2026-03-23T00:34:45.026+0000] {subprocess.py:93} INFO - 		at org.apache.spark.sql.SparkSession.withActive(SparkSession.scala:804)
[2026-03-23T00:34:45.026+0000] {subprocess.py:93} INFO - 		at org.apache.spark.sql.execution.SQLExecution$.withNewExecutionId0(SQLExecution.scala:78)
[2026-03-23T00:34:45.027+0000] {subprocess.py:93} INFO - 		at org.apache.spark.sql.execution.SQLExecution$.withNewExecutionId(SQLExecution.scala:237)
[2026-03-23T00:34:45.027+0000] {subprocess.py:93} INFO - 		at org.apache.spark.sql.execution.QueryExecution.$anonfun$eagerlyExecuteCommands$1(QueryExecution.scala:155)
[2026-03-23T00:34:45.027+0000] {subprocess.py:93} INFO - 		at org.apache.spark.sql.execution.QueryExecution$.withInternalError(QueryExecution.scala:654)
[2026-03-23T00:34:45.027+0000] {subprocess.py:93} INFO - 		at org.apache.spark.sql.execution.QueryExecution.org$apache$spark$sql$execution$QueryExecution$$eagerlyExecute$1(QueryExecution.scala:154)
[2026-03-23T00:34:45.027+0000] {subprocess.py:93} INFO - 		at org.apache.spark.sql.execution.QueryExecution$$anonfun$eagerlyExecuteCommands$3.applyOrElse(QueryExecution.scala:169)
[2026-03-23T00:34:45.028+0000] {subprocess.py:93} INFO - 		at org.apache.spark.sql.execution.QueryExecution$$anonfun$eagerlyExecuteCommands$3.applyOrElse(QueryExecution.scala:164)
[2026-03-23T00:34:45.028+0000] {subprocess.py:93} INFO - 		at org.apache.spark.sql.catalyst.trees.TreeNode.$anonfun$transformDownWithPruning$1(TreeNode.scala:470)
[2026-03-23T00:34:45.028+0000] {subprocess.py:93} INFO - 		at org.apache.spark.sql.catalyst.trees.CurrentOrigin$.withOrigin(origin.scala:86)
[2026-03-23T00:34:45.028+0000] {subprocess.py:93} INFO - 		at org.apache.spark.sql.catalyst.trees.TreeNode.transformDownWithPruning(TreeNode.scala:470)
[2026-03-23T00:34:45.028+0000] {subprocess.py:93} INFO - 		at org.apache.spark.sql.catalyst.plans.logical.LogicalPlan.org$apache$spark$sql$catalyst$plans$logical$AnalysisHelper$$super$transformDownWithPruning(LogicalPlan.scala:37)
[2026-03-23T00:34:45.028+0000] {subprocess.py:93} INFO - 		at org.apache.spark.sql.catalyst.plans.logical.AnalysisHelper.transformDownWithPruning(AnalysisHelper.scala:360)
[2026-03-23T00:34:45.029+0000] {subprocess.py:93} INFO - 		at org.apache.spark.sql.catalyst.plans.logical.AnalysisHelper.transformDownWithPruning$(AnalysisHelper.scala:356)
[2026-03-23T00:34:45.029+0000] {subprocess.py:93} INFO - 		at org.apache.spark.sql.catalyst.plans.logical.LogicalPlan.transformDownWithPruning(LogicalPlan.scala:37)
[2026-03-23T00:34:45.029+0000] {subprocess.py:93} INFO - 		at org.apache.spark.sql.catalyst.plans.logical.LogicalPlan.transformDownWithPruning(LogicalPlan.scala:37)
[2026-03-23T00:34:45.029+0000] {subprocess.py:93} INFO - 		at org.apache.spark.sql.catalyst.trees.TreeNode.transformDown(TreeNode.scala:446)
[2026-03-23T00:34:45.029+0000] {subprocess.py:93} INFO - 		at org.apache.spark.sql.execution.QueryExecution.eagerlyExecuteCommands(QueryExecution.scala:164)
[2026-03-23T00:34:45.030+0000] {subprocess.py:93} INFO - 		at org.apache.spark.sql.execution.QueryExecution.$anonfun$lazyCommandExecuted$1(QueryExecution.scala:126)
[2026-03-23T00:34:45.030+0000] {subprocess.py:93} INFO - 		at scala.util.Try$.apply(Try.scala:217)
[2026-03-23T00:34:45.030+0000] {subprocess.py:93} INFO - 		at org.apache.spark.util.Utils$.doTryWithCallerStacktrace(Utils.scala:1378)
[2026-03-23T00:34:45.030+0000] {subprocess.py:93} INFO - 		at org.apache.spark.util.LazyTry.tryT$lzycompute(LazyTry.scala:46)
[2026-03-23T00:34:45.031+0000] {subprocess.py:93} INFO - 		at org.apache.spark.util.LazyTry.tryT(LazyTry.scala:46)
[2026-03-23T00:34:45.031+0000] {subprocess.py:93} INFO - 		... 19 more
[2026-03-23T00:34:45.032+0000] {subprocess.py:93} INFO - 
[2026-03-23T00:34:45.033+0000] {subprocess.py:93} INFO - 
[2026-03-23T00:34:45.033+0000] {subprocess.py:93} INFO - The above exception was the direct cause of the following exception:
[2026-03-23T00:34:45.033+0000] {subprocess.py:93} INFO - 
[2026-03-23T00:34:45.033+0000] {subprocess.py:93} INFO - Traceback (most recent call last):
[2026-03-23T00:34:45.033+0000] {subprocess.py:93} INFO -   File "/app/src/main.py", line 29, in main
[2026-03-23T00:34:45.033+0000] {subprocess.py:93} INFO -     engine.run()
[2026-03-23T00:34:45.034+0000] {subprocess.py:93} INFO -   File "/app/src/engine.py", line 70, in run
[2026-03-23T00:34:45.034+0000] {subprocess.py:93} INFO -     write_output(self.dataframes[sink_input], sink)
[2026-03-23T00:34:45.034+0000] {subprocess.py:93} INFO -   File "/app/src/writer.py", line 67, in write_output
[2026-03-23T00:34:45.034+0000] {subprocess.py:93} INFO -     raise RuntimeError(
[2026-03-23T00:34:45.034+0000] {subprocess.py:93} INFO - RuntimeError: Failed writing sink 'raw-ok' to path 'data/output/events/motor_policy' (even after cleanup). Format: 'JSON', Mode: 'OVERWRITE'. Original error: An error occurred while calling o70.save.
[2026-03-23T00:34:45.034+0000] {subprocess.py:93} INFO - : org.apache.spark.SparkException: Unable to clear output directory file:/app/data/output/events/motor_policy prior to writing to it.
[2026-03-23T00:34:45.034+0000] {subprocess.py:93} INFO - 	at org.apache.spark.sql.errors.QueryExecutionErrors$.cannotClearOutputDirectoryError(QueryExecutionErrors.scala:786)
[2026-03-23T00:34:45.034+0000] {subprocess.py:93} INFO - 	at org.apache.spark.sql.execution.datasources.InsertIntoHadoopFsRelationCommand.deleteMatchingPartitions(InsertIntoHadoopFsRelationCommand.scala:244)
[2026-03-23T00:34:45.035+0000] {subprocess.py:93} INFO - 	at org.apache.spark.sql.execution.datasources.InsertIntoHadoopFsRelationCommand.run(InsertIntoHadoopFsRelationCommand.scala:136)
[2026-03-23T00:34:45.035+0000] {subprocess.py:93} INFO - 	at org.apache.spark.sql.execution.command.DataWritingCommandExec.sideEffectResult$lzycompute(commands.scala:117)
[2026-03-23T00:34:45.035+0000] {subprocess.py:93} INFO - 	at org.apache.spark.sql.execution.command.DataWritingCommandExec.sideEffectResult(commands.scala:115)
[2026-03-23T00:34:45.036+0000] {subprocess.py:93} INFO - 	at org.apache.spark.sql.execution.command.DataWritingCommandExec.executeCollect(commands.scala:129)
[2026-03-23T00:34:45.036+0000] {subprocess.py:93} INFO - 	at org.apache.spark.sql.execution.QueryExecution.$anonfun$eagerlyExecuteCommands$2(QueryExecution.scala:155)
[2026-03-23T00:34:45.036+0000] {subprocess.py:93} INFO - 	at org.apache.spark.sql.execution.SQLExecution$.$anonfun$withNewExecutionId0$8(SQLExecution.scala:163)
[2026-03-23T00:34:45.036+0000] {subprocess.py:93} INFO - 	at org.apache.spark.sql.execution.SQLExecution$.withSessionTagsApplied(SQLExecution.scala:272)
[2026-03-23T00:34:45.036+0000] {subprocess.py:93} INFO - 	at org.apache.spark.sql.execution.SQLExecution$.$anonfun$withNewExecutionId0$7(SQLExecution.scala:125)
[2026-03-23T00:34:45.036+0000] {subprocess.py:93} INFO - 	at org.apache.spark.JobArtifactSet$.withActiveJobArtifactState(JobArtifactSet.scala:94)
[2026-03-23T00:34:45.037+0000] {subprocess.py:93} INFO - 	at org.apache.spark.sql.artifact.ArtifactManager.$anonfun$withResources$1(ArtifactManager.scala:112)
[2026-03-23T00:34:45.037+0000] {subprocess.py:93} INFO - 	at org.apache.spark.sql.artifact.ArtifactManager.withClassLoaderIfNeeded(ArtifactManager.scala:106)
[2026-03-23T00:34:45.037+0000] {subprocess.py:93} INFO - 	at org.apache.spark.sql.artifact.ArtifactManager.withResources(ArtifactManager.scala:111)
[2026-03-23T00:34:45.037+0000] {subprocess.py:93} INFO - 	at org.apache.spark.sql.execution.SQLExecution$.$anonfun$withNewExecutionId0$6(SQLExecution.scala:125)
[2026-03-23T00:34:45.037+0000] {subprocess.py:93} INFO - 	at org.apache.spark.sql.execution.SQLExecution$.withSQLConfPropagated(SQLExecution.scala:295)
[2026-03-23T00:34:45.038+0000] {subprocess.py:93} INFO - 	at org.apache.spark.sql.execution.SQLExecution$.$anonfun$withNewExecutionId0$1(SQLExecution.scala:124)
[2026-03-23T00:34:45.038+0000] {subprocess.py:93} INFO - 	at org.apache.spark.sql.SparkSession.withActive(SparkSession.scala:804)
[2026-03-23T00:34:45.038+0000] {subprocess.py:93} INFO - 	at org.apache.spark.sql.execution.SQLExecution$.withNewExecutionId0(SQLExecution.scala:78)
[2026-03-23T00:34:45.038+0000] {subprocess.py:93} INFO - 	at org.apache.spark.sql.execution.SQLExecution$.withNewExecutionId(SQLExecution.scala:237)
[2026-03-23T00:34:45.038+0000] {subprocess.py:93} INFO - 	at org.apache.spark.sql.execution.QueryExecution.$anonfun$eagerlyExecuteCommands$1(QueryExecution.scala:155)
[2026-03-23T00:34:45.039+0000] {subprocess.py:93} INFO - 	at org.apache.spark.sql.execution.QueryExecution$.withInternalError(QueryExecution.scala:654)
[2026-03-23T00:34:45.039+0000] {subprocess.py:93} INFO - 	at org.apache.spark.sql.execution.QueryExecution.org$apache$spark$sql$execution$QueryExecution$$eagerlyExecute$1(QueryExecution.scala:154)
[2026-03-23T00:34:45.039+0000] {subprocess.py:93} INFO - 	at org.apache.spark.sql.execution.QueryExecution$$anonfun$eagerlyExecuteCommands$3.applyOrElse(QueryExecution.scala:169)
[2026-03-23T00:34:45.039+0000] {subprocess.py:93} INFO - 	at org.apache.spark.sql.execution.QueryExecution$$anonfun$eagerlyExecuteCommands$3.applyOrElse(QueryExecution.scala:164)
[2026-03-23T00:34:45.039+0000] {subprocess.py:93} INFO - 	at org.apache.spark.sql.catalyst.trees.TreeNode.$anonfun$transformDownWithPruning$1(TreeNode.scala:470)
[2026-03-23T00:34:45.040+0000] {subprocess.py:93} INFO - 	at org.apache.spark.sql.catalyst.trees.CurrentOrigin$.withOrigin(origin.scala:86)
[2026-03-23T00:34:45.040+0000] {subprocess.py:93} INFO - 	at org.apache.spark.sql.catalyst.trees.TreeNode.transformDownWithPruning(TreeNode.scala:470)
[2026-03-23T00:34:45.040+0000] {subprocess.py:93} INFO - 	at org.apache.spark.sql.catalyst.plans.logical.LogicalPlan.org$apache$spark$sql$catalyst$plans$logical$AnalysisHelper$$super$transformDownWithPruning(LogicalPlan.scala:37)
[2026-03-23T00:34:45.040+0000] {subprocess.py:93} INFO - 	at org.apache.spark.sql.catalyst.plans.logical.AnalysisHelper.transformDownWithPruning(AnalysisHelper.scala:360)
[2026-03-23T00:34:45.040+0000] {subprocess.py:93} INFO - 	at org.apache.spark.sql.catalyst.plans.logical.AnalysisHelper.transformDownWithPruning$(AnalysisHelper.scala:356)
[2026-03-23T00:34:45.041+0000] {subprocess.py:93} INFO - 	at org.apache.spark.sql.catalyst.plans.logical.LogicalPlan.transformDownWithPruning(LogicalPlan.scala:37)
[2026-03-23T00:34:45.041+0000] {subprocess.py:93} INFO - 	at org.apache.spark.sql.catalyst.plans.logical.LogicalPlan.transformDownWithPruning(LogicalPlan.scala:37)
[2026-03-23T00:34:45.041+0000] {subprocess.py:93} INFO - 	at org.apache.spark.sql.catalyst.trees.TreeNode.transformDown(TreeNode.scala:446)
[2026-03-23T00:34:45.041+0000] {subprocess.py:93} INFO - 	at org.apache.spark.sql.execution.QueryExecution.eagerlyExecuteCommands(QueryExecution.scala:164)
[2026-03-23T00:34:45.041+0000] {subprocess.py:93} INFO - 	at org.apache.spark.sql.execution.QueryExecution.$anonfun$lazyCommandExecuted$1(QueryExecution.scala:126)
[2026-03-23T00:34:45.042+0000] {subprocess.py:93} INFO - 	at scala.util.Try$.apply(Try.scala:217)
[2026-03-23T00:34:45.042+0000] {subprocess.py:93} INFO - 	at org.apache.spark.util.Utils$.doTryWithCallerStacktrace(Utils.scala:1378)
[2026-03-23T00:34:45.042+0000] {subprocess.py:93} INFO - 	at org.apache.spark.util.Utils$.getTryWithCallerStacktrace(Utils.scala:1439)
[2026-03-23T00:34:45.042+0000] {subprocess.py:93} INFO - 	at org.apache.spark.util.LazyTry.get(LazyTry.scala:58)
[2026-03-23T00:34:45.043+0000] {subprocess.py:93} INFO - 	at org.apache.spark.sql.execution.QueryExecution.commandExecuted(QueryExecution.scala:131)
[2026-03-23T00:34:45.043+0000] {subprocess.py:93} INFO - 	at org.apache.spark.sql.execution.QueryExecution.assertCommandExecuted(QueryExecution.scala:192)
[2026-03-23T00:34:45.043+0000] {subprocess.py:93} INFO - 	at org.apache.spark.sql.classic.DataFrameWriter.runCommand(DataFrameWriter.scala:622)
[2026-03-23T00:34:45.043+0000] {subprocess.py:93} INFO - 	at org.apache.spark.sql.classic.DataFrameWriter.saveToV1Source(DataFrameWriter.scala:273)
[2026-03-23T00:34:45.043+0000] {subprocess.py:93} INFO - 	at org.apache.spark.sql.classic.DataFrameWriter.saveInternal(DataFrameWriter.scala:241)
[2026-03-23T00:34:45.043+0000] {subprocess.py:93} INFO - 	at org.apache.spark.sql.classic.DataFrameWriter.save(DataFrameWriter.scala:118)
[2026-03-23T00:34:45.044+0000] {subprocess.py:93} INFO - 	at java.base/jdk.internal.reflect.NativeMethodAccessorImpl.invoke0(Native Method)
[2026-03-23T00:34:45.044+0000] {subprocess.py:93} INFO - 	at java.base/jdk.internal.reflect.NativeMethodAccessorImpl.invoke(NativeMethodAccessorImpl.java:77)
[2026-03-23T00:34:45.044+0000] {subprocess.py:93} INFO - 	at java.base/jdk.internal.reflect.DelegatingMethodAccessorImpl.invoke(DelegatingMethodAccessorImpl.java:43)
[2026-03-23T00:34:45.044+0000] {subprocess.py:93} INFO - 	at java.base/java.lang.reflect.Method.invoke(Method.java:569)
[2026-03-23T00:34:45.045+0000] {subprocess.py:93} INFO - 	at py4j.reflection.MethodInvoker.invoke(MethodInvoker.java:244)
[2026-03-23T00:34:45.045+0000] {subprocess.py:93} INFO - 	at py4j.reflection.ReflectionEngine.invoke(ReflectionEngine.java:374)
[2026-03-23T00:34:45.045+0000] {subprocess.py:93} INFO - 	at py4j.Gateway.invoke(Gateway.java:282)
[2026-03-23T00:34:45.045+0000] {subprocess.py:93} INFO - 	at py4j.commands.AbstractCommand.invokeMethod(AbstractCommand.java:132)
[2026-03-23T00:34:45.045+0000] {subprocess.py:93} INFO - 	at py4j.commands.CallCommand.execute(CallCommand.java:79)
[2026-03-23T00:34:45.046+0000] {subprocess.py:93} INFO - 	at py4j.ClientServerConnection.waitForCommands(ClientServerConnection.java:184)
[2026-03-23T00:34:45.046+0000] {subprocess.py:93} INFO - 	at py4j.ClientServerConnection.run(ClientServerConnection.java:108)
[2026-03-23T00:34:45.046+0000] {subprocess.py:93} INFO - 	at java.base/java.lang.Thread.run(Thread.java:840)
[2026-03-23T00:34:45.046+0000] {subprocess.py:93} INFO - 	Suppressed: org.apache.spark.util.Utils$OriginalTryStackTraceException: Full stacktrace of original doTryWithCallerStacktrace caller
[2026-03-23T00:34:45.047+0000] {subprocess.py:93} INFO - 		at org.apache.spark.sql.errors.QueryExecutionErrors$.cannotClearOutputDirectoryError(QueryExecutionErrors.scala:786)
[2026-03-23T00:34:45.047+0000] {subprocess.py:93} INFO - 		at org.apache.spark.sql.execution.datasources.InsertIntoHadoopFsRelationCommand.deleteMatchingPartitions(InsertIntoHadoopFsRelationCommand.scala:244)
[2026-03-23T00:34:45.047+0000] {subprocess.py:93} INFO - 		at org.apache.spark.sql.execution.datasources.InsertIntoHadoopFsRelationCommand.run(InsertIntoHadoopFsRelationCommand.scala:136)
[2026-03-23T00:34:45.047+0000] {subprocess.py:93} INFO - 		at org.apache.spark.sql.execution.command.DataWritingCommandExec.sideEffectResult$lzycompute(commands.scala:117)
[2026-03-23T00:34:45.047+0000] {subprocess.py:93} INFO - 		at org.apache.spark.sql.execution.command.DataWritingCommandExec.sideEffectResult(commands.scala:115)
[2026-03-23T00:34:45.048+0000] {subprocess.py:93} INFO - 		at org.apache.spark.sql.execution.command.DataWritingCommandExec.executeCollect(commands.scala:129)
[2026-03-23T00:34:45.048+0000] {subprocess.py:93} INFO - 		at org.apache.spark.sql.execution.QueryExecution.$anonfun$eagerlyExecuteCommands$2(QueryExecution.scala:155)
[2026-03-23T00:34:45.048+0000] {subprocess.py:93} INFO - 		at org.apache.spark.sql.execution.SQLExecution$.$anonfun$withNewExecutionId0$8(SQLExecution.scala:163)
[2026-03-23T00:34:45.048+0000] {subprocess.py:93} INFO - 		at org.apache.spark.sql.execution.SQLExecution$.withSessionTagsApplied(SQLExecution.scala:272)
[2026-03-23T00:34:45.049+0000] {subprocess.py:93} INFO - 		at org.apache.spark.sql.execution.SQLExecution$.$anonfun$withNewExecutionId0$7(SQLExecution.scala:125)
[2026-03-23T00:34:45.049+0000] {subprocess.py:93} INFO - 		at org.apache.spark.JobArtifactSet$.withActiveJobArtifactState(JobArtifactSet.scala:94)
[2026-03-23T00:34:45.049+0000] {subprocess.py:93} INFO - 		at org.apache.spark.sql.artifact.ArtifactManager.$anonfun$withResources$1(ArtifactManager.scala:112)
[2026-03-23T00:34:45.049+0000] {subprocess.py:93} INFO - 		at org.apache.spark.sql.artifact.ArtifactManager.withClassLoaderIfNeeded(ArtifactManager.scala:106)
[2026-03-23T00:34:45.049+0000] {subprocess.py:93} INFO - 		at org.apache.spark.sql.artifact.ArtifactManager.withResources(ArtifactManager.scala:111)
[2026-03-23T00:34:45.050+0000] {subprocess.py:93} INFO - 		at org.apache.spark.sql.execution.SQLExecution$.$anonfun$withNewExecutionId0$6(SQLExecution.scala:125)
[2026-03-23T00:34:45.050+0000] {subprocess.py:93} INFO - 		at org.apache.spark.sql.execution.SQLExecution$.withSQLConfPropagated(SQLExecution.scala:295)
[2026-03-23T00:34:45.050+0000] {subprocess.py:93} INFO - 		at org.apache.spark.sql.execution.SQLExecution$.$anonfun$withNewExecutionId0$1(SQLExecution.scala:124)
[2026-03-23T00:34:45.050+0000] {subprocess.py:93} INFO - 		at org.apache.spark.sql.SparkSession.withActive(SparkSession.scala:804)
[2026-03-23T00:34:45.050+0000] {subprocess.py:93} INFO - 		at org.apache.spark.sql.execution.SQLExecution$.withNewExecutionId0(SQLExecution.scala:78)
[2026-03-23T00:34:45.051+0000] {subprocess.py:93} INFO - 		at org.apache.spark.sql.execution.SQLExecution$.withNewExecutionId(SQLExecution.scala:237)
[2026-03-23T00:34:45.051+0000] {subprocess.py:93} INFO - 		at org.apache.spark.sql.execution.QueryExecution.$anonfun$eagerlyExecuteCommands$1(QueryExecution.scala:155)
[2026-03-23T00:34:45.051+0000] {subprocess.py:93} INFO - 		at org.apache.spark.sql.execution.QueryExecution$.withInternalError(QueryExecution.scala:654)
[2026-03-23T00:34:45.051+0000] {subprocess.py:93} INFO - 		at org.apache.spark.sql.execution.QueryExecution.org$apache$spark$sql$execution$QueryExecution$$eagerlyExecute$1(QueryExecution.scala:154)
[2026-03-23T00:34:45.051+0000] {subprocess.py:93} INFO - 		at org.apache.spark.sql.execution.QueryExecution$$anonfun$eagerlyExecuteCommands$3.applyOrElse(QueryExecution.scala:169)
[2026-03-23T00:34:45.051+0000] {subprocess.py:93} INFO - 		at org.apache.spark.sql.execution.QueryExecution$$anonfun$eagerlyExecuteCommands$3.applyOrElse(QueryExecution.scala:164)
[2026-03-23T00:34:45.051+0000] {subprocess.py:93} INFO - 		at org.apache.spark.sql.catalyst.trees.TreeNode.$anonfun$transformDownWithPruning$1(TreeNode.scala:470)
[2026-03-23T00:34:45.052+0000] {subprocess.py:93} INFO - 		at org.apache.spark.sql.catalyst.trees.CurrentOrigin$.withOrigin(origin.scala:86)
[2026-03-23T00:34:45.052+0000] {subprocess.py:93} INFO - 		at org.apache.spark.sql.catalyst.trees.TreeNode.transformDownWithPruning(TreeNode.scala:470)
[2026-03-23T00:34:45.052+0000] {subprocess.py:93} INFO - 		at org.apache.spark.sql.catalyst.plans.logical.LogicalPlan.org$apache$spark$sql$catalyst$plans$logical$AnalysisHelper$$super$transformDownWithPruning(LogicalPlan.scala:37)
[2026-03-23T00:34:45.052+0000] {subprocess.py:93} INFO - 		at org.apache.spark.sql.catalyst.plans.logical.AnalysisHelper.transformDownWithPruning(AnalysisHelper.scala:360)
[2026-03-23T00:34:45.052+0000] {subprocess.py:93} INFO - 		at org.apache.spark.sql.catalyst.plans.logical.AnalysisHelper.transformDownWithPruning$(AnalysisHelper.scala:356)
[2026-03-23T00:34:45.052+0000] {subprocess.py:93} INFO - 		at org.apache.spark.sql.catalyst.plans.logical.LogicalPlan.transformDownWithPruning(LogicalPlan.scala:37)
[2026-03-23T00:34:45.052+0000] {subprocess.py:93} INFO - 		at org.apache.spark.sql.catalyst.plans.logical.LogicalPlan.transformDownWithPruning(LogicalPlan.scala:37)
[2026-03-23T00:34:45.053+0000] {subprocess.py:93} INFO - 		at org.apache.spark.sql.catalyst.trees.TreeNode.transformDown(TreeNode.scala:446)
[2026-03-23T00:34:45.053+0000] {subprocess.py:93} INFO - 		at org.apache.spark.sql.execution.QueryExecution.eagerlyExecuteCommands(QueryExecution.scala:164)
[2026-03-23T00:34:45.053+0000] {subprocess.py:93} INFO - 		at org.apache.spark.sql.execution.QueryExecution.$anonfun$lazyCommandExecuted$1(QueryExecution.scala:126)
[2026-03-23T00:34:45.053+0000] {subprocess.py:93} INFO - 		at scala.util.Try$.apply(Try.scala:217)
[2026-03-23T00:34:45.054+0000] {subprocess.py:93} INFO - 		at org.apache.spark.util.Utils$.doTryWithCallerStacktrace(Utils.scala:1378)
[2026-03-23T00:34:45.054+0000] {subprocess.py:93} INFO - 		at org.apache.spark.util.LazyTry.tryT$lzycompute(LazyTry.scala:46)
[2026-03-23T00:34:45.054+0000] {subprocess.py:93} INFO - 		at org.apache.spark.util.LazyTry.tryT(LazyTry.scala:46)
[2026-03-23T00:34:45.054+0000] {subprocess.py:93} INFO - 		... 19 more
[2026-03-23T00:34:45.054+0000] {subprocess.py:93} INFO - 
[2026-03-23T00:34:45.054+0000] {subprocess.py:93} INFO - 2026-03-23 00:34:44,964 - __main__ - INFO - Stopping Spark session...
[2026-03-23T00:34:45.191+0000] {subprocess.py:93} INFO - 2026-03-23 00:34:45,191 - __main__ - CRITICAL - Fatal error: Failed writing sink 'raw-ok' to path 'data/output/events/motor_policy' (even after cleanup). Format: 'JSON', Mode: 'OVERWRITE'. Original error: An error occurred while calling o70.save.
[2026-03-23T00:34:45.191+0000] {subprocess.py:93} INFO - : org.apache.spark.SparkException: Unable to clear output directory file:/app/data/output/events/motor_policy prior to writing to it.
[2026-03-23T00:34:45.192+0000] {subprocess.py:93} INFO - 	at org.apache.spark.sql.errors.QueryExecutionErrors$.cannotClearOutputDirectoryError(QueryExecutionErrors.scala:786)
[2026-03-23T00:34:45.192+0000] {subprocess.py:93} INFO - 	at org.apache.spark.sql.execution.datasources.InsertIntoHadoopFsRelationCommand.deleteMatchingPartitions(InsertIntoHadoopFsRelationCommand.scala:244)
[2026-03-23T00:34:45.192+0000] {subprocess.py:93} INFO - 	at org.apache.spark.sql.execution.datasources.InsertIntoHadoopFsRelationCommand.run(InsertIntoHadoopFsRelationCommand.scala:136)
[2026-03-23T00:34:45.192+0000] {subprocess.py:93} INFO - 	at org.apache.spark.sql.execution.command.DataWritingCommandExec.sideEffectResult$lzycompute(commands.scala:117)
[2026-03-23T00:34:45.192+0000] {subprocess.py:93} INFO - 	at org.apache.spark.sql.execution.command.DataWritingCommandExec.sideEffectResult(commands.scala:115)
[2026-03-23T00:34:45.192+0000] {subprocess.py:93} INFO - 	at org.apache.spark.sql.execution.command.DataWritingCommandExec.executeCollect(commands.scala:129)
[2026-03-23T00:34:45.193+0000] {subprocess.py:93} INFO - 	at org.apache.spark.sql.execution.QueryExecution.$anonfun$eagerlyExecuteCommands$2(QueryExecution.scala:155)
[2026-03-23T00:34:45.193+0000] {subprocess.py:93} INFO - 	at org.apache.spark.sql.execution.SQLExecution$.$anonfun$withNewExecutionId0$8(SQLExecution.scala:163)
[2026-03-23T00:34:45.193+0000] {subprocess.py:93} INFO - 	at org.apache.spark.sql.execution.SQLExecution$.withSessionTagsApplied(SQLExecution.scala:272)
[2026-03-23T00:34:45.193+0000] {subprocess.py:93} INFO - 	at org.apache.spark.sql.execution.SQLExecution$.$anonfun$withNewExecutionId0$7(SQLExecution.scala:125)
[2026-03-23T00:34:45.193+0000] {subprocess.py:93} INFO - 	at org.apache.spark.JobArtifactSet$.withActiveJobArtifactState(JobArtifactSet.scala:94)
[2026-03-23T00:34:45.194+0000] {subprocess.py:93} INFO - 	at org.apache.spark.sql.artifact.ArtifactManager.$anonfun$withResources$1(ArtifactManager.scala:112)
[2026-03-23T00:34:45.194+0000] {subprocess.py:93} INFO - 	at org.apache.spark.sql.artifact.ArtifactManager.withClassLoaderIfNeeded(ArtifactManager.scala:106)
[2026-03-23T00:34:45.194+0000] {subprocess.py:93} INFO - 	at org.apache.spark.sql.artifact.ArtifactManager.withResources(ArtifactManager.scala:111)
[2026-03-23T00:34:45.194+0000] {subprocess.py:93} INFO - 	at org.apache.spark.sql.execution.SQLExecution$.$anonfun$withNewExecutionId0$6(SQLExecution.scala:125)
[2026-03-23T00:34:45.194+0000] {subprocess.py:93} INFO - 	at org.apache.spark.sql.execution.SQLExecution$.withSQLConfPropagated(SQLExecution.scala:295)
[2026-03-23T00:34:45.195+0000] {subprocess.py:93} INFO - 	at org.apache.spark.sql.execution.SQLExecution$.$anonfun$withNewExecutionId0$1(SQLExecution.scala:124)
[2026-03-23T00:34:45.195+0000] {subprocess.py:93} INFO - 	at org.apache.spark.sql.SparkSession.withActive(SparkSession.scala:804)
[2026-03-23T00:34:45.195+0000] {subprocess.py:93} INFO - 	at org.apache.spark.sql.execution.SQLExecution$.withNewExecutionId0(SQLExecution.scala:78)
[2026-03-23T00:34:45.195+0000] {subprocess.py:93} INFO - 	at org.apache.spark.sql.execution.SQLExecution$.withNewExecutionId(SQLExecution.scala:237)
[2026-03-23T00:34:45.195+0000] {subprocess.py:93} INFO - 	at org.apache.spark.sql.execution.QueryExecution.$anonfun$eagerlyExecuteCommands$1(QueryExecution.scala:155)
[2026-03-23T00:34:45.196+0000] {subprocess.py:93} INFO - 	at org.apache.spark.sql.execution.QueryExecution$.withInternalError(QueryExecution.scala:654)
[2026-03-23T00:34:45.196+0000] {subprocess.py:93} INFO - 	at org.apache.spark.sql.execution.QueryExecution.org$apache$spark$sql$execution$QueryExecution$$eagerlyExecute$1(QueryExecution.scala:154)
[2026-03-23T00:34:45.196+0000] {subprocess.py:93} INFO - 	at org.apache.spark.sql.execution.QueryExecution$$anonfun$eagerlyExecuteCommands$3.applyOrElse(QueryExecution.scala:169)
[2026-03-23T00:34:45.196+0000] {subprocess.py:93} INFO - 	at org.apache.spark.sql.execution.QueryExecution$$anonfun$eagerlyExecuteCommands$3.applyOrElse(QueryExecution.scala:164)
[2026-03-23T00:34:45.196+0000] {subprocess.py:93} INFO - 	at org.apache.spark.sql.catalyst.trees.TreeNode.$anonfun$transformDownWithPruning$1(TreeNode.scala:470)
[2026-03-23T00:34:45.197+0000] {subprocess.py:93} INFO - 	at org.apache.spark.sql.catalyst.trees.CurrentOrigin$.withOrigin(origin.scala:86)
[2026-03-23T00:34:45.197+0000] {subprocess.py:93} INFO - 	at org.apache.spark.sql.catalyst.trees.TreeNode.transformDownWithPruning(TreeNode.scala:470)
[2026-03-23T00:34:45.197+0000] {subprocess.py:93} INFO - 	at org.apache.spark.sql.catalyst.plans.logical.LogicalPlan.org$apache$spark$sql$catalyst$plans$logical$AnalysisHelper$$super$transformDownWithPruning(LogicalPlan.scala:37)
[2026-03-23T00:34:45.197+0000] {subprocess.py:93} INFO - 	at org.apache.spark.sql.catalyst.plans.logical.AnalysisHelper.transformDownWithPruning(AnalysisHelper.scala:360)
[2026-03-23T00:34:45.197+0000] {subprocess.py:93} INFO - 	at org.apache.spark.sql.catalyst.plans.logical.AnalysisHelper.transformDownWithPruning$(AnalysisHelper.scala:356)
[2026-03-23T00:34:45.197+0000] {subprocess.py:93} INFO - 	at org.apache.spark.sql.catalyst.plans.logical.LogicalPlan.transformDownWithPruning(LogicalPlan.scala:37)
[2026-03-23T00:34:45.198+0000] {subprocess.py:93} INFO - 	at org.apache.spark.sql.catalyst.plans.logical.LogicalPlan.transformDownWithPruning(LogicalPlan.scala:37)
[2026-03-23T00:34:45.198+0000] {subprocess.py:93} INFO - 	at org.apache.spark.sql.catalyst.trees.TreeNode.transformDown(TreeNode.scala:446)
[2026-03-23T00:34:45.198+0000] {subprocess.py:93} INFO - 	at org.apache.spark.sql.execution.QueryExecution.eagerlyExecuteCommands(QueryExecution.scala:164)
[2026-03-23T00:34:45.198+0000] {subprocess.py:93} INFO - 	at org.apache.spark.sql.execution.QueryExecution.$anonfun$lazyCommandExecuted$1(QueryExecution.scala:126)
[2026-03-23T00:34:45.198+0000] {subprocess.py:93} INFO - 	at scala.util.Try$.apply(Try.scala:217)
[2026-03-23T00:34:45.199+0000] {subprocess.py:93} INFO - 	at org.apache.spark.util.Utils$.doTryWithCallerStacktrace(Utils.scala:1378)
[2026-03-23T00:34:45.199+0000] {subprocess.py:93} INFO - 	at org.apache.spark.util.Utils$.getTryWithCallerStacktrace(Utils.scala:1439)
[2026-03-23T00:34:45.199+0000] {subprocess.py:93} INFO - 	at org.apache.spark.util.LazyTry.get(LazyTry.scala:58)
[2026-03-23T00:34:45.199+0000] {subprocess.py:93} INFO - 	at org.apache.spark.sql.execution.QueryExecution.commandExecuted(QueryExecution.scala:131)
[2026-03-23T00:34:45.199+0000] {subprocess.py:93} INFO - 	at org.apache.spark.sql.execution.QueryExecution.assertCommandExecuted(QueryExecution.scala:192)
[2026-03-23T00:34:45.199+0000] {subprocess.py:93} INFO - 	at org.apache.spark.sql.classic.DataFrameWriter.runCommand(DataFrameWriter.scala:622)
[2026-03-23T00:34:45.200+0000] {subprocess.py:93} INFO - 	at org.apache.spark.sql.classic.DataFrameWriter.saveToV1Source(DataFrameWriter.scala:273)
[2026-03-23T00:34:45.200+0000] {subprocess.py:93} INFO - 	at org.apache.spark.sql.classic.DataFrameWriter.saveInternal(DataFrameWriter.scala:241)
[2026-03-23T00:34:45.200+0000] {subprocess.py:93} INFO - 	at org.apache.spark.sql.classic.DataFrameWriter.save(DataFrameWriter.scala:118)
[2026-03-23T00:34:45.200+0000] {subprocess.py:93} INFO - 	at java.base/jdk.internal.reflect.NativeMethodAccessorImpl.invoke0(Native Method)
[2026-03-23T00:34:45.200+0000] {subprocess.py:93} INFO - 	at java.base/jdk.internal.reflect.NativeMethodAccessorImpl.invoke(NativeMethodAccessorImpl.java:77)
[2026-03-23T00:34:45.200+0000] {subprocess.py:93} INFO - 	at java.base/jdk.internal.reflect.DelegatingMethodAccessorImpl.invoke(DelegatingMethodAccessorImpl.java:43)
[2026-03-23T00:34:45.201+0000] {subprocess.py:93} INFO - 	at java.base/java.lang.reflect.Method.invoke(Method.java:569)
[2026-03-23T00:34:45.201+0000] {subprocess.py:93} INFO - 	at py4j.reflection.MethodInvoker.invoke(MethodInvoker.java:244)
[2026-03-23T00:34:45.201+0000] {subprocess.py:93} INFO - 	at py4j.reflection.ReflectionEngine.invoke(ReflectionEngine.java:374)
[2026-03-23T00:34:45.201+0000] {subprocess.py:93} INFO - 	at py4j.Gateway.invoke(Gateway.java:282)
[2026-03-23T00:34:45.201+0000] {subprocess.py:93} INFO - 	at py4j.commands.AbstractCommand.invokeMethod(AbstractCommand.java:132)
[2026-03-23T00:34:45.201+0000] {subprocess.py:93} INFO - 	at py4j.commands.CallCommand.execute(CallCommand.java:79)
[2026-03-23T00:34:45.202+0000] {subprocess.py:93} INFO - 	at py4j.ClientServerConnection.waitForCommands(ClientServerConnection.java:184)
[2026-03-23T00:34:45.202+0000] {subprocess.py:93} INFO - 	at py4j.ClientServerConnection.run(ClientServerConnection.java:108)
[2026-03-23T00:34:45.202+0000] {subprocess.py:93} INFO - 	at java.base/java.lang.Thread.run(Thread.java:840)
[2026-03-23T00:34:45.202+0000] {subprocess.py:93} INFO - 	Suppressed: org.apache.spark.util.Utils$OriginalTryStackTraceException: Full stacktrace of original doTryWithCallerStacktrace caller
[2026-03-23T00:34:45.202+0000] {subprocess.py:93} INFO - 		at org.apache.spark.sql.errors.QueryExecutionErrors$.cannotClearOutputDirectoryError(QueryExecutionErrors.scala:786)
[2026-03-23T00:34:45.202+0000] {subprocess.py:93} INFO - 		at org.apache.spark.sql.execution.datasources.InsertIntoHadoopFsRelationCommand.deleteMatchingPartitions(InsertIntoHadoopFsRelationCommand.scala:244)
[2026-03-23T00:34:45.203+0000] {subprocess.py:93} INFO - 		at org.apache.spark.sql.execution.datasources.InsertIntoHadoopFsRelationCommand.run(InsertIntoHadoopFsRelationCommand.scala:136)
[2026-03-23T00:34:45.203+0000] {subprocess.py:93} INFO - 		at org.apache.spark.sql.execution.command.DataWritingCommandExec.sideEffectResult$lzycompute(commands.scala:117)
[2026-03-23T00:34:45.203+0000] {subprocess.py:93} INFO - 		at org.apache.spark.sql.execution.command.DataWritingCommandExec.sideEffectResult(commands.scala:115)
[2026-03-23T00:34:45.203+0000] {subprocess.py:93} INFO - 		at org.apache.spark.sql.execution.command.DataWritingCommandExec.executeCollect(commands.scala:129)
[2026-03-23T00:34:45.203+0000] {subprocess.py:93} INFO - 		at org.apache.spark.sql.execution.QueryExecution.$anonfun$eagerlyExecuteCommands$2(QueryExecution.scala:155)
[2026-03-23T00:34:45.203+0000] {subprocess.py:93} INFO - 		at org.apache.spark.sql.execution.SQLExecution$.$anonfun$withNewExecutionId0$8(SQLExecution.scala:163)
[2026-03-23T00:34:45.204+0000] {subprocess.py:93} INFO - 		at org.apache.spark.sql.execution.SQLExecution$.withSessionTagsApplied(SQLExecution.scala:272)
[2026-03-23T00:34:45.204+0000] {subprocess.py:93} INFO - 		at org.apache.spark.sql.execution.SQLExecution$.$anonfun$withNewExecutionId0$7(SQLExecution.scala:125)
[2026-03-23T00:34:45.204+0000] {subprocess.py:93} INFO - 		at org.apache.spark.JobArtifactSet$.withActiveJobArtifactState(JobArtifactSet.scala:94)
[2026-03-23T00:34:45.204+0000] {subprocess.py:93} INFO - 		at org.apache.spark.sql.artifact.ArtifactManager.$anonfun$withResources$1(ArtifactManager.scala:112)
[2026-03-23T00:34:45.204+0000] {subprocess.py:93} INFO - 		at org.apache.spark.sql.artifact.ArtifactManager.withClassLoaderIfNeeded(ArtifactManager.scala:106)
[2026-03-23T00:34:45.204+0000] {subprocess.py:93} INFO - 		at org.apache.spark.sql.artifact.ArtifactManager.withResources(ArtifactManager.scala:111)
[2026-03-23T00:34:45.205+0000] {subprocess.py:93} INFO - 		at org.apache.spark.sql.execution.SQLExecution$.$anonfun$withNewExecutionId0$6(SQLExecution.scala:125)
[2026-03-23T00:34:45.205+0000] {subprocess.py:93} INFO - 		at org.apache.spark.sql.execution.SQLExecution$.withSQLConfPropagated(SQLExecution.scala:295)
[2026-03-23T00:34:45.205+0000] {subprocess.py:93} INFO - 		at org.apache.spark.sql.execution.SQLExecution$.$anonfun$withNewExecutionId0$1(SQLExecution.scala:124)
[2026-03-23T00:34:45.205+0000] {subprocess.py:93} INFO - 		at org.apache.spark.sql.SparkSession.withActive(SparkSession.scala:804)
[2026-03-23T00:34:45.205+0000] {subprocess.py:93} INFO - 		at org.apache.spark.sql.execution.SQLExecution$.withNewExecutionId0(SQLExecution.scala:78)
[2026-03-23T00:34:45.206+0000] {subprocess.py:93} INFO - 		at org.apache.spark.sql.execution.SQLExecution$.withNewExecutionId(SQLExecution.scala:237)
[2026-03-23T00:34:45.206+0000] {subprocess.py:93} INFO - 		at org.apache.spark.sql.execution.QueryExecution.$anonfun$eagerlyExecuteCommands$1(QueryExecution.scala:155)
[2026-03-23T00:34:45.206+0000] {subprocess.py:93} INFO - 		at org.apache.spark.sql.execution.QueryExecution$.withInternalError(QueryExecution.scala:654)
[2026-03-23T00:34:45.206+0000] {subprocess.py:93} INFO - 		at org.apache.spark.sql.execution.QueryExecution.org$apache$spark$sql$execution$QueryExecution$$eagerlyExecute$1(QueryExecution.scala:154)
[2026-03-23T00:34:45.206+0000] {subprocess.py:93} INFO - 		at org.apache.spark.sql.execution.QueryExecution$$anonfun$eagerlyExecuteCommands$3.applyOrElse(QueryExecution.scala:169)
[2026-03-23T00:34:45.206+0000] {subprocess.py:93} INFO - 		at org.apache.spark.sql.execution.QueryExecution$$anonfun$eagerlyExecuteCommands$3.applyOrElse(QueryExecution.scala:164)
[2026-03-23T00:34:45.207+0000] {subprocess.py:93} INFO - 		at org.apache.spark.sql.catalyst.trees.TreeNode.$anonfun$transformDownWithPruning$1(TreeNode.scala:470)
[2026-03-23T00:34:45.207+0000] {subprocess.py:93} INFO - 		at org.apache.spark.sql.catalyst.trees.CurrentOrigin$.withOrigin(origin.scala:86)
[2026-03-23T00:34:45.207+0000] {subprocess.py:93} INFO - 		at org.apache.spark.sql.catalyst.trees.TreeNode.transformDownWithPruning(TreeNode.scala:470)
[2026-03-23T00:34:45.207+0000] {subprocess.py:93} INFO - 		at org.apache.spark.sql.catalyst.plans.logical.LogicalPlan.org$apache$spark$sql$catalyst$plans$logical$AnalysisHelper$$super$transformDownWithPruning(LogicalPlan.scala:37)
[2026-03-23T00:34:45.207+0000] {subprocess.py:93} INFO - 		at org.apache.spark.sql.catalyst.plans.logical.AnalysisHelper.transformDownWithPruning(AnalysisHelper.scala:360)
[2026-03-23T00:34:45.208+0000] {subprocess.py:93} INFO - 		at org.apache.spark.sql.catalyst.plans.logical.AnalysisHelper.transformDownWithPruning$(AnalysisHelper.scala:356)
[2026-03-23T00:34:45.208+0000] {subprocess.py:93} INFO - 		at org.apache.spark.sql.catalyst.plans.logical.LogicalPlan.transformDownWithPruning(LogicalPlan.scala:37)
[2026-03-23T00:34:45.208+0000] {subprocess.py:93} INFO - 		at org.apache.spark.sql.catalyst.plans.logical.LogicalPlan.transformDownWithPruning(LogicalPlan.scala:37)
[2026-03-23T00:34:45.208+0000] {subprocess.py:93} INFO - 		at org.apache.spark.sql.catalyst.trees.TreeNode.transformDown(TreeNode.scala:446)
[2026-03-23T00:34:45.208+0000] {subprocess.py:93} INFO - 		at org.apache.spark.sql.execution.QueryExecution.eagerlyExecuteCommands(QueryExecution.scala:164)
[2026-03-23T00:34:45.209+0000] {subprocess.py:93} INFO - 		at org.apache.spark.sql.execution.QueryExecution.$anonfun$lazyCommandExecuted$1(QueryExecution.scala:126)
[2026-03-23T00:34:45.209+0000] {subprocess.py:93} INFO - 		at scala.util.Try$.apply(Try.scala:217)
[2026-03-23T00:34:45.209+0000] {subprocess.py:93} INFO - 		at org.apache.spark.util.Utils$.doTryWithCallerStacktrace(Utils.scala:1378)
[2026-03-23T00:34:45.209+0000] {subprocess.py:93} INFO - 		at org.apache.spark.util.LazyTry.tryT$lzycompute(LazyTry.scala:46)
[2026-03-23T00:34:45.209+0000] {subprocess.py:93} INFO - 		at org.apache.spark.util.LazyTry.tryT(LazyTry.scala:46)
[2026-03-23T00:34:45.210+0000] {subprocess.py:93} INFO - 		... 19 more
[2026-03-23T00:34:45.210+0000] {subprocess.py:93} INFO - 
[2026-03-23T00:34:45.210+0000] {subprocess.py:93} INFO - Pipeline execution failed: Failed writing sink 'raw-ok' to path 'data/output/events/motor_policy' (even after cleanup). Format: 'JSON', Mode: 'OVERWRITE'. Original error: An error occurred while calling o70.save.
[2026-03-23T00:34:45.210+0000] {subprocess.py:93} INFO - : org.apache.spark.SparkException: Unable to clear output directory file:/app/data/output/events/motor_policy prior to writing to it.
[2026-03-23T00:34:45.210+0000] {subprocess.py:93} INFO - 	at org.apache.spark.sql.errors.QueryExecutionErrors$.cannotClearOutputDirectoryError(QueryExecutionErrors.scala:786)
[2026-03-23T00:34:45.211+0000] {subprocess.py:93} INFO - 	at org.apache.spark.sql.execution.datasources.InsertIntoHadoopFsRelationCommand.deleteMatchingPartitions(InsertIntoHadoopFsRelationCommand.scala:244)
[2026-03-23T00:34:45.211+0000] {subprocess.py:93} INFO - 	at org.apache.spark.sql.execution.datasources.InsertIntoHadoopFsRelationCommand.run(InsertIntoHadoopFsRelationCommand.scala:136)
[2026-03-23T00:34:45.211+0000] {subprocess.py:93} INFO - 	at org.apache.spark.sql.execution.command.DataWritingCommandExec.sideEffectResult$lzycompute(commands.scala:117)
[2026-03-23T00:34:45.211+0000] {subprocess.py:93} INFO - 	at org.apache.spark.sql.execution.command.DataWritingCommandExec.sideEffectResult(commands.scala:115)
[2026-03-23T00:34:45.211+0000] {subprocess.py:93} INFO - 	at org.apache.spark.sql.execution.command.DataWritingCommandExec.executeCollect(commands.scala:129)
[2026-03-23T00:34:45.211+0000] {subprocess.py:93} INFO - 	at org.apache.spark.sql.execution.QueryExecution.$anonfun$eagerlyExecuteCommands$2(QueryExecution.scala:155)
[2026-03-23T00:34:45.212+0000] {subprocess.py:93} INFO - 	at org.apache.spark.sql.execution.SQLExecution$.$anonfun$withNewExecutionId0$8(SQLExecution.scala:163)
[2026-03-23T00:34:45.212+0000] {subprocess.py:93} INFO - 	at org.apache.spark.sql.execution.SQLExecution$.withSessionTagsApplied(SQLExecution.scala:272)
[2026-03-23T00:34:45.212+0000] {subprocess.py:93} INFO - 	at org.apache.spark.sql.execution.SQLExecution$.$anonfun$withNewExecutionId0$7(SQLExecution.scala:125)
[2026-03-23T00:34:45.212+0000] {subprocess.py:93} INFO - 	at org.apache.spark.JobArtifactSet$.withActiveJobArtifactState(JobArtifactSet.scala:94)
[2026-03-23T00:34:45.213+0000] {subprocess.py:93} INFO - 	at org.apache.spark.sql.artifact.ArtifactManager.$anonfun$withResources$1(ArtifactManager.scala:112)
[2026-03-23T00:34:45.213+0000] {subprocess.py:93} INFO - 	at org.apache.spark.sql.artifact.ArtifactManager.withClassLoaderIfNeeded(ArtifactManager.scala:106)
[2026-03-23T00:34:45.213+0000] {subprocess.py:93} INFO - 	at org.apache.spark.sql.artifact.ArtifactManager.withResources(ArtifactManager.scala:111)
[2026-03-23T00:34:45.213+0000] {subprocess.py:93} INFO - 	at org.apache.spark.sql.execution.SQLExecution$.$anonfun$withNewExecutionId0$6(SQLExecution.scala:125)
[2026-03-23T00:34:45.213+0000] {subprocess.py:93} INFO - 	at org.apache.spark.sql.execution.SQLExecution$.withSQLConfPropagated(SQLExecution.scala:295)
[2026-03-23T00:34:45.213+0000] {subprocess.py:93} INFO - 	at org.apache.spark.sql.execution.SQLExecution$.$anonfun$withNewExecutionId0$1(SQLExecution.scala:124)
[2026-03-23T00:34:45.214+0000] {subprocess.py:93} INFO - 	at org.apache.spark.sql.SparkSession.withActive(SparkSession.scala:804)
[2026-03-23T00:34:45.214+0000] {subprocess.py:93} INFO - 	at org.apache.spark.sql.execution.SQLExecution$.withNewExecutionId0(SQLExecution.scala:78)
[2026-03-23T00:34:45.214+0000] {subprocess.py:93} INFO - 	at org.apache.spark.sql.execution.SQLExecution$.withNewExecutionId(SQLExecution.scala:237)
[2026-03-23T00:34:45.214+0000] {subprocess.py:93} INFO - 	at org.apache.spark.sql.execution.QueryExecution.$anonfun$eagerlyExecuteCommands$1(QueryExecution.scala:155)
[2026-03-23T00:34:45.214+0000] {subprocess.py:93} INFO - 	at org.apache.spark.sql.execution.QueryExecution$.withInternalError(QueryExecution.scala:654)
[2026-03-23T00:34:45.215+0000] {subprocess.py:93} INFO - 	at org.apache.spark.sql.execution.QueryExecution.org$apache$spark$sql$execution$QueryExecution$$eagerlyExecute$1(QueryExecution.scala:154)
[2026-03-23T00:34:45.215+0000] {subprocess.py:93} INFO - 	at org.apache.spark.sql.execution.QueryExecution$$anonfun$eagerlyExecuteCommands$3.applyOrElse(QueryExecution.scala:169)
[2026-03-23T00:34:45.215+0000] {subprocess.py:93} INFO - 	at org.apache.spark.sql.execution.QueryExecution$$anonfun$eagerlyExecuteCommands$3.applyOrElse(QueryExecution.scala:164)
[2026-03-23T00:34:45.215+0000] {subprocess.py:93} INFO - 	at org.apache.spark.sql.catalyst.trees.TreeNode.$anonfun$transformDownWithPruning$1(TreeNode.scala:470)
[2026-03-23T00:34:45.216+0000] {subprocess.py:93} INFO - 	at org.apache.spark.sql.catalyst.trees.CurrentOrigin$.withOrigin(origin.scala:86)
[2026-03-23T00:34:45.216+0000] {subprocess.py:93} INFO - 	at org.apache.spark.sql.catalyst.trees.TreeNode.transformDownWithPruning(TreeNode.scala:470)
[2026-03-23T00:34:45.216+0000] {subprocess.py:93} INFO - 	at org.apache.spark.sql.catalyst.plans.logical.LogicalPlan.org$apache$spark$sql$catalyst$plans$logical$AnalysisHelper$$super$transformDownWithPruning(LogicalPlan.scala:37)
[2026-03-23T00:34:45.216+0000] {subprocess.py:93} INFO - 	at org.apache.spark.sql.catalyst.plans.logical.AnalysisHelper.transformDownWithPruning(AnalysisHelper.scala:360)
[2026-03-23T00:34:45.216+0000] {subprocess.py:93} INFO - 	at org.apache.spark.sql.catalyst.plans.logical.AnalysisHelper.transformDownWithPruning$(AnalysisHelper.scala:356)
[2026-03-23T00:34:45.216+0000] {subprocess.py:93} INFO - 	at org.apache.spark.sql.catalyst.plans.logical.LogicalPlan.transformDownWithPruning(LogicalPlan.scala:37)
[2026-03-23T00:34:45.217+0000] {subprocess.py:93} INFO - 	at org.apache.spark.sql.catalyst.plans.logical.LogicalPlan.transformDownWithPruning(LogicalPlan.scala:37)
[2026-03-23T00:34:45.217+0000] {subprocess.py:93} INFO - 	at org.apache.spark.sql.catalyst.trees.TreeNode.transformDown(TreeNode.scala:446)
[2026-03-23T00:34:45.217+0000] {subprocess.py:93} INFO - 	at org.apache.spark.sql.execution.QueryExecution.eagerlyExecuteCommands(QueryExecution.scala:164)
[2026-03-23T00:34:45.217+0000] {subprocess.py:93} INFO - 	at org.apache.spark.sql.execution.QueryExecution.$anonfun$lazyCommandExecuted$1(QueryExecution.scala:126)
[2026-03-23T00:34:45.217+0000] {subprocess.py:93} INFO - 	at scala.util.Try$.apply(Try.scala:217)
[2026-03-23T00:34:45.218+0000] {subprocess.py:93} INFO - 	at org.apache.spark.util.Utils$.doTryWithCallerStacktrace(Utils.scala:1378)
[2026-03-23T00:34:45.218+0000] {subprocess.py:93} INFO - 	at org.apache.spark.util.Utils$.getTryWithCallerStacktrace(Utils.scala:1439)
[2026-03-23T00:34:45.218+0000] {subprocess.py:93} INFO - 	at org.apache.spark.util.LazyTry.get(LazyTry.scala:58)
[2026-03-23T00:34:45.218+0000] {subprocess.py:93} INFO - 	at org.apache.spark.sql.execution.QueryExecution.commandExecuted(QueryExecution.scala:131)
[2026-03-23T00:34:45.218+0000] {subprocess.py:93} INFO - 	at org.apache.spark.sql.execution.QueryExecution.assertCommandExecuted(QueryExecution.scala:192)
[2026-03-23T00:34:45.218+0000] {subprocess.py:93} INFO - 	at org.apache.spark.sql.classic.DataFrameWriter.runCommand(DataFrameWriter.scala:622)
[2026-03-23T00:34:45.219+0000] {subprocess.py:93} INFO - 	at org.apache.spark.sql.classic.DataFrameWriter.saveToV1Source(DataFrameWriter.scala:273)
[2026-03-23T00:34:45.219+0000] {subprocess.py:93} INFO - 	at org.apache.spark.sql.classic.DataFrameWriter.saveInternal(DataFrameWriter.scala:241)
[2026-03-23T00:34:45.219+0000] {subprocess.py:93} INFO - 	at org.apache.spark.sql.classic.DataFrameWriter.save(DataFrameWriter.scala:118)
[2026-03-23T00:34:45.219+0000] {subprocess.py:93} INFO - 	at java.base/jdk.internal.reflect.NativeMethodAccessorImpl.invoke0(Native Method)
[2026-03-23T00:34:45.219+0000] {subprocess.py:93} INFO - 	at java.base/jdk.internal.reflect.NativeMethodAccessorImpl.invoke(NativeMethodAccessorImpl.java:77)
[2026-03-23T00:34:45.220+0000] {subprocess.py:93} INFO - 	at java.base/jdk.internal.reflect.DelegatingMethodAccessorImpl.invoke(DelegatingMethodAccessorImpl.java:43)
[2026-03-23T00:34:45.220+0000] {subprocess.py:93} INFO - 	at java.base/java.lang.reflect.Method.invoke(Method.java:569)
[2026-03-23T00:34:45.220+0000] {subprocess.py:93} INFO - 	at py4j.reflection.MethodInvoker.invoke(MethodInvoker.java:244)
[2026-03-23T00:34:45.220+0000] {subprocess.py:93} INFO - 	at py4j.reflection.ReflectionEngine.invoke(ReflectionEngine.java:374)
[2026-03-23T00:34:45.220+0000] {subprocess.py:93} INFO - 	at py4j.Gateway.invoke(Gateway.java:282)
[2026-03-23T00:34:45.221+0000] {subprocess.py:93} INFO - 	at py4j.commands.AbstractCommand.invokeMethod(AbstractCommand.java:132)
[2026-03-23T00:34:45.221+0000] {subprocess.py:93} INFO - 	at py4j.commands.CallCommand.execute(CallCommand.java:79)
[2026-03-23T00:34:45.221+0000] {subprocess.py:93} INFO - 	at py4j.ClientServerConnection.waitForCommands(ClientServerConnection.java:184)
[2026-03-23T00:34:45.221+0000] {subprocess.py:93} INFO - 	at py4j.ClientServerConnection.run(ClientServerConnection.java:108)
[2026-03-23T00:34:45.221+0000] {subprocess.py:93} INFO - 	at java.base/java.lang.Thread.run(Thread.java:840)
[2026-03-23T00:34:45.221+0000] {subprocess.py:93} INFO - 	Suppressed: org.apache.spark.util.Utils$OriginalTryStackTraceException: Full stacktrace of original doTryWithCallerStacktrace caller
[2026-03-23T00:34:45.222+0000] {subprocess.py:93} INFO - 		at org.apache.spark.sql.errors.QueryExecutionErrors$.cannotClearOutputDirectoryError(QueryExecutionErrors.scala:786)
[2026-03-23T00:34:45.222+0000] {subprocess.py:93} INFO - 		at org.apache.spark.sql.execution.datasources.InsertIntoHadoopFsRelationCommand.deleteMatchingPartitions(InsertIntoHadoopFsRelationCommand.scala:244)
[2026-03-23T00:34:45.222+0000] {subprocess.py:93} INFO - 		at org.apache.spark.sql.execution.datasources.InsertIntoHadoopFsRelationCommand.run(InsertIntoHadoopFsRelationCommand.scala:136)
[2026-03-23T00:34:45.222+0000] {subprocess.py:93} INFO - 		at org.apache.spark.sql.execution.command.DataWritingCommandExec.sideEffectResult$lzycompute(commands.scala:117)
[2026-03-23T00:34:45.222+0000] {subprocess.py:93} INFO - 		at org.apache.spark.sql.execution.command.DataWritingCommandExec.sideEffectResult(commands.scala:115)
[2026-03-23T00:34:45.223+0000] {subprocess.py:93} INFO - 		at org.apache.spark.sql.execution.command.DataWritingCommandExec.executeCollect(commands.scala:129)
[2026-03-23T00:34:45.223+0000] {subprocess.py:93} INFO - 		at org.apache.spark.sql.execution.QueryExecution.$anonfun$eagerlyExecuteCommands$2(QueryExecution.scala:155)
[2026-03-23T00:34:45.223+0000] {subprocess.py:93} INFO - 		at org.apache.spark.sql.execution.SQLExecution$.$anonfun$withNewExecutionId0$8(SQLExecution.scala:163)
[2026-03-23T00:34:45.223+0000] {subprocess.py:93} INFO - 		at org.apache.spark.sql.execution.SQLExecution$.withSessionTagsApplied(SQLExecution.scala:272)
[2026-03-23T00:34:45.223+0000] {subprocess.py:93} INFO - 		at org.apache.spark.sql.execution.SQLExecution$.$anonfun$withNewExecutionId0$7(SQLExecution.scala:125)
[2026-03-23T00:34:45.223+0000] {subprocess.py:93} INFO - 		at org.apache.spark.JobArtifactSet$.withActiveJobArtifactState(JobArtifactSet.scala:94)
[2026-03-23T00:34:45.224+0000] {subprocess.py:93} INFO - 		at org.apache.spark.sql.artifact.ArtifactManager.$anonfun$withResources$1(ArtifactManager.scala:112)
[2026-03-23T00:34:45.224+0000] {subprocess.py:93} INFO - 		at org.apache.spark.sql.artifact.ArtifactManager.withClassLoaderIfNeeded(ArtifactManager.scala:106)
[2026-03-23T00:34:45.224+0000] {subprocess.py:93} INFO - 		at org.apache.spark.sql.artifact.ArtifactManager.withResources(ArtifactManager.scala:111)
[2026-03-23T00:34:45.224+0000] {subprocess.py:93} INFO - 		at org.apache.spark.sql.execution.SQLExecution$.$anonfun$withNewExecutionId0$6(SQLExecution.scala:125)
[2026-03-23T00:34:45.224+0000] {subprocess.py:93} INFO - 		at org.apache.spark.sql.execution.SQLExecution$.withSQLConfPropagated(SQLExecution.scala:295)
[2026-03-23T00:34:45.225+0000] {subprocess.py:93} INFO - 		at org.apache.spark.sql.execution.SQLExecution$.$anonfun$withNewExecutionId0$1(SQLExecution.scala:124)
[2026-03-23T00:34:45.225+0000] {subprocess.py:93} INFO - 		at org.apache.spark.sql.SparkSession.withActive(SparkSession.scala:804)
[2026-03-23T00:34:45.225+0000] {subprocess.py:93} INFO - 		at org.apache.spark.sql.execution.SQLExecution$.withNewExecutionId0(SQLExecution.scala:78)
[2026-03-23T00:34:45.225+0000] {subprocess.py:93} INFO - 		at org.apache.spark.sql.execution.SQLExecution$.withNewExecutionId(SQLExecution.scala:237)
[2026-03-23T00:34:45.225+0000] {subprocess.py:93} INFO - 		at org.apache.spark.sql.execution.QueryExecution.$anonfun$eagerlyExecuteCommands$1(QueryExecution.scala:155)
[2026-03-23T00:34:45.226+0000] {subprocess.py:93} INFO - 		at org.apache.spark.sql.execution.QueryExecution$.withInternalError(QueryExecution.scala:654)
[2026-03-23T00:34:45.226+0000] {subprocess.py:93} INFO - 		at org.apache.spark.sql.execution.QueryExecution.org$apache$spark$sql$execution$QueryExecution$$eagerlyExecute$1(QueryExecution.scala:154)
[2026-03-23T00:34:45.226+0000] {subprocess.py:93} INFO - 		at org.apache.spark.sql.execution.QueryExecution$$anonfun$eagerlyExecuteCommands$3.applyOrElse(QueryExecution.scala:169)
[2026-03-23T00:34:45.226+0000] {subprocess.py:93} INFO - 		at org.apache.spark.sql.execution.QueryExecution$$anonfun$eagerlyExecuteCommands$3.applyOrElse(QueryExecution.scala:164)
[2026-03-23T00:34:45.226+0000] {subprocess.py:93} INFO - 		at org.apache.spark.sql.catalyst.trees.TreeNode.$anonfun$transformDownWithPruning$1(TreeNode.scala:470)
[2026-03-23T00:34:45.226+0000] {subprocess.py:93} INFO - 		at org.apache.spark.sql.catalyst.trees.CurrentOrigin$.withOrigin(origin.scala:86)
[2026-03-23T00:34:45.227+0000] {subprocess.py:93} INFO - 		at org.apache.spark.sql.catalyst.trees.TreeNode.transformDownWithPruning(TreeNode.scala:470)
[2026-03-23T00:34:45.227+0000] {subprocess.py:93} INFO - 		at org.apache.spark.sql.catalyst.plans.logical.LogicalPlan.org$apache$spark$sql$catalyst$plans$logical$AnalysisHelper$$super$transformDownWithPruning(LogicalPlan.scala:37)
[2026-03-23T00:34:45.227+0000] {subprocess.py:93} INFO - 		at org.apache.spark.sql.catalyst.plans.logical.AnalysisHelper.transformDownWithPruning(AnalysisHelper.scala:360)
[2026-03-23T00:34:45.227+0000] {subprocess.py:93} INFO - 		at org.apache.spark.sql.catalyst.plans.logical.AnalysisHelper.transformDownWithPruning$(AnalysisHelper.scala:356)
[2026-03-23T00:34:45.227+0000] {subprocess.py:93} INFO - 		at org.apache.spark.sql.catalyst.plans.logical.LogicalPlan.transformDownWithPruning(LogicalPlan.scala:37)
[2026-03-23T00:34:45.227+0000] {subprocess.py:93} INFO - 		at org.apache.spark.sql.catalyst.plans.logical.LogicalPlan.transformDownWithPruning(LogicalPlan.scala:37)
[2026-03-23T00:34:45.228+0000] {subprocess.py:93} INFO - 		at org.apache.spark.sql.catalyst.trees.TreeNode.transformDown(TreeNode.scala:446)
[2026-03-23T00:34:45.228+0000] {subprocess.py:93} INFO - 		at org.apache.spark.sql.execution.QueryExecution.eagerlyExecuteCommands(QueryExecution.scala:164)
[2026-03-23T00:34:45.228+0000] {subprocess.py:93} INFO - 		at org.apache.spark.sql.execution.QueryExecution.$anonfun$lazyCommandExecuted$1(QueryExecution.scala:126)
[2026-03-23T00:34:45.228+0000] {subprocess.py:93} INFO - 		at scala.util.Try$.apply(Try.scala:217)
[2026-03-23T00:34:45.228+0000] {subprocess.py:93} INFO - 		at org.apache.spark.util.Utils$.doTryWithCallerStacktrace(Utils.scala:1378)
[2026-03-23T00:34:45.228+0000] {subprocess.py:93} INFO - 		at org.apache.spark.util.LazyTry.tryT$lzycompute(LazyTry.scala:46)
[2026-03-23T00:34:45.229+0000] {subprocess.py:93} INFO - 		at org.apache.spark.util.LazyTry.tryT(LazyTry.scala:46)
[2026-03-23T00:34:45.229+0000] {subprocess.py:93} INFO - 		... 19 more
[2026-03-23T00:34:45.229+0000] {subprocess.py:93} INFO - 
[2026-03-23T00:34:45.792+0000] {subprocess.py:93} INFO - 
[2026-03-23T00:34:45.793+0000] {subprocess.py:93} INFO - Pipeline execution completed with exit code: 1
[2026-03-23T00:34:45.793+0000] {subprocess.py:93} INFO - ✗ Pipeline failed with errors (see logs above)
[2026-03-23T00:34:45.793+0000] {subprocess.py:97} INFO - Command exited with return code 1
[2026-03-23T00:34:45.813+0000] {taskinstance.py:1937} ERROR - Task failed with exception
Traceback (most recent call last):
  File "/home/airflow/.local/lib/python3.9/site-packages/airflow/operators/bash.py", line 210, in execute
    raise AirflowException(
airflow.exceptions.AirflowException: Bash command failed. The command returned a non-zero exit code 1.
[2026-03-23T00:34:45.819+0000] {taskinstance.py:1400} INFO - Marking task as UP_FOR_RETRY. dag_id=dynamic_spark_pipeline, task_id=run_pipeline, execution_date=20260321T020000, start_date=20260323T003425, end_date=20260323T003445
[2026-03-23T00:34:45.838+0000] {standard_task_runner.py:104} ERROR - Failed to execute job 4 for task run_pipeline (Bash command failed. The command returned a non-zero exit code 1.; 185)
[2026-03-23T00:34:45.853+0000] {local_task_job_runner.py:228} INFO - Task exited with return code 1
[2026-03-23T00:34:45.887+0000] {taskinstance.py:2778} INFO - 0 downstream tasks scheduled from follow-on schedule check
[2026-03-23T00:58:44.231+0000] {taskinstance.py:1159} INFO - Dependencies all met for dep_context=non-requeueable deps ti=<TaskInstance: dynamic_spark_pipeline.run_pipeline scheduled__2026-03-21T02:00:00+00:00 [queued]>
[2026-03-23T00:58:44.246+0000] {taskinstance.py:1159} INFO - Dependencies all met for dep_context=requeueable deps ti=<TaskInstance: dynamic_spark_pipeline.run_pipeline scheduled__2026-03-21T02:00:00+00:00 [queued]>
[2026-03-23T00:58:44.247+0000] {taskinstance.py:1361} INFO - Starting attempt 1 of 3
[2026-03-23T00:58:44.265+0000] {taskinstance.py:1382} INFO - Executing <Task(BashOperator): run_pipeline> on 2026-03-21 02:00:00+00:00
[2026-03-23T00:58:44.271+0000] {standard_task_runner.py:57} INFO - Started process 308 to run task
[2026-03-23T00:58:44.274+0000] {standard_task_runner.py:84} INFO - Running: ['***', 'tasks', 'run', 'dynamic_spark_pipeline', 'run_pipeline', 'scheduled__2026-03-21T02:00:00+00:00', '--job-id', '6', '--raw', '--subdir', 'DAGS_FOLDER/dynamic_spark_pipeline_dag.py', '--cfg-path', '/tmp/tmp2_66kimt']
[2026-03-23T00:58:44.276+0000] {standard_task_runner.py:85} INFO - Job 6: Subtask run_pipeline
[2026-03-23T00:58:44.349+0000] {task_command.py:416} INFO - Running <TaskInstance: dynamic_spark_pipeline.run_pipeline scheduled__2026-03-21T02:00:00+00:00 [running]> on host c2a2ae541149
[2026-03-23T00:58:44.468+0000] {taskinstance.py:1662} INFO - Exporting env vars: AIRFLOW_CTX_DAG_OWNER='Nasredine Ouelseti' AIRFLOW_CTX_DAG_ID='dynamic_spark_pipeline' AIRFLOW_CTX_TASK_ID='run_pipeline' AIRFLOW_CTX_EXECUTION_DATE='2026-03-21T02:00:00+00:00' AIRFLOW_CTX_TRY_NUMBER='1' AIRFLOW_CTX_DAG_RUN_ID='scheduled__2026-03-21T02:00:00+00:00'
[2026-03-23T00:58:44.468+0000] {subprocess.py:63} INFO - Tmp dir root location: /tmp
[2026-03-23T00:58:44.469+0000] {subprocess.py:75} INFO - Running command: ['/bin/bash', '-c', '\nset -e\n\necho "Starting Spark pipeline execution..."\necho "Configuration: /app/metadata/config.json"\necho "Data path: /app/data"\necho "Script: /app/src/main.py"\necho "Log path: /app/***/logs/pipeline"\n\n# Pre-create critical directories with proper error handling\necho "Preparing directories..."\nLOG_DIR_BACKUP="/tmp/***_logs"\n\n# Try to create log directory with primary path\nif mkdir -p "/app/***/logs/pipeline" 2>/dev/null && touch "/app/***/logs/pipeline/.write_test" 2>/dev/null; then\n    echo "✓ Using primary log path: /app/***/logs/pipeline"\n    rm -f "/app/***/logs/pipeline/.write_test"\nelse\n    echo "⚠ Primary log path not writable, using backup: $LOG_DIR_BACKUP"\n    mkdir -p "$LOG_DIR_BACKUP"\n    mkdir -p "/app/data/output" 2>/dev/null || true\nfi\n\n# Create data output directory (non-critical)\nmkdir -p "/app/data/output" 2>/dev/null || echo "⚠ Warning: Could not create data output directory"\n\n# Clean up old output files to prevent Spark OVERWRITE permission issues\necho "Cleaning previous output..."\nif [ -d "/app/data/output" ]; then\n    # Ensure we can delete all files by fixing permissions first\n    chmod -R 777 "/app/data/output" 2>/dev/null || true\n    # Remove entire output tree and recreate\n    rm -rf "/app/data/output" 2>/dev/null && echo "  ✓ Cleaned /app/data/output" || echo "  ⚠ Partial cleanup of /app/data/output"\nfi\n# Recreate clean output directory structure\nmkdir -p "/app/data/output/events" 2>/dev/null || true\nmkdir -p "/app/data/output/discards" 2>/dev/null || true\nchmod -R 777 "/app/data/output" 2>/dev/null || true\n\n# Set effective log path for the script\nexport LOG_PATH_EFFECTIVE="/app/***/logs/pipeline"\nif [ ! -w "/app/***/logs/pipeline" ]; then\n    export LOG_PATH_EFFECTIVE="$LOG_DIR_BACKUP"\nfi\n\necho "Effective log path: $LOG_PATH_EFFECTIVE"\n\n# Change to application home directory\nif [ -d "/app" ]; then\n    cd "/app"\n    echo "✓ Changed to: /app"\nelse\n    echo "✗ Application directory not found: /app"\n    exit 1\nfi\n\n# Run the pipeline script\necho "Executing pipeline script..."\npython "/app/src/main.py" 2>&1 | tee -a "$LOG_PATH_EFFECTIVE/pipeline.log" || true\n\n# Capture exit code\nEXIT_CODE=${PIPESTATUS[0]}\n\n# Report results\necho ""\necho "Pipeline execution completed with exit code: $EXIT_CODE"\n\nif [ $EXIT_CODE -eq 0 ]; then\n    echo "✓ Pipeline executed successfully"\n    exit 0\nelse\n    echo "✗ Pipeline failed with errors (see logs above)"\n    exit $EXIT_CODE\nfi\n        ']
[2026-03-23T00:58:44.481+0000] {subprocess.py:86} INFO - Output:
[2026-03-23T00:58:44.483+0000] {subprocess.py:93} INFO - Starting Spark pipeline execution...
[2026-03-23T00:58:44.483+0000] {subprocess.py:93} INFO - Configuration: /app/metadata/config.json
[2026-03-23T00:58:44.483+0000] {subprocess.py:93} INFO - Data path: /app/data
[2026-03-23T00:58:44.483+0000] {subprocess.py:93} INFO - Script: /app/src/main.py
[2026-03-23T00:58:44.483+0000] {subprocess.py:93} INFO - Log path: /app/***/logs/pipeline
[2026-03-23T00:58:44.484+0000] {subprocess.py:93} INFO - Preparing directories...
[2026-03-23T00:58:44.487+0000] {subprocess.py:93} INFO - ✓ Using primary log path: /app/***/logs/pipeline
[2026-03-23T00:58:44.491+0000] {subprocess.py:93} INFO - Cleaning previous output...
[2026-03-23T00:58:44.496+0000] {subprocess.py:93} INFO -   ⚠ Partial cleanup of /app/data/output
[2026-03-23T00:58:44.503+0000] {subprocess.py:93} INFO - Effective log path: /app/***/logs/pipeline
[2026-03-23T00:58:44.504+0000] {subprocess.py:93} INFO - ✓ Changed to: /app
[2026-03-23T00:58:44.504+0000] {subprocess.py:93} INFO - Executing pipeline script...
[2026-03-23T00:58:45.250+0000] {subprocess.py:93} INFO - 2026-03-23 00:58:45,248 - __main__ - INFO - Starting Dynamic Spark Pipeline...
[2026-03-23T00:58:45.250+0000] {subprocess.py:93} INFO - 2026-03-23 00:58:45,250 - __main__ - INFO - Loading config from metadata/config.json
[2026-03-23T00:58:45.251+0000] {subprocess.py:93} INFO - 2026-03-23 00:58:45,250 - __main__ - INFO - Creating Spark session...
[2026-03-23T00:58:45.545+0000] {subprocess.py:93} INFO - WARNING: Using incubator modules: jdk.incubator.vector
[2026-03-23T00:58:47.579+0000] {subprocess.py:93} INFO - Using Spark's default log4j profile: org/apache/spark/log4j2-defaults.properties
[2026-03-23T00:58:47.580+0000] {subprocess.py:93} INFO - Setting default log level to "WARN".
[2026-03-23T00:58:47.580+0000] {subprocess.py:93} INFO - To adjust logging level use sc.setLogLevel(newLevel). For SparkR, use setLogLevel(newLevel).
[2026-03-23T00:58:50.111+0000] {subprocess.py:93} INFO - 26/03/23 00:58:50 WARN NativeCodeLoader: Unable to load native-hadoop library for your platform... using builtin-java classes where applicable
[2026-03-23T00:58:51.163+0000] {subprocess.py:93} INFO - 26/03/23 00:58:51 WARN Utils: Service 'SparkUI' could not bind on port 4040. Attempting port 4041.
[2026-03-23T00:58:55.581+0000] {subprocess.py:93} INFO - 2026-03-23 00:58:55,580 - __main__ - INFO - Executing 1 dataflow(s)...
[2026-03-23T00:59:02.958+0000] {subprocess.py:93} INFO - [Stage 0:>                                                          (0 + 1) / 1]                                                                                26/03/23 00:59:02 WARN FileUtil: Failed to delete file or dir [/app/data/output/events/motor_policy/_SUCCESS]: it still exists.
[2026-03-23T00:59:02.959+0000] {subprocess.py:93} INFO - 26/03/23 00:59:02 WARN FileUtil: Failed to delete file or dir [/app/data/output/events/motor_policy/._SUCCESS.crc]: it still exists.
[2026-03-23T00:59:02.959+0000] {subprocess.py:93} INFO - 26/03/23 00:59:02 WARN FileUtil: Failed to delete file or dir [/app/data/output/events/motor_policy/part-00000-b78ac4d7-b1a9-45ed-8a83-22bb8cbb1034-c000.json]: it still exists.
[2026-03-23T00:59:02.960+0000] {subprocess.py:93} INFO - 26/03/23 00:59:02 WARN FileUtil: Failed to delete file or dir [/app/data/output/events/motor_policy/.part-00000-b78ac4d7-b1a9-45ed-8a83-22bb8cbb1034-c000.json.crc]: it still exists.
[2026-03-23T00:59:05.177+0000] {subprocess.py:93} INFO - [raw-ok] Pre-emptively cleaning output directory: data/output/events/motor_policy
[2026-03-23T00:59:05.179+0000] {subprocess.py:93} INFO - [raw-ok] Attempt 1/3: chmod 777 on data/output/events/motor_policy
[2026-03-23T00:59:05.180+0000] {subprocess.py:93} INFO - [raw-ok] rm -rf failed with code 1
[2026-03-23T00:59:05.180+0000] {subprocess.py:93} INFO - [raw-ok] shutil.rmtree failed (attempt 1): [Errno 13] Permission denied: '_SUCCESS'
[2026-03-23T00:59:05.180+0000] {subprocess.py:93} INFO - [raw-ok] Attempt 2/3: chmod 777 on data/output/events/motor_policy
[2026-03-23T00:59:05.181+0000] {subprocess.py:93} INFO - [raw-ok] rm -rf failed with code 1
[2026-03-23T00:59:05.181+0000] {subprocess.py:93} INFO - [raw-ok] shutil.rmtree failed (attempt 2): [Errno 13] Permission denied: '_SUCCESS'
[2026-03-23T00:59:05.188+0000] {subprocess.py:93} INFO - [raw-ok] Attempt 3/3: chmod 777 on data/output/events/motor_policy
[2026-03-23T00:59:05.189+0000] {subprocess.py:93} INFO - [raw-ok] rm -rf failed with code 1
[2026-03-23T00:59:05.189+0000] {subprocess.py:93} INFO - [raw-ok] shutil.rmtree failed (attempt 3): [Errno 13] Permission denied: '_SUCCESS'
[2026-03-23T00:59:05.189+0000] {subprocess.py:93} INFO - [raw-ok] Write failed with directory clear error. Attempting aggressive cleanup...
[2026-03-23T00:59:05.189+0000] {subprocess.py:93} INFO - [raw-ok] Attempt 1/3: chmod 777 on data/output/events/motor_policy
[2026-03-23T00:59:05.190+0000] {subprocess.py:93} INFO - [raw-ok] rm -rf failed with code 1
[2026-03-23T00:59:05.190+0000] {subprocess.py:93} INFO - [raw-ok] shutil.rmtree failed (attempt 1): [Errno 13] Permission denied: '_SUCCESS'
[2026-03-23T00:59:05.190+0000] {subprocess.py:93} INFO - [raw-ok] Attempt 2/3: chmod 777 on data/output/events/motor_policy
[2026-03-23T00:59:05.191+0000] {subprocess.py:93} INFO - [raw-ok] rm -rf failed with code 1
[2026-03-23T00:59:05.191+0000] {subprocess.py:93} INFO - [raw-ok] shutil.rmtree failed (attempt 2): [Errno 13] Permission denied: '_SUCCESS'
[2026-03-23T00:59:05.201+0000] {subprocess.py:93} INFO - [raw-ok] Attempt 3/3: chmod 777 on data/output/events/motor_policy
[2026-03-23T00:59:05.205+0000] {subprocess.py:93} INFO - [raw-ok] rm -rf failed with code 1
[2026-03-23T00:59:05.208+0000] {subprocess.py:93} INFO - [raw-ok] shutil.rmtree failed (attempt 3): [Errno 13] Permission denied: '_SUCCESS'
[2026-03-23T00:59:05.209+0000] {subprocess.py:93} INFO - 2026-03-23 00:59:05,170 - __main__ - ERROR - Pipeline execution failed: Could not clean output directory 'data/output/events/motor_policy' for sink 'raw-ok'. Original error: An error occurred while calling o70.save.
[2026-03-23T00:59:05.209+0000] {subprocess.py:93} INFO - : org.apache.spark.SparkException: Unable to clear output directory file:/app/data/output/events/motor_policy prior to writing to it.
[2026-03-23T00:59:05.209+0000] {subprocess.py:93} INFO - 	at org.apache.spark.sql.errors.QueryExecutionErrors$.cannotClearOutputDirectoryError(QueryExecutionErrors.scala:786)
[2026-03-23T00:59:05.210+0000] {subprocess.py:93} INFO - 	at org.apache.spark.sql.execution.datasources.InsertIntoHadoopFsRelationCommand.deleteMatchingPartitions(InsertIntoHadoopFsRelationCommand.scala:244)
[2026-03-23T00:59:05.213+0000] {subprocess.py:93} INFO - 	at org.apache.spark.sql.execution.datasources.InsertIntoHadoopFsRelationCommand.run(InsertIntoHadoopFsRelationCommand.scala:136)
[2026-03-23T00:59:05.213+0000] {subprocess.py:93} INFO - 	at org.apache.spark.sql.execution.command.DataWritingCommandExec.sideEffectResult$lzycompute(commands.scala:117)
[2026-03-23T00:59:05.214+0000] {subprocess.py:93} INFO - 	at org.apache.spark.sql.execution.command.DataWritingCommandExec.sideEffectResult(commands.scala:115)
[2026-03-23T00:59:05.214+0000] {subprocess.py:93} INFO - 	at org.apache.spark.sql.execution.command.DataWritingCommandExec.executeCollect(commands.scala:129)
[2026-03-23T00:59:05.214+0000] {subprocess.py:93} INFO - 	at org.apache.spark.sql.execution.QueryExecution.$anonfun$eagerlyExecuteCommands$2(QueryExecution.scala:155)
[2026-03-23T00:59:05.215+0000] {subprocess.py:93} INFO - 	at org.apache.spark.sql.execution.SQLExecution$.$anonfun$withNewExecutionId0$8(SQLExecution.scala:163)
[2026-03-23T00:59:05.215+0000] {subprocess.py:93} INFO - 	at org.apache.spark.sql.execution.SQLExecution$.withSessionTagsApplied(SQLExecution.scala:272)
[2026-03-23T00:59:05.217+0000] {subprocess.py:93} INFO - 	at org.apache.spark.sql.execution.SQLExecution$.$anonfun$withNewExecutionId0$7(SQLExecution.scala:125)
[2026-03-23T00:59:05.217+0000] {subprocess.py:93} INFO - 	at org.apache.spark.JobArtifactSet$.withActiveJobArtifactState(JobArtifactSet.scala:94)
[2026-03-23T00:59:05.217+0000] {subprocess.py:93} INFO - 	at org.apache.spark.sql.artifact.ArtifactManager.$anonfun$withResources$1(ArtifactManager.scala:112)
[2026-03-23T00:59:05.217+0000] {subprocess.py:93} INFO - 	at org.apache.spark.sql.artifact.ArtifactManager.withClassLoaderIfNeeded(ArtifactManager.scala:106)
[2026-03-23T00:59:05.218+0000] {subprocess.py:93} INFO - 	at org.apache.spark.sql.artifact.ArtifactManager.withResources(ArtifactManager.scala:111)
[2026-03-23T00:59:05.218+0000] {subprocess.py:93} INFO - 	at org.apache.spark.sql.execution.SQLExecution$.$anonfun$withNewExecutionId0$6(SQLExecution.scala:125)
[2026-03-23T00:59:05.218+0000] {subprocess.py:93} INFO - 	at org.apache.spark.sql.execution.SQLExecution$.withSQLConfPropagated(SQLExecution.scala:295)
[2026-03-23T00:59:05.218+0000] {subprocess.py:93} INFO - 	at org.apache.spark.sql.execution.SQLExecution$.$anonfun$withNewExecutionId0$1(SQLExecution.scala:124)
[2026-03-23T00:59:05.219+0000] {subprocess.py:93} INFO - 	at org.apache.spark.sql.SparkSession.withActive(SparkSession.scala:804)
[2026-03-23T00:59:05.219+0000] {subprocess.py:93} INFO - 	at org.apache.spark.sql.execution.SQLExecution$.withNewExecutionId0(SQLExecution.scala:78)
[2026-03-23T00:59:05.219+0000] {subprocess.py:93} INFO - 	at org.apache.spark.sql.execution.SQLExecution$.withNewExecutionId(SQLExecution.scala:237)
[2026-03-23T00:59:05.219+0000] {subprocess.py:93} INFO - 	at org.apache.spark.sql.execution.QueryExecution.$anonfun$eagerlyExecuteCommands$1(QueryExecution.scala:155)
[2026-03-23T00:59:05.219+0000] {subprocess.py:93} INFO - 	at org.apache.spark.sql.execution.QueryExecution$.withInternalError(QueryExecution.scala:654)
[2026-03-23T00:59:05.220+0000] {subprocess.py:93} INFO - 	at org.apache.spark.sql.execution.QueryExecution.org$apache$spark$sql$execution$QueryExecution$$eagerlyExecute$1(QueryExecution.scala:154)
[2026-03-23T00:59:05.220+0000] {subprocess.py:93} INFO - 	at org.apache.spark.sql.execution.QueryExecution$$anonfun$eagerlyExecuteCommands$3.applyOrElse(QueryExecution.scala:169)
[2026-03-23T00:59:05.220+0000] {subprocess.py:93} INFO - 	at org.apache.spark.sql.execution.QueryExecution$$anonfun$eagerlyExecuteCommands$3.applyOrElse(QueryExecution.scala:164)
[2026-03-23T00:59:05.221+0000] {subprocess.py:93} INFO - 	at org.apache.spark.sql.catalyst.trees.TreeNode.$anonfun$transformDownWithPruning$1(TreeNode.scala:470)
[2026-03-23T00:59:05.221+0000] {subprocess.py:93} INFO - 	at org.apache.spark.sql.catalyst.trees.CurrentOrigin$.withOrigin(origin.scala:86)
[2026-03-23T00:59:05.221+0000] {subprocess.py:93} INFO - 	at org.apache.spark.sql.catalyst.trees.TreeNode.transformDownWithPruning(TreeNode.scala:470)
[2026-03-23T00:59:05.221+0000] {subprocess.py:93} INFO - 	at org.apache.spark.sql.catalyst.plans.logical.LogicalPlan.org$apache$spark$sql$catalyst$plans$logical$AnalysisHelper$$super$transformDownWithPruning(LogicalPlan.scala:37)
[2026-03-23T00:59:05.222+0000] {subprocess.py:93} INFO - 	at org.apache.spark.sql.catalyst.plans.logical.AnalysisHelper.transformDownWithPruning(AnalysisHelper.scala:360)
[2026-03-23T00:59:05.222+0000] {subprocess.py:93} INFO - 	at org.apache.spark.sql.catalyst.plans.logical.AnalysisHelper.transformDownWithPruning$(AnalysisHelper.scala:356)
[2026-03-23T00:59:05.222+0000] {subprocess.py:93} INFO - 	at org.apache.spark.sql.catalyst.plans.logical.LogicalPlan.transformDownWithPruning(LogicalPlan.scala:37)
[2026-03-23T00:59:05.222+0000] {subprocess.py:93} INFO - 	at org.apache.spark.sql.catalyst.plans.logical.LogicalPlan.transformDownWithPruning(LogicalPlan.scala:37)
[2026-03-23T00:59:05.223+0000] {subprocess.py:93} INFO - 	at org.apache.spark.sql.catalyst.trees.TreeNode.transformDown(TreeNode.scala:446)
[2026-03-23T00:59:05.223+0000] {subprocess.py:93} INFO - 	at org.apache.spark.sql.execution.QueryExecution.eagerlyExecuteCommands(QueryExecution.scala:164)
[2026-03-23T00:59:05.223+0000] {subprocess.py:93} INFO - 	at org.apache.spark.sql.execution.QueryExecution.$anonfun$lazyCommandExecuted$1(QueryExecution.scala:126)
[2026-03-23T00:59:05.223+0000] {subprocess.py:93} INFO - 	at scala.util.Try$.apply(Try.scala:217)
[2026-03-23T00:59:05.223+0000] {subprocess.py:93} INFO - 	at org.apache.spark.util.Utils$.doTryWithCallerStacktrace(Utils.scala:1378)
[2026-03-23T00:59:05.224+0000] {subprocess.py:93} INFO - 	at org.apache.spark.util.Utils$.getTryWithCallerStacktrace(Utils.scala:1439)
[2026-03-23T00:59:05.224+0000] {subprocess.py:93} INFO - 	at org.apache.spark.util.LazyTry.get(LazyTry.scala:58)
[2026-03-23T00:59:05.224+0000] {subprocess.py:93} INFO - 	at org.apache.spark.sql.execution.QueryExecution.commandExecuted(QueryExecution.scala:131)
[2026-03-23T00:59:05.224+0000] {subprocess.py:93} INFO - 	at org.apache.spark.sql.execution.QueryExecution.assertCommandExecuted(QueryExecution.scala:192)
[2026-03-23T00:59:05.225+0000] {subprocess.py:93} INFO - 	at org.apache.spark.sql.classic.DataFrameWriter.runCommand(DataFrameWriter.scala:622)
[2026-03-23T00:59:05.225+0000] {subprocess.py:93} INFO - 	at org.apache.spark.sql.classic.DataFrameWriter.saveToV1Source(DataFrameWriter.scala:273)
[2026-03-23T00:59:05.225+0000] {subprocess.py:93} INFO - 	at org.apache.spark.sql.classic.DataFrameWriter.saveInternal(DataFrameWriter.scala:241)
[2026-03-23T00:59:05.225+0000] {subprocess.py:93} INFO - 	at org.apache.spark.sql.classic.DataFrameWriter.save(DataFrameWriter.scala:118)
[2026-03-23T00:59:05.230+0000] {subprocess.py:93} INFO - 	at java.base/jdk.internal.reflect.NativeMethodAccessorImpl.invoke0(Native Method)
[2026-03-23T00:59:05.230+0000] {subprocess.py:93} INFO - 	at java.base/jdk.internal.reflect.NativeMethodAccessorImpl.invoke(NativeMethodAccessorImpl.java:77)
[2026-03-23T00:59:05.231+0000] {subprocess.py:93} INFO - 	at java.base/jdk.internal.reflect.DelegatingMethodAccessorImpl.invoke(DelegatingMethodAccessorImpl.java:43)
[2026-03-23T00:59:05.231+0000] {subprocess.py:93} INFO - 	at java.base/java.lang.reflect.Method.invoke(Method.java:569)
[2026-03-23T00:59:05.231+0000] {subprocess.py:93} INFO - 	at py4j.reflection.MethodInvoker.invoke(MethodInvoker.java:244)
[2026-03-23T00:59:05.231+0000] {subprocess.py:93} INFO - 	at py4j.reflection.ReflectionEngine.invoke(ReflectionEngine.java:374)
[2026-03-23T00:59:05.232+0000] {subprocess.py:93} INFO - 	at py4j.Gateway.invoke(Gateway.java:282)
[2026-03-23T00:59:05.232+0000] {subprocess.py:93} INFO - 	at py4j.commands.AbstractCommand.invokeMethod(AbstractCommand.java:132)
[2026-03-23T00:59:05.232+0000] {subprocess.py:93} INFO - 	at py4j.commands.CallCommand.execute(CallCommand.java:79)
[2026-03-23T00:59:05.232+0000] {subprocess.py:93} INFO - 	at py4j.ClientServerConnection.waitForCommands(ClientServerConnection.java:184)
[2026-03-23T00:59:05.233+0000] {subprocess.py:93} INFO - 	at py4j.ClientServerConnection.run(ClientServerConnection.java:108)
[2026-03-23T00:59:05.233+0000] {subprocess.py:93} INFO - 	at java.base/java.lang.Thread.run(Thread.java:840)
[2026-03-23T00:59:05.233+0000] {subprocess.py:93} INFO - 	Suppressed: org.apache.spark.util.Utils$OriginalTryStackTraceException: Full stacktrace of original doTryWithCallerStacktrace caller
[2026-03-23T00:59:05.233+0000] {subprocess.py:93} INFO - 		at org.apache.spark.sql.errors.QueryExecutionErrors$.cannotClearOutputDirectoryError(QueryExecutionErrors.scala:786)
[2026-03-23T00:59:05.233+0000] {subprocess.py:93} INFO - 		at org.apache.spark.sql.execution.datasources.InsertIntoHadoopFsRelationCommand.deleteMatchingPartitions(InsertIntoHadoopFsRelationCommand.scala:244)
[2026-03-23T00:59:05.234+0000] {subprocess.py:93} INFO - 		at org.apache.spark.sql.execution.datasources.InsertIntoHadoopFsRelationCommand.run(InsertIntoHadoopFsRelationCommand.scala:136)
[2026-03-23T00:59:05.234+0000] {subprocess.py:93} INFO - 		at org.apache.spark.sql.execution.command.DataWritingCommandExec.sideEffectResult$lzycompute(commands.scala:117)
[2026-03-23T00:59:05.234+0000] {subprocess.py:93} INFO - 		at org.apache.spark.sql.execution.command.DataWritingCommandExec.sideEffectResult(commands.scala:115)
[2026-03-23T00:59:05.235+0000] {subprocess.py:93} INFO - 		at org.apache.spark.sql.execution.command.DataWritingCommandExec.executeCollect(commands.scala:129)
[2026-03-23T00:59:05.235+0000] {subprocess.py:93} INFO - 		at org.apache.spark.sql.execution.QueryExecution.$anonfun$eagerlyExecuteCommands$2(QueryExecution.scala:155)
[2026-03-23T00:59:05.235+0000] {subprocess.py:93} INFO - 		at org.apache.spark.sql.execution.SQLExecution$.$anonfun$withNewExecutionId0$8(SQLExecution.scala:163)
[2026-03-23T00:59:05.235+0000] {subprocess.py:93} INFO - 		at org.apache.spark.sql.execution.SQLExecution$.withSessionTagsApplied(SQLExecution.scala:272)
[2026-03-23T00:59:05.235+0000] {subprocess.py:93} INFO - 		at org.apache.spark.sql.execution.SQLExecution$.$anonfun$withNewExecutionId0$7(SQLExecution.scala:125)
[2026-03-23T00:59:05.236+0000] {subprocess.py:93} INFO - 		at org.apache.spark.JobArtifactSet$.withActiveJobArtifactState(JobArtifactSet.scala:94)
[2026-03-23T00:59:05.236+0000] {subprocess.py:93} INFO - 		at org.apache.spark.sql.artifact.ArtifactManager.$anonfun$withResources$1(ArtifactManager.scala:112)
[2026-03-23T00:59:05.236+0000] {subprocess.py:93} INFO - 		at org.apache.spark.sql.artifact.ArtifactManager.withClassLoaderIfNeeded(ArtifactManager.scala:106)
[2026-03-23T00:59:05.236+0000] {subprocess.py:93} INFO - 		at org.apache.spark.sql.artifact.ArtifactManager.withResources(ArtifactManager.scala:111)
[2026-03-23T00:59:05.237+0000] {subprocess.py:93} INFO - 		at org.apache.spark.sql.execution.SQLExecution$.$anonfun$withNewExecutionId0$6(SQLExecution.scala:125)
[2026-03-23T00:59:05.237+0000] {subprocess.py:93} INFO - 		at org.apache.spark.sql.execution.SQLExecution$.withSQLConfPropagated(SQLExecution.scala:295)
[2026-03-23T00:59:05.237+0000] {subprocess.py:93} INFO - 		at org.apache.spark.sql.execution.SQLExecution$.$anonfun$withNewExecutionId0$1(SQLExecution.scala:124)
[2026-03-23T00:59:05.237+0000] {subprocess.py:93} INFO - 		at org.apache.spark.sql.SparkSession.withActive(SparkSession.scala:804)
[2026-03-23T00:59:05.237+0000] {subprocess.py:93} INFO - 		at org.apache.spark.sql.execution.SQLExecution$.withNewExecutionId0(SQLExecution.scala:78)
[2026-03-23T00:59:05.238+0000] {subprocess.py:93} INFO - 		at org.apache.spark.sql.execution.SQLExecution$.withNewExecutionId(SQLExecution.scala:237)
[2026-03-23T00:59:05.238+0000] {subprocess.py:93} INFO - 		at org.apache.spark.sql.execution.QueryExecution.$anonfun$eagerlyExecuteCommands$1(QueryExecution.scala:155)
[2026-03-23T00:59:05.238+0000] {subprocess.py:93} INFO - 		at org.apache.spark.sql.execution.QueryExecution$.withInternalError(QueryExecution.scala:654)
[2026-03-23T00:59:05.238+0000] {subprocess.py:93} INFO - 		at org.apache.spark.sql.execution.QueryExecution.org$apache$spark$sql$execution$QueryExecution$$eagerlyExecute$1(QueryExecution.scala:154)
[2026-03-23T00:59:05.239+0000] {subprocess.py:93} INFO - 		at org.apache.spark.sql.execution.QueryExecution$$anonfun$eagerlyExecuteCommands$3.applyOrElse(QueryExecution.scala:169)
[2026-03-23T00:59:05.239+0000] {subprocess.py:93} INFO - 		at org.apache.spark.sql.execution.QueryExecution$$anonfun$eagerlyExecuteCommands$3.applyOrElse(QueryExecution.scala:164)
[2026-03-23T00:59:05.239+0000] {subprocess.py:93} INFO - 		at org.apache.spark.sql.catalyst.trees.TreeNode.$anonfun$transformDownWithPruning$1(TreeNode.scala:470)
[2026-03-23T00:59:05.239+0000] {subprocess.py:93} INFO - 		at org.apache.spark.sql.catalyst.trees.CurrentOrigin$.withOrigin(origin.scala:86)
[2026-03-23T00:59:05.239+0000] {subprocess.py:93} INFO - 		at org.apache.spark.sql.catalyst.trees.TreeNode.transformDownWithPruning(TreeNode.scala:470)
[2026-03-23T00:59:05.240+0000] {subprocess.py:93} INFO - 		at org.apache.spark.sql.catalyst.plans.logical.LogicalPlan.org$apache$spark$sql$catalyst$plans$logical$AnalysisHelper$$super$transformDownWithPruning(LogicalPlan.scala:37)
[2026-03-23T00:59:05.240+0000] {subprocess.py:93} INFO - 		at org.apache.spark.sql.catalyst.plans.logical.AnalysisHelper.transformDownWithPruning(AnalysisHelper.scala:360)
[2026-03-23T00:59:05.240+0000] {subprocess.py:93} INFO - 		at org.apache.spark.sql.catalyst.plans.logical.AnalysisHelper.transformDownWithPruning$(AnalysisHelper.scala:356)
[2026-03-23T00:59:05.240+0000] {subprocess.py:93} INFO - 		at org.apache.spark.sql.catalyst.plans.logical.LogicalPlan.transformDownWithPruning(LogicalPlan.scala:37)
[2026-03-23T00:59:05.241+0000] {subprocess.py:93} INFO - 		at org.apache.spark.sql.catalyst.plans.logical.LogicalPlan.transformDownWithPruning(LogicalPlan.scala:37)
[2026-03-23T00:59:05.241+0000] {subprocess.py:93} INFO - 		at org.apache.spark.sql.catalyst.trees.TreeNode.transformDown(TreeNode.scala:446)
[2026-03-23T00:59:05.241+0000] {subprocess.py:93} INFO - 		at org.apache.spark.sql.execution.QueryExecution.eagerlyExecuteCommands(QueryExecution.scala:164)
[2026-03-23T00:59:05.241+0000] {subprocess.py:93} INFO - 		at org.apache.spark.sql.execution.QueryExecution.$anonfun$lazyCommandExecuted$1(QueryExecution.scala:126)
[2026-03-23T00:59:05.242+0000] {subprocess.py:93} INFO - 		at scala.util.Try$.apply(Try.scala:217)
[2026-03-23T00:59:05.242+0000] {subprocess.py:93} INFO - 		at org.apache.spark.util.Utils$.doTryWithCallerStacktrace(Utils.scala:1378)
[2026-03-23T00:59:05.242+0000] {subprocess.py:93} INFO - 		at org.apache.spark.util.LazyTry.tryT$lzycompute(LazyTry.scala:46)
[2026-03-23T00:59:05.242+0000] {subprocess.py:93} INFO - 		at org.apache.spark.util.LazyTry.tryT(LazyTry.scala:46)
[2026-03-23T00:59:05.242+0000] {subprocess.py:93} INFO - 		... 19 more
[2026-03-23T00:59:05.243+0000] {subprocess.py:93} INFO - Traceback (most recent call last):
[2026-03-23T00:59:05.243+0000] {subprocess.py:93} INFO -   File "/app/src/writer.py", line 97, in write_output
[2026-03-23T00:59:05.243+0000] {subprocess.py:93} INFO -     df.write.mode(sink_mode).format(sink_format).save(path)
[2026-03-23T00:59:05.243+0000] {subprocess.py:93} INFO -   File "/home/***/.local/lib/python3.9/site-packages/pyspark/sql/readwriter.py", line 1745, in save
[2026-03-23T00:59:05.244+0000] {subprocess.py:93} INFO -     self._jwrite.save(path)
[2026-03-23T00:59:05.244+0000] {subprocess.py:93} INFO -   File "/home/***/.local/lib/python3.9/site-packages/py4j/java_gateway.py", line 1362, in __call__
[2026-03-23T00:59:05.244+0000] {subprocess.py:93} INFO -     return_value = get_return_value(
[2026-03-23T00:59:05.244+0000] {subprocess.py:93} INFO -   File "/home/***/.local/lib/python3.9/site-packages/pyspark/errors/exceptions/captured.py", line 282, in deco
[2026-03-23T00:59:05.245+0000] {subprocess.py:93} INFO -     return f(*a, **kw)
[2026-03-23T00:59:05.245+0000] {subprocess.py:93} INFO -   File "/home/***/.local/lib/python3.9/site-packages/py4j/protocol.py", line 327, in get_return_value
[2026-03-23T00:59:05.245+0000] {subprocess.py:93} INFO -     raise Py4JJavaError(
[2026-03-23T00:59:05.245+0000] {subprocess.py:93} INFO - py4j.protocol.Py4JJavaError: An error occurred while calling o70.save.
[2026-03-23T00:59:05.246+0000] {subprocess.py:93} INFO - : org.apache.spark.SparkException: Unable to clear output directory file:/app/data/output/events/motor_policy prior to writing to it.
[2026-03-23T00:59:05.246+0000] {subprocess.py:93} INFO - 	at org.apache.spark.sql.errors.QueryExecutionErrors$.cannotClearOutputDirectoryError(QueryExecutionErrors.scala:786)
[2026-03-23T00:59:05.246+0000] {subprocess.py:93} INFO - 	at org.apache.spark.sql.execution.datasources.InsertIntoHadoopFsRelationCommand.deleteMatchingPartitions(InsertIntoHadoopFsRelationCommand.scala:244)
[2026-03-23T00:59:05.247+0000] {subprocess.py:93} INFO - 	at org.apache.spark.sql.execution.datasources.InsertIntoHadoopFsRelationCommand.run(InsertIntoHadoopFsRelationCommand.scala:136)
[2026-03-23T00:59:05.247+0000] {subprocess.py:93} INFO - 	at org.apache.spark.sql.execution.command.DataWritingCommandExec.sideEffectResult$lzycompute(commands.scala:117)
[2026-03-23T00:59:05.248+0000] {subprocess.py:93} INFO - 	at org.apache.spark.sql.execution.command.DataWritingCommandExec.sideEffectResult(commands.scala:115)
[2026-03-23T00:59:05.248+0000] {subprocess.py:93} INFO - 	at org.apache.spark.sql.execution.command.DataWritingCommandExec.executeCollect(commands.scala:129)
[2026-03-23T00:59:05.249+0000] {subprocess.py:93} INFO - 	at org.apache.spark.sql.execution.QueryExecution.$anonfun$eagerlyExecuteCommands$2(QueryExecution.scala:155)
[2026-03-23T00:59:05.250+0000] {subprocess.py:93} INFO - 	at org.apache.spark.sql.execution.SQLExecution$.$anonfun$withNewExecutionId0$8(SQLExecution.scala:163)
[2026-03-23T00:59:05.250+0000] {subprocess.py:93} INFO - 	at org.apache.spark.sql.execution.SQLExecution$.withSessionTagsApplied(SQLExecution.scala:272)
[2026-03-23T00:59:05.250+0000] {subprocess.py:93} INFO - 	at org.apache.spark.sql.execution.SQLExecution$.$anonfun$withNewExecutionId0$7(SQLExecution.scala:125)
[2026-03-23T00:59:05.250+0000] {subprocess.py:93} INFO - 	at org.apache.spark.JobArtifactSet$.withActiveJobArtifactState(JobArtifactSet.scala:94)
[2026-03-23T00:59:05.250+0000] {subprocess.py:93} INFO - 	at org.apache.spark.sql.artifact.ArtifactManager.$anonfun$withResources$1(ArtifactManager.scala:112)
[2026-03-23T00:59:05.251+0000] {subprocess.py:93} INFO - 	at org.apache.spark.sql.artifact.ArtifactManager.withClassLoaderIfNeeded(ArtifactManager.scala:106)
[2026-03-23T00:59:05.251+0000] {subprocess.py:93} INFO - 	at org.apache.spark.sql.artifact.ArtifactManager.withResources(ArtifactManager.scala:111)
[2026-03-23T00:59:05.251+0000] {subprocess.py:93} INFO - 	at org.apache.spark.sql.execution.SQLExecution$.$anonfun$withNewExecutionId0$6(SQLExecution.scala:125)
[2026-03-23T00:59:05.262+0000] {subprocess.py:93} INFO - 	at org.apache.spark.sql.execution.SQLExecution$.withSQLConfPropagated(SQLExecution.scala:295)
[2026-03-23T00:59:05.263+0000] {subprocess.py:93} INFO - 	at org.apache.spark.sql.execution.SQLExecution$.$anonfun$withNewExecutionId0$1(SQLExecution.scala:124)
[2026-03-23T00:59:05.267+0000] {subprocess.py:93} INFO - 	at org.apache.spark.sql.SparkSession.withActive(SparkSession.scala:804)
[2026-03-23T00:59:05.268+0000] {subprocess.py:93} INFO - 	at org.apache.spark.sql.execution.SQLExecution$.withNewExecutionId0(SQLExecution.scala:78)
[2026-03-23T00:59:05.268+0000] {subprocess.py:93} INFO - 	at org.apache.spark.sql.execution.SQLExecution$.withNewExecutionId(SQLExecution.scala:237)
[2026-03-23T00:59:05.268+0000] {subprocess.py:93} INFO - 	at org.apache.spark.sql.execution.QueryExecution.$anonfun$eagerlyExecuteCommands$1(QueryExecution.scala:155)
[2026-03-23T00:59:05.268+0000] {subprocess.py:93} INFO - 	at org.apache.spark.sql.execution.QueryExecution$.withInternalError(QueryExecution.scala:654)
[2026-03-23T00:59:05.269+0000] {subprocess.py:93} INFO - 	at org.apache.spark.sql.execution.QueryExecution.org$apache$spark$sql$execution$QueryExecution$$eagerlyExecute$1(QueryExecution.scala:154)
[2026-03-23T00:59:05.269+0000] {subprocess.py:93} INFO - 	at org.apache.spark.sql.execution.QueryExecution$$anonfun$eagerlyExecuteCommands$3.applyOrElse(QueryExecution.scala:169)
[2026-03-23T00:59:05.269+0000] {subprocess.py:93} INFO - 	at org.apache.spark.sql.execution.QueryExecution$$anonfun$eagerlyExecuteCommands$3.applyOrElse(QueryExecution.scala:164)
[2026-03-23T00:59:05.269+0000] {subprocess.py:93} INFO - 	at org.apache.spark.sql.catalyst.trees.TreeNode.$anonfun$transformDownWithPruning$1(TreeNode.scala:470)
[2026-03-23T00:59:05.270+0000] {subprocess.py:93} INFO - 	at org.apache.spark.sql.catalyst.trees.CurrentOrigin$.withOrigin(origin.scala:86)
[2026-03-23T00:59:05.270+0000] {subprocess.py:93} INFO - 	at org.apache.spark.sql.catalyst.trees.TreeNode.transformDownWithPruning(TreeNode.scala:470)
[2026-03-23T00:59:05.271+0000] {subprocess.py:93} INFO - 	at org.apache.spark.sql.catalyst.plans.logical.LogicalPlan.org$apache$spark$sql$catalyst$plans$logical$AnalysisHelper$$super$transformDownWithPruning(LogicalPlan.scala:37)
[2026-03-23T00:59:05.272+0000] {subprocess.py:93} INFO - 	at org.apache.spark.sql.catalyst.plans.logical.AnalysisHelper.transformDownWithPruning(AnalysisHelper.scala:360)
[2026-03-23T00:59:05.272+0000] {subprocess.py:93} INFO - 	at org.apache.spark.sql.catalyst.plans.logical.AnalysisHelper.transformDownWithPruning$(AnalysisHelper.scala:356)
[2026-03-23T00:59:05.272+0000] {subprocess.py:93} INFO - 	at org.apache.spark.sql.catalyst.plans.logical.LogicalPlan.transformDownWithPruning(LogicalPlan.scala:37)
[2026-03-23T00:59:05.273+0000] {subprocess.py:93} INFO - 	at org.apache.spark.sql.catalyst.plans.logical.LogicalPlan.transformDownWithPruning(LogicalPlan.scala:37)
[2026-03-23T00:59:05.273+0000] {subprocess.py:93} INFO - 	at org.apache.spark.sql.catalyst.trees.TreeNode.transformDown(TreeNode.scala:446)
[2026-03-23T00:59:05.273+0000] {subprocess.py:93} INFO - 	at org.apache.spark.sql.execution.QueryExecution.eagerlyExecuteCommands(QueryExecution.scala:164)
[2026-03-23T00:59:05.273+0000] {subprocess.py:93} INFO - 	at org.apache.spark.sql.execution.QueryExecution.$anonfun$lazyCommandExecuted$1(QueryExecution.scala:126)
[2026-03-23T00:59:05.273+0000] {subprocess.py:93} INFO - 	at scala.util.Try$.apply(Try.scala:217)
[2026-03-23T00:59:05.274+0000] {subprocess.py:93} INFO - 	at org.apache.spark.util.Utils$.doTryWithCallerStacktrace(Utils.scala:1378)
[2026-03-23T00:59:05.274+0000] {subprocess.py:93} INFO - 	at org.apache.spark.util.Utils$.getTryWithCallerStacktrace(Utils.scala:1439)
[2026-03-23T00:59:05.274+0000] {subprocess.py:93} INFO - 	at org.apache.spark.util.LazyTry.get(LazyTry.scala:58)
[2026-03-23T00:59:05.275+0000] {subprocess.py:93} INFO - 	at org.apache.spark.sql.execution.QueryExecution.commandExecuted(QueryExecution.scala:131)
[2026-03-23T00:59:05.275+0000] {subprocess.py:93} INFO - 	at org.apache.spark.sql.execution.QueryExecution.assertCommandExecuted(QueryExecution.scala:192)
[2026-03-23T00:59:05.275+0000] {subprocess.py:93} INFO - 	at org.apache.spark.sql.classic.DataFrameWriter.runCommand(DataFrameWriter.scala:622)
[2026-03-23T00:59:05.275+0000] {subprocess.py:93} INFO - 	at org.apache.spark.sql.classic.DataFrameWriter.saveToV1Source(DataFrameWriter.scala:273)
[2026-03-23T00:59:05.276+0000] {subprocess.py:93} INFO - 	at org.apache.spark.sql.classic.DataFrameWriter.saveInternal(DataFrameWriter.scala:241)
[2026-03-23T00:59:05.276+0000] {subprocess.py:93} INFO - 	at org.apache.spark.sql.classic.DataFrameWriter.save(DataFrameWriter.scala:118)
[2026-03-23T00:59:05.276+0000] {subprocess.py:93} INFO - 	at java.base/jdk.internal.reflect.NativeMethodAccessorImpl.invoke0(Native Method)
[2026-03-23T00:59:05.276+0000] {subprocess.py:93} INFO - 	at java.base/jdk.internal.reflect.NativeMethodAccessorImpl.invoke(NativeMethodAccessorImpl.java:77)
[2026-03-23T00:59:05.276+0000] {subprocess.py:93} INFO - 	at java.base/jdk.internal.reflect.DelegatingMethodAccessorImpl.invoke(DelegatingMethodAccessorImpl.java:43)
[2026-03-23T00:59:05.277+0000] {subprocess.py:93} INFO - 	at java.base/java.lang.reflect.Method.invoke(Method.java:569)
[2026-03-23T00:59:05.277+0000] {subprocess.py:93} INFO - 	at py4j.reflection.MethodInvoker.invoke(MethodInvoker.java:244)
[2026-03-23T00:59:05.277+0000] {subprocess.py:93} INFO - 	at py4j.reflection.ReflectionEngine.invoke(ReflectionEngine.java:374)
[2026-03-23T00:59:05.277+0000] {subprocess.py:93} INFO - 	at py4j.Gateway.invoke(Gateway.java:282)
[2026-03-23T00:59:05.278+0000] {subprocess.py:93} INFO - 	at py4j.commands.AbstractCommand.invokeMethod(AbstractCommand.java:132)
[2026-03-23T00:59:05.278+0000] {subprocess.py:93} INFO - 	at py4j.commands.CallCommand.execute(CallCommand.java:79)
[2026-03-23T00:59:05.278+0000] {subprocess.py:93} INFO - 	at py4j.ClientServerConnection.waitForCommands(ClientServerConnection.java:184)
[2026-03-23T00:59:05.278+0000] {subprocess.py:93} INFO - 	at py4j.ClientServerConnection.run(ClientServerConnection.java:108)
[2026-03-23T00:59:05.279+0000] {subprocess.py:93} INFO - 	at java.base/java.lang.Thread.run(Thread.java:840)
[2026-03-23T00:59:05.279+0000] {subprocess.py:93} INFO - 	Suppressed: org.apache.spark.util.Utils$OriginalTryStackTraceException: Full stacktrace of original doTryWithCallerStacktrace caller
[2026-03-23T00:59:05.279+0000] {subprocess.py:93} INFO - 		at org.apache.spark.sql.errors.QueryExecutionErrors$.cannotClearOutputDirectoryError(QueryExecutionErrors.scala:786)
[2026-03-23T00:59:05.279+0000] {subprocess.py:93} INFO - 		at org.apache.spark.sql.execution.datasources.InsertIntoHadoopFsRelationCommand.deleteMatchingPartitions(InsertIntoHadoopFsRelationCommand.scala:244)
[2026-03-23T00:59:05.280+0000] {subprocess.py:93} INFO - 		at org.apache.spark.sql.execution.datasources.InsertIntoHadoopFsRelationCommand.run(InsertIntoHadoopFsRelationCommand.scala:136)
[2026-03-23T00:59:05.280+0000] {subprocess.py:93} INFO - 		at org.apache.spark.sql.execution.command.DataWritingCommandExec.sideEffectResult$lzycompute(commands.scala:117)
[2026-03-23T00:59:05.280+0000] {subprocess.py:93} INFO - 		at org.apache.spark.sql.execution.command.DataWritingCommandExec.sideEffectResult(commands.scala:115)
[2026-03-23T00:59:05.280+0000] {subprocess.py:93} INFO - 		at org.apache.spark.sql.execution.command.DataWritingCommandExec.executeCollect(commands.scala:129)
[2026-03-23T00:59:05.281+0000] {subprocess.py:93} INFO - 		at org.apache.spark.sql.execution.QueryExecution.$anonfun$eagerlyExecuteCommands$2(QueryExecution.scala:155)
[2026-03-23T00:59:05.281+0000] {subprocess.py:93} INFO - 		at org.apache.spark.sql.execution.SQLExecution$.$anonfun$withNewExecutionId0$8(SQLExecution.scala:163)
[2026-03-23T00:59:05.281+0000] {subprocess.py:93} INFO - 		at org.apache.spark.sql.execution.SQLExecution$.withSessionTagsApplied(SQLExecution.scala:272)
[2026-03-23T00:59:05.281+0000] {subprocess.py:93} INFO - 		at org.apache.spark.sql.execution.SQLExecution$.$anonfun$withNewExecutionId0$7(SQLExecution.scala:125)
[2026-03-23T00:59:05.281+0000] {subprocess.py:93} INFO - 		at org.apache.spark.JobArtifactSet$.withActiveJobArtifactState(JobArtifactSet.scala:94)
[2026-03-23T00:59:05.282+0000] {subprocess.py:93} INFO - 		at org.apache.spark.sql.artifact.ArtifactManager.$anonfun$withResources$1(ArtifactManager.scala:112)
[2026-03-23T00:59:05.282+0000] {subprocess.py:93} INFO - 		at org.apache.spark.sql.artifact.ArtifactManager.withClassLoaderIfNeeded(ArtifactManager.scala:106)
[2026-03-23T00:59:05.282+0000] {subprocess.py:93} INFO - 		at org.apache.spark.sql.artifact.ArtifactManager.withResources(ArtifactManager.scala:111)
[2026-03-23T00:59:05.282+0000] {subprocess.py:93} INFO - 		at org.apache.spark.sql.execution.SQLExecution$.$anonfun$withNewExecutionId0$6(SQLExecution.scala:125)
[2026-03-23T00:59:05.283+0000] {subprocess.py:93} INFO - 		at org.apache.spark.sql.execution.SQLExecution$.withSQLConfPropagated(SQLExecution.scala:295)
[2026-03-23T00:59:05.283+0000] {subprocess.py:93} INFO - 		at org.apache.spark.sql.execution.SQLExecution$.$anonfun$withNewExecutionId0$1(SQLExecution.scala:124)
[2026-03-23T00:59:05.283+0000] {subprocess.py:93} INFO - 		at org.apache.spark.sql.SparkSession.withActive(SparkSession.scala:804)
[2026-03-23T00:59:05.283+0000] {subprocess.py:93} INFO - 		at org.apache.spark.sql.execution.SQLExecution$.withNewExecutionId0(SQLExecution.scala:78)
[2026-03-23T00:59:05.283+0000] {subprocess.py:93} INFO - 		at org.apache.spark.sql.execution.SQLExecution$.withNewExecutionId(SQLExecution.scala:237)
[2026-03-23T00:59:05.284+0000] {subprocess.py:93} INFO - 		at org.apache.spark.sql.execution.QueryExecution.$anonfun$eagerlyExecuteCommands$1(QueryExecution.scala:155)
[2026-03-23T00:59:05.284+0000] {subprocess.py:93} INFO - 		at org.apache.spark.sql.execution.QueryExecution$.withInternalError(QueryExecution.scala:654)
[2026-03-23T00:59:05.284+0000] {subprocess.py:93} INFO - 		at org.apache.spark.sql.execution.QueryExecution.org$apache$spark$sql$execution$QueryExecution$$eagerlyExecute$1(QueryExecution.scala:154)
[2026-03-23T00:59:05.284+0000] {subprocess.py:93} INFO - 		at org.apache.spark.sql.execution.QueryExecution$$anonfun$eagerlyExecuteCommands$3.applyOrElse(QueryExecution.scala:169)
[2026-03-23T00:59:05.285+0000] {subprocess.py:93} INFO - 		at org.apache.spark.sql.execution.QueryExecution$$anonfun$eagerlyExecuteCommands$3.applyOrElse(QueryExecution.scala:164)
[2026-03-23T00:59:05.285+0000] {subprocess.py:93} INFO - 		at org.apache.spark.sql.catalyst.trees.TreeNode.$anonfun$transformDownWithPruning$1(TreeNode.scala:470)
[2026-03-23T00:59:05.285+0000] {subprocess.py:93} INFO - 		at org.apache.spark.sql.catalyst.trees.CurrentOrigin$.withOrigin(origin.scala:86)
[2026-03-23T00:59:05.285+0000] {subprocess.py:93} INFO - 		at org.apache.spark.sql.catalyst.trees.TreeNode.transformDownWithPruning(TreeNode.scala:470)
[2026-03-23T00:59:05.286+0000] {subprocess.py:93} INFO - 		at org.apache.spark.sql.catalyst.plans.logical.LogicalPlan.org$apache$spark$sql$catalyst$plans$logical$AnalysisHelper$$super$transformDownWithPruning(LogicalPlan.scala:37)
[2026-03-23T00:59:05.286+0000] {subprocess.py:93} INFO - 		at org.apache.spark.sql.catalyst.plans.logical.AnalysisHelper.transformDownWithPruning(AnalysisHelper.scala:360)
[2026-03-23T00:59:05.286+0000] {subprocess.py:93} INFO - 		at org.apache.spark.sql.catalyst.plans.logical.AnalysisHelper.transformDownWithPruning$(AnalysisHelper.scala:356)
[2026-03-23T00:59:05.286+0000] {subprocess.py:93} INFO - 		at org.apache.spark.sql.catalyst.plans.logical.LogicalPlan.transformDownWithPruning(LogicalPlan.scala:37)
[2026-03-23T00:59:05.286+0000] {subprocess.py:93} INFO - 		at org.apache.spark.sql.catalyst.plans.logical.LogicalPlan.transformDownWithPruning(LogicalPlan.scala:37)
[2026-03-23T00:59:05.287+0000] {subprocess.py:93} INFO - 		at org.apache.spark.sql.catalyst.trees.TreeNode.transformDown(TreeNode.scala:446)
[2026-03-23T00:59:05.287+0000] {subprocess.py:93} INFO - 		at org.apache.spark.sql.execution.QueryExecution.eagerlyExecuteCommands(QueryExecution.scala:164)
[2026-03-23T00:59:05.287+0000] {subprocess.py:93} INFO - 		at org.apache.spark.sql.execution.QueryExecution.$anonfun$lazyCommandExecuted$1(QueryExecution.scala:126)
[2026-03-23T00:59:05.287+0000] {subprocess.py:93} INFO - 		at scala.util.Try$.apply(Try.scala:217)
[2026-03-23T00:59:05.288+0000] {subprocess.py:93} INFO - 		at org.apache.spark.util.Utils$.doTryWithCallerStacktrace(Utils.scala:1378)
[2026-03-23T00:59:05.288+0000] {subprocess.py:93} INFO - 		at org.apache.spark.util.LazyTry.tryT$lzycompute(LazyTry.scala:46)
[2026-03-23T00:59:05.288+0000] {subprocess.py:93} INFO - 		at org.apache.spark.util.LazyTry.tryT(LazyTry.scala:46)
[2026-03-23T00:59:05.288+0000] {subprocess.py:93} INFO - 		... 19 more
[2026-03-23T00:59:05.289+0000] {subprocess.py:93} INFO - 
[2026-03-23T00:59:05.289+0000] {subprocess.py:93} INFO - 
[2026-03-23T00:59:05.289+0000] {subprocess.py:93} INFO - The above exception was the direct cause of the following exception:
[2026-03-23T00:59:05.289+0000] {subprocess.py:93} INFO - 
[2026-03-23T00:59:05.290+0000] {subprocess.py:93} INFO - Traceback (most recent call last):
[2026-03-23T00:59:05.290+0000] {subprocess.py:93} INFO -   File "/app/src/main.py", line 29, in main
[2026-03-23T00:59:05.290+0000] {subprocess.py:93} INFO -     engine.run()
[2026-03-23T00:59:05.290+0000] {subprocess.py:93} INFO -   File "/app/src/engine.py", line 70, in run
[2026-03-23T00:59:05.290+0000] {subprocess.py:93} INFO -     write_output(self.dataframes[sink_input], sink)
[2026-03-23T00:59:05.291+0000] {subprocess.py:93} INFO -   File "/app/src/writer.py", line 119, in write_output
[2026-03-23T00:59:05.291+0000] {subprocess.py:93} INFO -     raise RuntimeError(
[2026-03-23T00:59:05.291+0000] {subprocess.py:93} INFO - RuntimeError: Could not clean output directory 'data/output/events/motor_policy' for sink 'raw-ok'. Original error: An error occurred while calling o70.save.
[2026-03-23T00:59:05.291+0000] {subprocess.py:93} INFO - : org.apache.spark.SparkException: Unable to clear output directory file:/app/data/output/events/motor_policy prior to writing to it.
[2026-03-23T00:59:05.292+0000] {subprocess.py:93} INFO - 	at org.apache.spark.sql.errors.QueryExecutionErrors$.cannotClearOutputDirectoryError(QueryExecutionErrors.scala:786)
[2026-03-23T00:59:05.292+0000] {subprocess.py:93} INFO - 	at org.apache.spark.sql.execution.datasources.InsertIntoHadoopFsRelationCommand.deleteMatchingPartitions(InsertIntoHadoopFsRelationCommand.scala:244)
[2026-03-23T00:59:05.292+0000] {subprocess.py:93} INFO - 	at org.apache.spark.sql.execution.datasources.InsertIntoHadoopFsRelationCommand.run(InsertIntoHadoopFsRelationCommand.scala:136)
[2026-03-23T00:59:05.292+0000] {subprocess.py:93} INFO - 	at org.apache.spark.sql.execution.command.DataWritingCommandExec.sideEffectResult$lzycompute(commands.scala:117)
[2026-03-23T00:59:05.292+0000] {subprocess.py:93} INFO - 	at org.apache.spark.sql.execution.command.DataWritingCommandExec.sideEffectResult(commands.scala:115)
[2026-03-23T00:59:05.293+0000] {subprocess.py:93} INFO - 	at org.apache.spark.sql.execution.command.DataWritingCommandExec.executeCollect(commands.scala:129)
[2026-03-23T00:59:05.293+0000] {subprocess.py:93} INFO - 	at org.apache.spark.sql.execution.QueryExecution.$anonfun$eagerlyExecuteCommands$2(QueryExecution.scala:155)
[2026-03-23T00:59:05.293+0000] {subprocess.py:93} INFO - 	at org.apache.spark.sql.execution.SQLExecution$.$anonfun$withNewExecutionId0$8(SQLExecution.scala:163)
[2026-03-23T00:59:05.293+0000] {subprocess.py:93} INFO - 	at org.apache.spark.sql.execution.SQLExecution$.withSessionTagsApplied(SQLExecution.scala:272)
[2026-03-23T00:59:05.294+0000] {subprocess.py:93} INFO - 	at org.apache.spark.sql.execution.SQLExecution$.$anonfun$withNewExecutionId0$7(SQLExecution.scala:125)
[2026-03-23T00:59:05.294+0000] {subprocess.py:93} INFO - 	at org.apache.spark.JobArtifactSet$.withActiveJobArtifactState(JobArtifactSet.scala:94)
[2026-03-23T00:59:05.294+0000] {subprocess.py:93} INFO - 	at org.apache.spark.sql.artifact.ArtifactManager.$anonfun$withResources$1(ArtifactManager.scala:112)
[2026-03-23T00:59:05.295+0000] {subprocess.py:93} INFO - 	at org.apache.spark.sql.artifact.ArtifactManager.withClassLoaderIfNeeded(ArtifactManager.scala:106)
[2026-03-23T00:59:05.295+0000] {subprocess.py:93} INFO - 	at org.apache.spark.sql.artifact.ArtifactManager.withResources(ArtifactManager.scala:111)
[2026-03-23T00:59:05.295+0000] {subprocess.py:93} INFO - 	at org.apache.spark.sql.execution.SQLExecution$.$anonfun$withNewExecutionId0$6(SQLExecution.scala:125)
[2026-03-23T00:59:05.295+0000] {subprocess.py:93} INFO - 	at org.apache.spark.sql.execution.SQLExecution$.withSQLConfPropagated(SQLExecution.scala:295)
[2026-03-23T00:59:05.296+0000] {subprocess.py:93} INFO - 	at org.apache.spark.sql.execution.SQLExecution$.$anonfun$withNewExecutionId0$1(SQLExecution.scala:124)
[2026-03-23T00:59:05.296+0000] {subprocess.py:93} INFO - 	at org.apache.spark.sql.SparkSession.withActive(SparkSession.scala:804)
[2026-03-23T00:59:05.296+0000] {subprocess.py:93} INFO - 	at org.apache.spark.sql.execution.SQLExecution$.withNewExecutionId0(SQLExecution.scala:78)
[2026-03-23T00:59:05.296+0000] {subprocess.py:93} INFO - 	at org.apache.spark.sql.execution.SQLExecution$.withNewExecutionId(SQLExecution.scala:237)
[2026-03-23T00:59:05.297+0000] {subprocess.py:93} INFO - 	at org.apache.spark.sql.execution.QueryExecution.$anonfun$eagerlyExecuteCommands$1(QueryExecution.scala:155)
[2026-03-23T00:59:05.297+0000] {subprocess.py:93} INFO - 	at org.apache.spark.sql.execution.QueryExecution$.withInternalError(QueryExecution.scala:654)
[2026-03-23T00:59:05.297+0000] {subprocess.py:93} INFO - 	at org.apache.spark.sql.execution.QueryExecution.org$apache$spark$sql$execution$QueryExecution$$eagerlyExecute$1(QueryExecution.scala:154)
[2026-03-23T00:59:05.298+0000] {subprocess.py:93} INFO - 	at org.apache.spark.sql.execution.QueryExecution$$anonfun$eagerlyExecuteCommands$3.applyOrElse(QueryExecution.scala:169)
[2026-03-23T00:59:05.298+0000] {subprocess.py:93} INFO - 	at org.apache.spark.sql.execution.QueryExecution$$anonfun$eagerlyExecuteCommands$3.applyOrElse(QueryExecution.scala:164)
[2026-03-23T00:59:05.298+0000] {subprocess.py:93} INFO - 	at org.apache.spark.sql.catalyst.trees.TreeNode.$anonfun$transformDownWithPruning$1(TreeNode.scala:470)
[2026-03-23T00:59:05.298+0000] {subprocess.py:93} INFO - 	at org.apache.spark.sql.catalyst.trees.CurrentOrigin$.withOrigin(origin.scala:86)
[2026-03-23T00:59:05.299+0000] {subprocess.py:93} INFO - 	at org.apache.spark.sql.catalyst.trees.TreeNode.transformDownWithPruning(TreeNode.scala:470)
[2026-03-23T00:59:05.299+0000] {subprocess.py:93} INFO - 	at org.apache.spark.sql.catalyst.plans.logical.LogicalPlan.org$apache$spark$sql$catalyst$plans$logical$AnalysisHelper$$super$transformDownWithPruning(LogicalPlan.scala:37)
[2026-03-23T00:59:05.299+0000] {subprocess.py:93} INFO - 	at org.apache.spark.sql.catalyst.plans.logical.AnalysisHelper.transformDownWithPruning(AnalysisHelper.scala:360)
[2026-03-23T00:59:05.300+0000] {subprocess.py:93} INFO - 	at org.apache.spark.sql.catalyst.plans.logical.AnalysisHelper.transformDownWithPruning$(AnalysisHelper.scala:356)
[2026-03-23T00:59:05.300+0000] {subprocess.py:93} INFO - 	at org.apache.spark.sql.catalyst.plans.logical.LogicalPlan.transformDownWithPruning(LogicalPlan.scala:37)
[2026-03-23T00:59:05.300+0000] {subprocess.py:93} INFO - 	at org.apache.spark.sql.catalyst.plans.logical.LogicalPlan.transformDownWithPruning(LogicalPlan.scala:37)
[2026-03-23T00:59:05.301+0000] {subprocess.py:93} INFO - 	at org.apache.spark.sql.catalyst.trees.TreeNode.transformDown(TreeNode.scala:446)
[2026-03-23T00:59:05.301+0000] {subprocess.py:93} INFO - 	at org.apache.spark.sql.execution.QueryExecution.eagerlyExecuteCommands(QueryExecution.scala:164)
[2026-03-23T00:59:05.302+0000] {subprocess.py:93} INFO - 	at org.apache.spark.sql.execution.QueryExecution.$anonfun$lazyCommandExecuted$1(QueryExecution.scala:126)
[2026-03-23T00:59:05.302+0000] {subprocess.py:93} INFO - 	at scala.util.Try$.apply(Try.scala:217)
[2026-03-23T00:59:05.302+0000] {subprocess.py:93} INFO - 	at org.apache.spark.util.Utils$.doTryWithCallerStacktrace(Utils.scala:1378)
[2026-03-23T00:59:05.302+0000] {subprocess.py:93} INFO - 	at org.apache.spark.util.Utils$.getTryWithCallerStacktrace(Utils.scala:1439)
[2026-03-23T00:59:05.303+0000] {subprocess.py:93} INFO - 	at org.apache.spark.util.LazyTry.get(LazyTry.scala:58)
[2026-03-23T00:59:05.303+0000] {subprocess.py:93} INFO - 	at org.apache.spark.sql.execution.QueryExecution.commandExecuted(QueryExecution.scala:131)
[2026-03-23T00:59:05.303+0000] {subprocess.py:93} INFO - 	at org.apache.spark.sql.execution.QueryExecution.assertCommandExecuted(QueryExecution.scala:192)
[2026-03-23T00:59:05.303+0000] {subprocess.py:93} INFO - 	at org.apache.spark.sql.classic.DataFrameWriter.runCommand(DataFrameWriter.scala:622)
[2026-03-23T00:59:05.304+0000] {subprocess.py:93} INFO - 	at org.apache.spark.sql.classic.DataFrameWriter.saveToV1Source(DataFrameWriter.scala:273)
[2026-03-23T00:59:05.304+0000] {subprocess.py:93} INFO - 	at org.apache.spark.sql.classic.DataFrameWriter.saveInternal(DataFrameWriter.scala:241)
[2026-03-23T00:59:05.304+0000] {subprocess.py:93} INFO - 	at org.apache.spark.sql.classic.DataFrameWriter.save(DataFrameWriter.scala:118)
[2026-03-23T00:59:05.305+0000] {subprocess.py:93} INFO - 	at java.base/jdk.internal.reflect.NativeMethodAccessorImpl.invoke0(Native Method)
[2026-03-23T00:59:05.305+0000] {subprocess.py:93} INFO - 	at java.base/jdk.internal.reflect.NativeMethodAccessorImpl.invoke(NativeMethodAccessorImpl.java:77)
[2026-03-23T00:59:05.305+0000] {subprocess.py:93} INFO - 	at java.base/jdk.internal.reflect.DelegatingMethodAccessorImpl.invoke(DelegatingMethodAccessorImpl.java:43)
[2026-03-23T00:59:05.305+0000] {subprocess.py:93} INFO - 	at java.base/java.lang.reflect.Method.invoke(Method.java:569)
[2026-03-23T00:59:05.306+0000] {subprocess.py:93} INFO - 	at py4j.reflection.MethodInvoker.invoke(MethodInvoker.java:244)
[2026-03-23T00:59:05.306+0000] {subprocess.py:93} INFO - 	at py4j.reflection.ReflectionEngine.invoke(ReflectionEngine.java:374)
[2026-03-23T00:59:05.306+0000] {subprocess.py:93} INFO - 	at py4j.Gateway.invoke(Gateway.java:282)
[2026-03-23T00:59:05.306+0000] {subprocess.py:93} INFO - 	at py4j.commands.AbstractCommand.invokeMethod(AbstractCommand.java:132)
[2026-03-23T00:59:05.307+0000] {subprocess.py:93} INFO - 	at py4j.commands.CallCommand.execute(CallCommand.java:79)
[2026-03-23T00:59:05.307+0000] {subprocess.py:93} INFO - 	at py4j.ClientServerConnection.waitForCommands(ClientServerConnection.java:184)
[2026-03-23T00:59:05.307+0000] {subprocess.py:93} INFO - 	at py4j.ClientServerConnection.run(ClientServerConnection.java:108)
[2026-03-23T00:59:05.308+0000] {subprocess.py:93} INFO - 	at java.base/java.lang.Thread.run(Thread.java:840)
[2026-03-23T00:59:05.308+0000] {subprocess.py:93} INFO - 	Suppressed: org.apache.spark.util.Utils$OriginalTryStackTraceException: Full stacktrace of original doTryWithCallerStacktrace caller
[2026-03-23T00:59:05.309+0000] {subprocess.py:93} INFO - 		at org.apache.spark.sql.errors.QueryExecutionErrors$.cannotClearOutputDirectoryError(QueryExecutionErrors.scala:786)
[2026-03-23T00:59:05.309+0000] {subprocess.py:93} INFO - 		at org.apache.spark.sql.execution.datasources.InsertIntoHadoopFsRelationCommand.deleteMatchingPartitions(InsertIntoHadoopFsRelationCommand.scala:244)
[2026-03-23T00:59:05.309+0000] {subprocess.py:93} INFO - 		at org.apache.spark.sql.execution.datasources.InsertIntoHadoopFsRelationCommand.run(InsertIntoHadoopFsRelationCommand.scala:136)
[2026-03-23T00:59:05.310+0000] {subprocess.py:93} INFO - 		at org.apache.spark.sql.execution.command.DataWritingCommandExec.sideEffectResult$lzycompute(commands.scala:117)
[2026-03-23T00:59:05.310+0000] {subprocess.py:93} INFO - 		at org.apache.spark.sql.execution.command.DataWritingCommandExec.sideEffectResult(commands.scala:115)
[2026-03-23T00:59:05.310+0000] {subprocess.py:93} INFO - 		at org.apache.spark.sql.execution.command.DataWritingCommandExec.executeCollect(commands.scala:129)
[2026-03-23T00:59:05.310+0000] {subprocess.py:93} INFO - 		at org.apache.spark.sql.execution.QueryExecution.$anonfun$eagerlyExecuteCommands$2(QueryExecution.scala:155)
[2026-03-23T00:59:05.311+0000] {subprocess.py:93} INFO - 		at org.apache.spark.sql.execution.SQLExecution$.$anonfun$withNewExecutionId0$8(SQLExecution.scala:163)
[2026-03-23T00:59:05.311+0000] {subprocess.py:93} INFO - 		at org.apache.spark.sql.execution.SQLExecution$.withSessionTagsApplied(SQLExecution.scala:272)
[2026-03-23T00:59:05.312+0000] {subprocess.py:93} INFO - 		at org.apache.spark.sql.execution.SQLExecution$.$anonfun$withNewExecutionId0$7(SQLExecution.scala:125)
[2026-03-23T00:59:05.312+0000] {subprocess.py:93} INFO - 		at org.apache.spark.JobArtifactSet$.withActiveJobArtifactState(JobArtifactSet.scala:94)
[2026-03-23T00:59:05.312+0000] {subprocess.py:93} INFO - 		at org.apache.spark.sql.artifact.ArtifactManager.$anonfun$withResources$1(ArtifactManager.scala:112)
[2026-03-23T00:59:05.312+0000] {subprocess.py:93} INFO - 		at org.apache.spark.sql.artifact.ArtifactManager.withClassLoaderIfNeeded(ArtifactManager.scala:106)
[2026-03-23T00:59:05.313+0000] {subprocess.py:93} INFO - 		at org.apache.spark.sql.artifact.ArtifactManager.withResources(ArtifactManager.scala:111)
[2026-03-23T00:59:05.313+0000] {subprocess.py:93} INFO - 		at org.apache.spark.sql.execution.SQLExecution$.$anonfun$withNewExecutionId0$6(SQLExecution.scala:125)
[2026-03-23T00:59:05.313+0000] {subprocess.py:93} INFO - 		at org.apache.spark.sql.execution.SQLExecution$.withSQLConfPropagated(SQLExecution.scala:295)
[2026-03-23T00:59:05.314+0000] {subprocess.py:93} INFO - 		at org.apache.spark.sql.execution.SQLExecution$.$anonfun$withNewExecutionId0$1(SQLExecution.scala:124)
[2026-03-23T00:59:05.314+0000] {subprocess.py:93} INFO - 		at org.apache.spark.sql.SparkSession.withActive(SparkSession.scala:804)
[2026-03-23T00:59:05.314+0000] {subprocess.py:93} INFO - 		at org.apache.spark.sql.execution.SQLExecution$.withNewExecutionId0(SQLExecution.scala:78)
[2026-03-23T00:59:05.315+0000] {subprocess.py:93} INFO - 		at org.apache.spark.sql.execution.SQLExecution$.withNewExecutionId(SQLExecution.scala:237)
[2026-03-23T00:59:05.315+0000] {subprocess.py:93} INFO - 		at org.apache.spark.sql.execution.QueryExecution.$anonfun$eagerlyExecuteCommands$1(QueryExecution.scala:155)
[2026-03-23T00:59:05.315+0000] {subprocess.py:93} INFO - 		at org.apache.spark.sql.execution.QueryExecution$.withInternalError(QueryExecution.scala:654)
[2026-03-23T00:59:05.315+0000] {subprocess.py:93} INFO - 		at org.apache.spark.sql.execution.QueryExecution.org$apache$spark$sql$execution$QueryExecution$$eagerlyExecute$1(QueryExecution.scala:154)
[2026-03-23T00:59:05.316+0000] {subprocess.py:93} INFO - 		at org.apache.spark.sql.execution.QueryExecution$$anonfun$eagerlyExecuteCommands$3.applyOrElse(QueryExecution.scala:169)
[2026-03-23T00:59:05.316+0000] {subprocess.py:93} INFO - 		at org.apache.spark.sql.execution.QueryExecution$$anonfun$eagerlyExecuteCommands$3.applyOrElse(QueryExecution.scala:164)
[2026-03-23T00:59:05.316+0000] {subprocess.py:93} INFO - 		at org.apache.spark.sql.catalyst.trees.TreeNode.$anonfun$transformDownWithPruning$1(TreeNode.scala:470)
[2026-03-23T00:59:05.316+0000] {subprocess.py:93} INFO - 		at org.apache.spark.sql.catalyst.trees.CurrentOrigin$.withOrigin(origin.scala:86)
[2026-03-23T00:59:05.317+0000] {subprocess.py:93} INFO - 		at org.apache.spark.sql.catalyst.trees.TreeNode.transformDownWithPruning(TreeNode.scala:470)
[2026-03-23T00:59:05.317+0000] {subprocess.py:93} INFO - 		at org.apache.spark.sql.catalyst.plans.logical.LogicalPlan.org$apache$spark$sql$catalyst$plans$logical$AnalysisHelper$$super$transformDownWithPruning(LogicalPlan.scala:37)
[2026-03-23T00:59:05.317+0000] {subprocess.py:93} INFO - 		at org.apache.spark.sql.catalyst.plans.logical.AnalysisHelper.transformDownWithPruning(AnalysisHelper.scala:360)
[2026-03-23T00:59:05.318+0000] {subprocess.py:93} INFO - 		at org.apache.spark.sql.catalyst.plans.logical.AnalysisHelper.transformDownWithPruning$(AnalysisHelper.scala:356)
[2026-03-23T00:59:05.318+0000] {subprocess.py:93} INFO - 		at org.apache.spark.sql.catalyst.plans.logical.LogicalPlan.transformDownWithPruning(LogicalPlan.scala:37)
[2026-03-23T00:59:05.318+0000] {subprocess.py:93} INFO - 		at org.apache.spark.sql.catalyst.plans.logical.LogicalPlan.transformDownWithPruning(LogicalPlan.scala:37)
[2026-03-23T00:59:05.319+0000] {subprocess.py:93} INFO - 		at org.apache.spark.sql.catalyst.trees.TreeNode.transformDown(TreeNode.scala:446)
[2026-03-23T00:59:05.319+0000] {subprocess.py:93} INFO - 		at org.apache.spark.sql.execution.QueryExecution.eagerlyExecuteCommands(QueryExecution.scala:164)
[2026-03-23T00:59:05.319+0000] {subprocess.py:93} INFO - 		at org.apache.spark.sql.execution.QueryExecution.$anonfun$lazyCommandExecuted$1(QueryExecution.scala:126)
[2026-03-23T00:59:05.319+0000] {subprocess.py:93} INFO - 		at scala.util.Try$.apply(Try.scala:217)
[2026-03-23T00:59:05.320+0000] {subprocess.py:93} INFO - 		at org.apache.spark.util.Utils$.doTryWithCallerStacktrace(Utils.scala:1378)
[2026-03-23T00:59:05.320+0000] {subprocess.py:93} INFO - 		at org.apache.spark.util.LazyTry.tryT$lzycompute(LazyTry.scala:46)
[2026-03-23T00:59:05.320+0000] {subprocess.py:93} INFO - 		at org.apache.spark.util.LazyTry.tryT(LazyTry.scala:46)
[2026-03-23T00:59:05.320+0000] {subprocess.py:93} INFO - 		... 19 more
[2026-03-23T00:59:05.321+0000] {subprocess.py:93} INFO - 
[2026-03-23T00:59:05.321+0000] {subprocess.py:93} INFO - 2026-03-23 00:59:05,182 - __main__ - INFO - Stopping Spark session...
[2026-03-23T00:59:05.751+0000] {subprocess.py:93} INFO - 2026-03-23 00:59:05,748 - __main__ - CRITICAL - Fatal error: Could not clean output directory 'data/output/events/motor_policy' for sink 'raw-ok'. Original error: An error occurred while calling o70.save.
[2026-03-23T00:59:05.752+0000] {subprocess.py:93} INFO - : org.apache.spark.SparkException: Unable to clear output directory file:/app/data/output/events/motor_policy prior to writing to it.
[2026-03-23T00:59:05.752+0000] {subprocess.py:93} INFO - 	at org.apache.spark.sql.errors.QueryExecutionErrors$.cannotClearOutputDirectoryError(QueryExecutionErrors.scala:786)
[2026-03-23T00:59:05.752+0000] {subprocess.py:93} INFO - 	at org.apache.spark.sql.execution.datasources.InsertIntoHadoopFsRelationCommand.deleteMatchingPartitions(InsertIntoHadoopFsRelationCommand.scala:244)
[2026-03-23T00:59:05.752+0000] {subprocess.py:93} INFO - 	at org.apache.spark.sql.execution.datasources.InsertIntoHadoopFsRelationCommand.run(InsertIntoHadoopFsRelationCommand.scala:136)
[2026-03-23T00:59:05.752+0000] {subprocess.py:93} INFO - 	at org.apache.spark.sql.execution.command.DataWritingCommandExec.sideEffectResult$lzycompute(commands.scala:117)
[2026-03-23T00:59:05.753+0000] {subprocess.py:93} INFO - 	at org.apache.spark.sql.execution.command.DataWritingCommandExec.sideEffectResult(commands.scala:115)
[2026-03-23T00:59:05.753+0000] {subprocess.py:93} INFO - 	at org.apache.spark.sql.execution.command.DataWritingCommandExec.executeCollect(commands.scala:129)
[2026-03-23T00:59:05.753+0000] {subprocess.py:93} INFO - 	at org.apache.spark.sql.execution.QueryExecution.$anonfun$eagerlyExecuteCommands$2(QueryExecution.scala:155)
[2026-03-23T00:59:05.753+0000] {subprocess.py:93} INFO - 	at org.apache.spark.sql.execution.SQLExecution$.$anonfun$withNewExecutionId0$8(SQLExecution.scala:163)
[2026-03-23T00:59:05.753+0000] {subprocess.py:93} INFO - 	at org.apache.spark.sql.execution.SQLExecution$.withSessionTagsApplied(SQLExecution.scala:272)
[2026-03-23T00:59:05.753+0000] {subprocess.py:93} INFO - 	at org.apache.spark.sql.execution.SQLExecution$.$anonfun$withNewExecutionId0$7(SQLExecution.scala:125)
[2026-03-23T00:59:05.753+0000] {subprocess.py:93} INFO - 	at org.apache.spark.JobArtifactSet$.withActiveJobArtifactState(JobArtifactSet.scala:94)
[2026-03-23T00:59:05.754+0000] {subprocess.py:93} INFO - 	at org.apache.spark.sql.artifact.ArtifactManager.$anonfun$withResources$1(ArtifactManager.scala:112)
[2026-03-23T00:59:05.754+0000] {subprocess.py:93} INFO - 	at org.apache.spark.sql.artifact.ArtifactManager.withClassLoaderIfNeeded(ArtifactManager.scala:106)
[2026-03-23T00:59:05.754+0000] {subprocess.py:93} INFO - 	at org.apache.spark.sql.artifact.ArtifactManager.withResources(ArtifactManager.scala:111)
[2026-03-23T00:59:05.754+0000] {subprocess.py:93} INFO - 	at org.apache.spark.sql.execution.SQLExecution$.$anonfun$withNewExecutionId0$6(SQLExecution.scala:125)
[2026-03-23T00:59:05.754+0000] {subprocess.py:93} INFO - 	at org.apache.spark.sql.execution.SQLExecution$.withSQLConfPropagated(SQLExecution.scala:295)
[2026-03-23T00:59:05.754+0000] {subprocess.py:93} INFO - 	at org.apache.spark.sql.execution.SQLExecution$.$anonfun$withNewExecutionId0$1(SQLExecution.scala:124)
[2026-03-23T00:59:05.755+0000] {subprocess.py:93} INFO - 	at org.apache.spark.sql.SparkSession.withActive(SparkSession.scala:804)
[2026-03-23T00:59:05.755+0000] {subprocess.py:93} INFO - 	at org.apache.spark.sql.execution.SQLExecution$.withNewExecutionId0(SQLExecution.scala:78)
[2026-03-23T00:59:05.755+0000] {subprocess.py:93} INFO - 	at org.apache.spark.sql.execution.SQLExecution$.withNewExecutionId(SQLExecution.scala:237)
[2026-03-23T00:59:05.755+0000] {subprocess.py:93} INFO - 	at org.apache.spark.sql.execution.QueryExecution.$anonfun$eagerlyExecuteCommands$1(QueryExecution.scala:155)
[2026-03-23T00:59:05.755+0000] {subprocess.py:93} INFO - 	at org.apache.spark.sql.execution.QueryExecution$.withInternalError(QueryExecution.scala:654)
[2026-03-23T00:59:05.755+0000] {subprocess.py:93} INFO - 	at org.apache.spark.sql.execution.QueryExecution.org$apache$spark$sql$execution$QueryExecution$$eagerlyExecute$1(QueryExecution.scala:154)
[2026-03-23T00:59:05.755+0000] {subprocess.py:93} INFO - 	at org.apache.spark.sql.execution.QueryExecution$$anonfun$eagerlyExecuteCommands$3.applyOrElse(QueryExecution.scala:169)
[2026-03-23T00:59:05.756+0000] {subprocess.py:93} INFO - 	at org.apache.spark.sql.execution.QueryExecution$$anonfun$eagerlyExecuteCommands$3.applyOrElse(QueryExecution.scala:164)
[2026-03-23T00:59:05.756+0000] {subprocess.py:93} INFO - 	at org.apache.spark.sql.catalyst.trees.TreeNode.$anonfun$transformDownWithPruning$1(TreeNode.scala:470)
[2026-03-23T00:59:05.756+0000] {subprocess.py:93} INFO - 	at org.apache.spark.sql.catalyst.trees.CurrentOrigin$.withOrigin(origin.scala:86)
[2026-03-23T00:59:05.756+0000] {subprocess.py:93} INFO - 	at org.apache.spark.sql.catalyst.trees.TreeNode.transformDownWithPruning(TreeNode.scala:470)
[2026-03-23T00:59:05.756+0000] {subprocess.py:93} INFO - 	at org.apache.spark.sql.catalyst.plans.logical.LogicalPlan.org$apache$spark$sql$catalyst$plans$logical$AnalysisHelper$$super$transformDownWithPruning(LogicalPlan.scala:37)
[2026-03-23T00:59:05.756+0000] {subprocess.py:93} INFO - 	at org.apache.spark.sql.catalyst.plans.logical.AnalysisHelper.transformDownWithPruning(AnalysisHelper.scala:360)
[2026-03-23T00:59:05.756+0000] {subprocess.py:93} INFO - 	at org.apache.spark.sql.catalyst.plans.logical.AnalysisHelper.transformDownWithPruning$(AnalysisHelper.scala:356)
[2026-03-23T00:59:05.757+0000] {subprocess.py:93} INFO - 	at org.apache.spark.sql.catalyst.plans.logical.LogicalPlan.transformDownWithPruning(LogicalPlan.scala:37)
[2026-03-23T00:59:05.757+0000] {subprocess.py:93} INFO - 	at org.apache.spark.sql.catalyst.plans.logical.LogicalPlan.transformDownWithPruning(LogicalPlan.scala:37)
[2026-03-23T00:59:05.757+0000] {subprocess.py:93} INFO - 	at org.apache.spark.sql.catalyst.trees.TreeNode.transformDown(TreeNode.scala:446)
[2026-03-23T00:59:05.757+0000] {subprocess.py:93} INFO - 	at org.apache.spark.sql.execution.QueryExecution.eagerlyExecuteCommands(QueryExecution.scala:164)
[2026-03-23T00:59:05.757+0000] {subprocess.py:93} INFO - 	at org.apache.spark.sql.execution.QueryExecution.$anonfun$lazyCommandExecuted$1(QueryExecution.scala:126)
[2026-03-23T00:59:05.757+0000] {subprocess.py:93} INFO - 	at scala.util.Try$.apply(Try.scala:217)
[2026-03-23T00:59:05.757+0000] {subprocess.py:93} INFO - 	at org.apache.spark.util.Utils$.doTryWithCallerStacktrace(Utils.scala:1378)
[2026-03-23T00:59:05.758+0000] {subprocess.py:93} INFO - 	at org.apache.spark.util.Utils$.getTryWithCallerStacktrace(Utils.scala:1439)
[2026-03-23T00:59:05.758+0000] {subprocess.py:93} INFO - 	at org.apache.spark.util.LazyTry.get(LazyTry.scala:58)
[2026-03-23T00:59:05.758+0000] {subprocess.py:93} INFO - 	at org.apache.spark.sql.execution.QueryExecution.commandExecuted(QueryExecution.scala:131)
[2026-03-23T00:59:05.758+0000] {subprocess.py:93} INFO - 	at org.apache.spark.sql.execution.QueryExecution.assertCommandExecuted(QueryExecution.scala:192)
[2026-03-23T00:59:05.758+0000] {subprocess.py:93} INFO - 	at org.apache.spark.sql.classic.DataFrameWriter.runCommand(DataFrameWriter.scala:622)
[2026-03-23T00:59:05.758+0000] {subprocess.py:93} INFO - 	at org.apache.spark.sql.classic.DataFrameWriter.saveToV1Source(DataFrameWriter.scala:273)
[2026-03-23T00:59:05.759+0000] {subprocess.py:93} INFO - 	at org.apache.spark.sql.classic.DataFrameWriter.saveInternal(DataFrameWriter.scala:241)
[2026-03-23T00:59:05.759+0000] {subprocess.py:93} INFO - 	at org.apache.spark.sql.classic.DataFrameWriter.save(DataFrameWriter.scala:118)
[2026-03-23T00:59:05.759+0000] {subprocess.py:93} INFO - 	at java.base/jdk.internal.reflect.NativeMethodAccessorImpl.invoke0(Native Method)
[2026-03-23T00:59:05.759+0000] {subprocess.py:93} INFO - 	at java.base/jdk.internal.reflect.NativeMethodAccessorImpl.invoke(NativeMethodAccessorImpl.java:77)
[2026-03-23T00:59:05.759+0000] {subprocess.py:93} INFO - 	at java.base/jdk.internal.reflect.DelegatingMethodAccessorImpl.invoke(DelegatingMethodAccessorImpl.java:43)
[2026-03-23T00:59:05.759+0000] {subprocess.py:93} INFO - 	at java.base/java.lang.reflect.Method.invoke(Method.java:569)
[2026-03-23T00:59:05.760+0000] {subprocess.py:93} INFO - 	at py4j.reflection.MethodInvoker.invoke(MethodInvoker.java:244)
[2026-03-23T00:59:05.760+0000] {subprocess.py:93} INFO - 	at py4j.reflection.ReflectionEngine.invoke(ReflectionEngine.java:374)
[2026-03-23T00:59:05.760+0000] {subprocess.py:93} INFO - 	at py4j.Gateway.invoke(Gateway.java:282)
[2026-03-23T00:59:05.760+0000] {subprocess.py:93} INFO - 	at py4j.commands.AbstractCommand.invokeMethod(AbstractCommand.java:132)
[2026-03-23T00:59:05.760+0000] {subprocess.py:93} INFO - 	at py4j.commands.CallCommand.execute(CallCommand.java:79)
[2026-03-23T00:59:05.760+0000] {subprocess.py:93} INFO - 	at py4j.ClientServerConnection.waitForCommands(ClientServerConnection.java:184)
[2026-03-23T00:59:05.760+0000] {subprocess.py:93} INFO - 	at py4j.ClientServerConnection.run(ClientServerConnection.java:108)
[2026-03-23T00:59:05.761+0000] {subprocess.py:93} INFO - 	at java.base/java.lang.Thread.run(Thread.java:840)
[2026-03-23T00:59:05.761+0000] {subprocess.py:93} INFO - 	Suppressed: org.apache.spark.util.Utils$OriginalTryStackTraceException: Full stacktrace of original doTryWithCallerStacktrace caller
[2026-03-23T00:59:05.761+0000] {subprocess.py:93} INFO - 		at org.apache.spark.sql.errors.QueryExecutionErrors$.cannotClearOutputDirectoryError(QueryExecutionErrors.scala:786)
[2026-03-23T00:59:05.761+0000] {subprocess.py:93} INFO - 		at org.apache.spark.sql.execution.datasources.InsertIntoHadoopFsRelationCommand.deleteMatchingPartitions(InsertIntoHadoopFsRelationCommand.scala:244)
[2026-03-23T00:59:05.761+0000] {subprocess.py:93} INFO - 		at org.apache.spark.sql.execution.datasources.InsertIntoHadoopFsRelationCommand.run(InsertIntoHadoopFsRelationCommand.scala:136)
[2026-03-23T00:59:05.761+0000] {subprocess.py:93} INFO - 		at org.apache.spark.sql.execution.command.DataWritingCommandExec.sideEffectResult$lzycompute(commands.scala:117)
[2026-03-23T00:59:05.762+0000] {subprocess.py:93} INFO - 		at org.apache.spark.sql.execution.command.DataWritingCommandExec.sideEffectResult(commands.scala:115)
[2026-03-23T00:59:05.762+0000] {subprocess.py:93} INFO - 		at org.apache.spark.sql.execution.command.DataWritingCommandExec.executeCollect(commands.scala:129)
[2026-03-23T00:59:05.762+0000] {subprocess.py:93} INFO - 		at org.apache.spark.sql.execution.QueryExecution.$anonfun$eagerlyExecuteCommands$2(QueryExecution.scala:155)
[2026-03-23T00:59:05.762+0000] {subprocess.py:93} INFO - 		at org.apache.spark.sql.execution.SQLExecution$.$anonfun$withNewExecutionId0$8(SQLExecution.scala:163)
[2026-03-23T00:59:05.763+0000] {subprocess.py:93} INFO - 		at org.apache.spark.sql.execution.SQLExecution$.withSessionTagsApplied(SQLExecution.scala:272)
[2026-03-23T00:59:05.763+0000] {subprocess.py:93} INFO - 		at org.apache.spark.sql.execution.SQLExecution$.$anonfun$withNewExecutionId0$7(SQLExecution.scala:125)
[2026-03-23T00:59:05.763+0000] {subprocess.py:93} INFO - 		at org.apache.spark.JobArtifactSet$.withActiveJobArtifactState(JobArtifactSet.scala:94)
[2026-03-23T00:59:05.763+0000] {subprocess.py:93} INFO - 		at org.apache.spark.sql.artifact.ArtifactManager.$anonfun$withResources$1(ArtifactManager.scala:112)
[2026-03-23T00:59:05.764+0000] {subprocess.py:93} INFO - 		at org.apache.spark.sql.artifact.ArtifactManager.withClassLoaderIfNeeded(ArtifactManager.scala:106)
[2026-03-23T00:59:05.764+0000] {subprocess.py:93} INFO - 		at org.apache.spark.sql.artifact.ArtifactManager.withResources(ArtifactManager.scala:111)
[2026-03-23T00:59:05.764+0000] {subprocess.py:93} INFO - 		at org.apache.spark.sql.execution.SQLExecution$.$anonfun$withNewExecutionId0$6(SQLExecution.scala:125)
[2026-03-23T00:59:05.764+0000] {subprocess.py:93} INFO - 		at org.apache.spark.sql.execution.SQLExecution$.withSQLConfPropagated(SQLExecution.scala:295)
[2026-03-23T00:59:05.765+0000] {subprocess.py:93} INFO - 		at org.apache.spark.sql.execution.SQLExecution$.$anonfun$withNewExecutionId0$1(SQLExecution.scala:124)
[2026-03-23T00:59:05.765+0000] {subprocess.py:93} INFO - 		at org.apache.spark.sql.SparkSession.withActive(SparkSession.scala:804)
[2026-03-23T00:59:05.765+0000] {subprocess.py:93} INFO - 		at org.apache.spark.sql.execution.SQLExecution$.withNewExecutionId0(SQLExecution.scala:78)
[2026-03-23T00:59:05.765+0000] {subprocess.py:93} INFO - 		at org.apache.spark.sql.execution.SQLExecution$.withNewExecutionId(SQLExecution.scala:237)
[2026-03-23T00:59:05.765+0000] {subprocess.py:93} INFO - 		at org.apache.spark.sql.execution.QueryExecution.$anonfun$eagerlyExecuteCommands$1(QueryExecution.scala:155)
[2026-03-23T00:59:05.766+0000] {subprocess.py:93} INFO - 		at org.apache.spark.sql.execution.QueryExecution$.withInternalError(QueryExecution.scala:654)
[2026-03-23T00:59:05.766+0000] {subprocess.py:93} INFO - 		at org.apache.spark.sql.execution.QueryExecution.org$apache$spark$sql$execution$QueryExecution$$eagerlyExecute$1(QueryExecution.scala:154)
[2026-03-23T00:59:05.766+0000] {subprocess.py:93} INFO - 		at org.apache.spark.sql.execution.QueryExecution$$anonfun$eagerlyExecuteCommands$3.applyOrElse(QueryExecution.scala:169)
[2026-03-23T00:59:05.766+0000] {subprocess.py:93} INFO - 		at org.apache.spark.sql.execution.QueryExecution$$anonfun$eagerlyExecuteCommands$3.applyOrElse(QueryExecution.scala:164)
[2026-03-23T00:59:05.767+0000] {subprocess.py:93} INFO - 		at org.apache.spark.sql.catalyst.trees.TreeNode.$anonfun$transformDownWithPruning$1(TreeNode.scala:470)
[2026-03-23T00:59:05.767+0000] {subprocess.py:93} INFO - 		at org.apache.spark.sql.catalyst.trees.CurrentOrigin$.withOrigin(origin.scala:86)
[2026-03-23T00:59:05.767+0000] {subprocess.py:93} INFO - 		at org.apache.spark.sql.catalyst.trees.TreeNode.transformDownWithPruning(TreeNode.scala:470)
[2026-03-23T00:59:05.767+0000] {subprocess.py:93} INFO - 		at org.apache.spark.sql.catalyst.plans.logical.LogicalPlan.org$apache$spark$sql$catalyst$plans$logical$AnalysisHelper$$super$transformDownWithPruning(LogicalPlan.scala:37)
[2026-03-23T00:59:05.768+0000] {subprocess.py:93} INFO - 		at org.apache.spark.sql.catalyst.plans.logical.AnalysisHelper.transformDownWithPruning(AnalysisHelper.scala:360)
[2026-03-23T00:59:05.768+0000] {subprocess.py:93} INFO - 		at org.apache.spark.sql.catalyst.plans.logical.AnalysisHelper.transformDownWithPruning$(AnalysisHelper.scala:356)
[2026-03-23T00:59:05.768+0000] {subprocess.py:93} INFO - 		at org.apache.spark.sql.catalyst.plans.logical.LogicalPlan.transformDownWithPruning(LogicalPlan.scala:37)
[2026-03-23T00:59:05.768+0000] {subprocess.py:93} INFO - 		at org.apache.spark.sql.catalyst.plans.logical.LogicalPlan.transformDownWithPruning(LogicalPlan.scala:37)
[2026-03-23T00:59:05.768+0000] {subprocess.py:93} INFO - 		at org.apache.spark.sql.catalyst.trees.TreeNode.transformDown(TreeNode.scala:446)
[2026-03-23T00:59:05.768+0000] {subprocess.py:93} INFO - 		at org.apache.spark.sql.execution.QueryExecution.eagerlyExecuteCommands(QueryExecution.scala:164)
[2026-03-23T00:59:05.769+0000] {subprocess.py:93} INFO - 		at org.apache.spark.sql.execution.QueryExecution.$anonfun$lazyCommandExecuted$1(QueryExecution.scala:126)
[2026-03-23T00:59:05.769+0000] {subprocess.py:93} INFO - 		at scala.util.Try$.apply(Try.scala:217)
[2026-03-23T00:59:05.769+0000] {subprocess.py:93} INFO - 		at org.apache.spark.util.Utils$.doTryWithCallerStacktrace(Utils.scala:1378)
[2026-03-23T00:59:05.769+0000] {subprocess.py:93} INFO - 		at org.apache.spark.util.LazyTry.tryT$lzycompute(LazyTry.scala:46)
[2026-03-23T00:59:05.769+0000] {subprocess.py:93} INFO - 		at org.apache.spark.util.LazyTry.tryT(LazyTry.scala:46)
[2026-03-23T00:59:05.769+0000] {subprocess.py:93} INFO - 		... 19 more
[2026-03-23T00:59:05.770+0000] {subprocess.py:93} INFO - 
[2026-03-23T00:59:05.770+0000] {subprocess.py:93} INFO - Pipeline execution failed: Could not clean output directory 'data/output/events/motor_policy' for sink 'raw-ok'. Original error: An error occurred while calling o70.save.
[2026-03-23T00:59:05.770+0000] {subprocess.py:93} INFO - : org.apache.spark.SparkException: Unable to clear output directory file:/app/data/output/events/motor_policy prior to writing to it.
[2026-03-23T00:59:05.770+0000] {subprocess.py:93} INFO - 	at org.apache.spark.sql.errors.QueryExecutionErrors$.cannotClearOutputDirectoryError(QueryExecutionErrors.scala:786)
[2026-03-23T00:59:05.770+0000] {subprocess.py:93} INFO - 	at org.apache.spark.sql.execution.datasources.InsertIntoHadoopFsRelationCommand.deleteMatchingPartitions(InsertIntoHadoopFsRelationCommand.scala:244)
[2026-03-23T00:59:05.770+0000] {subprocess.py:93} INFO - 	at org.apache.spark.sql.execution.datasources.InsertIntoHadoopFsRelationCommand.run(InsertIntoHadoopFsRelationCommand.scala:136)
[2026-03-23T00:59:05.771+0000] {subprocess.py:93} INFO - 	at org.apache.spark.sql.execution.command.DataWritingCommandExec.sideEffectResult$lzycompute(commands.scala:117)
[2026-03-23T00:59:05.771+0000] {subprocess.py:93} INFO - 	at org.apache.spark.sql.execution.command.DataWritingCommandExec.sideEffectResult(commands.scala:115)
[2026-03-23T00:59:05.771+0000] {subprocess.py:93} INFO - 	at org.apache.spark.sql.execution.command.DataWritingCommandExec.executeCollect(commands.scala:129)
[2026-03-23T00:59:05.771+0000] {subprocess.py:93} INFO - 	at org.apache.spark.sql.execution.QueryExecution.$anonfun$eagerlyExecuteCommands$2(QueryExecution.scala:155)
[2026-03-23T00:59:05.771+0000] {subprocess.py:93} INFO - 	at org.apache.spark.sql.execution.SQLExecution$.$anonfun$withNewExecutionId0$8(SQLExecution.scala:163)
[2026-03-23T00:59:05.771+0000] {subprocess.py:93} INFO - 	at org.apache.spark.sql.execution.SQLExecution$.withSessionTagsApplied(SQLExecution.scala:272)
[2026-03-23T00:59:05.771+0000] {subprocess.py:93} INFO - 	at org.apache.spark.sql.execution.SQLExecution$.$anonfun$withNewExecutionId0$7(SQLExecution.scala:125)
[2026-03-23T00:59:05.772+0000] {subprocess.py:93} INFO - 	at org.apache.spark.JobArtifactSet$.withActiveJobArtifactState(JobArtifactSet.scala:94)
[2026-03-23T00:59:05.772+0000] {subprocess.py:93} INFO - 	at org.apache.spark.sql.artifact.ArtifactManager.$anonfun$withResources$1(ArtifactManager.scala:112)
[2026-03-23T00:59:05.772+0000] {subprocess.py:93} INFO - 	at org.apache.spark.sql.artifact.ArtifactManager.withClassLoaderIfNeeded(ArtifactManager.scala:106)
[2026-03-23T00:59:05.772+0000] {subprocess.py:93} INFO - 	at org.apache.spark.sql.artifact.ArtifactManager.withResources(ArtifactManager.scala:111)
[2026-03-23T00:59:05.772+0000] {subprocess.py:93} INFO - 	at org.apache.spark.sql.execution.SQLExecution$.$anonfun$withNewExecutionId0$6(SQLExecution.scala:125)
[2026-03-23T00:59:05.772+0000] {subprocess.py:93} INFO - 	at org.apache.spark.sql.execution.SQLExecution$.withSQLConfPropagated(SQLExecution.scala:295)
[2026-03-23T00:59:05.772+0000] {subprocess.py:93} INFO - 	at org.apache.spark.sql.execution.SQLExecution$.$anonfun$withNewExecutionId0$1(SQLExecution.scala:124)
[2026-03-23T00:59:05.773+0000] {subprocess.py:93} INFO - 	at org.apache.spark.sql.SparkSession.withActive(SparkSession.scala:804)
[2026-03-23T00:59:05.773+0000] {subprocess.py:93} INFO - 	at org.apache.spark.sql.execution.SQLExecution$.withNewExecutionId0(SQLExecution.scala:78)
[2026-03-23T00:59:05.773+0000] {subprocess.py:93} INFO - 	at org.apache.spark.sql.execution.SQLExecution$.withNewExecutionId(SQLExecution.scala:237)
[2026-03-23T00:59:05.773+0000] {subprocess.py:93} INFO - 	at org.apache.spark.sql.execution.QueryExecution.$anonfun$eagerlyExecuteCommands$1(QueryExecution.scala:155)
[2026-03-23T00:59:05.773+0000] {subprocess.py:93} INFO - 	at org.apache.spark.sql.execution.QueryExecution$.withInternalError(QueryExecution.scala:654)
[2026-03-23T00:59:05.773+0000] {subprocess.py:93} INFO - 	at org.apache.spark.sql.execution.QueryExecution.org$apache$spark$sql$execution$QueryExecution$$eagerlyExecute$1(QueryExecution.scala:154)
[2026-03-23T00:59:05.773+0000] {subprocess.py:93} INFO - 	at org.apache.spark.sql.execution.QueryExecution$$anonfun$eagerlyExecuteCommands$3.applyOrElse(QueryExecution.scala:169)
[2026-03-23T00:59:05.774+0000] {subprocess.py:93} INFO - 	at org.apache.spark.sql.execution.QueryExecution$$anonfun$eagerlyExecuteCommands$3.applyOrElse(QueryExecution.scala:164)
[2026-03-23T00:59:05.774+0000] {subprocess.py:93} INFO - 	at org.apache.spark.sql.catalyst.trees.TreeNode.$anonfun$transformDownWithPruning$1(TreeNode.scala:470)
[2026-03-23T00:59:05.774+0000] {subprocess.py:93} INFO - 	at org.apache.spark.sql.catalyst.trees.CurrentOrigin$.withOrigin(origin.scala:86)
[2026-03-23T00:59:05.774+0000] {subprocess.py:93} INFO - 	at org.apache.spark.sql.catalyst.trees.TreeNode.transformDownWithPruning(TreeNode.scala:470)
[2026-03-23T00:59:05.774+0000] {subprocess.py:93} INFO - 	at org.apache.spark.sql.catalyst.plans.logical.LogicalPlan.org$apache$spark$sql$catalyst$plans$logical$AnalysisHelper$$super$transformDownWithPruning(LogicalPlan.scala:37)
[2026-03-23T00:59:05.774+0000] {subprocess.py:93} INFO - 	at org.apache.spark.sql.catalyst.plans.logical.AnalysisHelper.transformDownWithPruning(AnalysisHelper.scala:360)
[2026-03-23T00:59:05.774+0000] {subprocess.py:93} INFO - 	at org.apache.spark.sql.catalyst.plans.logical.AnalysisHelper.transformDownWithPruning$(AnalysisHelper.scala:356)
[2026-03-23T00:59:05.774+0000] {subprocess.py:93} INFO - 	at org.apache.spark.sql.catalyst.plans.logical.LogicalPlan.transformDownWithPruning(LogicalPlan.scala:37)
[2026-03-23T00:59:05.775+0000] {subprocess.py:93} INFO - 	at org.apache.spark.sql.catalyst.plans.logical.LogicalPlan.transformDownWithPruning(LogicalPlan.scala:37)
[2026-03-23T00:59:05.775+0000] {subprocess.py:93} INFO - 	at org.apache.spark.sql.catalyst.trees.TreeNode.transformDown(TreeNode.scala:446)
[2026-03-23T00:59:05.775+0000] {subprocess.py:93} INFO - 	at org.apache.spark.sql.execution.QueryExecution.eagerlyExecuteCommands(QueryExecution.scala:164)
[2026-03-23T00:59:05.775+0000] {subprocess.py:93} INFO - 	at org.apache.spark.sql.execution.QueryExecution.$anonfun$lazyCommandExecuted$1(QueryExecution.scala:126)
[2026-03-23T00:59:05.775+0000] {subprocess.py:93} INFO - 	at scala.util.Try$.apply(Try.scala:217)
[2026-03-23T00:59:05.775+0000] {subprocess.py:93} INFO - 	at org.apache.spark.util.Utils$.doTryWithCallerStacktrace(Utils.scala:1378)
[2026-03-23T00:59:05.775+0000] {subprocess.py:93} INFO - 	at org.apache.spark.util.Utils$.getTryWithCallerStacktrace(Utils.scala:1439)
[2026-03-23T00:59:05.775+0000] {subprocess.py:93} INFO - 	at org.apache.spark.util.LazyTry.get(LazyTry.scala:58)
[2026-03-23T00:59:05.776+0000] {subprocess.py:93} INFO - 	at org.apache.spark.sql.execution.QueryExecution.commandExecuted(QueryExecution.scala:131)
[2026-03-23T00:59:05.776+0000] {subprocess.py:93} INFO - 	at org.apache.spark.sql.execution.QueryExecution.assertCommandExecuted(QueryExecution.scala:192)
[2026-03-23T00:59:05.776+0000] {subprocess.py:93} INFO - 	at org.apache.spark.sql.classic.DataFrameWriter.runCommand(DataFrameWriter.scala:622)
[2026-03-23T00:59:05.776+0000] {subprocess.py:93} INFO - 	at org.apache.spark.sql.classic.DataFrameWriter.saveToV1Source(DataFrameWriter.scala:273)
[2026-03-23T00:59:05.776+0000] {subprocess.py:93} INFO - 	at org.apache.spark.sql.classic.DataFrameWriter.saveInternal(DataFrameWriter.scala:241)
[2026-03-23T00:59:05.776+0000] {subprocess.py:93} INFO - 	at org.apache.spark.sql.classic.DataFrameWriter.save(DataFrameWriter.scala:118)
[2026-03-23T00:59:05.776+0000] {subprocess.py:93} INFO - 	at java.base/jdk.internal.reflect.NativeMethodAccessorImpl.invoke0(Native Method)
[2026-03-23T00:59:05.776+0000] {subprocess.py:93} INFO - 	at java.base/jdk.internal.reflect.NativeMethodAccessorImpl.invoke(NativeMethodAccessorImpl.java:77)
[2026-03-23T00:59:05.776+0000] {subprocess.py:93} INFO - 	at java.base/jdk.internal.reflect.DelegatingMethodAccessorImpl.invoke(DelegatingMethodAccessorImpl.java:43)
[2026-03-23T00:59:05.777+0000] {subprocess.py:93} INFO - 	at java.base/java.lang.reflect.Method.invoke(Method.java:569)
[2026-03-23T00:59:05.777+0000] {subprocess.py:93} INFO - 	at py4j.reflection.MethodInvoker.invoke(MethodInvoker.java:244)
[2026-03-23T00:59:05.777+0000] {subprocess.py:93} INFO - 	at py4j.reflection.ReflectionEngine.invoke(ReflectionEngine.java:374)
[2026-03-23T00:59:05.777+0000] {subprocess.py:93} INFO - 	at py4j.Gateway.invoke(Gateway.java:282)
[2026-03-23T00:59:05.777+0000] {subprocess.py:93} INFO - 	at py4j.commands.AbstractCommand.invokeMethod(AbstractCommand.java:132)
[2026-03-23T00:59:05.777+0000] {subprocess.py:93} INFO - 	at py4j.commands.CallCommand.execute(CallCommand.java:79)
[2026-03-23T00:59:05.777+0000] {subprocess.py:93} INFO - 	at py4j.ClientServerConnection.waitForCommands(ClientServerConnection.java:184)
[2026-03-23T00:59:05.778+0000] {subprocess.py:93} INFO - 	at py4j.ClientServerConnection.run(ClientServerConnection.java:108)
[2026-03-23T00:59:05.778+0000] {subprocess.py:93} INFO - 	at java.base/java.lang.Thread.run(Thread.java:840)
[2026-03-23T00:59:05.778+0000] {subprocess.py:93} INFO - 	Suppressed: org.apache.spark.util.Utils$OriginalTryStackTraceException: Full stacktrace of original doTryWithCallerStacktrace caller
[2026-03-23T00:59:05.778+0000] {subprocess.py:93} INFO - 		at org.apache.spark.sql.errors.QueryExecutionErrors$.cannotClearOutputDirectoryError(QueryExecutionErrors.scala:786)
[2026-03-23T00:59:05.778+0000] {subprocess.py:93} INFO - 		at org.apache.spark.sql.execution.datasources.InsertIntoHadoopFsRelationCommand.deleteMatchingPartitions(InsertIntoHadoopFsRelationCommand.scala:244)
[2026-03-23T00:59:05.778+0000] {subprocess.py:93} INFO - 		at org.apache.spark.sql.execution.datasources.InsertIntoHadoopFsRelationCommand.run(InsertIntoHadoopFsRelationCommand.scala:136)
[2026-03-23T00:59:05.778+0000] {subprocess.py:93} INFO - 		at org.apache.spark.sql.execution.command.DataWritingCommandExec.sideEffectResult$lzycompute(commands.scala:117)
[2026-03-23T00:59:05.779+0000] {subprocess.py:93} INFO - 		at org.apache.spark.sql.execution.command.DataWritingCommandExec.sideEffectResult(commands.scala:115)
[2026-03-23T00:59:05.779+0000] {subprocess.py:93} INFO - 		at org.apache.spark.sql.execution.command.DataWritingCommandExec.executeCollect(commands.scala:129)
[2026-03-23T00:59:05.779+0000] {subprocess.py:93} INFO - 		at org.apache.spark.sql.execution.QueryExecution.$anonfun$eagerlyExecuteCommands$2(QueryExecution.scala:155)
[2026-03-23T00:59:05.781+0000] {subprocess.py:93} INFO - 		at org.apache.spark.sql.execution.SQLExecution$.$anonfun$withNewExecutionId0$8(SQLExecution.scala:163)
[2026-03-23T00:59:05.782+0000] {subprocess.py:93} INFO - 		at org.apache.spark.sql.execution.SQLExecution$.withSessionTagsApplied(SQLExecution.scala:272)
[2026-03-23T00:59:05.782+0000] {subprocess.py:93} INFO - 		at org.apache.spark.sql.execution.SQLExecution$.$anonfun$withNewExecutionId0$7(SQLExecution.scala:125)
[2026-03-23T00:59:05.782+0000] {subprocess.py:93} INFO - 		at org.apache.spark.JobArtifactSet$.withActiveJobArtifactState(JobArtifactSet.scala:94)
[2026-03-23T00:59:05.783+0000] {subprocess.py:93} INFO - 		at org.apache.spark.sql.artifact.ArtifactManager.$anonfun$withResources$1(ArtifactManager.scala:112)
[2026-03-23T00:59:05.783+0000] {subprocess.py:93} INFO - 		at org.apache.spark.sql.artifact.ArtifactManager.withClassLoaderIfNeeded(ArtifactManager.scala:106)
[2026-03-23T00:59:05.783+0000] {subprocess.py:93} INFO - 		at org.apache.spark.sql.artifact.ArtifactManager.withResources(ArtifactManager.scala:111)
[2026-03-23T00:59:05.784+0000] {subprocess.py:93} INFO - 		at org.apache.spark.sql.execution.SQLExecution$.$anonfun$withNewExecutionId0$6(SQLExecution.scala:125)
[2026-03-23T00:59:05.784+0000] {subprocess.py:93} INFO - 		at org.apache.spark.sql.execution.SQLExecution$.withSQLConfPropagated(SQLExecution.scala:295)
[2026-03-23T00:59:05.784+0000] {subprocess.py:93} INFO - 		at org.apache.spark.sql.execution.SQLExecution$.$anonfun$withNewExecutionId0$1(SQLExecution.scala:124)
[2026-03-23T00:59:05.784+0000] {subprocess.py:93} INFO - 		at org.apache.spark.sql.SparkSession.withActive(SparkSession.scala:804)
[2026-03-23T00:59:05.785+0000] {subprocess.py:93} INFO - 		at org.apache.spark.sql.execution.SQLExecution$.withNewExecutionId0(SQLExecution.scala:78)
[2026-03-23T00:59:05.785+0000] {subprocess.py:93} INFO - 		at org.apache.spark.sql.execution.SQLExecution$.withNewExecutionId(SQLExecution.scala:237)
[2026-03-23T00:59:05.785+0000] {subprocess.py:93} INFO - 		at org.apache.spark.sql.execution.QueryExecution.$anonfun$eagerlyExecuteCommands$1(QueryExecution.scala:155)
[2026-03-23T00:59:05.785+0000] {subprocess.py:93} INFO - 		at org.apache.spark.sql.execution.QueryExecution$.withInternalError(QueryExecution.scala:654)
[2026-03-23T00:59:05.786+0000] {subprocess.py:93} INFO - 		at org.apache.spark.sql.execution.QueryExecution.org$apache$spark$sql$execution$QueryExecution$$eagerlyExecute$1(QueryExecution.scala:154)
[2026-03-23T00:59:05.786+0000] {subprocess.py:93} INFO - 		at org.apache.spark.sql.execution.QueryExecution$$anonfun$eagerlyExecuteCommands$3.applyOrElse(QueryExecution.scala:169)
[2026-03-23T00:59:05.786+0000] {subprocess.py:93} INFO - 		at org.apache.spark.sql.execution.QueryExecution$$anonfun$eagerlyExecuteCommands$3.applyOrElse(QueryExecution.scala:164)
[2026-03-23T00:59:05.786+0000] {subprocess.py:93} INFO - 		at org.apache.spark.sql.catalyst.trees.TreeNode.$anonfun$transformDownWithPruning$1(TreeNode.scala:470)
[2026-03-23T00:59:05.786+0000] {subprocess.py:93} INFO - 		at org.apache.spark.sql.catalyst.trees.CurrentOrigin$.withOrigin(origin.scala:86)
[2026-03-23T00:59:05.787+0000] {subprocess.py:93} INFO - 		at org.apache.spark.sql.catalyst.trees.TreeNode.transformDownWithPruning(TreeNode.scala:470)
[2026-03-23T00:59:05.787+0000] {subprocess.py:93} INFO - 		at org.apache.spark.sql.catalyst.plans.logical.LogicalPlan.org$apache$spark$sql$catalyst$plans$logical$AnalysisHelper$$super$transformDownWithPruning(LogicalPlan.scala:37)
[2026-03-23T00:59:05.787+0000] {subprocess.py:93} INFO - 		at org.apache.spark.sql.catalyst.plans.logical.AnalysisHelper.transformDownWithPruning(AnalysisHelper.scala:360)
[2026-03-23T00:59:05.787+0000] {subprocess.py:93} INFO - 		at org.apache.spark.sql.catalyst.plans.logical.AnalysisHelper.transformDownWithPruning$(AnalysisHelper.scala:356)
[2026-03-23T00:59:05.787+0000] {subprocess.py:93} INFO - 		at org.apache.spark.sql.catalyst.plans.logical.LogicalPlan.transformDownWithPruning(LogicalPlan.scala:37)
[2026-03-23T00:59:05.787+0000] {subprocess.py:93} INFO - 		at org.apache.spark.sql.catalyst.plans.logical.LogicalPlan.transformDownWithPruning(LogicalPlan.scala:37)
[2026-03-23T00:59:05.788+0000] {subprocess.py:93} INFO - 		at org.apache.spark.sql.catalyst.trees.TreeNode.transformDown(TreeNode.scala:446)
[2026-03-23T00:59:05.788+0000] {subprocess.py:93} INFO - 		at org.apache.spark.sql.execution.QueryExecution.eagerlyExecuteCommands(QueryExecution.scala:164)
[2026-03-23T00:59:05.788+0000] {subprocess.py:93} INFO - 		at org.apache.spark.sql.execution.QueryExecution.$anonfun$lazyCommandExecuted$1(QueryExecution.scala:126)
[2026-03-23T00:59:05.788+0000] {subprocess.py:93} INFO - 		at scala.util.Try$.apply(Try.scala:217)
[2026-03-23T00:59:05.788+0000] {subprocess.py:93} INFO - 		at org.apache.spark.util.Utils$.doTryWithCallerStacktrace(Utils.scala:1378)
[2026-03-23T00:59:05.788+0000] {subprocess.py:93} INFO - 		at org.apache.spark.util.LazyTry.tryT$lzycompute(LazyTry.scala:46)
[2026-03-23T00:59:05.789+0000] {subprocess.py:93} INFO - 		at org.apache.spark.util.LazyTry.tryT(LazyTry.scala:46)
[2026-03-23T00:59:05.789+0000] {subprocess.py:93} INFO - 		... 19 more
[2026-03-23T00:59:05.789+0000] {subprocess.py:93} INFO - 
[2026-03-23T00:59:06.407+0000] {subprocess.py:93} INFO - 
[2026-03-23T00:59:06.408+0000] {subprocess.py:93} INFO - Pipeline execution completed with exit code: 1
[2026-03-23T00:59:06.408+0000] {subprocess.py:93} INFO - ✗ Pipeline failed with errors (see logs above)
[2026-03-23T00:59:06.408+0000] {subprocess.py:97} INFO - Command exited with return code 1
[2026-03-23T00:59:06.433+0000] {taskinstance.py:1937} ERROR - Task failed with exception
Traceback (most recent call last):
  File "/home/airflow/.local/lib/python3.9/site-packages/airflow/operators/bash.py", line 210, in execute
    raise AirflowException(
airflow.exceptions.AirflowException: Bash command failed. The command returned a non-zero exit code 1.
[2026-03-23T00:59:06.439+0000] {taskinstance.py:1400} INFO - Marking task as UP_FOR_RETRY. dag_id=dynamic_spark_pipeline, task_id=run_pipeline, execution_date=20260321T020000, start_date=20260323T005844, end_date=20260323T005906
[2026-03-23T00:59:06.463+0000] {standard_task_runner.py:104} ERROR - Failed to execute job 6 for task run_pipeline (Bash command failed. The command returned a non-zero exit code 1.; 308)
[2026-03-23T00:59:06.500+0000] {local_task_job_runner.py:228} INFO - Task exited with return code 1
[2026-03-23T00:59:06.545+0000] {taskinstance.py:2778} INFO - 0 downstream tasks scheduled from follow-on schedule check
[2026-03-23T00:59:55.673+0000] {taskinstance.py:1159} INFO - Dependencies all met for dep_context=non-requeueable deps ti=<TaskInstance: dynamic_spark_pipeline.run_pipeline scheduled__2026-03-21T02:00:00+00:00 [queued]>
[2026-03-23T00:59:55.682+0000] {taskinstance.py:1159} INFO - Dependencies all met for dep_context=requeueable deps ti=<TaskInstance: dynamic_spark_pipeline.run_pipeline scheduled__2026-03-21T02:00:00+00:00 [queued]>
[2026-03-23T00:59:55.682+0000] {taskinstance.py:1361} INFO - Starting attempt 1 of 3
[2026-03-23T00:59:55.695+0000] {taskinstance.py:1382} INFO - Executing <Task(BashOperator): run_pipeline> on 2026-03-21 02:00:00+00:00
[2026-03-23T00:59:55.700+0000] {standard_task_runner.py:57} INFO - Started process 910 to run task
[2026-03-23T00:59:55.703+0000] {standard_task_runner.py:84} INFO - Running: ['***', 'tasks', 'run', 'dynamic_spark_pipeline', 'run_pipeline', 'scheduled__2026-03-21T02:00:00+00:00', '--job-id', '10', '--raw', '--subdir', 'DAGS_FOLDER/dynamic_spark_pipeline_dag.py', '--cfg-path', '/tmp/tmpm5_17u6z']
[2026-03-23T00:59:55.706+0000] {standard_task_runner.py:85} INFO - Job 10: Subtask run_pipeline
[2026-03-23T00:59:55.775+0000] {task_command.py:416} INFO - Running <TaskInstance: dynamic_spark_pipeline.run_pipeline scheduled__2026-03-21T02:00:00+00:00 [running]> on host c2a2ae541149
[2026-03-23T00:59:55.900+0000] {taskinstance.py:1662} INFO - Exporting env vars: AIRFLOW_CTX_DAG_OWNER='Nasredine Ouelseti' AIRFLOW_CTX_DAG_ID='dynamic_spark_pipeline' AIRFLOW_CTX_TASK_ID='run_pipeline' AIRFLOW_CTX_EXECUTION_DATE='2026-03-21T02:00:00+00:00' AIRFLOW_CTX_TRY_NUMBER='1' AIRFLOW_CTX_DAG_RUN_ID='scheduled__2026-03-21T02:00:00+00:00'
[2026-03-23T00:59:55.901+0000] {subprocess.py:63} INFO - Tmp dir root location: /tmp
[2026-03-23T00:59:55.901+0000] {subprocess.py:75} INFO - Running command: ['/bin/bash', '-c', '\nset -e\n\necho "Starting Spark pipeline execution..."\necho "Configuration: /app/metadata/config.json"\necho "Data path: /app/data"\necho "Script: /app/src/main.py"\necho "Log path: /app/***/logs/pipeline"\n\n# Pre-create critical directories with proper error handling\necho "Preparing directories..."\nLOG_DIR_BACKUP="/tmp/***_logs"\n\n# Try to create log directory with primary path\nif mkdir -p "/app/***/logs/pipeline" 2>/dev/null && touch "/app/***/logs/pipeline/.write_test" 2>/dev/null; then\n    echo "✓ Using primary log path: /app/***/logs/pipeline"\n    rm -f "/app/***/logs/pipeline/.write_test"\nelse\n    echo "⚠ Primary log path not writable, using backup: $LOG_DIR_BACKUP"\n    mkdir -p "$LOG_DIR_BACKUP"\n    mkdir -p "/app/data/output" 2>/dev/null || true\nfi\n\n# Create data output directory (non-critical)\nmkdir -p "/app/data/output" 2>/dev/null || echo "⚠ Warning: Could not create data output directory"\n\n# Clean up old output files to prevent Spark OVERWRITE permission issues\necho "Cleaning previous output..."\nif [ -d "/app/data/output" ]; then\n    # Ensure we can delete all files by fixing permissions first\n    chmod -R 777 "/app/data/output" 2>/dev/null || true\n    # Remove entire output tree and recreate\n    rm -rf "/app/data/output" 2>/dev/null && echo "  ✓ Cleaned /app/data/output" || echo "  ⚠ Partial cleanup of /app/data/output"\nfi\n# Recreate clean output directory structure\nmkdir -p "/app/data/output/events" 2>/dev/null || true\nmkdir -p "/app/data/output/discards" 2>/dev/null || true\nchmod -R 777 "/app/data/output" 2>/dev/null || true\n\n# Set effective log path for the script\nexport LOG_PATH_EFFECTIVE="/app/***/logs/pipeline"\nif [ ! -w "/app/***/logs/pipeline" ]; then\n    export LOG_PATH_EFFECTIVE="$LOG_DIR_BACKUP"\nfi\n\necho "Effective log path: $LOG_PATH_EFFECTIVE"\n\n# Change to application home directory\nif [ -d "/app" ]; then\n    cd "/app"\n    echo "✓ Changed to: /app"\nelse\n    echo "✗ Application directory not found: /app"\n    exit 1\nfi\n\n# Run the pipeline script\necho "Executing pipeline script..."\npython "/app/src/main.py" 2>&1 | tee -a "$LOG_PATH_EFFECTIVE/pipeline.log" || true\n\n# Capture exit code\nEXIT_CODE=${PIPESTATUS[0]}\n\n# Report results\necho ""\necho "Pipeline execution completed with exit code: $EXIT_CODE"\n\nif [ $EXIT_CODE -eq 0 ]; then\n    echo "✓ Pipeline executed successfully"\n    exit 0\nelse\n    echo "✗ Pipeline failed with errors (see logs above)"\n    exit $EXIT_CODE\nfi\n        ']
[2026-03-23T00:59:55.914+0000] {subprocess.py:86} INFO - Output:
[2026-03-23T00:59:55.917+0000] {subprocess.py:93} INFO - Starting Spark pipeline execution...
[2026-03-23T00:59:55.917+0000] {subprocess.py:93} INFO - Configuration: /app/metadata/config.json
[2026-03-23T00:59:55.917+0000] {subprocess.py:93} INFO - Data path: /app/data
[2026-03-23T00:59:55.917+0000] {subprocess.py:93} INFO - Script: /app/src/main.py
[2026-03-23T00:59:55.918+0000] {subprocess.py:93} INFO - Log path: /app/***/logs/pipeline
[2026-03-23T00:59:55.918+0000] {subprocess.py:93} INFO - Preparing directories...
[2026-03-23T00:59:55.922+0000] {subprocess.py:93} INFO - ✓ Using primary log path: /app/***/logs/pipeline
[2026-03-23T00:59:55.927+0000] {subprocess.py:93} INFO - Cleaning previous output...
[2026-03-23T00:59:55.932+0000] {subprocess.py:93} INFO -   ⚠ Partial cleanup of /app/data/output
[2026-03-23T00:59:55.939+0000] {subprocess.py:93} INFO - Effective log path: /app/***/logs/pipeline
[2026-03-23T00:59:55.940+0000] {subprocess.py:93} INFO - ✓ Changed to: /app
[2026-03-23T00:59:55.940+0000] {subprocess.py:93} INFO - Executing pipeline script...
[2026-03-23T00:59:56.701+0000] {subprocess.py:93} INFO - 2026-03-23 00:59:56,700 - __main__ - INFO - Starting Dynamic Spark Pipeline...
[2026-03-23T00:59:56.701+0000] {subprocess.py:93} INFO - 2026-03-23 00:59:56,701 - __main__ - INFO - Loading config from metadata/config.json
[2026-03-23T00:59:56.701+0000] {subprocess.py:93} INFO - 2026-03-23 00:59:56,701 - __main__ - INFO - Creating Spark session...
[2026-03-23T00:59:56.910+0000] {subprocess.py:93} INFO - WARNING: Using incubator modules: jdk.incubator.vector
[2026-03-23T00:59:58.363+0000] {subprocess.py:93} INFO - Using Spark's default log4j profile: org/apache/spark/log4j2-defaults.properties
[2026-03-23T00:59:58.364+0000] {subprocess.py:93} INFO - Setting default log level to "WARN".
[2026-03-23T00:59:58.364+0000] {subprocess.py:93} INFO - To adjust logging level use sc.setLogLevel(newLevel). For SparkR, use setLogLevel(newLevel).
[2026-03-23T00:59:59.195+0000] {subprocess.py:93} INFO - 26/03/23 00:59:59 WARN NativeCodeLoader: Unable to load native-hadoop library for your platform... using builtin-java classes where applicable
[2026-03-23T01:00:02.188+0000] {subprocess.py:93} INFO - 2026-03-23 01:00:02,188 - __main__ - INFO - Executing 1 dataflow(s)...
[2026-03-23T01:00:06.749+0000] {subprocess.py:93} INFO - 26/03/23 01:00:06 WARN FileUtil: Failed to delete file or dir [/app/data/output/events/motor_policy/_SUCCESS]: it still exists.
[2026-03-23T01:00:06.749+0000] {subprocess.py:93} INFO - 26/03/23 01:00:06 WARN FileUtil: Failed to delete file or dir [/app/data/output/events/motor_policy/._SUCCESS.crc]: it still exists.
[2026-03-23T01:00:06.750+0000] {subprocess.py:93} INFO - 26/03/23 01:00:06 WARN FileUtil: Failed to delete file or dir [/app/data/output/events/motor_policy/part-00000-b78ac4d7-b1a9-45ed-8a83-22bb8cbb1034-c000.json]: it still exists.
[2026-03-23T01:00:06.750+0000] {subprocess.py:93} INFO - 26/03/23 01:00:06 WARN FileUtil: Failed to delete file or dir [/app/data/output/events/motor_policy/.part-00000-b78ac4d7-b1a9-45ed-8a83-22bb8cbb1034-c000.json.crc]: it still exists.
[2026-03-23T01:00:08.928+0000] {subprocess.py:93} INFO - [raw-ok] Pre-emptively cleaning output directory: data/output/events/motor_policy
[2026-03-23T01:00:08.929+0000] {subprocess.py:93} INFO - [raw-ok] Attempt 1/3: chmod 777 on data/output/events/motor_policy
[2026-03-23T01:00:08.929+0000] {subprocess.py:93} INFO - [raw-ok] rm -rf failed with code 1
[2026-03-23T01:00:08.929+0000] {subprocess.py:93} INFO - [raw-ok] shutil.rmtree failed (attempt 1): [Errno 13] Permission denied: '_SUCCESS'
[2026-03-23T01:00:08.929+0000] {subprocess.py:93} INFO - [raw-ok] Attempt 2/3: chmod 777 on data/output/events/motor_policy
[2026-03-23T01:00:08.930+0000] {subprocess.py:93} INFO - [raw-ok] rm -rf failed with code 1
[2026-03-23T01:00:08.930+0000] {subprocess.py:93} INFO - [raw-ok] shutil.rmtree failed (attempt 2): [Errno 13] Permission denied: '_SUCCESS'
[2026-03-23T01:00:08.930+0000] {subprocess.py:93} INFO - [raw-ok] Attempt 3/3: chmod 777 on data/output/events/motor_policy
[2026-03-23T01:00:08.930+0000] {subprocess.py:93} INFO - [raw-ok] rm -rf failed with code 1
[2026-03-23T01:00:08.930+0000] {subprocess.py:93} INFO - [raw-ok] shutil.rmtree failed (attempt 3): [Errno 13] Permission denied: '_SUCCESS'
[2026-03-23T01:00:08.930+0000] {subprocess.py:93} INFO - [raw-ok] Write failed with directory clear error. Attempting aggressive cleanup...
[2026-03-23T01:00:08.931+0000] {subprocess.py:93} INFO - [raw-ok] Attempt 1/3: chmod 777 on data/output/events/motor_policy
[2026-03-23T01:00:08.931+0000] {subprocess.py:93} INFO - [raw-ok] rm -rf failed with code 1
[2026-03-23T01:00:08.931+0000] {subprocess.py:93} INFO - [raw-ok] shutil.rmtree failed (attempt 1): [Errno 13] Permission denied: '_SUCCESS'
[2026-03-23T01:00:08.931+0000] {subprocess.py:93} INFO - [raw-ok] Attempt 2/3: chmod 777 on data/output/events/motor_policy
[2026-03-23T01:00:08.931+0000] {subprocess.py:93} INFO - [raw-ok] rm -rf failed with code 1
[2026-03-23T01:00:08.932+0000] {subprocess.py:93} INFO - [raw-ok] shutil.rmtree failed (attempt 2): [Errno 13] Permission denied: '_SUCCESS'
[2026-03-23T01:00:08.932+0000] {subprocess.py:93} INFO - [raw-ok] Attempt 3/3: chmod 777 on data/output/events/motor_policy
[2026-03-23T01:00:08.932+0000] {subprocess.py:93} INFO - [raw-ok] rm -rf failed with code 1
[2026-03-23T01:00:08.932+0000] {subprocess.py:93} INFO - [raw-ok] shutil.rmtree failed (attempt 3): [Errno 13] Permission denied: '_SUCCESS'
[2026-03-23T01:00:08.932+0000] {subprocess.py:93} INFO - 2026-03-23 01:00:08,925 - __main__ - ERROR - Pipeline execution failed: Could not clean output directory 'data/output/events/motor_policy' for sink 'raw-ok'. Original error: An error occurred while calling o70.save.
[2026-03-23T01:00:08.933+0000] {subprocess.py:93} INFO - : org.apache.spark.SparkException: Unable to clear output directory file:/app/data/output/events/motor_policy prior to writing to it.
[2026-03-23T01:00:08.933+0000] {subprocess.py:93} INFO - 	at org.apache.spark.sql.errors.QueryExecutionErrors$.cannotClearOutputDirectoryError(QueryExecutionErrors.scala:786)
[2026-03-23T01:00:08.933+0000] {subprocess.py:93} INFO - 	at org.apache.spark.sql.execution.datasources.InsertIntoHadoopFsRelationCommand.deleteMatchingPartitions(InsertIntoHadoopFsRelationCommand.scala:244)
[2026-03-23T01:00:08.933+0000] {subprocess.py:93} INFO - 	at org.apache.spark.sql.execution.datasources.InsertIntoHadoopFsRelationCommand.run(InsertIntoHadoopFsRelationCommand.scala:136)
[2026-03-23T01:00:08.933+0000] {subprocess.py:93} INFO - 	at org.apache.spark.sql.execution.command.DataWritingCommandExec.sideEffectResult$lzycompute(commands.scala:117)
[2026-03-23T01:00:08.933+0000] {subprocess.py:93} INFO - 	at org.apache.spark.sql.execution.command.DataWritingCommandExec.sideEffectResult(commands.scala:115)
[2026-03-23T01:00:08.934+0000] {subprocess.py:93} INFO - 	at org.apache.spark.sql.execution.command.DataWritingCommandExec.executeCollect(commands.scala:129)
[2026-03-23T01:00:08.934+0000] {subprocess.py:93} INFO - 	at org.apache.spark.sql.execution.QueryExecution.$anonfun$eagerlyExecuteCommands$2(QueryExecution.scala:155)
[2026-03-23T01:00:08.934+0000] {subprocess.py:93} INFO - 	at org.apache.spark.sql.execution.SQLExecution$.$anonfun$withNewExecutionId0$8(SQLExecution.scala:163)
[2026-03-23T01:00:08.934+0000] {subprocess.py:93} INFO - 	at org.apache.spark.sql.execution.SQLExecution$.withSessionTagsApplied(SQLExecution.scala:272)
[2026-03-23T01:00:08.934+0000] {subprocess.py:93} INFO - 	at org.apache.spark.sql.execution.SQLExecution$.$anonfun$withNewExecutionId0$7(SQLExecution.scala:125)
[2026-03-23T01:00:08.935+0000] {subprocess.py:93} INFO - 	at org.apache.spark.JobArtifactSet$.withActiveJobArtifactState(JobArtifactSet.scala:94)
[2026-03-23T01:00:08.935+0000] {subprocess.py:93} INFO - 	at org.apache.spark.sql.artifact.ArtifactManager.$anonfun$withResources$1(ArtifactManager.scala:112)
[2026-03-23T01:00:08.935+0000] {subprocess.py:93} INFO - 	at org.apache.spark.sql.artifact.ArtifactManager.withClassLoaderIfNeeded(ArtifactManager.scala:106)
[2026-03-23T01:00:08.935+0000] {subprocess.py:93} INFO - 	at org.apache.spark.sql.artifact.ArtifactManager.withResources(ArtifactManager.scala:111)
[2026-03-23T01:00:08.935+0000] {subprocess.py:93} INFO - 	at org.apache.spark.sql.execution.SQLExecution$.$anonfun$withNewExecutionId0$6(SQLExecution.scala:125)
[2026-03-23T01:00:08.936+0000] {subprocess.py:93} INFO - 	at org.apache.spark.sql.execution.SQLExecution$.withSQLConfPropagated(SQLExecution.scala:295)
[2026-03-23T01:00:08.936+0000] {subprocess.py:93} INFO - 	at org.apache.spark.sql.execution.SQLExecution$.$anonfun$withNewExecutionId0$1(SQLExecution.scala:124)
[2026-03-23T01:00:08.936+0000] {subprocess.py:93} INFO - 	at org.apache.spark.sql.SparkSession.withActive(SparkSession.scala:804)
[2026-03-23T01:00:08.936+0000] {subprocess.py:93} INFO - 	at org.apache.spark.sql.execution.SQLExecution$.withNewExecutionId0(SQLExecution.scala:78)
[2026-03-23T01:00:08.936+0000] {subprocess.py:93} INFO - 	at org.apache.spark.sql.execution.SQLExecution$.withNewExecutionId(SQLExecution.scala:237)
[2026-03-23T01:00:08.936+0000] {subprocess.py:93} INFO - 	at org.apache.spark.sql.execution.QueryExecution.$anonfun$eagerlyExecuteCommands$1(QueryExecution.scala:155)
[2026-03-23T01:00:08.937+0000] {subprocess.py:93} INFO - 	at org.apache.spark.sql.execution.QueryExecution$.withInternalError(QueryExecution.scala:654)
[2026-03-23T01:00:08.937+0000] {subprocess.py:93} INFO - 	at org.apache.spark.sql.execution.QueryExecution.org$apache$spark$sql$execution$QueryExecution$$eagerlyExecute$1(QueryExecution.scala:154)
[2026-03-23T01:00:08.937+0000] {subprocess.py:93} INFO - 	at org.apache.spark.sql.execution.QueryExecution$$anonfun$eagerlyExecuteCommands$3.applyOrElse(QueryExecution.scala:169)
[2026-03-23T01:00:08.937+0000] {subprocess.py:93} INFO - 	at org.apache.spark.sql.execution.QueryExecution$$anonfun$eagerlyExecuteCommands$3.applyOrElse(QueryExecution.scala:164)
[2026-03-23T01:00:08.937+0000] {subprocess.py:93} INFO - 	at org.apache.spark.sql.catalyst.trees.TreeNode.$anonfun$transformDownWithPruning$1(TreeNode.scala:470)
[2026-03-23T01:00:08.938+0000] {subprocess.py:93} INFO - 	at org.apache.spark.sql.catalyst.trees.CurrentOrigin$.withOrigin(origin.scala:86)
[2026-03-23T01:00:08.938+0000] {subprocess.py:93} INFO - 	at org.apache.spark.sql.catalyst.trees.TreeNode.transformDownWithPruning(TreeNode.scala:470)
[2026-03-23T01:00:08.938+0000] {subprocess.py:93} INFO - 	at org.apache.spark.sql.catalyst.plans.logical.LogicalPlan.org$apache$spark$sql$catalyst$plans$logical$AnalysisHelper$$super$transformDownWithPruning(LogicalPlan.scala:37)
[2026-03-23T01:00:08.938+0000] {subprocess.py:93} INFO - 	at org.apache.spark.sql.catalyst.plans.logical.AnalysisHelper.transformDownWithPruning(AnalysisHelper.scala:360)
[2026-03-23T01:00:08.938+0000] {subprocess.py:93} INFO - 	at org.apache.spark.sql.catalyst.plans.logical.AnalysisHelper.transformDownWithPruning$(AnalysisHelper.scala:356)
[2026-03-23T01:00:08.939+0000] {subprocess.py:93} INFO - 	at org.apache.spark.sql.catalyst.plans.logical.LogicalPlan.transformDownWithPruning(LogicalPlan.scala:37)
[2026-03-23T01:00:08.939+0000] {subprocess.py:93} INFO - 	at org.apache.spark.sql.catalyst.plans.logical.LogicalPlan.transformDownWithPruning(LogicalPlan.scala:37)
[2026-03-23T01:00:08.939+0000] {subprocess.py:93} INFO - 	at org.apache.spark.sql.catalyst.trees.TreeNode.transformDown(TreeNode.scala:446)
[2026-03-23T01:00:08.939+0000] {subprocess.py:93} INFO - 	at org.apache.spark.sql.execution.QueryExecution.eagerlyExecuteCommands(QueryExecution.scala:164)
[2026-03-23T01:00:08.939+0000] {subprocess.py:93} INFO - 	at org.apache.spark.sql.execution.QueryExecution.$anonfun$lazyCommandExecuted$1(QueryExecution.scala:126)
[2026-03-23T01:00:08.939+0000] {subprocess.py:93} INFO - 	at scala.util.Try$.apply(Try.scala:217)
[2026-03-23T01:00:08.940+0000] {subprocess.py:93} INFO - 	at org.apache.spark.util.Utils$.doTryWithCallerStacktrace(Utils.scala:1378)
[2026-03-23T01:00:08.940+0000] {subprocess.py:93} INFO - 	at org.apache.spark.util.Utils$.getTryWithCallerStacktrace(Utils.scala:1439)
[2026-03-23T01:00:08.940+0000] {subprocess.py:93} INFO - 	at org.apache.spark.util.LazyTry.get(LazyTry.scala:58)
[2026-03-23T01:00:08.940+0000] {subprocess.py:93} INFO - 	at org.apache.spark.sql.execution.QueryExecution.commandExecuted(QueryExecution.scala:131)
[2026-03-23T01:00:08.940+0000] {subprocess.py:93} INFO - 	at org.apache.spark.sql.execution.QueryExecution.assertCommandExecuted(QueryExecution.scala:192)
[2026-03-23T01:00:08.941+0000] {subprocess.py:93} INFO - 	at org.apache.spark.sql.classic.DataFrameWriter.runCommand(DataFrameWriter.scala:622)
[2026-03-23T01:00:08.941+0000] {subprocess.py:93} INFO - 	at org.apache.spark.sql.classic.DataFrameWriter.saveToV1Source(DataFrameWriter.scala:273)
[2026-03-23T01:00:08.941+0000] {subprocess.py:93} INFO - 	at org.apache.spark.sql.classic.DataFrameWriter.saveInternal(DataFrameWriter.scala:241)
[2026-03-23T01:00:08.941+0000] {subprocess.py:93} INFO - 	at org.apache.spark.sql.classic.DataFrameWriter.save(DataFrameWriter.scala:118)
[2026-03-23T01:00:08.941+0000] {subprocess.py:93} INFO - 	at java.base/jdk.internal.reflect.NativeMethodAccessorImpl.invoke0(Native Method)
[2026-03-23T01:00:08.942+0000] {subprocess.py:93} INFO - 	at java.base/jdk.internal.reflect.NativeMethodAccessorImpl.invoke(NativeMethodAccessorImpl.java:77)
[2026-03-23T01:00:08.942+0000] {subprocess.py:93} INFO - 	at java.base/jdk.internal.reflect.DelegatingMethodAccessorImpl.invoke(DelegatingMethodAccessorImpl.java:43)
[2026-03-23T01:00:08.942+0000] {subprocess.py:93} INFO - 	at java.base/java.lang.reflect.Method.invoke(Method.java:569)
[2026-03-23T01:00:08.942+0000] {subprocess.py:93} INFO - 	at py4j.reflection.MethodInvoker.invoke(MethodInvoker.java:244)
[2026-03-23T01:00:08.942+0000] {subprocess.py:93} INFO - 	at py4j.reflection.ReflectionEngine.invoke(ReflectionEngine.java:374)
[2026-03-23T01:00:08.942+0000] {subprocess.py:93} INFO - 	at py4j.Gateway.invoke(Gateway.java:282)
[2026-03-23T01:00:08.943+0000] {subprocess.py:93} INFO - 	at py4j.commands.AbstractCommand.invokeMethod(AbstractCommand.java:132)
[2026-03-23T01:00:08.943+0000] {subprocess.py:93} INFO - 	at py4j.commands.CallCommand.execute(CallCommand.java:79)
[2026-03-23T01:00:08.943+0000] {subprocess.py:93} INFO - 	at py4j.ClientServerConnection.waitForCommands(ClientServerConnection.java:184)
[2026-03-23T01:00:08.943+0000] {subprocess.py:93} INFO - 	at py4j.ClientServerConnection.run(ClientServerConnection.java:108)
[2026-03-23T01:00:08.943+0000] {subprocess.py:93} INFO - 	at java.base/java.lang.Thread.run(Thread.java:840)
[2026-03-23T01:00:08.944+0000] {subprocess.py:93} INFO - 	Suppressed: org.apache.spark.util.Utils$OriginalTryStackTraceException: Full stacktrace of original doTryWithCallerStacktrace caller
[2026-03-23T01:00:08.944+0000] {subprocess.py:93} INFO - 		at org.apache.spark.sql.errors.QueryExecutionErrors$.cannotClearOutputDirectoryError(QueryExecutionErrors.scala:786)
[2026-03-23T01:00:08.944+0000] {subprocess.py:93} INFO - 		at org.apache.spark.sql.execution.datasources.InsertIntoHadoopFsRelationCommand.deleteMatchingPartitions(InsertIntoHadoopFsRelationCommand.scala:244)
[2026-03-23T01:00:08.945+0000] {subprocess.py:93} INFO - 		at org.apache.spark.sql.execution.datasources.InsertIntoHadoopFsRelationCommand.run(InsertIntoHadoopFsRelationCommand.scala:136)
[2026-03-23T01:00:08.945+0000] {subprocess.py:93} INFO - 		at org.apache.spark.sql.execution.command.DataWritingCommandExec.sideEffectResult$lzycompute(commands.scala:117)
[2026-03-23T01:00:08.945+0000] {subprocess.py:93} INFO - 		at org.apache.spark.sql.execution.command.DataWritingCommandExec.sideEffectResult(commands.scala:115)
[2026-03-23T01:00:08.945+0000] {subprocess.py:93} INFO - 		at org.apache.spark.sql.execution.command.DataWritingCommandExec.executeCollect(commands.scala:129)
[2026-03-23T01:00:08.945+0000] {subprocess.py:93} INFO - 		at org.apache.spark.sql.execution.QueryExecution.$anonfun$eagerlyExecuteCommands$2(QueryExecution.scala:155)
[2026-03-23T01:00:08.946+0000] {subprocess.py:93} INFO - 		at org.apache.spark.sql.execution.SQLExecution$.$anonfun$withNewExecutionId0$8(SQLExecution.scala:163)
[2026-03-23T01:00:08.946+0000] {subprocess.py:93} INFO - 		at org.apache.spark.sql.execution.SQLExecution$.withSessionTagsApplied(SQLExecution.scala:272)
[2026-03-23T01:00:08.946+0000] {subprocess.py:93} INFO - 		at org.apache.spark.sql.execution.SQLExecution$.$anonfun$withNewExecutionId0$7(SQLExecution.scala:125)
[2026-03-23T01:00:08.946+0000] {subprocess.py:93} INFO - 		at org.apache.spark.JobArtifactSet$.withActiveJobArtifactState(JobArtifactSet.scala:94)
[2026-03-23T01:00:08.946+0000] {subprocess.py:93} INFO - 		at org.apache.spark.sql.artifact.ArtifactManager.$anonfun$withResources$1(ArtifactManager.scala:112)
[2026-03-23T01:00:08.946+0000] {subprocess.py:93} INFO - 		at org.apache.spark.sql.artifact.ArtifactManager.withClassLoaderIfNeeded(ArtifactManager.scala:106)
[2026-03-23T01:00:08.947+0000] {subprocess.py:93} INFO - 		at org.apache.spark.sql.artifact.ArtifactManager.withResources(ArtifactManager.scala:111)
[2026-03-23T01:00:08.947+0000] {subprocess.py:93} INFO - 		at org.apache.spark.sql.execution.SQLExecution$.$anonfun$withNewExecutionId0$6(SQLExecution.scala:125)
[2026-03-23T01:00:08.947+0000] {subprocess.py:93} INFO - 		at org.apache.spark.sql.execution.SQLExecution$.withSQLConfPropagated(SQLExecution.scala:295)
[2026-03-23T01:00:08.947+0000] {subprocess.py:93} INFO - 		at org.apache.spark.sql.execution.SQLExecution$.$anonfun$withNewExecutionId0$1(SQLExecution.scala:124)
[2026-03-23T01:00:08.948+0000] {subprocess.py:93} INFO - 		at org.apache.spark.sql.SparkSession.withActive(SparkSession.scala:804)
[2026-03-23T01:00:08.948+0000] {subprocess.py:93} INFO - 		at org.apache.spark.sql.execution.SQLExecution$.withNewExecutionId0(SQLExecution.scala:78)
[2026-03-23T01:00:08.948+0000] {subprocess.py:93} INFO - 		at org.apache.spark.sql.execution.SQLExecution$.withNewExecutionId(SQLExecution.scala:237)
[2026-03-23T01:00:08.948+0000] {subprocess.py:93} INFO - 		at org.apache.spark.sql.execution.QueryExecution.$anonfun$eagerlyExecuteCommands$1(QueryExecution.scala:155)
[2026-03-23T01:00:08.949+0000] {subprocess.py:93} INFO - 		at org.apache.spark.sql.execution.QueryExecution$.withInternalError(QueryExecution.scala:654)
[2026-03-23T01:00:08.949+0000] {subprocess.py:93} INFO - 		at org.apache.spark.sql.execution.QueryExecution.org$apache$spark$sql$execution$QueryExecution$$eagerlyExecute$1(QueryExecution.scala:154)
[2026-03-23T01:00:08.949+0000] {subprocess.py:93} INFO - 		at org.apache.spark.sql.execution.QueryExecution$$anonfun$eagerlyExecuteCommands$3.applyOrElse(QueryExecution.scala:169)
[2026-03-23T01:00:08.949+0000] {subprocess.py:93} INFO - 		at org.apache.spark.sql.execution.QueryExecution$$anonfun$eagerlyExecuteCommands$3.applyOrElse(QueryExecution.scala:164)
[2026-03-23T01:00:08.949+0000] {subprocess.py:93} INFO - 		at org.apache.spark.sql.catalyst.trees.TreeNode.$anonfun$transformDownWithPruning$1(TreeNode.scala:470)
[2026-03-23T01:00:08.949+0000] {subprocess.py:93} INFO - 		at org.apache.spark.sql.catalyst.trees.CurrentOrigin$.withOrigin(origin.scala:86)
[2026-03-23T01:00:08.950+0000] {subprocess.py:93} INFO - 		at org.apache.spark.sql.catalyst.trees.TreeNode.transformDownWithPruning(TreeNode.scala:470)
[2026-03-23T01:00:08.950+0000] {subprocess.py:93} INFO - 		at org.apache.spark.sql.catalyst.plans.logical.LogicalPlan.org$apache$spark$sql$catalyst$plans$logical$AnalysisHelper$$super$transformDownWithPruning(LogicalPlan.scala:37)
[2026-03-23T01:00:08.950+0000] {subprocess.py:93} INFO - 		at org.apache.spark.sql.catalyst.plans.logical.AnalysisHelper.transformDownWithPruning(AnalysisHelper.scala:360)
[2026-03-23T01:00:08.950+0000] {subprocess.py:93} INFO - 		at org.apache.spark.sql.catalyst.plans.logical.AnalysisHelper.transformDownWithPruning$(AnalysisHelper.scala:356)
[2026-03-23T01:00:08.950+0000] {subprocess.py:93} INFO - 		at org.apache.spark.sql.catalyst.plans.logical.LogicalPlan.transformDownWithPruning(LogicalPlan.scala:37)
[2026-03-23T01:00:08.951+0000] {subprocess.py:93} INFO - 		at org.apache.spark.sql.catalyst.plans.logical.LogicalPlan.transformDownWithPruning(LogicalPlan.scala:37)
[2026-03-23T01:00:08.951+0000] {subprocess.py:93} INFO - 		at org.apache.spark.sql.catalyst.trees.TreeNode.transformDown(TreeNode.scala:446)
[2026-03-23T01:00:08.951+0000] {subprocess.py:93} INFO - 		at org.apache.spark.sql.execution.QueryExecution.eagerlyExecuteCommands(QueryExecution.scala:164)
[2026-03-23T01:00:08.952+0000] {subprocess.py:93} INFO - 		at org.apache.spark.sql.execution.QueryExecution.$anonfun$lazyCommandExecuted$1(QueryExecution.scala:126)
[2026-03-23T01:00:08.952+0000] {subprocess.py:93} INFO - 		at scala.util.Try$.apply(Try.scala:217)
[2026-03-23T01:00:08.952+0000] {subprocess.py:93} INFO - 		at org.apache.spark.util.Utils$.doTryWithCallerStacktrace(Utils.scala:1378)
[2026-03-23T01:00:08.952+0000] {subprocess.py:93} INFO - 		at org.apache.spark.util.LazyTry.tryT$lzycompute(LazyTry.scala:46)
[2026-03-23T01:00:08.952+0000] {subprocess.py:93} INFO - 		at org.apache.spark.util.LazyTry.tryT(LazyTry.scala:46)
[2026-03-23T01:00:08.952+0000] {subprocess.py:93} INFO - 		... 19 more
[2026-03-23T01:00:08.953+0000] {subprocess.py:93} INFO - Traceback (most recent call last):
[2026-03-23T01:00:08.953+0000] {subprocess.py:93} INFO -   File "/app/src/writer.py", line 97, in write_output
[2026-03-23T01:00:08.953+0000] {subprocess.py:93} INFO -     df.write.mode(sink_mode).format(sink_format).save(path)
[2026-03-23T01:00:08.953+0000] {subprocess.py:93} INFO -   File "/home/***/.local/lib/python3.9/site-packages/pyspark/sql/readwriter.py", line 1745, in save
[2026-03-23T01:00:08.953+0000] {subprocess.py:93} INFO -     self._jwrite.save(path)
[2026-03-23T01:00:08.954+0000] {subprocess.py:93} INFO -   File "/home/***/.local/lib/python3.9/site-packages/py4j/java_gateway.py", line 1362, in __call__
[2026-03-23T01:00:08.954+0000] {subprocess.py:93} INFO -     return_value = get_return_value(
[2026-03-23T01:00:08.954+0000] {subprocess.py:93} INFO -   File "/home/***/.local/lib/python3.9/site-packages/pyspark/errors/exceptions/captured.py", line 282, in deco
[2026-03-23T01:00:08.954+0000] {subprocess.py:93} INFO -     return f(*a, **kw)
[2026-03-23T01:00:08.954+0000] {subprocess.py:93} INFO -   File "/home/***/.local/lib/python3.9/site-packages/py4j/protocol.py", line 327, in get_return_value
[2026-03-23T01:00:08.955+0000] {subprocess.py:93} INFO -     raise Py4JJavaError(
[2026-03-23T01:00:08.955+0000] {subprocess.py:93} INFO - py4j.protocol.Py4JJavaError: An error occurred while calling o70.save.
[2026-03-23T01:00:08.955+0000] {subprocess.py:93} INFO - : org.apache.spark.SparkException: Unable to clear output directory file:/app/data/output/events/motor_policy prior to writing to it.
[2026-03-23T01:00:08.955+0000] {subprocess.py:93} INFO - 	at org.apache.spark.sql.errors.QueryExecutionErrors$.cannotClearOutputDirectoryError(QueryExecutionErrors.scala:786)
[2026-03-23T01:00:08.955+0000] {subprocess.py:93} INFO - 	at org.apache.spark.sql.execution.datasources.InsertIntoHadoopFsRelationCommand.deleteMatchingPartitions(InsertIntoHadoopFsRelationCommand.scala:244)
[2026-03-23T01:00:08.956+0000] {subprocess.py:93} INFO - 	at org.apache.spark.sql.execution.datasources.InsertIntoHadoopFsRelationCommand.run(InsertIntoHadoopFsRelationCommand.scala:136)
[2026-03-23T01:00:08.956+0000] {subprocess.py:93} INFO - 	at org.apache.spark.sql.execution.command.DataWritingCommandExec.sideEffectResult$lzycompute(commands.scala:117)
[2026-03-23T01:00:08.956+0000] {subprocess.py:93} INFO - 	at org.apache.spark.sql.execution.command.DataWritingCommandExec.sideEffectResult(commands.scala:115)
[2026-03-23T01:00:08.956+0000] {subprocess.py:93} INFO - 	at org.apache.spark.sql.execution.command.DataWritingCommandExec.executeCollect(commands.scala:129)
[2026-03-23T01:00:08.957+0000] {subprocess.py:93} INFO - 	at org.apache.spark.sql.execution.QueryExecution.$anonfun$eagerlyExecuteCommands$2(QueryExecution.scala:155)
[2026-03-23T01:00:08.957+0000] {subprocess.py:93} INFO - 	at org.apache.spark.sql.execution.SQLExecution$.$anonfun$withNewExecutionId0$8(SQLExecution.scala:163)
[2026-03-23T01:00:08.957+0000] {subprocess.py:93} INFO - 	at org.apache.spark.sql.execution.SQLExecution$.withSessionTagsApplied(SQLExecution.scala:272)
[2026-03-23T01:00:08.957+0000] {subprocess.py:93} INFO - 	at org.apache.spark.sql.execution.SQLExecution$.$anonfun$withNewExecutionId0$7(SQLExecution.scala:125)
[2026-03-23T01:00:08.957+0000] {subprocess.py:93} INFO - 	at org.apache.spark.JobArtifactSet$.withActiveJobArtifactState(JobArtifactSet.scala:94)
[2026-03-23T01:00:08.957+0000] {subprocess.py:93} INFO - 	at org.apache.spark.sql.artifact.ArtifactManager.$anonfun$withResources$1(ArtifactManager.scala:112)
[2026-03-23T01:00:08.958+0000] {subprocess.py:93} INFO - 	at org.apache.spark.sql.artifact.ArtifactManager.withClassLoaderIfNeeded(ArtifactManager.scala:106)
[2026-03-23T01:00:08.958+0000] {subprocess.py:93} INFO - 	at org.apache.spark.sql.artifact.ArtifactManager.withResources(ArtifactManager.scala:111)
[2026-03-23T01:00:08.958+0000] {subprocess.py:93} INFO - 	at org.apache.spark.sql.execution.SQLExecution$.$anonfun$withNewExecutionId0$6(SQLExecution.scala:125)
[2026-03-23T01:00:08.958+0000] {subprocess.py:93} INFO - 	at org.apache.spark.sql.execution.SQLExecution$.withSQLConfPropagated(SQLExecution.scala:295)
[2026-03-23T01:00:08.958+0000] {subprocess.py:93} INFO - 	at org.apache.spark.sql.execution.SQLExecution$.$anonfun$withNewExecutionId0$1(SQLExecution.scala:124)
[2026-03-23T01:00:08.958+0000] {subprocess.py:93} INFO - 	at org.apache.spark.sql.SparkSession.withActive(SparkSession.scala:804)
[2026-03-23T01:00:08.959+0000] {subprocess.py:93} INFO - 	at org.apache.spark.sql.execution.SQLExecution$.withNewExecutionId0(SQLExecution.scala:78)
[2026-03-23T01:00:08.959+0000] {subprocess.py:93} INFO - 	at org.apache.spark.sql.execution.SQLExecution$.withNewExecutionId(SQLExecution.scala:237)
[2026-03-23T01:00:08.959+0000] {subprocess.py:93} INFO - 	at org.apache.spark.sql.execution.QueryExecution.$anonfun$eagerlyExecuteCommands$1(QueryExecution.scala:155)
[2026-03-23T01:00:08.959+0000] {subprocess.py:93} INFO - 	at org.apache.spark.sql.execution.QueryExecution$.withInternalError(QueryExecution.scala:654)
[2026-03-23T01:00:08.959+0000] {subprocess.py:93} INFO - 	at org.apache.spark.sql.execution.QueryExecution.org$apache$spark$sql$execution$QueryExecution$$eagerlyExecute$1(QueryExecution.scala:154)
[2026-03-23T01:00:08.959+0000] {subprocess.py:93} INFO - 	at org.apache.spark.sql.execution.QueryExecution$$anonfun$eagerlyExecuteCommands$3.applyOrElse(QueryExecution.scala:169)
[2026-03-23T01:00:08.960+0000] {subprocess.py:93} INFO - 	at org.apache.spark.sql.execution.QueryExecution$$anonfun$eagerlyExecuteCommands$3.applyOrElse(QueryExecution.scala:164)
[2026-03-23T01:00:08.960+0000] {subprocess.py:93} INFO - 	at org.apache.spark.sql.catalyst.trees.TreeNode.$anonfun$transformDownWithPruning$1(TreeNode.scala:470)
[2026-03-23T01:00:08.960+0000] {subprocess.py:93} INFO - 	at org.apache.spark.sql.catalyst.trees.CurrentOrigin$.withOrigin(origin.scala:86)
[2026-03-23T01:00:08.960+0000] {subprocess.py:93} INFO - 	at org.apache.spark.sql.catalyst.trees.TreeNode.transformDownWithPruning(TreeNode.scala:470)
[2026-03-23T01:00:08.960+0000] {subprocess.py:93} INFO - 	at org.apache.spark.sql.catalyst.plans.logical.LogicalPlan.org$apache$spark$sql$catalyst$plans$logical$AnalysisHelper$$super$transformDownWithPruning(LogicalPlan.scala:37)
[2026-03-23T01:00:08.961+0000] {subprocess.py:93} INFO - 	at org.apache.spark.sql.catalyst.plans.logical.AnalysisHelper.transformDownWithPruning(AnalysisHelper.scala:360)
[2026-03-23T01:00:08.961+0000] {subprocess.py:93} INFO - 	at org.apache.spark.sql.catalyst.plans.logical.AnalysisHelper.transformDownWithPruning$(AnalysisHelper.scala:356)
[2026-03-23T01:00:08.961+0000] {subprocess.py:93} INFO - 	at org.apache.spark.sql.catalyst.plans.logical.LogicalPlan.transformDownWithPruning(LogicalPlan.scala:37)
[2026-03-23T01:00:08.961+0000] {subprocess.py:93} INFO - 	at org.apache.spark.sql.catalyst.plans.logical.LogicalPlan.transformDownWithPruning(LogicalPlan.scala:37)
[2026-03-23T01:00:08.961+0000] {subprocess.py:93} INFO - 	at org.apache.spark.sql.catalyst.trees.TreeNode.transformDown(TreeNode.scala:446)
[2026-03-23T01:00:08.961+0000] {subprocess.py:93} INFO - 	at org.apache.spark.sql.execution.QueryExecution.eagerlyExecuteCommands(QueryExecution.scala:164)
[2026-03-23T01:00:08.961+0000] {subprocess.py:93} INFO - 	at org.apache.spark.sql.execution.QueryExecution.$anonfun$lazyCommandExecuted$1(QueryExecution.scala:126)
[2026-03-23T01:00:08.962+0000] {subprocess.py:93} INFO - 	at scala.util.Try$.apply(Try.scala:217)
[2026-03-23T01:00:08.962+0000] {subprocess.py:93} INFO - 	at org.apache.spark.util.Utils$.doTryWithCallerStacktrace(Utils.scala:1378)
[2026-03-23T01:00:08.962+0000] {subprocess.py:93} INFO - 	at org.apache.spark.util.Utils$.getTryWithCallerStacktrace(Utils.scala:1439)
[2026-03-23T01:00:08.962+0000] {subprocess.py:93} INFO - 	at org.apache.spark.util.LazyTry.get(LazyTry.scala:58)
[2026-03-23T01:00:08.962+0000] {subprocess.py:93} INFO - 	at org.apache.spark.sql.execution.QueryExecution.commandExecuted(QueryExecution.scala:131)
[2026-03-23T01:00:08.962+0000] {subprocess.py:93} INFO - 	at org.apache.spark.sql.execution.QueryExecution.assertCommandExecuted(QueryExecution.scala:192)
[2026-03-23T01:00:08.962+0000] {subprocess.py:93} INFO - 	at org.apache.spark.sql.classic.DataFrameWriter.runCommand(DataFrameWriter.scala:622)
[2026-03-23T01:00:08.962+0000] {subprocess.py:93} INFO - 	at org.apache.spark.sql.classic.DataFrameWriter.saveToV1Source(DataFrameWriter.scala:273)
[2026-03-23T01:00:08.963+0000] {subprocess.py:93} INFO - 	at org.apache.spark.sql.classic.DataFrameWriter.saveInternal(DataFrameWriter.scala:241)
[2026-03-23T01:00:08.963+0000] {subprocess.py:93} INFO - 	at org.apache.spark.sql.classic.DataFrameWriter.save(DataFrameWriter.scala:118)
[2026-03-23T01:00:08.963+0000] {subprocess.py:93} INFO - 	at java.base/jdk.internal.reflect.NativeMethodAccessorImpl.invoke0(Native Method)
[2026-03-23T01:00:08.963+0000] {subprocess.py:93} INFO - 	at java.base/jdk.internal.reflect.NativeMethodAccessorImpl.invoke(NativeMethodAccessorImpl.java:77)
[2026-03-23T01:00:08.963+0000] {subprocess.py:93} INFO - 	at java.base/jdk.internal.reflect.DelegatingMethodAccessorImpl.invoke(DelegatingMethodAccessorImpl.java:43)
[2026-03-23T01:00:08.963+0000] {subprocess.py:93} INFO - 	at java.base/java.lang.reflect.Method.invoke(Method.java:569)
[2026-03-23T01:00:08.964+0000] {subprocess.py:93} INFO - 	at py4j.reflection.MethodInvoker.invoke(MethodInvoker.java:244)
[2026-03-23T01:00:08.964+0000] {subprocess.py:93} INFO - 	at py4j.reflection.ReflectionEngine.invoke(ReflectionEngine.java:374)
[2026-03-23T01:00:08.964+0000] {subprocess.py:93} INFO - 	at py4j.Gateway.invoke(Gateway.java:282)
[2026-03-23T01:00:08.964+0000] {subprocess.py:93} INFO - 	at py4j.commands.AbstractCommand.invokeMethod(AbstractCommand.java:132)
[2026-03-23T01:00:08.964+0000] {subprocess.py:93} INFO - 	at py4j.commands.CallCommand.execute(CallCommand.java:79)
[2026-03-23T01:00:08.964+0000] {subprocess.py:93} INFO - 	at py4j.ClientServerConnection.waitForCommands(ClientServerConnection.java:184)
[2026-03-23T01:00:08.965+0000] {subprocess.py:93} INFO - 	at py4j.ClientServerConnection.run(ClientServerConnection.java:108)
[2026-03-23T01:00:08.965+0000] {subprocess.py:93} INFO - 	at java.base/java.lang.Thread.run(Thread.java:840)
[2026-03-23T01:00:08.965+0000] {subprocess.py:93} INFO - 	Suppressed: org.apache.spark.util.Utils$OriginalTryStackTraceException: Full stacktrace of original doTryWithCallerStacktrace caller
[2026-03-23T01:00:08.965+0000] {subprocess.py:93} INFO - 		at org.apache.spark.sql.errors.QueryExecutionErrors$.cannotClearOutputDirectoryError(QueryExecutionErrors.scala:786)
[2026-03-23T01:00:08.965+0000] {subprocess.py:93} INFO - 		at org.apache.spark.sql.execution.datasources.InsertIntoHadoopFsRelationCommand.deleteMatchingPartitions(InsertIntoHadoopFsRelationCommand.scala:244)
[2026-03-23T01:00:08.965+0000] {subprocess.py:93} INFO - 		at org.apache.spark.sql.execution.datasources.InsertIntoHadoopFsRelationCommand.run(InsertIntoHadoopFsRelationCommand.scala:136)
[2026-03-23T01:00:08.965+0000] {subprocess.py:93} INFO - 		at org.apache.spark.sql.execution.command.DataWritingCommandExec.sideEffectResult$lzycompute(commands.scala:117)
[2026-03-23T01:00:08.965+0000] {subprocess.py:93} INFO - 		at org.apache.spark.sql.execution.command.DataWritingCommandExec.sideEffectResult(commands.scala:115)
[2026-03-23T01:00:08.966+0000] {subprocess.py:93} INFO - 		at org.apache.spark.sql.execution.command.DataWritingCommandExec.executeCollect(commands.scala:129)
[2026-03-23T01:00:08.966+0000] {subprocess.py:93} INFO - 		at org.apache.spark.sql.execution.QueryExecution.$anonfun$eagerlyExecuteCommands$2(QueryExecution.scala:155)
[2026-03-23T01:00:08.966+0000] {subprocess.py:93} INFO - 		at org.apache.spark.sql.execution.SQLExecution$.$anonfun$withNewExecutionId0$8(SQLExecution.scala:163)
[2026-03-23T01:00:08.966+0000] {subprocess.py:93} INFO - 		at org.apache.spark.sql.execution.SQLExecution$.withSessionTagsApplied(SQLExecution.scala:272)
[2026-03-23T01:00:08.966+0000] {subprocess.py:93} INFO - 		at org.apache.spark.sql.execution.SQLExecution$.$anonfun$withNewExecutionId0$7(SQLExecution.scala:125)
[2026-03-23T01:00:08.966+0000] {subprocess.py:93} INFO - 		at org.apache.spark.JobArtifactSet$.withActiveJobArtifactState(JobArtifactSet.scala:94)
[2026-03-23T01:00:08.966+0000] {subprocess.py:93} INFO - 		at org.apache.spark.sql.artifact.ArtifactManager.$anonfun$withResources$1(ArtifactManager.scala:112)
[2026-03-23T01:00:08.966+0000] {subprocess.py:93} INFO - 		at org.apache.spark.sql.artifact.ArtifactManager.withClassLoaderIfNeeded(ArtifactManager.scala:106)
[2026-03-23T01:00:08.966+0000] {subprocess.py:93} INFO - 		at org.apache.spark.sql.artifact.ArtifactManager.withResources(ArtifactManager.scala:111)
[2026-03-23T01:00:08.967+0000] {subprocess.py:93} INFO - 		at org.apache.spark.sql.execution.SQLExecution$.$anonfun$withNewExecutionId0$6(SQLExecution.scala:125)
[2026-03-23T01:00:08.967+0000] {subprocess.py:93} INFO - 		at org.apache.spark.sql.execution.SQLExecution$.withSQLConfPropagated(SQLExecution.scala:295)
[2026-03-23T01:00:08.967+0000] {subprocess.py:93} INFO - 		at org.apache.spark.sql.execution.SQLExecution$.$anonfun$withNewExecutionId0$1(SQLExecution.scala:124)
[2026-03-23T01:00:08.967+0000] {subprocess.py:93} INFO - 		at org.apache.spark.sql.SparkSession.withActive(SparkSession.scala:804)
[2026-03-23T01:00:08.967+0000] {subprocess.py:93} INFO - 		at org.apache.spark.sql.execution.SQLExecution$.withNewExecutionId0(SQLExecution.scala:78)
[2026-03-23T01:00:08.967+0000] {subprocess.py:93} INFO - 		at org.apache.spark.sql.execution.SQLExecution$.withNewExecutionId(SQLExecution.scala:237)
[2026-03-23T01:00:08.967+0000] {subprocess.py:93} INFO - 		at org.apache.spark.sql.execution.QueryExecution.$anonfun$eagerlyExecuteCommands$1(QueryExecution.scala:155)
[2026-03-23T01:00:08.968+0000] {subprocess.py:93} INFO - 		at org.apache.spark.sql.execution.QueryExecution$.withInternalError(QueryExecution.scala:654)
[2026-03-23T01:00:08.968+0000] {subprocess.py:93} INFO - 		at org.apache.spark.sql.execution.QueryExecution.org$apache$spark$sql$execution$QueryExecution$$eagerlyExecute$1(QueryExecution.scala:154)
[2026-03-23T01:00:08.968+0000] {subprocess.py:93} INFO - 		at org.apache.spark.sql.execution.QueryExecution$$anonfun$eagerlyExecuteCommands$3.applyOrElse(QueryExecution.scala:169)
[2026-03-23T01:00:08.968+0000] {subprocess.py:93} INFO - 		at org.apache.spark.sql.execution.QueryExecution$$anonfun$eagerlyExecuteCommands$3.applyOrElse(QueryExecution.scala:164)
[2026-03-23T01:00:08.968+0000] {subprocess.py:93} INFO - 		at org.apache.spark.sql.catalyst.trees.TreeNode.$anonfun$transformDownWithPruning$1(TreeNode.scala:470)
[2026-03-23T01:00:08.968+0000] {subprocess.py:93} INFO - 		at org.apache.spark.sql.catalyst.trees.CurrentOrigin$.withOrigin(origin.scala:86)
[2026-03-23T01:00:08.968+0000] {subprocess.py:93} INFO - 		at org.apache.spark.sql.catalyst.trees.TreeNode.transformDownWithPruning(TreeNode.scala:470)
[2026-03-23T01:00:08.968+0000] {subprocess.py:93} INFO - 		at org.apache.spark.sql.catalyst.plans.logical.LogicalPlan.org$apache$spark$sql$catalyst$plans$logical$AnalysisHelper$$super$transformDownWithPruning(LogicalPlan.scala:37)
[2026-03-23T01:00:08.968+0000] {subprocess.py:93} INFO - 		at org.apache.spark.sql.catalyst.plans.logical.AnalysisHelper.transformDownWithPruning(AnalysisHelper.scala:360)
[2026-03-23T01:00:08.969+0000] {subprocess.py:93} INFO - 		at org.apache.spark.sql.catalyst.plans.logical.AnalysisHelper.transformDownWithPruning$(AnalysisHelper.scala:356)
[2026-03-23T01:00:08.969+0000] {subprocess.py:93} INFO - 		at org.apache.spark.sql.catalyst.plans.logical.LogicalPlan.transformDownWithPruning(LogicalPlan.scala:37)
[2026-03-23T01:00:08.969+0000] {subprocess.py:93} INFO - 		at org.apache.spark.sql.catalyst.plans.logical.LogicalPlan.transformDownWithPruning(LogicalPlan.scala:37)
[2026-03-23T01:00:08.969+0000] {subprocess.py:93} INFO - 		at org.apache.spark.sql.catalyst.trees.TreeNode.transformDown(TreeNode.scala:446)
[2026-03-23T01:00:08.969+0000] {subprocess.py:93} INFO - 		at org.apache.spark.sql.execution.QueryExecution.eagerlyExecuteCommands(QueryExecution.scala:164)
[2026-03-23T01:00:08.969+0000] {subprocess.py:93} INFO - 		at org.apache.spark.sql.execution.QueryExecution.$anonfun$lazyCommandExecuted$1(QueryExecution.scala:126)
[2026-03-23T01:00:08.969+0000] {subprocess.py:93} INFO - 		at scala.util.Try$.apply(Try.scala:217)
[2026-03-23T01:00:08.969+0000] {subprocess.py:93} INFO - 		at org.apache.spark.util.Utils$.doTryWithCallerStacktrace(Utils.scala:1378)
[2026-03-23T01:00:08.969+0000] {subprocess.py:93} INFO - 		at org.apache.spark.util.LazyTry.tryT$lzycompute(LazyTry.scala:46)
[2026-03-23T01:00:08.970+0000] {subprocess.py:93} INFO - 		at org.apache.spark.util.LazyTry.tryT(LazyTry.scala:46)
[2026-03-23T01:00:08.970+0000] {subprocess.py:93} INFO - 		... 19 more
[2026-03-23T01:00:08.970+0000] {subprocess.py:93} INFO - 
[2026-03-23T01:00:08.970+0000] {subprocess.py:93} INFO - 
[2026-03-23T01:00:08.970+0000] {subprocess.py:93} INFO - The above exception was the direct cause of the following exception:
[2026-03-23T01:00:08.970+0000] {subprocess.py:93} INFO - 
[2026-03-23T01:00:08.970+0000] {subprocess.py:93} INFO - Traceback (most recent call last):
[2026-03-23T01:00:08.970+0000] {subprocess.py:93} INFO -   File "/app/src/main.py", line 29, in main
[2026-03-23T01:00:08.970+0000] {subprocess.py:93} INFO -     engine.run()
[2026-03-23T01:00:08.971+0000] {subprocess.py:93} INFO -   File "/app/src/engine.py", line 70, in run
[2026-03-23T01:00:08.971+0000] {subprocess.py:93} INFO -     write_output(self.dataframes[sink_input], sink)
[2026-03-23T01:00:08.971+0000] {subprocess.py:93} INFO -   File "/app/src/writer.py", line 119, in write_output
[2026-03-23T01:00:08.971+0000] {subprocess.py:93} INFO -     raise RuntimeError(
[2026-03-23T01:00:08.971+0000] {subprocess.py:93} INFO - RuntimeError: Could not clean output directory 'data/output/events/motor_policy' for sink 'raw-ok'. Original error: An error occurred while calling o70.save.
[2026-03-23T01:00:08.971+0000] {subprocess.py:93} INFO - : org.apache.spark.SparkException: Unable to clear output directory file:/app/data/output/events/motor_policy prior to writing to it.
[2026-03-23T01:00:08.971+0000] {subprocess.py:93} INFO - 	at org.apache.spark.sql.errors.QueryExecutionErrors$.cannotClearOutputDirectoryError(QueryExecutionErrors.scala:786)
[2026-03-23T01:00:08.971+0000] {subprocess.py:93} INFO - 	at org.apache.spark.sql.execution.datasources.InsertIntoHadoopFsRelationCommand.deleteMatchingPartitions(InsertIntoHadoopFsRelationCommand.scala:244)
[2026-03-23T01:00:08.971+0000] {subprocess.py:93} INFO - 	at org.apache.spark.sql.execution.datasources.InsertIntoHadoopFsRelationCommand.run(InsertIntoHadoopFsRelationCommand.scala:136)
[2026-03-23T01:00:08.972+0000] {subprocess.py:93} INFO - 	at org.apache.spark.sql.execution.command.DataWritingCommandExec.sideEffectResult$lzycompute(commands.scala:117)
[2026-03-23T01:00:08.972+0000] {subprocess.py:93} INFO - 	at org.apache.spark.sql.execution.command.DataWritingCommandExec.sideEffectResult(commands.scala:115)
[2026-03-23T01:00:08.972+0000] {subprocess.py:93} INFO - 	at org.apache.spark.sql.execution.command.DataWritingCommandExec.executeCollect(commands.scala:129)
[2026-03-23T01:00:08.972+0000] {subprocess.py:93} INFO - 	at org.apache.spark.sql.execution.QueryExecution.$anonfun$eagerlyExecuteCommands$2(QueryExecution.scala:155)
[2026-03-23T01:00:08.972+0000] {subprocess.py:93} INFO - 	at org.apache.spark.sql.execution.SQLExecution$.$anonfun$withNewExecutionId0$8(SQLExecution.scala:163)
[2026-03-23T01:00:08.972+0000] {subprocess.py:93} INFO - 	at org.apache.spark.sql.execution.SQLExecution$.withSessionTagsApplied(SQLExecution.scala:272)
[2026-03-23T01:00:08.972+0000] {subprocess.py:93} INFO - 	at org.apache.spark.sql.execution.SQLExecution$.$anonfun$withNewExecutionId0$7(SQLExecution.scala:125)
[2026-03-23T01:00:08.972+0000] {subprocess.py:93} INFO - 	at org.apache.spark.JobArtifactSet$.withActiveJobArtifactState(JobArtifactSet.scala:94)
[2026-03-23T01:00:08.973+0000] {subprocess.py:93} INFO - 	at org.apache.spark.sql.artifact.ArtifactManager.$anonfun$withResources$1(ArtifactManager.scala:112)
[2026-03-23T01:00:08.973+0000] {subprocess.py:93} INFO - 	at org.apache.spark.sql.artifact.ArtifactManager.withClassLoaderIfNeeded(ArtifactManager.scala:106)
[2026-03-23T01:00:08.973+0000] {subprocess.py:93} INFO - 	at org.apache.spark.sql.artifact.ArtifactManager.withResources(ArtifactManager.scala:111)
[2026-03-23T01:00:08.973+0000] {subprocess.py:93} INFO - 	at org.apache.spark.sql.execution.SQLExecution$.$anonfun$withNewExecutionId0$6(SQLExecution.scala:125)
[2026-03-23T01:00:08.973+0000] {subprocess.py:93} INFO - 	at org.apache.spark.sql.execution.SQLExecution$.withSQLConfPropagated(SQLExecution.scala:295)
[2026-03-23T01:00:08.973+0000] {subprocess.py:93} INFO - 	at org.apache.spark.sql.execution.SQLExecution$.$anonfun$withNewExecutionId0$1(SQLExecution.scala:124)
[2026-03-23T01:00:08.974+0000] {subprocess.py:93} INFO - 	at org.apache.spark.sql.SparkSession.withActive(SparkSession.scala:804)
[2026-03-23T01:00:08.974+0000] {subprocess.py:93} INFO - 	at org.apache.spark.sql.execution.SQLExecution$.withNewExecutionId0(SQLExecution.scala:78)
[2026-03-23T01:00:08.974+0000] {subprocess.py:93} INFO - 	at org.apache.spark.sql.execution.SQLExecution$.withNewExecutionId(SQLExecution.scala:237)
[2026-03-23T01:00:08.974+0000] {subprocess.py:93} INFO - 	at org.apache.spark.sql.execution.QueryExecution.$anonfun$eagerlyExecuteCommands$1(QueryExecution.scala:155)
[2026-03-23T01:00:08.974+0000] {subprocess.py:93} INFO - 	at org.apache.spark.sql.execution.QueryExecution$.withInternalError(QueryExecution.scala:654)
[2026-03-23T01:00:08.974+0000] {subprocess.py:93} INFO - 	at org.apache.spark.sql.execution.QueryExecution.org$apache$spark$sql$execution$QueryExecution$$eagerlyExecute$1(QueryExecution.scala:154)
[2026-03-23T01:00:08.975+0000] {subprocess.py:93} INFO - 	at org.apache.spark.sql.execution.QueryExecution$$anonfun$eagerlyExecuteCommands$3.applyOrElse(QueryExecution.scala:169)
[2026-03-23T01:00:08.975+0000] {subprocess.py:93} INFO - 	at org.apache.spark.sql.execution.QueryExecution$$anonfun$eagerlyExecuteCommands$3.applyOrElse(QueryExecution.scala:164)
[2026-03-23T01:00:08.975+0000] {subprocess.py:93} INFO - 	at org.apache.spark.sql.catalyst.trees.TreeNode.$anonfun$transformDownWithPruning$1(TreeNode.scala:470)
[2026-03-23T01:00:08.975+0000] {subprocess.py:93} INFO - 	at org.apache.spark.sql.catalyst.trees.CurrentOrigin$.withOrigin(origin.scala:86)
[2026-03-23T01:00:08.975+0000] {subprocess.py:93} INFO - 	at org.apache.spark.sql.catalyst.trees.TreeNode.transformDownWithPruning(TreeNode.scala:470)
[2026-03-23T01:00:08.975+0000] {subprocess.py:93} INFO - 	at org.apache.spark.sql.catalyst.plans.logical.LogicalPlan.org$apache$spark$sql$catalyst$plans$logical$AnalysisHelper$$super$transformDownWithPruning(LogicalPlan.scala:37)
[2026-03-23T01:00:08.975+0000] {subprocess.py:93} INFO - 	at org.apache.spark.sql.catalyst.plans.logical.AnalysisHelper.transformDownWithPruning(AnalysisHelper.scala:360)
[2026-03-23T01:00:08.975+0000] {subprocess.py:93} INFO - 	at org.apache.spark.sql.catalyst.plans.logical.AnalysisHelper.transformDownWithPruning$(AnalysisHelper.scala:356)
[2026-03-23T01:00:08.976+0000] {subprocess.py:93} INFO - 	at org.apache.spark.sql.catalyst.plans.logical.LogicalPlan.transformDownWithPruning(LogicalPlan.scala:37)
[2026-03-23T01:00:08.976+0000] {subprocess.py:93} INFO - 	at org.apache.spark.sql.catalyst.plans.logical.LogicalPlan.transformDownWithPruning(LogicalPlan.scala:37)
[2026-03-23T01:00:08.976+0000] {subprocess.py:93} INFO - 	at org.apache.spark.sql.catalyst.trees.TreeNode.transformDown(TreeNode.scala:446)
[2026-03-23T01:00:08.976+0000] {subprocess.py:93} INFO - 	at org.apache.spark.sql.execution.QueryExecution.eagerlyExecuteCommands(QueryExecution.scala:164)
[2026-03-23T01:00:08.976+0000] {subprocess.py:93} INFO - 	at org.apache.spark.sql.execution.QueryExecution.$anonfun$lazyCommandExecuted$1(QueryExecution.scala:126)
[2026-03-23T01:00:08.977+0000] {subprocess.py:93} INFO - 	at scala.util.Try$.apply(Try.scala:217)
[2026-03-23T01:00:08.977+0000] {subprocess.py:93} INFO - 	at org.apache.spark.util.Utils$.doTryWithCallerStacktrace(Utils.scala:1378)
[2026-03-23T01:00:08.977+0000] {subprocess.py:93} INFO - 	at org.apache.spark.util.Utils$.getTryWithCallerStacktrace(Utils.scala:1439)
[2026-03-23T01:00:08.977+0000] {subprocess.py:93} INFO - 	at org.apache.spark.util.LazyTry.get(LazyTry.scala:58)
[2026-03-23T01:00:08.977+0000] {subprocess.py:93} INFO - 	at org.apache.spark.sql.execution.QueryExecution.commandExecuted(QueryExecution.scala:131)
[2026-03-23T01:00:08.977+0000] {subprocess.py:93} INFO - 	at org.apache.spark.sql.execution.QueryExecution.assertCommandExecuted(QueryExecution.scala:192)
[2026-03-23T01:00:08.978+0000] {subprocess.py:93} INFO - 	at org.apache.spark.sql.classic.DataFrameWriter.runCommand(DataFrameWriter.scala:622)
[2026-03-23T01:00:08.978+0000] {subprocess.py:93} INFO - 	at org.apache.spark.sql.classic.DataFrameWriter.saveToV1Source(DataFrameWriter.scala:273)
[2026-03-23T01:00:08.978+0000] {subprocess.py:93} INFO - 	at org.apache.spark.sql.classic.DataFrameWriter.saveInternal(DataFrameWriter.scala:241)
[2026-03-23T01:00:08.978+0000] {subprocess.py:93} INFO - 	at org.apache.spark.sql.classic.DataFrameWriter.save(DataFrameWriter.scala:118)
[2026-03-23T01:00:08.978+0000] {subprocess.py:93} INFO - 	at java.base/jdk.internal.reflect.NativeMethodAccessorImpl.invoke0(Native Method)
[2026-03-23T01:00:08.979+0000] {subprocess.py:93} INFO - 	at java.base/jdk.internal.reflect.NativeMethodAccessorImpl.invoke(NativeMethodAccessorImpl.java:77)
[2026-03-23T01:00:08.979+0000] {subprocess.py:93} INFO - 	at java.base/jdk.internal.reflect.DelegatingMethodAccessorImpl.invoke(DelegatingMethodAccessorImpl.java:43)
[2026-03-23T01:00:08.979+0000] {subprocess.py:93} INFO - 	at java.base/java.lang.reflect.Method.invoke(Method.java:569)
[2026-03-23T01:00:08.979+0000] {subprocess.py:93} INFO - 	at py4j.reflection.MethodInvoker.invoke(MethodInvoker.java:244)
[2026-03-23T01:00:08.979+0000] {subprocess.py:93} INFO - 	at py4j.reflection.ReflectionEngine.invoke(ReflectionEngine.java:374)
[2026-03-23T01:00:08.979+0000] {subprocess.py:93} INFO - 	at py4j.Gateway.invoke(Gateway.java:282)
[2026-03-23T01:00:08.980+0000] {subprocess.py:93} INFO - 	at py4j.commands.AbstractCommand.invokeMethod(AbstractCommand.java:132)
[2026-03-23T01:00:08.980+0000] {subprocess.py:93} INFO - 	at py4j.commands.CallCommand.execute(CallCommand.java:79)
[2026-03-23T01:00:08.980+0000] {subprocess.py:93} INFO - 	at py4j.ClientServerConnection.waitForCommands(ClientServerConnection.java:184)
[2026-03-23T01:00:08.981+0000] {subprocess.py:93} INFO - 	at py4j.ClientServerConnection.run(ClientServerConnection.java:108)
[2026-03-23T01:00:08.981+0000] {subprocess.py:93} INFO - 	at java.base/java.lang.Thread.run(Thread.java:840)
[2026-03-23T01:00:08.981+0000] {subprocess.py:93} INFO - 	Suppressed: org.apache.spark.util.Utils$OriginalTryStackTraceException: Full stacktrace of original doTryWithCallerStacktrace caller
[2026-03-23T01:00:08.981+0000] {subprocess.py:93} INFO - 		at org.apache.spark.sql.errors.QueryExecutionErrors$.cannotClearOutputDirectoryError(QueryExecutionErrors.scala:786)
[2026-03-23T01:00:08.981+0000] {subprocess.py:93} INFO - 		at org.apache.spark.sql.execution.datasources.InsertIntoHadoopFsRelationCommand.deleteMatchingPartitions(InsertIntoHadoopFsRelationCommand.scala:244)
[2026-03-23T01:00:08.982+0000] {subprocess.py:93} INFO - 		at org.apache.spark.sql.execution.datasources.InsertIntoHadoopFsRelationCommand.run(InsertIntoHadoopFsRelationCommand.scala:136)
[2026-03-23T01:00:08.982+0000] {subprocess.py:93} INFO - 		at org.apache.spark.sql.execution.command.DataWritingCommandExec.sideEffectResult$lzycompute(commands.scala:117)
[2026-03-23T01:00:08.982+0000] {subprocess.py:93} INFO - 		at org.apache.spark.sql.execution.command.DataWritingCommandExec.sideEffectResult(commands.scala:115)
[2026-03-23T01:00:08.982+0000] {subprocess.py:93} INFO - 		at org.apache.spark.sql.execution.command.DataWritingCommandExec.executeCollect(commands.scala:129)
[2026-03-23T01:00:08.982+0000] {subprocess.py:93} INFO - 		at org.apache.spark.sql.execution.QueryExecution.$anonfun$eagerlyExecuteCommands$2(QueryExecution.scala:155)
[2026-03-23T01:00:08.982+0000] {subprocess.py:93} INFO - 		at org.apache.spark.sql.execution.SQLExecution$.$anonfun$withNewExecutionId0$8(SQLExecution.scala:163)
[2026-03-23T01:00:08.983+0000] {subprocess.py:93} INFO - 		at org.apache.spark.sql.execution.SQLExecution$.withSessionTagsApplied(SQLExecution.scala:272)
[2026-03-23T01:00:08.983+0000] {subprocess.py:93} INFO - 		at org.apache.spark.sql.execution.SQLExecution$.$anonfun$withNewExecutionId0$7(SQLExecution.scala:125)
[2026-03-23T01:00:08.983+0000] {subprocess.py:93} INFO - 		at org.apache.spark.JobArtifactSet$.withActiveJobArtifactState(JobArtifactSet.scala:94)
[2026-03-23T01:00:08.983+0000] {subprocess.py:93} INFO - 		at org.apache.spark.sql.artifact.ArtifactManager.$anonfun$withResources$1(ArtifactManager.scala:112)
[2026-03-23T01:00:08.983+0000] {subprocess.py:93} INFO - 		at org.apache.spark.sql.artifact.ArtifactManager.withClassLoaderIfNeeded(ArtifactManager.scala:106)
[2026-03-23T01:00:08.984+0000] {subprocess.py:93} INFO - 		at org.apache.spark.sql.artifact.ArtifactManager.withResources(ArtifactManager.scala:111)
[2026-03-23T01:00:08.984+0000] {subprocess.py:93} INFO - 		at org.apache.spark.sql.execution.SQLExecution$.$anonfun$withNewExecutionId0$6(SQLExecution.scala:125)
[2026-03-23T01:00:08.984+0000] {subprocess.py:93} INFO - 		at org.apache.spark.sql.execution.SQLExecution$.withSQLConfPropagated(SQLExecution.scala:295)
[2026-03-23T01:00:08.984+0000] {subprocess.py:93} INFO - 		at org.apache.spark.sql.execution.SQLExecution$.$anonfun$withNewExecutionId0$1(SQLExecution.scala:124)
[2026-03-23T01:00:08.984+0000] {subprocess.py:93} INFO - 		at org.apache.spark.sql.SparkSession.withActive(SparkSession.scala:804)
[2026-03-23T01:00:08.985+0000] {subprocess.py:93} INFO - 		at org.apache.spark.sql.execution.SQLExecution$.withNewExecutionId0(SQLExecution.scala:78)
[2026-03-23T01:00:08.985+0000] {subprocess.py:93} INFO - 		at org.apache.spark.sql.execution.SQLExecution$.withNewExecutionId(SQLExecution.scala:237)
[2026-03-23T01:00:08.985+0000] {subprocess.py:93} INFO - 		at org.apache.spark.sql.execution.QueryExecution.$anonfun$eagerlyExecuteCommands$1(QueryExecution.scala:155)
[2026-03-23T01:00:08.985+0000] {subprocess.py:93} INFO - 		at org.apache.spark.sql.execution.QueryExecution$.withInternalError(QueryExecution.scala:654)
[2026-03-23T01:00:08.985+0000] {subprocess.py:93} INFO - 		at org.apache.spark.sql.execution.QueryExecution.org$apache$spark$sql$execution$QueryExecution$$eagerlyExecute$1(QueryExecution.scala:154)
[2026-03-23T01:00:08.985+0000] {subprocess.py:93} INFO - 		at org.apache.spark.sql.execution.QueryExecution$$anonfun$eagerlyExecuteCommands$3.applyOrElse(QueryExecution.scala:169)
[2026-03-23T01:00:08.985+0000] {subprocess.py:93} INFO - 		at org.apache.spark.sql.execution.QueryExecution$$anonfun$eagerlyExecuteCommands$3.applyOrElse(QueryExecution.scala:164)
[2026-03-23T01:00:08.986+0000] {subprocess.py:93} INFO - 		at org.apache.spark.sql.catalyst.trees.TreeNode.$anonfun$transformDownWithPruning$1(TreeNode.scala:470)
[2026-03-23T01:00:08.986+0000] {subprocess.py:93} INFO - 		at org.apache.spark.sql.catalyst.trees.CurrentOrigin$.withOrigin(origin.scala:86)
[2026-03-23T01:00:08.986+0000] {subprocess.py:93} INFO - 		at org.apache.spark.sql.catalyst.trees.TreeNode.transformDownWithPruning(TreeNode.scala:470)
[2026-03-23T01:00:08.986+0000] {subprocess.py:93} INFO - 		at org.apache.spark.sql.catalyst.plans.logical.LogicalPlan.org$apache$spark$sql$catalyst$plans$logical$AnalysisHelper$$super$transformDownWithPruning(LogicalPlan.scala:37)
[2026-03-23T01:00:08.986+0000] {subprocess.py:93} INFO - 		at org.apache.spark.sql.catalyst.plans.logical.AnalysisHelper.transformDownWithPruning(AnalysisHelper.scala:360)
[2026-03-23T01:00:08.986+0000] {subprocess.py:93} INFO - 		at org.apache.spark.sql.catalyst.plans.logical.AnalysisHelper.transformDownWithPruning$(AnalysisHelper.scala:356)
[2026-03-23T01:00:08.986+0000] {subprocess.py:93} INFO - 		at org.apache.spark.sql.catalyst.plans.logical.LogicalPlan.transformDownWithPruning(LogicalPlan.scala:37)
[2026-03-23T01:00:08.986+0000] {subprocess.py:93} INFO - 		at org.apache.spark.sql.catalyst.plans.logical.LogicalPlan.transformDownWithPruning(LogicalPlan.scala:37)
[2026-03-23T01:00:08.987+0000] {subprocess.py:93} INFO - 		at org.apache.spark.sql.catalyst.trees.TreeNode.transformDown(TreeNode.scala:446)
[2026-03-23T01:00:08.987+0000] {subprocess.py:93} INFO - 		at org.apache.spark.sql.execution.QueryExecution.eagerlyExecuteCommands(QueryExecution.scala:164)
[2026-03-23T01:00:08.987+0000] {subprocess.py:93} INFO - 		at org.apache.spark.sql.execution.QueryExecution.$anonfun$lazyCommandExecuted$1(QueryExecution.scala:126)
[2026-03-23T01:00:08.987+0000] {subprocess.py:93} INFO - 		at scala.util.Try$.apply(Try.scala:217)
[2026-03-23T01:00:08.987+0000] {subprocess.py:93} INFO - 		at org.apache.spark.util.Utils$.doTryWithCallerStacktrace(Utils.scala:1378)
[2026-03-23T01:00:08.987+0000] {subprocess.py:93} INFO - 		at org.apache.spark.util.LazyTry.tryT$lzycompute(LazyTry.scala:46)
[2026-03-23T01:00:08.987+0000] {subprocess.py:93} INFO - 		at org.apache.spark.util.LazyTry.tryT(LazyTry.scala:46)
[2026-03-23T01:00:08.987+0000] {subprocess.py:93} INFO - 		... 19 more
[2026-03-23T01:00:08.987+0000] {subprocess.py:93} INFO - 
[2026-03-23T01:00:08.988+0000] {subprocess.py:93} INFO - 2026-03-23 01:00:08,928 - __main__ - INFO - Stopping Spark session...
[2026-03-23T01:00:09.311+0000] {subprocess.py:93} INFO - 2026-03-23 01:00:09,311 - __main__ - CRITICAL - Fatal error: Could not clean output directory 'data/output/events/motor_policy' for sink 'raw-ok'. Original error: An error occurred while calling o70.save.
[2026-03-23T01:00:09.312+0000] {subprocess.py:93} INFO - : org.apache.spark.SparkException: Unable to clear output directory file:/app/data/output/events/motor_policy prior to writing to it.
[2026-03-23T01:00:09.312+0000] {subprocess.py:93} INFO - 	at org.apache.spark.sql.errors.QueryExecutionErrors$.cannotClearOutputDirectoryError(QueryExecutionErrors.scala:786)
[2026-03-23T01:00:09.312+0000] {subprocess.py:93} INFO - 	at org.apache.spark.sql.execution.datasources.InsertIntoHadoopFsRelationCommand.deleteMatchingPartitions(InsertIntoHadoopFsRelationCommand.scala:244)
[2026-03-23T01:00:09.313+0000] {subprocess.py:93} INFO - 	at org.apache.spark.sql.execution.datasources.InsertIntoHadoopFsRelationCommand.run(InsertIntoHadoopFsRelationCommand.scala:136)
[2026-03-23T01:00:09.313+0000] {subprocess.py:93} INFO - 	at org.apache.spark.sql.execution.command.DataWritingCommandExec.sideEffectResult$lzycompute(commands.scala:117)
[2026-03-23T01:00:09.313+0000] {subprocess.py:93} INFO - 	at org.apache.spark.sql.execution.command.DataWritingCommandExec.sideEffectResult(commands.scala:115)
[2026-03-23T01:00:09.313+0000] {subprocess.py:93} INFO - 	at org.apache.spark.sql.execution.command.DataWritingCommandExec.executeCollect(commands.scala:129)
[2026-03-23T01:00:09.313+0000] {subprocess.py:93} INFO - 	at org.apache.spark.sql.execution.QueryExecution.$anonfun$eagerlyExecuteCommands$2(QueryExecution.scala:155)
[2026-03-23T01:00:09.313+0000] {subprocess.py:93} INFO - 	at org.apache.spark.sql.execution.SQLExecution$.$anonfun$withNewExecutionId0$8(SQLExecution.scala:163)
[2026-03-23T01:00:09.314+0000] {subprocess.py:93} INFO - 	at org.apache.spark.sql.execution.SQLExecution$.withSessionTagsApplied(SQLExecution.scala:272)
[2026-03-23T01:00:09.314+0000] {subprocess.py:93} INFO - 	at org.apache.spark.sql.execution.SQLExecution$.$anonfun$withNewExecutionId0$7(SQLExecution.scala:125)
[2026-03-23T01:00:09.314+0000] {subprocess.py:93} INFO - 	at org.apache.spark.JobArtifactSet$.withActiveJobArtifactState(JobArtifactSet.scala:94)
[2026-03-23T01:00:09.314+0000] {subprocess.py:93} INFO - 	at org.apache.spark.sql.artifact.ArtifactManager.$anonfun$withResources$1(ArtifactManager.scala:112)
[2026-03-23T01:00:09.314+0000] {subprocess.py:93} INFO - 	at org.apache.spark.sql.artifact.ArtifactManager.withClassLoaderIfNeeded(ArtifactManager.scala:106)
[2026-03-23T01:00:09.314+0000] {subprocess.py:93} INFO - 	at org.apache.spark.sql.artifact.ArtifactManager.withResources(ArtifactManager.scala:111)
[2026-03-23T01:00:09.314+0000] {subprocess.py:93} INFO - 	at org.apache.spark.sql.execution.SQLExecution$.$anonfun$withNewExecutionId0$6(SQLExecution.scala:125)
[2026-03-23T01:00:09.314+0000] {subprocess.py:93} INFO - 	at org.apache.spark.sql.execution.SQLExecution$.withSQLConfPropagated(SQLExecution.scala:295)
[2026-03-23T01:00:09.315+0000] {subprocess.py:93} INFO - 	at org.apache.spark.sql.execution.SQLExecution$.$anonfun$withNewExecutionId0$1(SQLExecution.scala:124)
[2026-03-23T01:00:09.315+0000] {subprocess.py:93} INFO - 	at org.apache.spark.sql.SparkSession.withActive(SparkSession.scala:804)
[2026-03-23T01:00:09.315+0000] {subprocess.py:93} INFO - 	at org.apache.spark.sql.execution.SQLExecution$.withNewExecutionId0(SQLExecution.scala:78)
[2026-03-23T01:00:09.315+0000] {subprocess.py:93} INFO - 	at org.apache.spark.sql.execution.SQLExecution$.withNewExecutionId(SQLExecution.scala:237)
[2026-03-23T01:00:09.315+0000] {subprocess.py:93} INFO - 	at org.apache.spark.sql.execution.QueryExecution.$anonfun$eagerlyExecuteCommands$1(QueryExecution.scala:155)
[2026-03-23T01:00:09.315+0000] {subprocess.py:93} INFO - 	at org.apache.spark.sql.execution.QueryExecution$.withInternalError(QueryExecution.scala:654)
[2026-03-23T01:00:09.316+0000] {subprocess.py:93} INFO - 	at org.apache.spark.sql.execution.QueryExecution.org$apache$spark$sql$execution$QueryExecution$$eagerlyExecute$1(QueryExecution.scala:154)
[2026-03-23T01:00:09.316+0000] {subprocess.py:93} INFO - 	at org.apache.spark.sql.execution.QueryExecution$$anonfun$eagerlyExecuteCommands$3.applyOrElse(QueryExecution.scala:169)
[2026-03-23T01:00:09.316+0000] {subprocess.py:93} INFO - 	at org.apache.spark.sql.execution.QueryExecution$$anonfun$eagerlyExecuteCommands$3.applyOrElse(QueryExecution.scala:164)
[2026-03-23T01:00:09.316+0000] {subprocess.py:93} INFO - 	at org.apache.spark.sql.catalyst.trees.TreeNode.$anonfun$transformDownWithPruning$1(TreeNode.scala:470)
[2026-03-23T01:00:09.316+0000] {subprocess.py:93} INFO - 	at org.apache.spark.sql.catalyst.trees.CurrentOrigin$.withOrigin(origin.scala:86)
[2026-03-23T01:00:09.316+0000] {subprocess.py:93} INFO - 	at org.apache.spark.sql.catalyst.trees.TreeNode.transformDownWithPruning(TreeNode.scala:470)
[2026-03-23T01:00:09.316+0000] {subprocess.py:93} INFO - 	at org.apache.spark.sql.catalyst.plans.logical.LogicalPlan.org$apache$spark$sql$catalyst$plans$logical$AnalysisHelper$$super$transformDownWithPruning(LogicalPlan.scala:37)
[2026-03-23T01:00:09.317+0000] {subprocess.py:93} INFO - 	at org.apache.spark.sql.catalyst.plans.logical.AnalysisHelper.transformDownWithPruning(AnalysisHelper.scala:360)
[2026-03-23T01:00:09.317+0000] {subprocess.py:93} INFO - 	at org.apache.spark.sql.catalyst.plans.logical.AnalysisHelper.transformDownWithPruning$(AnalysisHelper.scala:356)
[2026-03-23T01:00:09.317+0000] {subprocess.py:93} INFO - 	at org.apache.spark.sql.catalyst.plans.logical.LogicalPlan.transformDownWithPruning(LogicalPlan.scala:37)
[2026-03-23T01:00:09.317+0000] {subprocess.py:93} INFO - 	at org.apache.spark.sql.catalyst.plans.logical.LogicalPlan.transformDownWithPruning(LogicalPlan.scala:37)
[2026-03-23T01:00:09.318+0000] {subprocess.py:93} INFO - 	at org.apache.spark.sql.catalyst.trees.TreeNode.transformDown(TreeNode.scala:446)
[2026-03-23T01:00:09.318+0000] {subprocess.py:93} INFO - 	at org.apache.spark.sql.execution.QueryExecution.eagerlyExecuteCommands(QueryExecution.scala:164)
[2026-03-23T01:00:09.318+0000] {subprocess.py:93} INFO - 	at org.apache.spark.sql.execution.QueryExecution.$anonfun$lazyCommandExecuted$1(QueryExecution.scala:126)
[2026-03-23T01:00:09.318+0000] {subprocess.py:93} INFO - 	at scala.util.Try$.apply(Try.scala:217)
[2026-03-23T01:00:09.319+0000] {subprocess.py:93} INFO - 	at org.apache.spark.util.Utils$.doTryWithCallerStacktrace(Utils.scala:1378)
[2026-03-23T01:00:09.319+0000] {subprocess.py:93} INFO - 	at org.apache.spark.util.Utils$.getTryWithCallerStacktrace(Utils.scala:1439)
[2026-03-23T01:00:09.319+0000] {subprocess.py:93} INFO - 	at org.apache.spark.util.LazyTry.get(LazyTry.scala:58)
[2026-03-23T01:00:09.319+0000] {subprocess.py:93} INFO - 	at org.apache.spark.sql.execution.QueryExecution.commandExecuted(QueryExecution.scala:131)
[2026-03-23T01:00:09.320+0000] {subprocess.py:93} INFO - 	at org.apache.spark.sql.execution.QueryExecution.assertCommandExecuted(QueryExecution.scala:192)
[2026-03-23T01:00:09.320+0000] {subprocess.py:93} INFO - 	at org.apache.spark.sql.classic.DataFrameWriter.runCommand(DataFrameWriter.scala:622)
[2026-03-23T01:00:09.320+0000] {subprocess.py:93} INFO - 	at org.apache.spark.sql.classic.DataFrameWriter.saveToV1Source(DataFrameWriter.scala:273)
[2026-03-23T01:00:09.320+0000] {subprocess.py:93} INFO - 	at org.apache.spark.sql.classic.DataFrameWriter.saveInternal(DataFrameWriter.scala:241)
[2026-03-23T01:00:09.320+0000] {subprocess.py:93} INFO - 	at org.apache.spark.sql.classic.DataFrameWriter.save(DataFrameWriter.scala:118)
[2026-03-23T01:00:09.320+0000] {subprocess.py:93} INFO - 	at java.base/jdk.internal.reflect.NativeMethodAccessorImpl.invoke0(Native Method)
[2026-03-23T01:00:09.320+0000] {subprocess.py:93} INFO - 	at java.base/jdk.internal.reflect.NativeMethodAccessorImpl.invoke(NativeMethodAccessorImpl.java:77)
[2026-03-23T01:00:09.321+0000] {subprocess.py:93} INFO - 	at java.base/jdk.internal.reflect.DelegatingMethodAccessorImpl.invoke(DelegatingMethodAccessorImpl.java:43)
[2026-03-23T01:00:09.321+0000] {subprocess.py:93} INFO - 	at java.base/java.lang.reflect.Method.invoke(Method.java:569)
[2026-03-23T01:00:09.321+0000] {subprocess.py:93} INFO - 	at py4j.reflection.MethodInvoker.invoke(MethodInvoker.java:244)
[2026-03-23T01:00:09.321+0000] {subprocess.py:93} INFO - 	at py4j.reflection.ReflectionEngine.invoke(ReflectionEngine.java:374)
[2026-03-23T01:00:09.321+0000] {subprocess.py:93} INFO - 	at py4j.Gateway.invoke(Gateway.java:282)
[2026-03-23T01:00:09.321+0000] {subprocess.py:93} INFO - 	at py4j.commands.AbstractCommand.invokeMethod(AbstractCommand.java:132)
[2026-03-23T01:00:09.321+0000] {subprocess.py:93} INFO - 	at py4j.commands.CallCommand.execute(CallCommand.java:79)
[2026-03-23T01:00:09.321+0000] {subprocess.py:93} INFO - 	at py4j.ClientServerConnection.waitForCommands(ClientServerConnection.java:184)
[2026-03-23T01:00:09.322+0000] {subprocess.py:93} INFO - 	at py4j.ClientServerConnection.run(ClientServerConnection.java:108)
[2026-03-23T01:00:09.322+0000] {subprocess.py:93} INFO - 	at java.base/java.lang.Thread.run(Thread.java:840)
[2026-03-23T01:00:09.322+0000] {subprocess.py:93} INFO - 	Suppressed: org.apache.spark.util.Utils$OriginalTryStackTraceException: Full stacktrace of original doTryWithCallerStacktrace caller
[2026-03-23T01:00:09.322+0000] {subprocess.py:93} INFO - 		at org.apache.spark.sql.errors.QueryExecutionErrors$.cannotClearOutputDirectoryError(QueryExecutionErrors.scala:786)
[2026-03-23T01:00:09.322+0000] {subprocess.py:93} INFO - 		at org.apache.spark.sql.execution.datasources.InsertIntoHadoopFsRelationCommand.deleteMatchingPartitions(InsertIntoHadoopFsRelationCommand.scala:244)
[2026-03-23T01:00:09.322+0000] {subprocess.py:93} INFO - 		at org.apache.spark.sql.execution.datasources.InsertIntoHadoopFsRelationCommand.run(InsertIntoHadoopFsRelationCommand.scala:136)
[2026-03-23T01:00:09.322+0000] {subprocess.py:93} INFO - 		at org.apache.spark.sql.execution.command.DataWritingCommandExec.sideEffectResult$lzycompute(commands.scala:117)
[2026-03-23T01:00:09.323+0000] {subprocess.py:93} INFO - 		at org.apache.spark.sql.execution.command.DataWritingCommandExec.sideEffectResult(commands.scala:115)
[2026-03-23T01:00:09.323+0000] {subprocess.py:93} INFO - 		at org.apache.spark.sql.execution.command.DataWritingCommandExec.executeCollect(commands.scala:129)
[2026-03-23T01:00:09.323+0000] {subprocess.py:93} INFO - 		at org.apache.spark.sql.execution.QueryExecution.$anonfun$eagerlyExecuteCommands$2(QueryExecution.scala:155)
[2026-03-23T01:00:09.323+0000] {subprocess.py:93} INFO - 		at org.apache.spark.sql.execution.SQLExecution$.$anonfun$withNewExecutionId0$8(SQLExecution.scala:163)
[2026-03-23T01:00:09.323+0000] {subprocess.py:93} INFO - 		at org.apache.spark.sql.execution.SQLExecution$.withSessionTagsApplied(SQLExecution.scala:272)
[2026-03-23T01:00:09.323+0000] {subprocess.py:93} INFO - 		at org.apache.spark.sql.execution.SQLExecution$.$anonfun$withNewExecutionId0$7(SQLExecution.scala:125)
[2026-03-23T01:00:09.323+0000] {subprocess.py:93} INFO - 		at org.apache.spark.JobArtifactSet$.withActiveJobArtifactState(JobArtifactSet.scala:94)
[2026-03-23T01:00:09.324+0000] {subprocess.py:93} INFO - 		at org.apache.spark.sql.artifact.ArtifactManager.$anonfun$withResources$1(ArtifactManager.scala:112)
[2026-03-23T01:00:09.324+0000] {subprocess.py:93} INFO - 		at org.apache.spark.sql.artifact.ArtifactManager.withClassLoaderIfNeeded(ArtifactManager.scala:106)
[2026-03-23T01:00:09.324+0000] {subprocess.py:93} INFO - 		at org.apache.spark.sql.artifact.ArtifactManager.withResources(ArtifactManager.scala:111)
[2026-03-23T01:00:09.324+0000] {subprocess.py:93} INFO - 		at org.apache.spark.sql.execution.SQLExecution$.$anonfun$withNewExecutionId0$6(SQLExecution.scala:125)
[2026-03-23T01:00:09.324+0000] {subprocess.py:93} INFO - 		at org.apache.spark.sql.execution.SQLExecution$.withSQLConfPropagated(SQLExecution.scala:295)
[2026-03-23T01:00:09.324+0000] {subprocess.py:93} INFO - 		at org.apache.spark.sql.execution.SQLExecution$.$anonfun$withNewExecutionId0$1(SQLExecution.scala:124)
[2026-03-23T01:00:09.324+0000] {subprocess.py:93} INFO - 		at org.apache.spark.sql.SparkSession.withActive(SparkSession.scala:804)
[2026-03-23T01:00:09.324+0000] {subprocess.py:93} INFO - 		at org.apache.spark.sql.execution.SQLExecution$.withNewExecutionId0(SQLExecution.scala:78)
[2026-03-23T01:00:09.325+0000] {subprocess.py:93} INFO - 		at org.apache.spark.sql.execution.SQLExecution$.withNewExecutionId(SQLExecution.scala:237)
[2026-03-23T01:00:09.325+0000] {subprocess.py:93} INFO - 		at org.apache.spark.sql.execution.QueryExecution.$anonfun$eagerlyExecuteCommands$1(QueryExecution.scala:155)
[2026-03-23T01:00:09.325+0000] {subprocess.py:93} INFO - 		at org.apache.spark.sql.execution.QueryExecution$.withInternalError(QueryExecution.scala:654)
[2026-03-23T01:00:09.325+0000] {subprocess.py:93} INFO - 		at org.apache.spark.sql.execution.QueryExecution.org$apache$spark$sql$execution$QueryExecution$$eagerlyExecute$1(QueryExecution.scala:154)
[2026-03-23T01:00:09.325+0000] {subprocess.py:93} INFO - 		at org.apache.spark.sql.execution.QueryExecution$$anonfun$eagerlyExecuteCommands$3.applyOrElse(QueryExecution.scala:169)
[2026-03-23T01:00:09.325+0000] {subprocess.py:93} INFO - 		at org.apache.spark.sql.execution.QueryExecution$$anonfun$eagerlyExecuteCommands$3.applyOrElse(QueryExecution.scala:164)
[2026-03-23T01:00:09.325+0000] {subprocess.py:93} INFO - 		at org.apache.spark.sql.catalyst.trees.TreeNode.$anonfun$transformDownWithPruning$1(TreeNode.scala:470)
[2026-03-23T01:00:09.326+0000] {subprocess.py:93} INFO - 		at org.apache.spark.sql.catalyst.trees.CurrentOrigin$.withOrigin(origin.scala:86)
[2026-03-23T01:00:09.326+0000] {subprocess.py:93} INFO - 		at org.apache.spark.sql.catalyst.trees.TreeNode.transformDownWithPruning(TreeNode.scala:470)
[2026-03-23T01:00:09.326+0000] {subprocess.py:93} INFO - 		at org.apache.spark.sql.catalyst.plans.logical.LogicalPlan.org$apache$spark$sql$catalyst$plans$logical$AnalysisHelper$$super$transformDownWithPruning(LogicalPlan.scala:37)
[2026-03-23T01:00:09.326+0000] {subprocess.py:93} INFO - 		at org.apache.spark.sql.catalyst.plans.logical.AnalysisHelper.transformDownWithPruning(AnalysisHelper.scala:360)
[2026-03-23T01:00:09.326+0000] {subprocess.py:93} INFO - 		at org.apache.spark.sql.catalyst.plans.logical.AnalysisHelper.transformDownWithPruning$(AnalysisHelper.scala:356)
[2026-03-23T01:00:09.326+0000] {subprocess.py:93} INFO - 		at org.apache.spark.sql.catalyst.plans.logical.LogicalPlan.transformDownWithPruning(LogicalPlan.scala:37)
[2026-03-23T01:00:09.326+0000] {subprocess.py:93} INFO - 		at org.apache.spark.sql.catalyst.plans.logical.LogicalPlan.transformDownWithPruning(LogicalPlan.scala:37)
[2026-03-23T01:00:09.326+0000] {subprocess.py:93} INFO - 		at org.apache.spark.sql.catalyst.trees.TreeNode.transformDown(TreeNode.scala:446)
[2026-03-23T01:00:09.327+0000] {subprocess.py:93} INFO - 		at org.apache.spark.sql.execution.QueryExecution.eagerlyExecuteCommands(QueryExecution.scala:164)
[2026-03-23T01:00:09.327+0000] {subprocess.py:93} INFO - 		at org.apache.spark.sql.execution.QueryExecution.$anonfun$lazyCommandExecuted$1(QueryExecution.scala:126)
[2026-03-23T01:00:09.327+0000] {subprocess.py:93} INFO - 		at scala.util.Try$.apply(Try.scala:217)
[2026-03-23T01:00:09.327+0000] {subprocess.py:93} INFO - 		at org.apache.spark.util.Utils$.doTryWithCallerStacktrace(Utils.scala:1378)
[2026-03-23T01:00:09.327+0000] {subprocess.py:93} INFO - 		at org.apache.spark.util.LazyTry.tryT$lzycompute(LazyTry.scala:46)
[2026-03-23T01:00:09.328+0000] {subprocess.py:93} INFO - 		at org.apache.spark.util.LazyTry.tryT(LazyTry.scala:46)
[2026-03-23T01:00:09.328+0000] {subprocess.py:93} INFO - 		... 19 more
[2026-03-23T01:00:09.328+0000] {subprocess.py:93} INFO - 
[2026-03-23T01:00:09.328+0000] {subprocess.py:93} INFO - Pipeline execution failed: Could not clean output directory 'data/output/events/motor_policy' for sink 'raw-ok'. Original error: An error occurred while calling o70.save.
[2026-03-23T01:00:09.329+0000] {subprocess.py:93} INFO - : org.apache.spark.SparkException: Unable to clear output directory file:/app/data/output/events/motor_policy prior to writing to it.
[2026-03-23T01:00:09.329+0000] {subprocess.py:93} INFO - 	at org.apache.spark.sql.errors.QueryExecutionErrors$.cannotClearOutputDirectoryError(QueryExecutionErrors.scala:786)
[2026-03-23T01:00:09.329+0000] {subprocess.py:93} INFO - 	at org.apache.spark.sql.execution.datasources.InsertIntoHadoopFsRelationCommand.deleteMatchingPartitions(InsertIntoHadoopFsRelationCommand.scala:244)
[2026-03-23T01:00:09.329+0000] {subprocess.py:93} INFO - 	at org.apache.spark.sql.execution.datasources.InsertIntoHadoopFsRelationCommand.run(InsertIntoHadoopFsRelationCommand.scala:136)
[2026-03-23T01:00:09.330+0000] {subprocess.py:93} INFO - 	at org.apache.spark.sql.execution.command.DataWritingCommandExec.sideEffectResult$lzycompute(commands.scala:117)
[2026-03-23T01:00:09.330+0000] {subprocess.py:93} INFO - 	at org.apache.spark.sql.execution.command.DataWritingCommandExec.sideEffectResult(commands.scala:115)
[2026-03-23T01:00:09.330+0000] {subprocess.py:93} INFO - 	at org.apache.spark.sql.execution.command.DataWritingCommandExec.executeCollect(commands.scala:129)
[2026-03-23T01:00:09.330+0000] {subprocess.py:93} INFO - 	at org.apache.spark.sql.execution.QueryExecution.$anonfun$eagerlyExecuteCommands$2(QueryExecution.scala:155)
[2026-03-23T01:00:09.331+0000] {subprocess.py:93} INFO - 	at org.apache.spark.sql.execution.SQLExecution$.$anonfun$withNewExecutionId0$8(SQLExecution.scala:163)
[2026-03-23T01:00:09.331+0000] {subprocess.py:93} INFO - 	at org.apache.spark.sql.execution.SQLExecution$.withSessionTagsApplied(SQLExecution.scala:272)
[2026-03-23T01:00:09.331+0000] {subprocess.py:93} INFO - 	at org.apache.spark.sql.execution.SQLExecution$.$anonfun$withNewExecutionId0$7(SQLExecution.scala:125)
[2026-03-23T01:00:09.331+0000] {subprocess.py:93} INFO - 	at org.apache.spark.JobArtifactSet$.withActiveJobArtifactState(JobArtifactSet.scala:94)
[2026-03-23T01:00:09.331+0000] {subprocess.py:93} INFO - 	at org.apache.spark.sql.artifact.ArtifactManager.$anonfun$withResources$1(ArtifactManager.scala:112)
[2026-03-23T01:00:09.331+0000] {subprocess.py:93} INFO - 	at org.apache.spark.sql.artifact.ArtifactManager.withClassLoaderIfNeeded(ArtifactManager.scala:106)
[2026-03-23T01:00:09.331+0000] {subprocess.py:93} INFO - 	at org.apache.spark.sql.artifact.ArtifactManager.withResources(ArtifactManager.scala:111)
[2026-03-23T01:00:09.332+0000] {subprocess.py:93} INFO - 	at org.apache.spark.sql.execution.SQLExecution$.$anonfun$withNewExecutionId0$6(SQLExecution.scala:125)
[2026-03-23T01:00:09.332+0000] {subprocess.py:93} INFO - 	at org.apache.spark.sql.execution.SQLExecution$.withSQLConfPropagated(SQLExecution.scala:295)
[2026-03-23T01:00:09.332+0000] {subprocess.py:93} INFO - 	at org.apache.spark.sql.execution.SQLExecution$.$anonfun$withNewExecutionId0$1(SQLExecution.scala:124)
[2026-03-23T01:00:09.332+0000] {subprocess.py:93} INFO - 	at org.apache.spark.sql.SparkSession.withActive(SparkSession.scala:804)
[2026-03-23T01:00:09.332+0000] {subprocess.py:93} INFO - 	at org.apache.spark.sql.execution.SQLExecution$.withNewExecutionId0(SQLExecution.scala:78)
[2026-03-23T01:00:09.332+0000] {subprocess.py:93} INFO - 	at org.apache.spark.sql.execution.SQLExecution$.withNewExecutionId(SQLExecution.scala:237)
[2026-03-23T01:00:09.333+0000] {subprocess.py:93} INFO - 	at org.apache.spark.sql.execution.QueryExecution.$anonfun$eagerlyExecuteCommands$1(QueryExecution.scala:155)
[2026-03-23T01:00:09.333+0000] {subprocess.py:93} INFO - 	at org.apache.spark.sql.execution.QueryExecution$.withInternalError(QueryExecution.scala:654)
[2026-03-23T01:00:09.333+0000] {subprocess.py:93} INFO - 	at org.apache.spark.sql.execution.QueryExecution.org$apache$spark$sql$execution$QueryExecution$$eagerlyExecute$1(QueryExecution.scala:154)
[2026-03-23T01:00:09.333+0000] {subprocess.py:93} INFO - 	at org.apache.spark.sql.execution.QueryExecution$$anonfun$eagerlyExecuteCommands$3.applyOrElse(QueryExecution.scala:169)
[2026-03-23T01:00:09.333+0000] {subprocess.py:93} INFO - 	at org.apache.spark.sql.execution.QueryExecution$$anonfun$eagerlyExecuteCommands$3.applyOrElse(QueryExecution.scala:164)
[2026-03-23T01:00:09.334+0000] {subprocess.py:93} INFO - 	at org.apache.spark.sql.catalyst.trees.TreeNode.$anonfun$transformDownWithPruning$1(TreeNode.scala:470)
[2026-03-23T01:00:09.334+0000] {subprocess.py:93} INFO - 	at org.apache.spark.sql.catalyst.trees.CurrentOrigin$.withOrigin(origin.scala:86)
[2026-03-23T01:00:09.334+0000] {subprocess.py:93} INFO - 	at org.apache.spark.sql.catalyst.trees.TreeNode.transformDownWithPruning(TreeNode.scala:470)
[2026-03-23T01:00:09.334+0000] {subprocess.py:93} INFO - 	at org.apache.spark.sql.catalyst.plans.logical.LogicalPlan.org$apache$spark$sql$catalyst$plans$logical$AnalysisHelper$$super$transformDownWithPruning(LogicalPlan.scala:37)
[2026-03-23T01:00:09.334+0000] {subprocess.py:93} INFO - 	at org.apache.spark.sql.catalyst.plans.logical.AnalysisHelper.transformDownWithPruning(AnalysisHelper.scala:360)
[2026-03-23T01:00:09.335+0000] {subprocess.py:93} INFO - 	at org.apache.spark.sql.catalyst.plans.logical.AnalysisHelper.transformDownWithPruning$(AnalysisHelper.scala:356)
[2026-03-23T01:00:09.335+0000] {subprocess.py:93} INFO - 	at org.apache.spark.sql.catalyst.plans.logical.LogicalPlan.transformDownWithPruning(LogicalPlan.scala:37)
[2026-03-23T01:00:09.335+0000] {subprocess.py:93} INFO - 	at org.apache.spark.sql.catalyst.plans.logical.LogicalPlan.transformDownWithPruning(LogicalPlan.scala:37)
[2026-03-23T01:00:09.335+0000] {subprocess.py:93} INFO - 	at org.apache.spark.sql.catalyst.trees.TreeNode.transformDown(TreeNode.scala:446)
[2026-03-23T01:00:09.335+0000] {subprocess.py:93} INFO - 	at org.apache.spark.sql.execution.QueryExecution.eagerlyExecuteCommands(QueryExecution.scala:164)
[2026-03-23T01:00:09.335+0000] {subprocess.py:93} INFO - 	at org.apache.spark.sql.execution.QueryExecution.$anonfun$lazyCommandExecuted$1(QueryExecution.scala:126)
[2026-03-23T01:00:09.335+0000] {subprocess.py:93} INFO - 	at scala.util.Try$.apply(Try.scala:217)
[2026-03-23T01:00:09.336+0000] {subprocess.py:93} INFO - 	at org.apache.spark.util.Utils$.doTryWithCallerStacktrace(Utils.scala:1378)
[2026-03-23T01:00:09.336+0000] {subprocess.py:93} INFO - 	at org.apache.spark.util.Utils$.getTryWithCallerStacktrace(Utils.scala:1439)
[2026-03-23T01:00:09.336+0000] {subprocess.py:93} INFO - 	at org.apache.spark.util.LazyTry.get(LazyTry.scala:58)
[2026-03-23T01:00:09.336+0000] {subprocess.py:93} INFO - 	at org.apache.spark.sql.execution.QueryExecution.commandExecuted(QueryExecution.scala:131)
[2026-03-23T01:00:09.336+0000] {subprocess.py:93} INFO - 	at org.apache.spark.sql.execution.QueryExecution.assertCommandExecuted(QueryExecution.scala:192)
[2026-03-23T01:00:09.336+0000] {subprocess.py:93} INFO - 	at org.apache.spark.sql.classic.DataFrameWriter.runCommand(DataFrameWriter.scala:622)
[2026-03-23T01:00:09.337+0000] {subprocess.py:93} INFO - 	at org.apache.spark.sql.classic.DataFrameWriter.saveToV1Source(DataFrameWriter.scala:273)
[2026-03-23T01:00:09.337+0000] {subprocess.py:93} INFO - 	at org.apache.spark.sql.classic.DataFrameWriter.saveInternal(DataFrameWriter.scala:241)
[2026-03-23T01:00:09.337+0000] {subprocess.py:93} INFO - 	at org.apache.spark.sql.classic.DataFrameWriter.save(DataFrameWriter.scala:118)
[2026-03-23T01:00:09.337+0000] {subprocess.py:93} INFO - 	at java.base/jdk.internal.reflect.NativeMethodAccessorImpl.invoke0(Native Method)
[2026-03-23T01:00:09.337+0000] {subprocess.py:93} INFO - 	at java.base/jdk.internal.reflect.NativeMethodAccessorImpl.invoke(NativeMethodAccessorImpl.java:77)
[2026-03-23T01:00:09.337+0000] {subprocess.py:93} INFO - 	at java.base/jdk.internal.reflect.DelegatingMethodAccessorImpl.invoke(DelegatingMethodAccessorImpl.java:43)
[2026-03-23T01:00:09.337+0000] {subprocess.py:93} INFO - 	at java.base/java.lang.reflect.Method.invoke(Method.java:569)
[2026-03-23T01:00:09.338+0000] {subprocess.py:93} INFO - 	at py4j.reflection.MethodInvoker.invoke(MethodInvoker.java:244)
[2026-03-23T01:00:09.338+0000] {subprocess.py:93} INFO - 	at py4j.reflection.ReflectionEngine.invoke(ReflectionEngine.java:374)
[2026-03-23T01:00:09.338+0000] {subprocess.py:93} INFO - 	at py4j.Gateway.invoke(Gateway.java:282)
[2026-03-23T01:00:09.338+0000] {subprocess.py:93} INFO - 	at py4j.commands.AbstractCommand.invokeMethod(AbstractCommand.java:132)
[2026-03-23T01:00:09.338+0000] {subprocess.py:93} INFO - 	at py4j.commands.CallCommand.execute(CallCommand.java:79)
[2026-03-23T01:00:09.338+0000] {subprocess.py:93} INFO - 	at py4j.ClientServerConnection.waitForCommands(ClientServerConnection.java:184)
[2026-03-23T01:00:09.339+0000] {subprocess.py:93} INFO - 	at py4j.ClientServerConnection.run(ClientServerConnection.java:108)
[2026-03-23T01:00:09.339+0000] {subprocess.py:93} INFO - 	at java.base/java.lang.Thread.run(Thread.java:840)
[2026-03-23T01:00:09.339+0000] {subprocess.py:93} INFO - 	Suppressed: org.apache.spark.util.Utils$OriginalTryStackTraceException: Full stacktrace of original doTryWithCallerStacktrace caller
[2026-03-23T01:00:09.339+0000] {subprocess.py:93} INFO - 		at org.apache.spark.sql.errors.QueryExecutionErrors$.cannotClearOutputDirectoryError(QueryExecutionErrors.scala:786)
[2026-03-23T01:00:09.339+0000] {subprocess.py:93} INFO - 		at org.apache.spark.sql.execution.datasources.InsertIntoHadoopFsRelationCommand.deleteMatchingPartitions(InsertIntoHadoopFsRelationCommand.scala:244)
[2026-03-23T01:00:09.339+0000] {subprocess.py:93} INFO - 		at org.apache.spark.sql.execution.datasources.InsertIntoHadoopFsRelationCommand.run(InsertIntoHadoopFsRelationCommand.scala:136)
[2026-03-23T01:00:09.339+0000] {subprocess.py:93} INFO - 		at org.apache.spark.sql.execution.command.DataWritingCommandExec.sideEffectResult$lzycompute(commands.scala:117)
[2026-03-23T01:00:09.339+0000] {subprocess.py:93} INFO - 		at org.apache.spark.sql.execution.command.DataWritingCommandExec.sideEffectResult(commands.scala:115)
[2026-03-23T01:00:09.340+0000] {subprocess.py:93} INFO - 		at org.apache.spark.sql.execution.command.DataWritingCommandExec.executeCollect(commands.scala:129)
[2026-03-23T01:00:09.340+0000] {subprocess.py:93} INFO - 		at org.apache.spark.sql.execution.QueryExecution.$anonfun$eagerlyExecuteCommands$2(QueryExecution.scala:155)
[2026-03-23T01:00:09.340+0000] {subprocess.py:93} INFO - 		at org.apache.spark.sql.execution.SQLExecution$.$anonfun$withNewExecutionId0$8(SQLExecution.scala:163)
[2026-03-23T01:00:09.340+0000] {subprocess.py:93} INFO - 		at org.apache.spark.sql.execution.SQLExecution$.withSessionTagsApplied(SQLExecution.scala:272)
[2026-03-23T01:00:09.340+0000] {subprocess.py:93} INFO - 		at org.apache.spark.sql.execution.SQLExecution$.$anonfun$withNewExecutionId0$7(SQLExecution.scala:125)
[2026-03-23T01:00:09.340+0000] {subprocess.py:93} INFO - 		at org.apache.spark.JobArtifactSet$.withActiveJobArtifactState(JobArtifactSet.scala:94)
[2026-03-23T01:00:09.340+0000] {subprocess.py:93} INFO - 		at org.apache.spark.sql.artifact.ArtifactManager.$anonfun$withResources$1(ArtifactManager.scala:112)
[2026-03-23T01:00:09.341+0000] {subprocess.py:93} INFO - 		at org.apache.spark.sql.artifact.ArtifactManager.withClassLoaderIfNeeded(ArtifactManager.scala:106)
[2026-03-23T01:00:09.341+0000] {subprocess.py:93} INFO - 		at org.apache.spark.sql.artifact.ArtifactManager.withResources(ArtifactManager.scala:111)
[2026-03-23T01:00:09.341+0000] {subprocess.py:93} INFO - 		at org.apache.spark.sql.execution.SQLExecution$.$anonfun$withNewExecutionId0$6(SQLExecution.scala:125)
[2026-03-23T01:00:09.341+0000] {subprocess.py:93} INFO - 		at org.apache.spark.sql.execution.SQLExecution$.withSQLConfPropagated(SQLExecution.scala:295)
[2026-03-23T01:00:09.341+0000] {subprocess.py:93} INFO - 		at org.apache.spark.sql.execution.SQLExecution$.$anonfun$withNewExecutionId0$1(SQLExecution.scala:124)
[2026-03-23T01:00:09.341+0000] {subprocess.py:93} INFO - 		at org.apache.spark.sql.SparkSession.withActive(SparkSession.scala:804)
[2026-03-23T01:00:09.341+0000] {subprocess.py:93} INFO - 		at org.apache.spark.sql.execution.SQLExecution$.withNewExecutionId0(SQLExecution.scala:78)
[2026-03-23T01:00:09.341+0000] {subprocess.py:93} INFO - 		at org.apache.spark.sql.execution.SQLExecution$.withNewExecutionId(SQLExecution.scala:237)
[2026-03-23T01:00:09.342+0000] {subprocess.py:93} INFO - 		at org.apache.spark.sql.execution.QueryExecution.$anonfun$eagerlyExecuteCommands$1(QueryExecution.scala:155)
[2026-03-23T01:00:09.342+0000] {subprocess.py:93} INFO - 		at org.apache.spark.sql.execution.QueryExecution$.withInternalError(QueryExecution.scala:654)
[2026-03-23T01:00:09.342+0000] {subprocess.py:93} INFO - 		at org.apache.spark.sql.execution.QueryExecution.org$apache$spark$sql$execution$QueryExecution$$eagerlyExecute$1(QueryExecution.scala:154)
[2026-03-23T01:00:09.342+0000] {subprocess.py:93} INFO - 		at org.apache.spark.sql.execution.QueryExecution$$anonfun$eagerlyExecuteCommands$3.applyOrElse(QueryExecution.scala:169)
[2026-03-23T01:00:09.342+0000] {subprocess.py:93} INFO - 		at org.apache.spark.sql.execution.QueryExecution$$anonfun$eagerlyExecuteCommands$3.applyOrElse(QueryExecution.scala:164)
[2026-03-23T01:00:09.342+0000] {subprocess.py:93} INFO - 		at org.apache.spark.sql.catalyst.trees.TreeNode.$anonfun$transformDownWithPruning$1(TreeNode.scala:470)
[2026-03-23T01:00:09.342+0000] {subprocess.py:93} INFO - 		at org.apache.spark.sql.catalyst.trees.CurrentOrigin$.withOrigin(origin.scala:86)
[2026-03-23T01:00:09.343+0000] {subprocess.py:93} INFO - 		at org.apache.spark.sql.catalyst.trees.TreeNode.transformDownWithPruning(TreeNode.scala:470)
[2026-03-23T01:00:09.343+0000] {subprocess.py:93} INFO - 		at org.apache.spark.sql.catalyst.plans.logical.LogicalPlan.org$apache$spark$sql$catalyst$plans$logical$AnalysisHelper$$super$transformDownWithPruning(LogicalPlan.scala:37)
[2026-03-23T01:00:09.343+0000] {subprocess.py:93} INFO - 		at org.apache.spark.sql.catalyst.plans.logical.AnalysisHelper.transformDownWithPruning(AnalysisHelper.scala:360)
[2026-03-23T01:00:09.343+0000] {subprocess.py:93} INFO - 		at org.apache.spark.sql.catalyst.plans.logical.AnalysisHelper.transformDownWithPruning$(AnalysisHelper.scala:356)
[2026-03-23T01:00:09.343+0000] {subprocess.py:93} INFO - 		at org.apache.spark.sql.catalyst.plans.logical.LogicalPlan.transformDownWithPruning(LogicalPlan.scala:37)
[2026-03-23T01:00:09.343+0000] {subprocess.py:93} INFO - 		at org.apache.spark.sql.catalyst.plans.logical.LogicalPlan.transformDownWithPruning(LogicalPlan.scala:37)
[2026-03-23T01:00:09.343+0000] {subprocess.py:93} INFO - 		at org.apache.spark.sql.catalyst.trees.TreeNode.transformDown(TreeNode.scala:446)
[2026-03-23T01:00:09.343+0000] {subprocess.py:93} INFO - 		at org.apache.spark.sql.execution.QueryExecution.eagerlyExecuteCommands(QueryExecution.scala:164)
[2026-03-23T01:00:09.344+0000] {subprocess.py:93} INFO - 		at org.apache.spark.sql.execution.QueryExecution.$anonfun$lazyCommandExecuted$1(QueryExecution.scala:126)
[2026-03-23T01:00:09.344+0000] {subprocess.py:93} INFO - 		at scala.util.Try$.apply(Try.scala:217)
[2026-03-23T01:00:09.344+0000] {subprocess.py:93} INFO - 		at org.apache.spark.util.Utils$.doTryWithCallerStacktrace(Utils.scala:1378)
[2026-03-23T01:00:09.344+0000] {subprocess.py:93} INFO - 		at org.apache.spark.util.LazyTry.tryT$lzycompute(LazyTry.scala:46)
[2026-03-23T01:00:09.344+0000] {subprocess.py:93} INFO - 		at org.apache.spark.util.LazyTry.tryT(LazyTry.scala:46)
[2026-03-23T01:00:09.344+0000] {subprocess.py:93} INFO - 		... 19 more
[2026-03-23T01:00:09.344+0000] {subprocess.py:93} INFO - 
[2026-03-23T01:00:09.826+0000] {subprocess.py:93} INFO - 
[2026-03-23T01:00:09.826+0000] {subprocess.py:93} INFO - Pipeline execution completed with exit code: 1
[2026-03-23T01:00:09.827+0000] {subprocess.py:93} INFO - ✗ Pipeline failed with errors (see logs above)
[2026-03-23T01:00:09.827+0000] {subprocess.py:97} INFO - Command exited with return code 1
[2026-03-23T01:00:09.848+0000] {taskinstance.py:1937} ERROR - Task failed with exception
Traceback (most recent call last):
  File "/home/airflow/.local/lib/python3.9/site-packages/airflow/operators/bash.py", line 210, in execute
    raise AirflowException(
airflow.exceptions.AirflowException: Bash command failed. The command returned a non-zero exit code 1.
[2026-03-23T01:00:09.852+0000] {taskinstance.py:1400} INFO - Marking task as UP_FOR_RETRY. dag_id=dynamic_spark_pipeline, task_id=run_pipeline, execution_date=20260321T020000, start_date=20260323T005955, end_date=20260323T010009
[2026-03-23T01:00:09.872+0000] {standard_task_runner.py:104} ERROR - Failed to execute job 10 for task run_pipeline (Bash command failed. The command returned a non-zero exit code 1.; 910)
[2026-03-23T01:00:09.900+0000] {local_task_job_runner.py:228} INFO - Task exited with return code 1
[2026-03-23T01:00:09.931+0000] {taskinstance.py:2778} INFO - 0 downstream tasks scheduled from follow-on schedule check
[2026-03-23T01:03:21.485+0000] {taskinstance.py:1159} INFO - Dependencies all met for dep_context=non-requeueable deps ti=<TaskInstance: dynamic_spark_pipeline.run_pipeline scheduled__2026-03-21T02:00:00+00:00 [queued]>
[2026-03-23T01:03:21.539+0000] {taskinstance.py:1159} INFO - Dependencies all met for dep_context=requeueable deps ti=<TaskInstance: dynamic_spark_pipeline.run_pipeline scheduled__2026-03-21T02:00:00+00:00 [queued]>
[2026-03-23T01:03:21.540+0000] {taskinstance.py:1361} INFO - Starting attempt 1 of 3
[2026-03-23T01:03:21.564+0000] {taskinstance.py:1382} INFO - Executing <Task(BashOperator): run_pipeline> on 2026-03-21 02:00:00+00:00
[2026-03-23T01:03:21.570+0000] {standard_task_runner.py:57} INFO - Started process 196 to run task
[2026-03-23T01:03:21.574+0000] {standard_task_runner.py:84} INFO - Running: ['***', 'tasks', 'run', 'dynamic_spark_pipeline', 'run_pipeline', 'scheduled__2026-03-21T02:00:00+00:00', '--job-id', '4', '--raw', '--subdir', 'DAGS_FOLDER/dynamic_spark_pipeline_dag.py', '--cfg-path', '/tmp/tmpa7k8i1py']
[2026-03-23T01:03:21.578+0000] {standard_task_runner.py:85} INFO - Job 4: Subtask run_pipeline
[2026-03-23T01:03:21.678+0000] {task_command.py:416} INFO - Running <TaskInstance: dynamic_spark_pipeline.run_pipeline scheduled__2026-03-21T02:00:00+00:00 [running]> on host d3aa02c6c3fd
[2026-03-23T01:03:21.831+0000] {taskinstance.py:1662} INFO - Exporting env vars: AIRFLOW_CTX_DAG_OWNER='Nasredine Ouelseti' AIRFLOW_CTX_DAG_ID='dynamic_spark_pipeline' AIRFLOW_CTX_TASK_ID='run_pipeline' AIRFLOW_CTX_EXECUTION_DATE='2026-03-21T02:00:00+00:00' AIRFLOW_CTX_TRY_NUMBER='1' AIRFLOW_CTX_DAG_RUN_ID='scheduled__2026-03-21T02:00:00+00:00'
[2026-03-23T01:03:21.832+0000] {subprocess.py:63} INFO - Tmp dir root location: /tmp
[2026-03-23T01:03:21.833+0000] {subprocess.py:75} INFO - Running command: ['/bin/bash', '-c', '\nset -e\n\necho "Starting Spark pipeline execution..."\necho "Configuration: /app/metadata/config.json"\necho "Data path: /app/data"\necho "Script: /app/src/main.py"\necho "Log path: /app/***/logs/pipeline"\n\n# Pre-create critical directories with proper error handling\necho "Preparing directories..."\nLOG_DIR_BACKUP="/tmp/***_logs"\n\n# Try to create log directory with primary path\nif mkdir -p "/app/***/logs/pipeline" 2>/dev/null && touch "/app/***/logs/pipeline/.write_test" 2>/dev/null; then\n    echo "✓ Using primary log path: /app/***/logs/pipeline"\n    rm -f "/app/***/logs/pipeline/.write_test"\nelse\n    echo "⚠ Primary log path not writable, using backup: $LOG_DIR_BACKUP"\n    mkdir -p "$LOG_DIR_BACKUP"\n    mkdir -p "/app/data/output" 2>/dev/null || true\nfi\n\n# Create data output directory (non-critical)\nmkdir -p "/app/data/output" 2>/dev/null || echo "⚠ Warning: Could not create data output directory"\n\n# Clean up old output files to prevent Spark OVERWRITE permission issues\necho "Cleaning previous output..."\nif [ -d "/app/data/output" ]; then\n    # Ensure we can delete all files by fixing permissions first\n    chmod -R 777 "/app/data/output" 2>/dev/null || true\n    # Remove entire output tree and recreate\n    rm -rf "/app/data/output" 2>/dev/null && echo "  ✓ Cleaned /app/data/output" || echo "  ⚠ Partial cleanup of /app/data/output"\nfi\n# Recreate clean output directory structure\nmkdir -p "/app/data/output/events" 2>/dev/null || true\nmkdir -p "/app/data/output/discards" 2>/dev/null || true\nchmod -R 777 "/app/data/output" 2>/dev/null || true\n\n# Set effective log path for the script\nexport LOG_PATH_EFFECTIVE="/app/***/logs/pipeline"\nif [ ! -w "/app/***/logs/pipeline" ]; then\n    export LOG_PATH_EFFECTIVE="$LOG_DIR_BACKUP"\nfi\n\necho "Effective log path: $LOG_PATH_EFFECTIVE"\n\n# Change to application home directory\nif [ -d "/app" ]; then\n    cd "/app"\n    echo "✓ Changed to: /app"\nelse\n    echo "✗ Application directory not found: /app"\n    exit 1\nfi\n\n# Run the pipeline script\necho "Executing pipeline script..."\npython "/app/src/main.py" 2>&1 | tee -a "$LOG_PATH_EFFECTIVE/pipeline.log" || true\n\n# Capture exit code\nEXIT_CODE=${PIPESTATUS[0]}\n\n# Report results\necho ""\necho "Pipeline execution completed with exit code: $EXIT_CODE"\n\nif [ $EXIT_CODE -eq 0 ]; then\n    echo "✓ Pipeline executed successfully"\n    exit 0\nelse\n    echo "✗ Pipeline failed with errors (see logs above)"\n    exit $EXIT_CODE\nfi\n        ']
[2026-03-23T01:03:21.878+0000] {subprocess.py:86} INFO - Output:
[2026-03-23T01:03:21.882+0000] {subprocess.py:93} INFO - Starting Spark pipeline execution...
[2026-03-23T01:03:21.883+0000] {subprocess.py:93} INFO - Configuration: /app/metadata/config.json
[2026-03-23T01:03:21.883+0000] {subprocess.py:93} INFO - Data path: /app/data
[2026-03-23T01:03:21.883+0000] {subprocess.py:93} INFO - Script: /app/src/main.py
[2026-03-23T01:03:21.883+0000] {subprocess.py:93} INFO - Log path: /app/***/logs/pipeline
[2026-03-23T01:03:21.884+0000] {subprocess.py:93} INFO - Preparing directories...
[2026-03-23T01:03:22.018+0000] {subprocess.py:93} INFO - ✓ Using primary log path: /app/***/logs/pipeline
[2026-03-23T01:03:22.071+0000] {subprocess.py:93} INFO - Cleaning previous output...
[2026-03-23T01:03:22.177+0000] {subprocess.py:93} INFO -   ⚠ Partial cleanup of /app/data/output
[2026-03-23T01:03:22.185+0000] {subprocess.py:93} INFO - Effective log path: /app/***/logs/pipeline
[2026-03-23T01:03:22.185+0000] {subprocess.py:93} INFO - ✓ Changed to: /app
[2026-03-23T01:03:22.186+0000] {subprocess.py:93} INFO - Executing pipeline script...
[2026-03-23T01:03:23.192+0000] {subprocess.py:93} INFO - 2026-03-23 01:03:23,190 - __main__ - INFO - Starting Dynamic Spark Pipeline...
[2026-03-23T01:03:23.193+0000] {subprocess.py:93} INFO - 2026-03-23 01:03:23,192 - __main__ - INFO - Loading config from metadata/config.json
[2026-03-23T01:03:23.194+0000] {subprocess.py:93} INFO - 2026-03-23 01:03:23,192 - __main__ - INFO - Creating Spark session...
[2026-03-23T01:03:23.768+0000] {subprocess.py:93} INFO - WARNING: Using incubator modules: jdk.incubator.vector
[2026-03-23T01:03:26.327+0000] {subprocess.py:93} INFO - Using Spark's default log4j profile: org/apache/spark/log4j2-defaults.properties
[2026-03-23T01:03:26.328+0000] {subprocess.py:93} INFO - Setting default log level to "WARN".
[2026-03-23T01:03:26.328+0000] {subprocess.py:93} INFO - To adjust logging level use sc.setLogLevel(newLevel). For SparkR, use setLogLevel(newLevel).
[2026-03-23T01:03:29.307+0000] {subprocess.py:93} INFO - 26/03/23 01:03:29 WARN NativeCodeLoader: Unable to load native-hadoop library for your platform... using builtin-java classes where applicable
[2026-03-23T01:03:30.803+0000] {subprocess.py:93} INFO - 26/03/23 01:03:30 WARN Utils: Service 'SparkUI' could not bind on port 4040. Attempting port 4041.
[2026-03-23T01:03:31.760+0000] {local_task_job_runner.py:294} WARNING - State of this instance has been externally set to None. Terminating instance.
[2026-03-23T01:03:31.766+0000] {process_utils.py:131} INFO - Sending 15 to group 196. PIDs of all processes in the group: [198, 218, 220, 237, 196]
[2026-03-23T01:03:31.767+0000] {process_utils.py:86} INFO - Sending the signal 15 to group 196
[2026-03-23T01:03:31.767+0000] {taskinstance.py:1632} ERROR - Received SIGTERM. Terminating subprocesses.
[2026-03-23T01:03:31.768+0000] {subprocess.py:104} INFO - Sending SIGTERM signal to process group
[2026-03-23T01:03:31.799+0000] {taskinstance.py:1937} ERROR - Task failed with exception
Traceback (most recent call last):
  File "/home/airflow/.local/lib/python3.9/site-packages/airflow/operators/bash.py", line 201, in execute
    result = self.subprocess_hook.run_command(
  File "/home/airflow/.local/lib/python3.9/site-packages/airflow/hooks/subprocess.py", line 91, in run_command
    for raw_line in iter(self.sub_process.stdout.readline, b""):
  File "/home/airflow/.local/lib/python3.9/site-packages/airflow/models/taskinstance.py", line 1634, in signal_handler
    raise AirflowException("Task received SIGTERM signal")
airflow.exceptions.AirflowException: Task received SIGTERM signal
[2026-03-23T01:03:31.868+0000] {taskinstance.py:1400} INFO - Marking task as UP_FOR_RETRY. dag_id=dynamic_spark_pipeline, task_id=run_pipeline, execution_date=20260321T020000, start_date=20260323T010321, end_date=20260323T010331
[2026-03-23T01:03:31.890+0000] {standard_task_runner.py:104} ERROR - Failed to execute job 4 for task run_pipeline ((psycopg2.errors.ForeignKeyViolation) insert or update on table "task_fail" violates foreign key constraint "task_fail_ti_fkey"
DETAIL:  Key (dag_id, task_id, run_id, map_index)=(dynamic_spark_pipeline, run_pipeline, scheduled__2026-03-21T02:00:00+00:00, -1) is not present in table "task_instance".

[SQL: INSERT INTO task_fail (task_id, dag_id, run_id, map_index, start_date, end_date, duration) VALUES (%(task_id)s, %(dag_id)s, %(run_id)s, %(map_index)s, %(start_date)s, %(end_date)s, %(duration)s) RETURNING task_fail.id]
[parameters: {'task_id': 'run_pipeline', 'dag_id': 'dynamic_spark_pipeline', 'run_id': 'scheduled__2026-03-21T02:00:00+00:00', 'map_index': -1, 'start_date': datetime.datetime(2026, 3, 23, 1, 3, 21, 522663, tzinfo=Timezone('UTC')), 'end_date': datetime.datetime(2026, 3, 23, 1, 3, 31, 867415, tzinfo=Timezone('UTC')), 'duration': 10}]
(Background on this error at: https://sqlalche.me/e/14/gkpj); 196)
[2026-03-23T01:03:31.901+0000] {process_utils.py:79} INFO - Process psutil.Process(pid=198, status='terminated', started='01:03:21') (198) terminated with exit code None
[2026-03-23T01:03:32.114+0000] {process_utils.py:79} INFO - Process psutil.Process(pid=220, status='terminated', started='01:03:22') (220) terminated with exit code None
[2026-03-23T01:03:32.115+0000] {process_utils.py:79} INFO - Process psutil.Process(pid=196, status='terminated', exitcode=1, started='01:03:21') (196) terminated with exit code 1
[2026-03-23T01:03:32.115+0000] {process_utils.py:79} INFO - Process psutil.Process(pid=218, status='terminated', started='01:03:22') (218) terminated with exit code None
[2026-03-23T01:03:32.370+0000] {process_utils.py:79} INFO - Process psutil.Process(pid=237, status='terminated', started='01:03:23') (237) terminated with exit code None
[2026-03-23T01:03:36.551+0000] {taskinstance.py:1159} INFO - Dependencies all met for dep_context=non-requeueable deps ti=<TaskInstance: dynamic_spark_pipeline.run_pipeline scheduled__2026-03-21T02:00:00+00:00 [queued]>
[2026-03-23T01:03:36.564+0000] {taskinstance.py:1159} INFO - Dependencies all met for dep_context=requeueable deps ti=<TaskInstance: dynamic_spark_pipeline.run_pipeline scheduled__2026-03-21T02:00:00+00:00 [queued]>
[2026-03-23T01:03:36.565+0000] {taskinstance.py:1361} INFO - Starting attempt 1 of 3
[2026-03-23T01:03:36.587+0000] {taskinstance.py:1382} INFO - Executing <Task(BashOperator): run_pipeline> on 2026-03-21 02:00:00+00:00
[2026-03-23T01:03:36.593+0000] {standard_task_runner.py:57} INFO - Started process 506 to run task
[2026-03-23T01:03:36.596+0000] {standard_task_runner.py:84} INFO - Running: ['***', 'tasks', 'run', 'dynamic_spark_pipeline', 'run_pipeline', 'scheduled__2026-03-21T02:00:00+00:00', '--job-id', '7', '--raw', '--subdir', 'DAGS_FOLDER/dynamic_spark_pipeline_dag.py', '--cfg-path', '/tmp/tmpu303u4pu']
[2026-03-23T01:03:36.600+0000] {standard_task_runner.py:85} INFO - Job 7: Subtask run_pipeline
[2026-03-23T01:03:36.680+0000] {task_command.py:416} INFO - Running <TaskInstance: dynamic_spark_pipeline.run_pipeline scheduled__2026-03-21T02:00:00+00:00 [running]> on host d3aa02c6c3fd
[2026-03-23T01:03:36.814+0000] {taskinstance.py:1662} INFO - Exporting env vars: AIRFLOW_CTX_DAG_OWNER='Nasredine Ouelseti' AIRFLOW_CTX_DAG_ID='dynamic_spark_pipeline' AIRFLOW_CTX_TASK_ID='run_pipeline' AIRFLOW_CTX_EXECUTION_DATE='2026-03-21T02:00:00+00:00' AIRFLOW_CTX_TRY_NUMBER='1' AIRFLOW_CTX_DAG_RUN_ID='scheduled__2026-03-21T02:00:00+00:00'
[2026-03-23T01:03:36.816+0000] {subprocess.py:63} INFO - Tmp dir root location: /tmp
[2026-03-23T01:03:36.817+0000] {subprocess.py:75} INFO - Running command: ['/bin/bash', '-c', '\nset -e\n\necho "Starting Spark pipeline execution..."\necho "Configuration: /app/metadata/config.json"\necho "Data path: /app/data"\necho "Script: /app/src/main.py"\necho "Log path: /app/***/logs/pipeline"\n\n# Pre-create critical directories with proper error handling\necho "Preparing directories..."\nLOG_DIR_BACKUP="/tmp/***_logs"\n\n# Try to create log directory with primary path\nif mkdir -p "/app/***/logs/pipeline" 2>/dev/null && touch "/app/***/logs/pipeline/.write_test" 2>/dev/null; then\n    echo "✓ Using primary log path: /app/***/logs/pipeline"\n    rm -f "/app/***/logs/pipeline/.write_test"\nelse\n    echo "⚠ Primary log path not writable, using backup: $LOG_DIR_BACKUP"\n    mkdir -p "$LOG_DIR_BACKUP"\n    mkdir -p "/app/data/output" 2>/dev/null || true\nfi\n\n# Create data output directory (non-critical)\nmkdir -p "/app/data/output" 2>/dev/null || echo "⚠ Warning: Could not create data output directory"\n\n# Clean up old output files to prevent Spark OVERWRITE permission issues\necho "Cleaning previous output..."\nif [ -d "/app/data/output" ]; then\n    # Ensure we can delete all files by fixing permissions first\n    chmod -R 777 "/app/data/output" 2>/dev/null || true\n    # Remove entire output tree and recreate\n    rm -rf "/app/data/output" 2>/dev/null && echo "  ✓ Cleaned /app/data/output" || echo "  ⚠ Partial cleanup of /app/data/output"\nfi\n# Recreate clean output directory structure\nmkdir -p "/app/data/output/events" 2>/dev/null || true\nmkdir -p "/app/data/output/discards" 2>/dev/null || true\nchmod -R 777 "/app/data/output" 2>/dev/null || true\n\n# Set effective log path for the script\nexport LOG_PATH_EFFECTIVE="/app/***/logs/pipeline"\nif [ ! -w "/app/***/logs/pipeline" ]; then\n    export LOG_PATH_EFFECTIVE="$LOG_DIR_BACKUP"\nfi\n\necho "Effective log path: $LOG_PATH_EFFECTIVE"\n\n# Change to application home directory\nif [ -d "/app" ]; then\n    cd "/app"\n    echo "✓ Changed to: /app"\nelse\n    echo "✗ Application directory not found: /app"\n    exit 1\nfi\n\n# Run the pipeline script\necho "Executing pipeline script..."\npython "/app/src/main.py" 2>&1 | tee -a "$LOG_PATH_EFFECTIVE/pipeline.log" || true\n\n# Capture exit code\nEXIT_CODE=${PIPESTATUS[0]}\n\n# Report results\necho ""\necho "Pipeline execution completed with exit code: $EXIT_CODE"\n\nif [ $EXIT_CODE -eq 0 ]; then\n    echo "✓ Pipeline executed successfully"\n    exit 0\nelse\n    echo "✗ Pipeline failed with errors (see logs above)"\n    exit $EXIT_CODE\nfi\n        ']
[2026-03-23T01:03:36.835+0000] {subprocess.py:86} INFO - Output:
[2026-03-23T01:03:36.838+0000] {subprocess.py:93} INFO - Starting Spark pipeline execution...
[2026-03-23T01:03:36.838+0000] {subprocess.py:93} INFO - Configuration: /app/metadata/config.json
[2026-03-23T01:03:36.839+0000] {subprocess.py:93} INFO - Data path: /app/data
[2026-03-23T01:03:36.839+0000] {subprocess.py:93} INFO - Script: /app/src/main.py
[2026-03-23T01:03:36.839+0000] {subprocess.py:93} INFO - Log path: /app/***/logs/pipeline
[2026-03-23T01:03:36.839+0000] {subprocess.py:93} INFO - Preparing directories...
[2026-03-23T01:03:36.846+0000] {subprocess.py:93} INFO - ✓ Using primary log path: /app/***/logs/pipeline
[2026-03-23T01:03:36.855+0000] {subprocess.py:93} INFO - Cleaning previous output...
[2026-03-23T01:03:36.864+0000] {subprocess.py:93} INFO -   ⚠ Partial cleanup of /app/data/output
[2026-03-23T01:03:36.872+0000] {subprocess.py:93} INFO - Effective log path: /app/***/logs/pipeline
[2026-03-23T01:03:36.872+0000] {subprocess.py:93} INFO - ✓ Changed to: /app
[2026-03-23T01:03:36.872+0000] {subprocess.py:93} INFO - Executing pipeline script...
[2026-03-23T01:03:37.750+0000] {subprocess.py:93} INFO - 2026-03-23 01:03:37,749 - __main__ - INFO - Starting Dynamic Spark Pipeline...
[2026-03-23T01:03:37.751+0000] {subprocess.py:93} INFO - 2026-03-23 01:03:37,750 - __main__ - INFO - Loading config from metadata/config.json
[2026-03-23T01:03:37.751+0000] {subprocess.py:93} INFO - 2026-03-23 01:03:37,751 - __main__ - INFO - Creating Spark session...
[2026-03-23T01:03:38.065+0000] {subprocess.py:93} INFO - WARNING: Using incubator modules: jdk.incubator.vector
[2026-03-23T01:03:39.553+0000] {subprocess.py:93} INFO - Using Spark's default log4j profile: org/apache/spark/log4j2-defaults.properties
[2026-03-23T01:03:39.554+0000] {subprocess.py:93} INFO - Setting default log level to "WARN".
[2026-03-23T01:03:39.554+0000] {subprocess.py:93} INFO - To adjust logging level use sc.setLogLevel(newLevel). For SparkR, use setLogLevel(newLevel).
[2026-03-23T01:03:40.606+0000] {subprocess.py:93} INFO - 26/03/23 01:03:40 WARN NativeCodeLoader: Unable to load native-hadoop library for your platform... using builtin-java classes where applicable
[2026-03-23T01:03:41.333+0000] {subprocess.py:93} INFO - 26/03/23 01:03:41 WARN Utils: Service 'SparkUI' could not bind on port 4040. Attempting port 4041.
[2026-03-23T01:03:44.439+0000] {subprocess.py:93} INFO - 2026-03-23 01:03:44,439 - __main__ - INFO - Executing 1 dataflow(s)...
[2026-03-23T01:03:49.052+0000] {subprocess.py:93} INFO - 26/03/23 01:03:49 WARN FileUtil: Failed to delete file or dir [/app/data/output/events/motor_policy/_SUCCESS]: it still exists.
[2026-03-23T01:03:49.052+0000] {subprocess.py:93} INFO - 26/03/23 01:03:49 WARN FileUtil: Failed to delete file or dir [/app/data/output/events/motor_policy/._SUCCESS.crc]: it still exists.
[2026-03-23T01:03:49.053+0000] {subprocess.py:93} INFO - 26/03/23 01:03:49 WARN FileUtil: Failed to delete file or dir [/app/data/output/events/motor_policy/part-00000-b78ac4d7-b1a9-45ed-8a83-22bb8cbb1034-c000.json]: it still exists.
[2026-03-23T01:03:49.053+0000] {subprocess.py:93} INFO - 26/03/23 01:03:49 WARN FileUtil: Failed to delete file or dir [/app/data/output/events/motor_policy/.part-00000-b78ac4d7-b1a9-45ed-8a83-22bb8cbb1034-c000.json.crc]: it still exists.
[2026-03-23T01:03:51.227+0000] {subprocess.py:93} INFO - [raw-ok] Pre-emptively cleaning output directory: data/output/events/motor_policy
[2026-03-23T01:03:51.227+0000] {subprocess.py:93} INFO - [raw-ok] Attempt 1/3: chmod 777 on data/output/events/motor_policy
[2026-03-23T01:03:51.228+0000] {subprocess.py:93} INFO - [raw-ok] rm -rf failed with code 1
[2026-03-23T01:03:51.228+0000] {subprocess.py:93} INFO - [raw-ok] shutil.rmtree failed (attempt 1): [Errno 13] Permission denied: '_SUCCESS'
[2026-03-23T01:03:51.228+0000] {subprocess.py:93} INFO - [raw-ok] Attempt 2/3: chmod 777 on data/output/events/motor_policy
[2026-03-23T01:03:51.228+0000] {subprocess.py:93} INFO - [raw-ok] rm -rf failed with code 1
[2026-03-23T01:03:51.229+0000] {subprocess.py:93} INFO - [raw-ok] shutil.rmtree failed (attempt 2): [Errno 13] Permission denied: '_SUCCESS'
[2026-03-23T01:03:51.229+0000] {subprocess.py:93} INFO - [raw-ok] Attempt 3/3: chmod 777 on data/output/events/motor_policy
[2026-03-23T01:03:51.229+0000] {subprocess.py:93} INFO - [raw-ok] rm -rf failed with code 1
[2026-03-23T01:03:51.229+0000] {subprocess.py:93} INFO - [raw-ok] shutil.rmtree failed (attempt 3): [Errno 13] Permission denied: '_SUCCESS'
[2026-03-23T01:03:51.229+0000] {subprocess.py:93} INFO - [raw-ok] Write failed with directory clear error. Attempting aggressive cleanup...
[2026-03-23T01:03:51.230+0000] {subprocess.py:93} INFO - [raw-ok] Attempt 1/3: chmod 777 on data/output/events/motor_policy
[2026-03-23T01:03:51.230+0000] {subprocess.py:93} INFO - [raw-ok] rm -rf failed with code 1
[2026-03-23T01:03:51.230+0000] {subprocess.py:93} INFO - [raw-ok] shutil.rmtree failed (attempt 1): [Errno 13] Permission denied: '_SUCCESS'
[2026-03-23T01:03:51.230+0000] {subprocess.py:93} INFO - [raw-ok] Attempt 2/3: chmod 777 on data/output/events/motor_policy
[2026-03-23T01:03:51.230+0000] {subprocess.py:93} INFO - [raw-ok] rm -rf failed with code 1
[2026-03-23T01:03:51.231+0000] {subprocess.py:93} INFO - [raw-ok] shutil.rmtree failed (attempt 2): [Errno 13] Permission denied: '_SUCCESS'
[2026-03-23T01:03:51.231+0000] {subprocess.py:93} INFO - [raw-ok] Attempt 3/3: chmod 777 on data/output/events/motor_policy
[2026-03-23T01:03:51.231+0000] {subprocess.py:93} INFO - [raw-ok] rm -rf failed with code 1
[2026-03-23T01:03:51.231+0000] {subprocess.py:93} INFO - [raw-ok] shutil.rmtree failed (attempt 3): [Errno 13] Permission denied: '_SUCCESS'
[2026-03-23T01:03:51.232+0000] {subprocess.py:93} INFO - 2026-03-23 01:03:51,224 - __main__ - ERROR - Pipeline execution failed: Could not clean output directory 'data/output/events/motor_policy' for sink 'raw-ok'. Original error: An error occurred while calling o70.save.
[2026-03-23T01:03:51.232+0000] {subprocess.py:93} INFO - : org.apache.spark.SparkException: Unable to clear output directory file:/app/data/output/events/motor_policy prior to writing to it.
[2026-03-23T01:03:51.232+0000] {subprocess.py:93} INFO - 	at org.apache.spark.sql.errors.QueryExecutionErrors$.cannotClearOutputDirectoryError(QueryExecutionErrors.scala:786)
[2026-03-23T01:03:51.232+0000] {subprocess.py:93} INFO - 	at org.apache.spark.sql.execution.datasources.InsertIntoHadoopFsRelationCommand.deleteMatchingPartitions(InsertIntoHadoopFsRelationCommand.scala:244)
[2026-03-23T01:03:51.233+0000] {subprocess.py:93} INFO - 	at org.apache.spark.sql.execution.datasources.InsertIntoHadoopFsRelationCommand.run(InsertIntoHadoopFsRelationCommand.scala:136)
[2026-03-23T01:03:51.233+0000] {subprocess.py:93} INFO - 	at org.apache.spark.sql.execution.command.DataWritingCommandExec.sideEffectResult$lzycompute(commands.scala:117)
[2026-03-23T01:03:51.233+0000] {subprocess.py:93} INFO - 	at org.apache.spark.sql.execution.command.DataWritingCommandExec.sideEffectResult(commands.scala:115)
[2026-03-23T01:03:51.233+0000] {subprocess.py:93} INFO - 	at org.apache.spark.sql.execution.command.DataWritingCommandExec.executeCollect(commands.scala:129)
[2026-03-23T01:03:51.233+0000] {subprocess.py:93} INFO - 	at org.apache.spark.sql.execution.QueryExecution.$anonfun$eagerlyExecuteCommands$2(QueryExecution.scala:155)
[2026-03-23T01:03:51.234+0000] {subprocess.py:93} INFO - 	at org.apache.spark.sql.execution.SQLExecution$.$anonfun$withNewExecutionId0$8(SQLExecution.scala:163)
[2026-03-23T01:03:51.234+0000] {subprocess.py:93} INFO - 	at org.apache.spark.sql.execution.SQLExecution$.withSessionTagsApplied(SQLExecution.scala:272)
[2026-03-23T01:03:51.234+0000] {subprocess.py:93} INFO - 	at org.apache.spark.sql.execution.SQLExecution$.$anonfun$withNewExecutionId0$7(SQLExecution.scala:125)
[2026-03-23T01:03:51.234+0000] {subprocess.py:93} INFO - 	at org.apache.spark.JobArtifactSet$.withActiveJobArtifactState(JobArtifactSet.scala:94)
[2026-03-23T01:03:51.234+0000] {subprocess.py:93} INFO - 	at org.apache.spark.sql.artifact.ArtifactManager.$anonfun$withResources$1(ArtifactManager.scala:112)
[2026-03-23T01:03:51.235+0000] {subprocess.py:93} INFO - 	at org.apache.spark.sql.artifact.ArtifactManager.withClassLoaderIfNeeded(ArtifactManager.scala:106)
[2026-03-23T01:03:51.235+0000] {subprocess.py:93} INFO - 	at org.apache.spark.sql.artifact.ArtifactManager.withResources(ArtifactManager.scala:111)
[2026-03-23T01:03:51.235+0000] {subprocess.py:93} INFO - 	at org.apache.spark.sql.execution.SQLExecution$.$anonfun$withNewExecutionId0$6(SQLExecution.scala:125)
[2026-03-23T01:03:51.235+0000] {subprocess.py:93} INFO - 	at org.apache.spark.sql.execution.SQLExecution$.withSQLConfPropagated(SQLExecution.scala:295)
[2026-03-23T01:03:51.235+0000] {subprocess.py:93} INFO - 	at org.apache.spark.sql.execution.SQLExecution$.$anonfun$withNewExecutionId0$1(SQLExecution.scala:124)
[2026-03-23T01:03:51.236+0000] {subprocess.py:93} INFO - 	at org.apache.spark.sql.SparkSession.withActive(SparkSession.scala:804)
[2026-03-23T01:03:51.236+0000] {subprocess.py:93} INFO - 	at org.apache.spark.sql.execution.SQLExecution$.withNewExecutionId0(SQLExecution.scala:78)
[2026-03-23T01:03:51.236+0000] {subprocess.py:93} INFO - 	at org.apache.spark.sql.execution.SQLExecution$.withNewExecutionId(SQLExecution.scala:237)
[2026-03-23T01:03:51.236+0000] {subprocess.py:93} INFO - 	at org.apache.spark.sql.execution.QueryExecution.$anonfun$eagerlyExecuteCommands$1(QueryExecution.scala:155)
[2026-03-23T01:03:51.236+0000] {subprocess.py:93} INFO - 	at org.apache.spark.sql.execution.QueryExecution$.withInternalError(QueryExecution.scala:654)
[2026-03-23T01:03:51.237+0000] {subprocess.py:93} INFO - 	at org.apache.spark.sql.execution.QueryExecution.org$apache$spark$sql$execution$QueryExecution$$eagerlyExecute$1(QueryExecution.scala:154)
[2026-03-23T01:03:51.237+0000] {subprocess.py:93} INFO - 	at org.apache.spark.sql.execution.QueryExecution$$anonfun$eagerlyExecuteCommands$3.applyOrElse(QueryExecution.scala:169)
[2026-03-23T01:03:51.237+0000] {subprocess.py:93} INFO - 	at org.apache.spark.sql.execution.QueryExecution$$anonfun$eagerlyExecuteCommands$3.applyOrElse(QueryExecution.scala:164)
[2026-03-23T01:03:51.237+0000] {subprocess.py:93} INFO - 	at org.apache.spark.sql.catalyst.trees.TreeNode.$anonfun$transformDownWithPruning$1(TreeNode.scala:470)
[2026-03-23T01:03:51.237+0000] {subprocess.py:93} INFO - 	at org.apache.spark.sql.catalyst.trees.CurrentOrigin$.withOrigin(origin.scala:86)
[2026-03-23T01:03:51.238+0000] {subprocess.py:93} INFO - 	at org.apache.spark.sql.catalyst.trees.TreeNode.transformDownWithPruning(TreeNode.scala:470)
[2026-03-23T01:03:51.238+0000] {subprocess.py:93} INFO - 	at org.apache.spark.sql.catalyst.plans.logical.LogicalPlan.org$apache$spark$sql$catalyst$plans$logical$AnalysisHelper$$super$transformDownWithPruning(LogicalPlan.scala:37)
[2026-03-23T01:03:51.238+0000] {subprocess.py:93} INFO - 	at org.apache.spark.sql.catalyst.plans.logical.AnalysisHelper.transformDownWithPruning(AnalysisHelper.scala:360)
[2026-03-23T01:03:51.238+0000] {subprocess.py:93} INFO - 	at org.apache.spark.sql.catalyst.plans.logical.AnalysisHelper.transformDownWithPruning$(AnalysisHelper.scala:356)
[2026-03-23T01:03:51.238+0000] {subprocess.py:93} INFO - 	at org.apache.spark.sql.catalyst.plans.logical.LogicalPlan.transformDownWithPruning(LogicalPlan.scala:37)
[2026-03-23T01:03:51.239+0000] {subprocess.py:93} INFO - 	at org.apache.spark.sql.catalyst.plans.logical.LogicalPlan.transformDownWithPruning(LogicalPlan.scala:37)
[2026-03-23T01:03:51.239+0000] {subprocess.py:93} INFO - 	at org.apache.spark.sql.catalyst.trees.TreeNode.transformDown(TreeNode.scala:446)
[2026-03-23T01:03:51.239+0000] {subprocess.py:93} INFO - 	at org.apache.spark.sql.execution.QueryExecution.eagerlyExecuteCommands(QueryExecution.scala:164)
[2026-03-23T01:03:51.239+0000] {subprocess.py:93} INFO - 	at org.apache.spark.sql.execution.QueryExecution.$anonfun$lazyCommandExecuted$1(QueryExecution.scala:126)
[2026-03-23T01:03:51.240+0000] {subprocess.py:93} INFO - 	at scala.util.Try$.apply(Try.scala:217)
[2026-03-23T01:03:51.240+0000] {subprocess.py:93} INFO - 	at org.apache.spark.util.Utils$.doTryWithCallerStacktrace(Utils.scala:1378)
[2026-03-23T01:03:51.240+0000] {subprocess.py:93} INFO - 	at org.apache.spark.util.Utils$.getTryWithCallerStacktrace(Utils.scala:1439)
[2026-03-23T01:03:51.240+0000] {subprocess.py:93} INFO - 	at org.apache.spark.util.LazyTry.get(LazyTry.scala:58)
[2026-03-23T01:03:51.240+0000] {subprocess.py:93} INFO - 	at org.apache.spark.sql.execution.QueryExecution.commandExecuted(QueryExecution.scala:131)
[2026-03-23T01:03:51.241+0000] {subprocess.py:93} INFO - 	at org.apache.spark.sql.execution.QueryExecution.assertCommandExecuted(QueryExecution.scala:192)
[2026-03-23T01:03:51.241+0000] {subprocess.py:93} INFO - 	at org.apache.spark.sql.classic.DataFrameWriter.runCommand(DataFrameWriter.scala:622)
[2026-03-23T01:03:51.241+0000] {subprocess.py:93} INFO - 	at org.apache.spark.sql.classic.DataFrameWriter.saveToV1Source(DataFrameWriter.scala:273)
[2026-03-23T01:03:51.241+0000] {subprocess.py:93} INFO - 	at org.apache.spark.sql.classic.DataFrameWriter.saveInternal(DataFrameWriter.scala:241)
[2026-03-23T01:03:51.241+0000] {subprocess.py:93} INFO - 	at org.apache.spark.sql.classic.DataFrameWriter.save(DataFrameWriter.scala:118)
[2026-03-23T01:03:51.242+0000] {subprocess.py:93} INFO - 	at java.base/jdk.internal.reflect.NativeMethodAccessorImpl.invoke0(Native Method)
[2026-03-23T01:03:51.242+0000] {subprocess.py:93} INFO - 	at java.base/jdk.internal.reflect.NativeMethodAccessorImpl.invoke(NativeMethodAccessorImpl.java:77)
[2026-03-23T01:03:51.242+0000] {subprocess.py:93} INFO - 	at java.base/jdk.internal.reflect.DelegatingMethodAccessorImpl.invoke(DelegatingMethodAccessorImpl.java:43)
[2026-03-23T01:03:51.242+0000] {subprocess.py:93} INFO - 	at java.base/java.lang.reflect.Method.invoke(Method.java:569)
[2026-03-23T01:03:51.243+0000] {subprocess.py:93} INFO - 	at py4j.reflection.MethodInvoker.invoke(MethodInvoker.java:244)
[2026-03-23T01:03:51.243+0000] {subprocess.py:93} INFO - 	at py4j.reflection.ReflectionEngine.invoke(ReflectionEngine.java:374)
[2026-03-23T01:03:51.243+0000] {subprocess.py:93} INFO - 	at py4j.Gateway.invoke(Gateway.java:282)
[2026-03-23T01:03:51.243+0000] {subprocess.py:93} INFO - 	at py4j.commands.AbstractCommand.invokeMethod(AbstractCommand.java:132)
[2026-03-23T01:03:51.243+0000] {subprocess.py:93} INFO - 	at py4j.commands.CallCommand.execute(CallCommand.java:79)
[2026-03-23T01:03:51.244+0000] {subprocess.py:93} INFO - 	at py4j.ClientServerConnection.waitForCommands(ClientServerConnection.java:184)
[2026-03-23T01:03:51.244+0000] {subprocess.py:93} INFO - 	at py4j.ClientServerConnection.run(ClientServerConnection.java:108)
[2026-03-23T01:03:51.244+0000] {subprocess.py:93} INFO - 	at java.base/java.lang.Thread.run(Thread.java:840)
[2026-03-23T01:03:51.244+0000] {subprocess.py:93} INFO - 	Suppressed: org.apache.spark.util.Utils$OriginalTryStackTraceException: Full stacktrace of original doTryWithCallerStacktrace caller
[2026-03-23T01:03:51.245+0000] {subprocess.py:93} INFO - 		at org.apache.spark.sql.errors.QueryExecutionErrors$.cannotClearOutputDirectoryError(QueryExecutionErrors.scala:786)
[2026-03-23T01:03:51.245+0000] {subprocess.py:93} INFO - 		at org.apache.spark.sql.execution.datasources.InsertIntoHadoopFsRelationCommand.deleteMatchingPartitions(InsertIntoHadoopFsRelationCommand.scala:244)
[2026-03-23T01:03:51.245+0000] {subprocess.py:93} INFO - 		at org.apache.spark.sql.execution.datasources.InsertIntoHadoopFsRelationCommand.run(InsertIntoHadoopFsRelationCommand.scala:136)
[2026-03-23T01:03:51.245+0000] {subprocess.py:93} INFO - 		at org.apache.spark.sql.execution.command.DataWritingCommandExec.sideEffectResult$lzycompute(commands.scala:117)
[2026-03-23T01:03:51.245+0000] {subprocess.py:93} INFO - 		at org.apache.spark.sql.execution.command.DataWritingCommandExec.sideEffectResult(commands.scala:115)
[2026-03-23T01:03:51.246+0000] {subprocess.py:93} INFO - 		at org.apache.spark.sql.execution.command.DataWritingCommandExec.executeCollect(commands.scala:129)
[2026-03-23T01:03:51.246+0000] {subprocess.py:93} INFO - 		at org.apache.spark.sql.execution.QueryExecution.$anonfun$eagerlyExecuteCommands$2(QueryExecution.scala:155)
[2026-03-23T01:03:51.246+0000] {subprocess.py:93} INFO - 		at org.apache.spark.sql.execution.SQLExecution$.$anonfun$withNewExecutionId0$8(SQLExecution.scala:163)
[2026-03-23T01:03:51.246+0000] {subprocess.py:93} INFO - 		at org.apache.spark.sql.execution.SQLExecution$.withSessionTagsApplied(SQLExecution.scala:272)
[2026-03-23T01:03:51.246+0000] {subprocess.py:93} INFO - 		at org.apache.spark.sql.execution.SQLExecution$.$anonfun$withNewExecutionId0$7(SQLExecution.scala:125)
[2026-03-23T01:03:51.247+0000] {subprocess.py:93} INFO - 		at org.apache.spark.JobArtifactSet$.withActiveJobArtifactState(JobArtifactSet.scala:94)
[2026-03-23T01:03:51.247+0000] {subprocess.py:93} INFO - 		at org.apache.spark.sql.artifact.ArtifactManager.$anonfun$withResources$1(ArtifactManager.scala:112)
[2026-03-23T01:03:51.247+0000] {subprocess.py:93} INFO - 		at org.apache.spark.sql.artifact.ArtifactManager.withClassLoaderIfNeeded(ArtifactManager.scala:106)
[2026-03-23T01:03:51.247+0000] {subprocess.py:93} INFO - 		at org.apache.spark.sql.artifact.ArtifactManager.withResources(ArtifactManager.scala:111)
[2026-03-23T01:03:51.248+0000] {subprocess.py:93} INFO - 		at org.apache.spark.sql.execution.SQLExecution$.$anonfun$withNewExecutionId0$6(SQLExecution.scala:125)
[2026-03-23T01:03:51.248+0000] {subprocess.py:93} INFO - 		at org.apache.spark.sql.execution.SQLExecution$.withSQLConfPropagated(SQLExecution.scala:295)
[2026-03-23T01:03:51.248+0000] {subprocess.py:93} INFO - 		at org.apache.spark.sql.execution.SQLExecution$.$anonfun$withNewExecutionId0$1(SQLExecution.scala:124)
[2026-03-23T01:03:51.248+0000] {subprocess.py:93} INFO - 		at org.apache.spark.sql.SparkSession.withActive(SparkSession.scala:804)
[2026-03-23T01:03:51.249+0000] {subprocess.py:93} INFO - 		at org.apache.spark.sql.execution.SQLExecution$.withNewExecutionId0(SQLExecution.scala:78)
[2026-03-23T01:03:51.249+0000] {subprocess.py:93} INFO - 		at org.apache.spark.sql.execution.SQLExecution$.withNewExecutionId(SQLExecution.scala:237)
[2026-03-23T01:03:51.249+0000] {subprocess.py:93} INFO - 		at org.apache.spark.sql.execution.QueryExecution.$anonfun$eagerlyExecuteCommands$1(QueryExecution.scala:155)
[2026-03-23T01:03:51.249+0000] {subprocess.py:93} INFO - 		at org.apache.spark.sql.execution.QueryExecution$.withInternalError(QueryExecution.scala:654)
[2026-03-23T01:03:51.249+0000] {subprocess.py:93} INFO - 		at org.apache.spark.sql.execution.QueryExecution.org$apache$spark$sql$execution$QueryExecution$$eagerlyExecute$1(QueryExecution.scala:154)
[2026-03-23T01:03:51.250+0000] {subprocess.py:93} INFO - 		at org.apache.spark.sql.execution.QueryExecution$$anonfun$eagerlyExecuteCommands$3.applyOrElse(QueryExecution.scala:169)
[2026-03-23T01:03:51.250+0000] {subprocess.py:93} INFO - 		at org.apache.spark.sql.execution.QueryExecution$$anonfun$eagerlyExecuteCommands$3.applyOrElse(QueryExecution.scala:164)
[2026-03-23T01:03:51.250+0000] {subprocess.py:93} INFO - 		at org.apache.spark.sql.catalyst.trees.TreeNode.$anonfun$transformDownWithPruning$1(TreeNode.scala:470)
[2026-03-23T01:03:51.250+0000] {subprocess.py:93} INFO - 		at org.apache.spark.sql.catalyst.trees.CurrentOrigin$.withOrigin(origin.scala:86)
[2026-03-23T01:03:51.250+0000] {subprocess.py:93} INFO - 		at org.apache.spark.sql.catalyst.trees.TreeNode.transformDownWithPruning(TreeNode.scala:470)
[2026-03-23T01:03:51.251+0000] {subprocess.py:93} INFO - 		at org.apache.spark.sql.catalyst.plans.logical.LogicalPlan.org$apache$spark$sql$catalyst$plans$logical$AnalysisHelper$$super$transformDownWithPruning(LogicalPlan.scala:37)
[2026-03-23T01:03:51.251+0000] {subprocess.py:93} INFO - 		at org.apache.spark.sql.catalyst.plans.logical.AnalysisHelper.transformDownWithPruning(AnalysisHelper.scala:360)
[2026-03-23T01:03:51.251+0000] {subprocess.py:93} INFO - 		at org.apache.spark.sql.catalyst.plans.logical.AnalysisHelper.transformDownWithPruning$(AnalysisHelper.scala:356)
[2026-03-23T01:03:51.251+0000] {subprocess.py:93} INFO - 		at org.apache.spark.sql.catalyst.plans.logical.LogicalPlan.transformDownWithPruning(LogicalPlan.scala:37)
[2026-03-23T01:03:51.251+0000] {subprocess.py:93} INFO - 		at org.apache.spark.sql.catalyst.plans.logical.LogicalPlan.transformDownWithPruning(LogicalPlan.scala:37)
[2026-03-23T01:03:51.252+0000] {subprocess.py:93} INFO - 		at org.apache.spark.sql.catalyst.trees.TreeNode.transformDown(TreeNode.scala:446)
[2026-03-23T01:03:51.252+0000] {subprocess.py:93} INFO - 		at org.apache.spark.sql.execution.QueryExecution.eagerlyExecuteCommands(QueryExecution.scala:164)
[2026-03-23T01:03:51.252+0000] {subprocess.py:93} INFO - 		at org.apache.spark.sql.execution.QueryExecution.$anonfun$lazyCommandExecuted$1(QueryExecution.scala:126)
[2026-03-23T01:03:51.252+0000] {subprocess.py:93} INFO - 		at scala.util.Try$.apply(Try.scala:217)
[2026-03-23T01:03:51.252+0000] {subprocess.py:93} INFO - 		at org.apache.spark.util.Utils$.doTryWithCallerStacktrace(Utils.scala:1378)
[2026-03-23T01:03:51.253+0000] {subprocess.py:93} INFO - 		at org.apache.spark.util.LazyTry.tryT$lzycompute(LazyTry.scala:46)
[2026-03-23T01:03:51.253+0000] {subprocess.py:93} INFO - 		at org.apache.spark.util.LazyTry.tryT(LazyTry.scala:46)
[2026-03-23T01:03:51.253+0000] {subprocess.py:93} INFO - 		... 19 more
[2026-03-23T01:03:51.253+0000] {subprocess.py:93} INFO - Traceback (most recent call last):
[2026-03-23T01:03:51.253+0000] {subprocess.py:93} INFO -   File "/app/src/writer.py", line 97, in write_output
[2026-03-23T01:03:51.253+0000] {subprocess.py:93} INFO -     df.write.mode(sink_mode).format(sink_format).save(path)
[2026-03-23T01:03:51.253+0000] {subprocess.py:93} INFO -   File "/home/***/.local/lib/python3.9/site-packages/pyspark/sql/readwriter.py", line 1745, in save
[2026-03-23T01:03:51.253+0000] {subprocess.py:93} INFO -     self._jwrite.save(path)
[2026-03-23T01:03:51.254+0000] {subprocess.py:93} INFO -   File "/home/***/.local/lib/python3.9/site-packages/py4j/java_gateway.py", line 1362, in __call__
[2026-03-23T01:03:51.254+0000] {subprocess.py:93} INFO -     return_value = get_return_value(
[2026-03-23T01:03:51.254+0000] {subprocess.py:93} INFO -   File "/home/***/.local/lib/python3.9/site-packages/pyspark/errors/exceptions/captured.py", line 282, in deco
[2026-03-23T01:03:51.254+0000] {subprocess.py:93} INFO -     return f(*a, **kw)
[2026-03-23T01:03:51.254+0000] {subprocess.py:93} INFO -   File "/home/***/.local/lib/python3.9/site-packages/py4j/protocol.py", line 327, in get_return_value
[2026-03-23T01:03:51.255+0000] {subprocess.py:93} INFO -     raise Py4JJavaError(
[2026-03-23T01:03:51.255+0000] {subprocess.py:93} INFO - py4j.protocol.Py4JJavaError: An error occurred while calling o70.save.
[2026-03-23T01:03:51.255+0000] {subprocess.py:93} INFO - : org.apache.spark.SparkException: Unable to clear output directory file:/app/data/output/events/motor_policy prior to writing to it.
[2026-03-23T01:03:51.255+0000] {subprocess.py:93} INFO - 	at org.apache.spark.sql.errors.QueryExecutionErrors$.cannotClearOutputDirectoryError(QueryExecutionErrors.scala:786)
[2026-03-23T01:03:51.255+0000] {subprocess.py:93} INFO - 	at org.apache.spark.sql.execution.datasources.InsertIntoHadoopFsRelationCommand.deleteMatchingPartitions(InsertIntoHadoopFsRelationCommand.scala:244)
[2026-03-23T01:03:51.256+0000] {subprocess.py:93} INFO - 	at org.apache.spark.sql.execution.datasources.InsertIntoHadoopFsRelationCommand.run(InsertIntoHadoopFsRelationCommand.scala:136)
[2026-03-23T01:03:51.256+0000] {subprocess.py:93} INFO - 	at org.apache.spark.sql.execution.command.DataWritingCommandExec.sideEffectResult$lzycompute(commands.scala:117)
[2026-03-23T01:03:51.256+0000] {subprocess.py:93} INFO - 	at org.apache.spark.sql.execution.command.DataWritingCommandExec.sideEffectResult(commands.scala:115)
[2026-03-23T01:03:51.256+0000] {subprocess.py:93} INFO - 	at org.apache.spark.sql.execution.command.DataWritingCommandExec.executeCollect(commands.scala:129)
[2026-03-23T01:03:51.256+0000] {subprocess.py:93} INFO - 	at org.apache.spark.sql.execution.QueryExecution.$anonfun$eagerlyExecuteCommands$2(QueryExecution.scala:155)
[2026-03-23T01:03:51.257+0000] {subprocess.py:93} INFO - 	at org.apache.spark.sql.execution.SQLExecution$.$anonfun$withNewExecutionId0$8(SQLExecution.scala:163)
[2026-03-23T01:03:51.257+0000] {subprocess.py:93} INFO - 	at org.apache.spark.sql.execution.SQLExecution$.withSessionTagsApplied(SQLExecution.scala:272)
[2026-03-23T01:03:51.257+0000] {subprocess.py:93} INFO - 	at org.apache.spark.sql.execution.SQLExecution$.$anonfun$withNewExecutionId0$7(SQLExecution.scala:125)
[2026-03-23T01:03:51.257+0000] {subprocess.py:93} INFO - 	at org.apache.spark.JobArtifactSet$.withActiveJobArtifactState(JobArtifactSet.scala:94)
[2026-03-23T01:03:51.257+0000] {subprocess.py:93} INFO - 	at org.apache.spark.sql.artifact.ArtifactManager.$anonfun$withResources$1(ArtifactManager.scala:112)
[2026-03-23T01:03:51.258+0000] {subprocess.py:93} INFO - 	at org.apache.spark.sql.artifact.ArtifactManager.withClassLoaderIfNeeded(ArtifactManager.scala:106)
[2026-03-23T01:03:51.258+0000] {subprocess.py:93} INFO - 	at org.apache.spark.sql.artifact.ArtifactManager.withResources(ArtifactManager.scala:111)
[2026-03-23T01:03:51.258+0000] {subprocess.py:93} INFO - 	at org.apache.spark.sql.execution.SQLExecution$.$anonfun$withNewExecutionId0$6(SQLExecution.scala:125)
[2026-03-23T01:03:51.258+0000] {subprocess.py:93} INFO - 	at org.apache.spark.sql.execution.SQLExecution$.withSQLConfPropagated(SQLExecution.scala:295)
[2026-03-23T01:03:51.259+0000] {subprocess.py:93} INFO - 	at org.apache.spark.sql.execution.SQLExecution$.$anonfun$withNewExecutionId0$1(SQLExecution.scala:124)
[2026-03-23T01:03:51.259+0000] {subprocess.py:93} INFO - 	at org.apache.spark.sql.SparkSession.withActive(SparkSession.scala:804)
[2026-03-23T01:03:51.259+0000] {subprocess.py:93} INFO - 	at org.apache.spark.sql.execution.SQLExecution$.withNewExecutionId0(SQLExecution.scala:78)
[2026-03-23T01:03:51.259+0000] {subprocess.py:93} INFO - 	at org.apache.spark.sql.execution.SQLExecution$.withNewExecutionId(SQLExecution.scala:237)
[2026-03-23T01:03:51.259+0000] {subprocess.py:93} INFO - 	at org.apache.spark.sql.execution.QueryExecution.$anonfun$eagerlyExecuteCommands$1(QueryExecution.scala:155)
[2026-03-23T01:03:51.260+0000] {subprocess.py:93} INFO - 	at org.apache.spark.sql.execution.QueryExecution$.withInternalError(QueryExecution.scala:654)
[2026-03-23T01:03:51.260+0000] {subprocess.py:93} INFO - 	at org.apache.spark.sql.execution.QueryExecution.org$apache$spark$sql$execution$QueryExecution$$eagerlyExecute$1(QueryExecution.scala:154)
[2026-03-23T01:03:51.260+0000] {subprocess.py:93} INFO - 	at org.apache.spark.sql.execution.QueryExecution$$anonfun$eagerlyExecuteCommands$3.applyOrElse(QueryExecution.scala:169)
[2026-03-23T01:03:51.260+0000] {subprocess.py:93} INFO - 	at org.apache.spark.sql.execution.QueryExecution$$anonfun$eagerlyExecuteCommands$3.applyOrElse(QueryExecution.scala:164)
[2026-03-23T01:03:51.260+0000] {subprocess.py:93} INFO - 	at org.apache.spark.sql.catalyst.trees.TreeNode.$anonfun$transformDownWithPruning$1(TreeNode.scala:470)
[2026-03-23T01:03:51.261+0000] {subprocess.py:93} INFO - 	at org.apache.spark.sql.catalyst.trees.CurrentOrigin$.withOrigin(origin.scala:86)
[2026-03-23T01:03:51.261+0000] {subprocess.py:93} INFO - 	at org.apache.spark.sql.catalyst.trees.TreeNode.transformDownWithPruning(TreeNode.scala:470)
[2026-03-23T01:03:51.261+0000] {subprocess.py:93} INFO - 	at org.apache.spark.sql.catalyst.plans.logical.LogicalPlan.org$apache$spark$sql$catalyst$plans$logical$AnalysisHelper$$super$transformDownWithPruning(LogicalPlan.scala:37)
[2026-03-23T01:03:51.261+0000] {subprocess.py:93} INFO - 	at org.apache.spark.sql.catalyst.plans.logical.AnalysisHelper.transformDownWithPruning(AnalysisHelper.scala:360)
[2026-03-23T01:03:51.261+0000] {subprocess.py:93} INFO - 	at org.apache.spark.sql.catalyst.plans.logical.AnalysisHelper.transformDownWithPruning$(AnalysisHelper.scala:356)
[2026-03-23T01:03:51.261+0000] {subprocess.py:93} INFO - 	at org.apache.spark.sql.catalyst.plans.logical.LogicalPlan.transformDownWithPruning(LogicalPlan.scala:37)
[2026-03-23T01:03:51.261+0000] {subprocess.py:93} INFO - 	at org.apache.spark.sql.catalyst.plans.logical.LogicalPlan.transformDownWithPruning(LogicalPlan.scala:37)
[2026-03-23T01:03:51.262+0000] {subprocess.py:93} INFO - 	at org.apache.spark.sql.catalyst.trees.TreeNode.transformDown(TreeNode.scala:446)
[2026-03-23T01:03:51.262+0000] {subprocess.py:93} INFO - 	at org.apache.spark.sql.execution.QueryExecution.eagerlyExecuteCommands(QueryExecution.scala:164)
[2026-03-23T01:03:51.262+0000] {subprocess.py:93} INFO - 	at org.apache.spark.sql.execution.QueryExecution.$anonfun$lazyCommandExecuted$1(QueryExecution.scala:126)
[2026-03-23T01:03:51.262+0000] {subprocess.py:93} INFO - 	at scala.util.Try$.apply(Try.scala:217)
[2026-03-23T01:03:51.262+0000] {subprocess.py:93} INFO - 	at org.apache.spark.util.Utils$.doTryWithCallerStacktrace(Utils.scala:1378)
[2026-03-23T01:03:51.262+0000] {subprocess.py:93} INFO - 	at org.apache.spark.util.Utils$.getTryWithCallerStacktrace(Utils.scala:1439)
[2026-03-23T01:03:51.262+0000] {subprocess.py:93} INFO - 	at org.apache.spark.util.LazyTry.get(LazyTry.scala:58)
[2026-03-23T01:03:51.262+0000] {subprocess.py:93} INFO - 	at org.apache.spark.sql.execution.QueryExecution.commandExecuted(QueryExecution.scala:131)
[2026-03-23T01:03:51.262+0000] {subprocess.py:93} INFO - 	at org.apache.spark.sql.execution.QueryExecution.assertCommandExecuted(QueryExecution.scala:192)
[2026-03-23T01:03:51.263+0000] {subprocess.py:93} INFO - 	at org.apache.spark.sql.classic.DataFrameWriter.runCommand(DataFrameWriter.scala:622)
[2026-03-23T01:03:51.263+0000] {subprocess.py:93} INFO - 	at org.apache.spark.sql.classic.DataFrameWriter.saveToV1Source(DataFrameWriter.scala:273)
[2026-03-23T01:03:51.263+0000] {subprocess.py:93} INFO - 	at org.apache.spark.sql.classic.DataFrameWriter.saveInternal(DataFrameWriter.scala:241)
[2026-03-23T01:03:51.263+0000] {subprocess.py:93} INFO - 	at org.apache.spark.sql.classic.DataFrameWriter.save(DataFrameWriter.scala:118)
[2026-03-23T01:03:51.263+0000] {subprocess.py:93} INFO - 	at java.base/jdk.internal.reflect.NativeMethodAccessorImpl.invoke0(Native Method)
[2026-03-23T01:03:51.263+0000] {subprocess.py:93} INFO - 	at java.base/jdk.internal.reflect.NativeMethodAccessorImpl.invoke(NativeMethodAccessorImpl.java:77)
[2026-03-23T01:03:51.263+0000] {subprocess.py:93} INFO - 	at java.base/jdk.internal.reflect.DelegatingMethodAccessorImpl.invoke(DelegatingMethodAccessorImpl.java:43)
[2026-03-23T01:03:51.264+0000] {subprocess.py:93} INFO - 	at java.base/java.lang.reflect.Method.invoke(Method.java:569)
[2026-03-23T01:03:51.264+0000] {subprocess.py:93} INFO - 	at py4j.reflection.MethodInvoker.invoke(MethodInvoker.java:244)
[2026-03-23T01:03:51.264+0000] {subprocess.py:93} INFO - 	at py4j.reflection.ReflectionEngine.invoke(ReflectionEngine.java:374)
[2026-03-23T01:03:51.264+0000] {subprocess.py:93} INFO - 	at py4j.Gateway.invoke(Gateway.java:282)
[2026-03-23T01:03:51.264+0000] {subprocess.py:93} INFO - 	at py4j.commands.AbstractCommand.invokeMethod(AbstractCommand.java:132)
[2026-03-23T01:03:51.264+0000] {subprocess.py:93} INFO - 	at py4j.commands.CallCommand.execute(CallCommand.java:79)
[2026-03-23T01:03:51.264+0000] {subprocess.py:93} INFO - 	at py4j.ClientServerConnection.waitForCommands(ClientServerConnection.java:184)
[2026-03-23T01:03:51.264+0000] {subprocess.py:93} INFO - 	at py4j.ClientServerConnection.run(ClientServerConnection.java:108)
[2026-03-23T01:03:51.264+0000] {subprocess.py:93} INFO - 	at java.base/java.lang.Thread.run(Thread.java:840)
[2026-03-23T01:03:51.265+0000] {subprocess.py:93} INFO - 	Suppressed: org.apache.spark.util.Utils$OriginalTryStackTraceException: Full stacktrace of original doTryWithCallerStacktrace caller
[2026-03-23T01:03:51.265+0000] {subprocess.py:93} INFO - 		at org.apache.spark.sql.errors.QueryExecutionErrors$.cannotClearOutputDirectoryError(QueryExecutionErrors.scala:786)
[2026-03-23T01:03:51.265+0000] {subprocess.py:93} INFO - 		at org.apache.spark.sql.execution.datasources.InsertIntoHadoopFsRelationCommand.deleteMatchingPartitions(InsertIntoHadoopFsRelationCommand.scala:244)
[2026-03-23T01:03:51.265+0000] {subprocess.py:93} INFO - 		at org.apache.spark.sql.execution.datasources.InsertIntoHadoopFsRelationCommand.run(InsertIntoHadoopFsRelationCommand.scala:136)
[2026-03-23T01:03:51.265+0000] {subprocess.py:93} INFO - 		at org.apache.spark.sql.execution.command.DataWritingCommandExec.sideEffectResult$lzycompute(commands.scala:117)
[2026-03-23T01:03:51.265+0000] {subprocess.py:93} INFO - 		at org.apache.spark.sql.execution.command.DataWritingCommandExec.sideEffectResult(commands.scala:115)
[2026-03-23T01:03:51.266+0000] {subprocess.py:93} INFO - 		at org.apache.spark.sql.execution.command.DataWritingCommandExec.executeCollect(commands.scala:129)
[2026-03-23T01:03:51.266+0000] {subprocess.py:93} INFO - 		at org.apache.spark.sql.execution.QueryExecution.$anonfun$eagerlyExecuteCommands$2(QueryExecution.scala:155)
[2026-03-23T01:03:51.266+0000] {subprocess.py:93} INFO - 		at org.apache.spark.sql.execution.SQLExecution$.$anonfun$withNewExecutionId0$8(SQLExecution.scala:163)
[2026-03-23T01:03:51.266+0000] {subprocess.py:93} INFO - 		at org.apache.spark.sql.execution.SQLExecution$.withSessionTagsApplied(SQLExecution.scala:272)
[2026-03-23T01:03:51.267+0000] {subprocess.py:93} INFO - 		at org.apache.spark.sql.execution.SQLExecution$.$anonfun$withNewExecutionId0$7(SQLExecution.scala:125)
[2026-03-23T01:03:51.267+0000] {subprocess.py:93} INFO - 		at org.apache.spark.JobArtifactSet$.withActiveJobArtifactState(JobArtifactSet.scala:94)
[2026-03-23T01:03:51.267+0000] {subprocess.py:93} INFO - 		at org.apache.spark.sql.artifact.ArtifactManager.$anonfun$withResources$1(ArtifactManager.scala:112)
[2026-03-23T01:03:51.267+0000] {subprocess.py:93} INFO - 		at org.apache.spark.sql.artifact.ArtifactManager.withClassLoaderIfNeeded(ArtifactManager.scala:106)
[2026-03-23T01:03:51.267+0000] {subprocess.py:93} INFO - 		at org.apache.spark.sql.artifact.ArtifactManager.withResources(ArtifactManager.scala:111)
[2026-03-23T01:03:51.268+0000] {subprocess.py:93} INFO - 		at org.apache.spark.sql.execution.SQLExecution$.$anonfun$withNewExecutionId0$6(SQLExecution.scala:125)
[2026-03-23T01:03:51.268+0000] {subprocess.py:93} INFO - 		at org.apache.spark.sql.execution.SQLExecution$.withSQLConfPropagated(SQLExecution.scala:295)
[2026-03-23T01:03:51.268+0000] {subprocess.py:93} INFO - 		at org.apache.spark.sql.execution.SQLExecution$.$anonfun$withNewExecutionId0$1(SQLExecution.scala:124)
[2026-03-23T01:03:51.268+0000] {subprocess.py:93} INFO - 		at org.apache.spark.sql.SparkSession.withActive(SparkSession.scala:804)
[2026-03-23T01:03:51.268+0000] {subprocess.py:93} INFO - 		at org.apache.spark.sql.execution.SQLExecution$.withNewExecutionId0(SQLExecution.scala:78)
[2026-03-23T01:03:51.268+0000] {subprocess.py:93} INFO - 		at org.apache.spark.sql.execution.SQLExecution$.withNewExecutionId(SQLExecution.scala:237)
[2026-03-23T01:03:51.268+0000] {subprocess.py:93} INFO - 		at org.apache.spark.sql.execution.QueryExecution.$anonfun$eagerlyExecuteCommands$1(QueryExecution.scala:155)
[2026-03-23T01:03:51.268+0000] {subprocess.py:93} INFO - 		at org.apache.spark.sql.execution.QueryExecution$.withInternalError(QueryExecution.scala:654)
[2026-03-23T01:03:51.269+0000] {subprocess.py:93} INFO - 		at org.apache.spark.sql.execution.QueryExecution.org$apache$spark$sql$execution$QueryExecution$$eagerlyExecute$1(QueryExecution.scala:154)
[2026-03-23T01:03:51.269+0000] {subprocess.py:93} INFO - 		at org.apache.spark.sql.execution.QueryExecution$$anonfun$eagerlyExecuteCommands$3.applyOrElse(QueryExecution.scala:169)
[2026-03-23T01:03:51.269+0000] {subprocess.py:93} INFO - 		at org.apache.spark.sql.execution.QueryExecution$$anonfun$eagerlyExecuteCommands$3.applyOrElse(QueryExecution.scala:164)
[2026-03-23T01:03:51.269+0000] {subprocess.py:93} INFO - 		at org.apache.spark.sql.catalyst.trees.TreeNode.$anonfun$transformDownWithPruning$1(TreeNode.scala:470)
[2026-03-23T01:03:51.269+0000] {subprocess.py:93} INFO - 		at org.apache.spark.sql.catalyst.trees.CurrentOrigin$.withOrigin(origin.scala:86)
[2026-03-23T01:03:51.269+0000] {subprocess.py:93} INFO - 		at org.apache.spark.sql.catalyst.trees.TreeNode.transformDownWithPruning(TreeNode.scala:470)
[2026-03-23T01:03:51.269+0000] {subprocess.py:93} INFO - 		at org.apache.spark.sql.catalyst.plans.logical.LogicalPlan.org$apache$spark$sql$catalyst$plans$logical$AnalysisHelper$$super$transformDownWithPruning(LogicalPlan.scala:37)
[2026-03-23T01:03:51.269+0000] {subprocess.py:93} INFO - 		at org.apache.spark.sql.catalyst.plans.logical.AnalysisHelper.transformDownWithPruning(AnalysisHelper.scala:360)
[2026-03-23T01:03:51.269+0000] {subprocess.py:93} INFO - 		at org.apache.spark.sql.catalyst.plans.logical.AnalysisHelper.transformDownWithPruning$(AnalysisHelper.scala:356)
[2026-03-23T01:03:51.270+0000] {subprocess.py:93} INFO - 		at org.apache.spark.sql.catalyst.plans.logical.LogicalPlan.transformDownWithPruning(LogicalPlan.scala:37)
[2026-03-23T01:03:51.270+0000] {subprocess.py:93} INFO - 		at org.apache.spark.sql.catalyst.plans.logical.LogicalPlan.transformDownWithPruning(LogicalPlan.scala:37)
[2026-03-23T01:03:51.270+0000] {subprocess.py:93} INFO - 		at org.apache.spark.sql.catalyst.trees.TreeNode.transformDown(TreeNode.scala:446)
[2026-03-23T01:03:51.270+0000] {subprocess.py:93} INFO - 		at org.apache.spark.sql.execution.QueryExecution.eagerlyExecuteCommands(QueryExecution.scala:164)
[2026-03-23T01:03:51.270+0000] {subprocess.py:93} INFO - 		at org.apache.spark.sql.execution.QueryExecution.$anonfun$lazyCommandExecuted$1(QueryExecution.scala:126)
[2026-03-23T01:03:51.270+0000] {subprocess.py:93} INFO - 		at scala.util.Try$.apply(Try.scala:217)
[2026-03-23T01:03:51.270+0000] {subprocess.py:93} INFO - 		at org.apache.spark.util.Utils$.doTryWithCallerStacktrace(Utils.scala:1378)
[2026-03-23T01:03:51.270+0000] {subprocess.py:93} INFO - 		at org.apache.spark.util.LazyTry.tryT$lzycompute(LazyTry.scala:46)
[2026-03-23T01:03:51.270+0000] {subprocess.py:93} INFO - 		at org.apache.spark.util.LazyTry.tryT(LazyTry.scala:46)
[2026-03-23T01:03:51.271+0000] {subprocess.py:93} INFO - 		... 19 more
[2026-03-23T01:03:51.271+0000] {subprocess.py:93} INFO - 
[2026-03-23T01:03:51.271+0000] {subprocess.py:93} INFO - 
[2026-03-23T01:03:51.271+0000] {subprocess.py:93} INFO - The above exception was the direct cause of the following exception:
[2026-03-23T01:03:51.271+0000] {subprocess.py:93} INFO - 
[2026-03-23T01:03:51.271+0000] {subprocess.py:93} INFO - Traceback (most recent call last):
[2026-03-23T01:03:51.271+0000] {subprocess.py:93} INFO -   File "/app/src/main.py", line 29, in main
[2026-03-23T01:03:51.271+0000] {subprocess.py:93} INFO -     engine.run()
[2026-03-23T01:03:51.272+0000] {subprocess.py:93} INFO -   File "/app/src/engine.py", line 70, in run
[2026-03-23T01:03:51.272+0000] {subprocess.py:93} INFO -     write_output(self.dataframes[sink_input], sink)
[2026-03-23T01:03:51.272+0000] {subprocess.py:93} INFO -   File "/app/src/writer.py", line 119, in write_output
[2026-03-23T01:03:51.272+0000] {subprocess.py:93} INFO -     raise RuntimeError(
[2026-03-23T01:03:51.272+0000] {subprocess.py:93} INFO - RuntimeError: Could not clean output directory 'data/output/events/motor_policy' for sink 'raw-ok'. Original error: An error occurred while calling o70.save.
[2026-03-23T01:03:51.273+0000] {subprocess.py:93} INFO - : org.apache.spark.SparkException: Unable to clear output directory file:/app/data/output/events/motor_policy prior to writing to it.
[2026-03-23T01:03:51.273+0000] {subprocess.py:93} INFO - 	at org.apache.spark.sql.errors.QueryExecutionErrors$.cannotClearOutputDirectoryError(QueryExecutionErrors.scala:786)
[2026-03-23T01:03:51.273+0000] {subprocess.py:93} INFO - 	at org.apache.spark.sql.execution.datasources.InsertIntoHadoopFsRelationCommand.deleteMatchingPartitions(InsertIntoHadoopFsRelationCommand.scala:244)
[2026-03-23T01:03:51.273+0000] {subprocess.py:93} INFO - 	at org.apache.spark.sql.execution.datasources.InsertIntoHadoopFsRelationCommand.run(InsertIntoHadoopFsRelationCommand.scala:136)
[2026-03-23T01:03:51.273+0000] {subprocess.py:93} INFO - 	at org.apache.spark.sql.execution.command.DataWritingCommandExec.sideEffectResult$lzycompute(commands.scala:117)
[2026-03-23T01:03:51.274+0000] {subprocess.py:93} INFO - 	at org.apache.spark.sql.execution.command.DataWritingCommandExec.sideEffectResult(commands.scala:115)
[2026-03-23T01:03:51.274+0000] {subprocess.py:93} INFO - 	at org.apache.spark.sql.execution.command.DataWritingCommandExec.executeCollect(commands.scala:129)
[2026-03-23T01:03:51.274+0000] {subprocess.py:93} INFO - 	at org.apache.spark.sql.execution.QueryExecution.$anonfun$eagerlyExecuteCommands$2(QueryExecution.scala:155)
[2026-03-23T01:03:51.274+0000] {subprocess.py:93} INFO - 	at org.apache.spark.sql.execution.SQLExecution$.$anonfun$withNewExecutionId0$8(SQLExecution.scala:163)
[2026-03-23T01:03:51.274+0000] {subprocess.py:93} INFO - 	at org.apache.spark.sql.execution.SQLExecution$.withSessionTagsApplied(SQLExecution.scala:272)
[2026-03-23T01:03:51.275+0000] {subprocess.py:93} INFO - 	at org.apache.spark.sql.execution.SQLExecution$.$anonfun$withNewExecutionId0$7(SQLExecution.scala:125)
[2026-03-23T01:03:51.275+0000] {subprocess.py:93} INFO - 	at org.apache.spark.JobArtifactSet$.withActiveJobArtifactState(JobArtifactSet.scala:94)
[2026-03-23T01:03:51.275+0000] {subprocess.py:93} INFO - 	at org.apache.spark.sql.artifact.ArtifactManager.$anonfun$withResources$1(ArtifactManager.scala:112)
[2026-03-23T01:03:51.275+0000] {subprocess.py:93} INFO - 	at org.apache.spark.sql.artifact.ArtifactManager.withClassLoaderIfNeeded(ArtifactManager.scala:106)
[2026-03-23T01:03:51.276+0000] {subprocess.py:93} INFO - 	at org.apache.spark.sql.artifact.ArtifactManager.withResources(ArtifactManager.scala:111)
[2026-03-23T01:03:51.276+0000] {subprocess.py:93} INFO - 	at org.apache.spark.sql.execution.SQLExecution$.$anonfun$withNewExecutionId0$6(SQLExecution.scala:125)
[2026-03-23T01:03:51.276+0000] {subprocess.py:93} INFO - 	at org.apache.spark.sql.execution.SQLExecution$.withSQLConfPropagated(SQLExecution.scala:295)
[2026-03-23T01:03:51.276+0000] {subprocess.py:93} INFO - 	at org.apache.spark.sql.execution.SQLExecution$.$anonfun$withNewExecutionId0$1(SQLExecution.scala:124)
[2026-03-23T01:03:51.276+0000] {subprocess.py:93} INFO - 	at org.apache.spark.sql.SparkSession.withActive(SparkSession.scala:804)
[2026-03-23T01:03:51.277+0000] {subprocess.py:93} INFO - 	at org.apache.spark.sql.execution.SQLExecution$.withNewExecutionId0(SQLExecution.scala:78)
[2026-03-23T01:03:51.277+0000] {subprocess.py:93} INFO - 	at org.apache.spark.sql.execution.SQLExecution$.withNewExecutionId(SQLExecution.scala:237)
[2026-03-23T01:03:51.277+0000] {subprocess.py:93} INFO - 	at org.apache.spark.sql.execution.QueryExecution.$anonfun$eagerlyExecuteCommands$1(QueryExecution.scala:155)
[2026-03-23T01:03:51.277+0000] {subprocess.py:93} INFO - 	at org.apache.spark.sql.execution.QueryExecution$.withInternalError(QueryExecution.scala:654)
[2026-03-23T01:03:51.277+0000] {subprocess.py:93} INFO - 	at org.apache.spark.sql.execution.QueryExecution.org$apache$spark$sql$execution$QueryExecution$$eagerlyExecute$1(QueryExecution.scala:154)
[2026-03-23T01:03:51.277+0000] {subprocess.py:93} INFO - 	at org.apache.spark.sql.execution.QueryExecution$$anonfun$eagerlyExecuteCommands$3.applyOrElse(QueryExecution.scala:169)
[2026-03-23T01:03:51.278+0000] {subprocess.py:93} INFO - 	at org.apache.spark.sql.execution.QueryExecution$$anonfun$eagerlyExecuteCommands$3.applyOrElse(QueryExecution.scala:164)
[2026-03-23T01:03:51.278+0000] {subprocess.py:93} INFO - 	at org.apache.spark.sql.catalyst.trees.TreeNode.$anonfun$transformDownWithPruning$1(TreeNode.scala:470)
[2026-03-23T01:03:51.278+0000] {subprocess.py:93} INFO - 	at org.apache.spark.sql.catalyst.trees.CurrentOrigin$.withOrigin(origin.scala:86)
[2026-03-23T01:03:51.278+0000] {subprocess.py:93} INFO - 	at org.apache.spark.sql.catalyst.trees.TreeNode.transformDownWithPruning(TreeNode.scala:470)
[2026-03-23T01:03:51.278+0000] {subprocess.py:93} INFO - 	at org.apache.spark.sql.catalyst.plans.logical.LogicalPlan.org$apache$spark$sql$catalyst$plans$logical$AnalysisHelper$$super$transformDownWithPruning(LogicalPlan.scala:37)
[2026-03-23T01:03:51.278+0000] {subprocess.py:93} INFO - 	at org.apache.spark.sql.catalyst.plans.logical.AnalysisHelper.transformDownWithPruning(AnalysisHelper.scala:360)
[2026-03-23T01:03:51.278+0000] {subprocess.py:93} INFO - 	at org.apache.spark.sql.catalyst.plans.logical.AnalysisHelper.transformDownWithPruning$(AnalysisHelper.scala:356)
[2026-03-23T01:03:51.278+0000] {subprocess.py:93} INFO - 	at org.apache.spark.sql.catalyst.plans.logical.LogicalPlan.transformDownWithPruning(LogicalPlan.scala:37)
[2026-03-23T01:03:51.279+0000] {subprocess.py:93} INFO - 	at org.apache.spark.sql.catalyst.plans.logical.LogicalPlan.transformDownWithPruning(LogicalPlan.scala:37)
[2026-03-23T01:03:51.279+0000] {subprocess.py:93} INFO - 	at org.apache.spark.sql.catalyst.trees.TreeNode.transformDown(TreeNode.scala:446)
[2026-03-23T01:03:51.279+0000] {subprocess.py:93} INFO - 	at org.apache.spark.sql.execution.QueryExecution.eagerlyExecuteCommands(QueryExecution.scala:164)
[2026-03-23T01:03:51.279+0000] {subprocess.py:93} INFO - 	at org.apache.spark.sql.execution.QueryExecution.$anonfun$lazyCommandExecuted$1(QueryExecution.scala:126)
[2026-03-23T01:03:51.279+0000] {subprocess.py:93} INFO - 	at scala.util.Try$.apply(Try.scala:217)
[2026-03-23T01:03:51.279+0000] {subprocess.py:93} INFO - 	at org.apache.spark.util.Utils$.doTryWithCallerStacktrace(Utils.scala:1378)
[2026-03-23T01:03:51.279+0000] {subprocess.py:93} INFO - 	at org.apache.spark.util.Utils$.getTryWithCallerStacktrace(Utils.scala:1439)
[2026-03-23T01:03:51.279+0000] {subprocess.py:93} INFO - 	at org.apache.spark.util.LazyTry.get(LazyTry.scala:58)
[2026-03-23T01:03:51.280+0000] {subprocess.py:93} INFO - 	at org.apache.spark.sql.execution.QueryExecution.commandExecuted(QueryExecution.scala:131)
[2026-03-23T01:03:51.280+0000] {subprocess.py:93} INFO - 	at org.apache.spark.sql.execution.QueryExecution.assertCommandExecuted(QueryExecution.scala:192)
[2026-03-23T01:03:51.280+0000] {subprocess.py:93} INFO - 	at org.apache.spark.sql.classic.DataFrameWriter.runCommand(DataFrameWriter.scala:622)
[2026-03-23T01:03:51.280+0000] {subprocess.py:93} INFO - 	at org.apache.spark.sql.classic.DataFrameWriter.saveToV1Source(DataFrameWriter.scala:273)
[2026-03-23T01:03:51.280+0000] {subprocess.py:93} INFO - 	at org.apache.spark.sql.classic.DataFrameWriter.saveInternal(DataFrameWriter.scala:241)
[2026-03-23T01:03:51.280+0000] {subprocess.py:93} INFO - 	at org.apache.spark.sql.classic.DataFrameWriter.save(DataFrameWriter.scala:118)
[2026-03-23T01:03:51.280+0000] {subprocess.py:93} INFO - 	at java.base/jdk.internal.reflect.NativeMethodAccessorImpl.invoke0(Native Method)
[2026-03-23T01:03:51.280+0000] {subprocess.py:93} INFO - 	at java.base/jdk.internal.reflect.NativeMethodAccessorImpl.invoke(NativeMethodAccessorImpl.java:77)
[2026-03-23T01:03:51.281+0000] {subprocess.py:93} INFO - 	at java.base/jdk.internal.reflect.DelegatingMethodAccessorImpl.invoke(DelegatingMethodAccessorImpl.java:43)
[2026-03-23T01:03:51.281+0000] {subprocess.py:93} INFO - 	at java.base/java.lang.reflect.Method.invoke(Method.java:569)
[2026-03-23T01:03:51.281+0000] {subprocess.py:93} INFO - 	at py4j.reflection.MethodInvoker.invoke(MethodInvoker.java:244)
[2026-03-23T01:03:51.281+0000] {subprocess.py:93} INFO - 	at py4j.reflection.ReflectionEngine.invoke(ReflectionEngine.java:374)
[2026-03-23T01:03:51.281+0000] {subprocess.py:93} INFO - 	at py4j.Gateway.invoke(Gateway.java:282)
[2026-03-23T01:03:51.281+0000] {subprocess.py:93} INFO - 	at py4j.commands.AbstractCommand.invokeMethod(AbstractCommand.java:132)
[2026-03-23T01:03:51.281+0000] {subprocess.py:93} INFO - 	at py4j.commands.CallCommand.execute(CallCommand.java:79)
[2026-03-23T01:03:51.282+0000] {subprocess.py:93} INFO - 	at py4j.ClientServerConnection.waitForCommands(ClientServerConnection.java:184)
[2026-03-23T01:03:51.282+0000] {subprocess.py:93} INFO - 	at py4j.ClientServerConnection.run(ClientServerConnection.java:108)
[2026-03-23T01:03:51.282+0000] {subprocess.py:93} INFO - 	at java.base/java.lang.Thread.run(Thread.java:840)
[2026-03-23T01:03:51.282+0000] {subprocess.py:93} INFO - 	Suppressed: org.apache.spark.util.Utils$OriginalTryStackTraceException: Full stacktrace of original doTryWithCallerStacktrace caller
[2026-03-23T01:03:51.282+0000] {subprocess.py:93} INFO - 		at org.apache.spark.sql.errors.QueryExecutionErrors$.cannotClearOutputDirectoryError(QueryExecutionErrors.scala:786)
[2026-03-23T01:03:51.283+0000] {subprocess.py:93} INFO - 		at org.apache.spark.sql.execution.datasources.InsertIntoHadoopFsRelationCommand.deleteMatchingPartitions(InsertIntoHadoopFsRelationCommand.scala:244)
[2026-03-23T01:03:51.283+0000] {subprocess.py:93} INFO - 		at org.apache.spark.sql.execution.datasources.InsertIntoHadoopFsRelationCommand.run(InsertIntoHadoopFsRelationCommand.scala:136)
[2026-03-23T01:03:51.283+0000] {subprocess.py:93} INFO - 		at org.apache.spark.sql.execution.command.DataWritingCommandExec.sideEffectResult$lzycompute(commands.scala:117)
[2026-03-23T01:03:51.283+0000] {subprocess.py:93} INFO - 		at org.apache.spark.sql.execution.command.DataWritingCommandExec.sideEffectResult(commands.scala:115)
[2026-03-23T01:03:51.283+0000] {subprocess.py:93} INFO - 		at org.apache.spark.sql.execution.command.DataWritingCommandExec.executeCollect(commands.scala:129)
[2026-03-23T01:03:51.283+0000] {subprocess.py:93} INFO - 		at org.apache.spark.sql.execution.QueryExecution.$anonfun$eagerlyExecuteCommands$2(QueryExecution.scala:155)
[2026-03-23T01:03:51.283+0000] {subprocess.py:93} INFO - 		at org.apache.spark.sql.execution.SQLExecution$.$anonfun$withNewExecutionId0$8(SQLExecution.scala:163)
[2026-03-23T01:03:51.283+0000] {subprocess.py:93} INFO - 		at org.apache.spark.sql.execution.SQLExecution$.withSessionTagsApplied(SQLExecution.scala:272)
[2026-03-23T01:03:51.284+0000] {subprocess.py:93} INFO - 		at org.apache.spark.sql.execution.SQLExecution$.$anonfun$withNewExecutionId0$7(SQLExecution.scala:125)
[2026-03-23T01:03:51.284+0000] {subprocess.py:93} INFO - 		at org.apache.spark.JobArtifactSet$.withActiveJobArtifactState(JobArtifactSet.scala:94)
[2026-03-23T01:03:51.284+0000] {subprocess.py:93} INFO - 		at org.apache.spark.sql.artifact.ArtifactManager.$anonfun$withResources$1(ArtifactManager.scala:112)
[2026-03-23T01:03:51.284+0000] {subprocess.py:93} INFO - 		at org.apache.spark.sql.artifact.ArtifactManager.withClassLoaderIfNeeded(ArtifactManager.scala:106)
[2026-03-23T01:03:51.284+0000] {subprocess.py:93} INFO - 		at org.apache.spark.sql.artifact.ArtifactManager.withResources(ArtifactManager.scala:111)
[2026-03-23T01:03:51.284+0000] {subprocess.py:93} INFO - 		at org.apache.spark.sql.execution.SQLExecution$.$anonfun$withNewExecutionId0$6(SQLExecution.scala:125)
[2026-03-23T01:03:51.284+0000] {subprocess.py:93} INFO - 		at org.apache.spark.sql.execution.SQLExecution$.withSQLConfPropagated(SQLExecution.scala:295)
[2026-03-23T01:03:51.284+0000] {subprocess.py:93} INFO - 		at org.apache.spark.sql.execution.SQLExecution$.$anonfun$withNewExecutionId0$1(SQLExecution.scala:124)
[2026-03-23T01:03:51.284+0000] {subprocess.py:93} INFO - 		at org.apache.spark.sql.SparkSession.withActive(SparkSession.scala:804)
[2026-03-23T01:03:51.285+0000] {subprocess.py:93} INFO - 		at org.apache.spark.sql.execution.SQLExecution$.withNewExecutionId0(SQLExecution.scala:78)
[2026-03-23T01:03:51.285+0000] {subprocess.py:93} INFO - 		at org.apache.spark.sql.execution.SQLExecution$.withNewExecutionId(SQLExecution.scala:237)
[2026-03-23T01:03:51.285+0000] {subprocess.py:93} INFO - 		at org.apache.spark.sql.execution.QueryExecution.$anonfun$eagerlyExecuteCommands$1(QueryExecution.scala:155)
[2026-03-23T01:03:51.285+0000] {subprocess.py:93} INFO - 		at org.apache.spark.sql.execution.QueryExecution$.withInternalError(QueryExecution.scala:654)
[2026-03-23T01:03:51.285+0000] {subprocess.py:93} INFO - 		at org.apache.spark.sql.execution.QueryExecution.org$apache$spark$sql$execution$QueryExecution$$eagerlyExecute$1(QueryExecution.scala:154)
[2026-03-23T01:03:51.285+0000] {subprocess.py:93} INFO - 		at org.apache.spark.sql.execution.QueryExecution$$anonfun$eagerlyExecuteCommands$3.applyOrElse(QueryExecution.scala:169)
[2026-03-23T01:03:51.285+0000] {subprocess.py:93} INFO - 		at org.apache.spark.sql.execution.QueryExecution$$anonfun$eagerlyExecuteCommands$3.applyOrElse(QueryExecution.scala:164)
[2026-03-23T01:03:51.285+0000] {subprocess.py:93} INFO - 		at org.apache.spark.sql.catalyst.trees.TreeNode.$anonfun$transformDownWithPruning$1(TreeNode.scala:470)
[2026-03-23T01:03:51.286+0000] {subprocess.py:93} INFO - 		at org.apache.spark.sql.catalyst.trees.CurrentOrigin$.withOrigin(origin.scala:86)
[2026-03-23T01:03:51.286+0000] {subprocess.py:93} INFO - 		at org.apache.spark.sql.catalyst.trees.TreeNode.transformDownWithPruning(TreeNode.scala:470)
[2026-03-23T01:03:51.286+0000] {subprocess.py:93} INFO - 		at org.apache.spark.sql.catalyst.plans.logical.LogicalPlan.org$apache$spark$sql$catalyst$plans$logical$AnalysisHelper$$super$transformDownWithPruning(LogicalPlan.scala:37)
[2026-03-23T01:03:51.286+0000] {subprocess.py:93} INFO - 		at org.apache.spark.sql.catalyst.plans.logical.AnalysisHelper.transformDownWithPruning(AnalysisHelper.scala:360)
[2026-03-23T01:03:51.286+0000] {subprocess.py:93} INFO - 		at org.apache.spark.sql.catalyst.plans.logical.AnalysisHelper.transformDownWithPruning$(AnalysisHelper.scala:356)
[2026-03-23T01:03:51.286+0000] {subprocess.py:93} INFO - 		at org.apache.spark.sql.catalyst.plans.logical.LogicalPlan.transformDownWithPruning(LogicalPlan.scala:37)
[2026-03-23T01:03:51.286+0000] {subprocess.py:93} INFO - 		at org.apache.spark.sql.catalyst.plans.logical.LogicalPlan.transformDownWithPruning(LogicalPlan.scala:37)
[2026-03-23T01:03:51.286+0000] {subprocess.py:93} INFO - 		at org.apache.spark.sql.catalyst.trees.TreeNode.transformDown(TreeNode.scala:446)
[2026-03-23T01:03:51.286+0000] {subprocess.py:93} INFO - 		at org.apache.spark.sql.execution.QueryExecution.eagerlyExecuteCommands(QueryExecution.scala:164)
[2026-03-23T01:03:51.287+0000] {subprocess.py:93} INFO - 		at org.apache.spark.sql.execution.QueryExecution.$anonfun$lazyCommandExecuted$1(QueryExecution.scala:126)
[2026-03-23T01:03:51.287+0000] {subprocess.py:93} INFO - 		at scala.util.Try$.apply(Try.scala:217)
[2026-03-23T01:03:51.287+0000] {subprocess.py:93} INFO - 		at org.apache.spark.util.Utils$.doTryWithCallerStacktrace(Utils.scala:1378)
[2026-03-23T01:03:51.287+0000] {subprocess.py:93} INFO - 		at org.apache.spark.util.LazyTry.tryT$lzycompute(LazyTry.scala:46)
[2026-03-23T01:03:51.287+0000] {subprocess.py:93} INFO - 		at org.apache.spark.util.LazyTry.tryT(LazyTry.scala:46)
[2026-03-23T01:03:51.287+0000] {subprocess.py:93} INFO - 		... 19 more
[2026-03-23T01:03:51.287+0000] {subprocess.py:93} INFO - 
[2026-03-23T01:03:51.287+0000] {subprocess.py:93} INFO - 2026-03-23 01:03:51,227 - __main__ - INFO - Stopping Spark session...
[2026-03-23T01:03:51.394+0000] {subprocess.py:93} INFO - 2026-03-23 01:03:51,393 - __main__ - CRITICAL - Fatal error: Could not clean output directory 'data/output/events/motor_policy' for sink 'raw-ok'. Original error: An error occurred while calling o70.save.
[2026-03-23T01:03:51.394+0000] {subprocess.py:93} INFO - : org.apache.spark.SparkException: Unable to clear output directory file:/app/data/output/events/motor_policy prior to writing to it.
[2026-03-23T01:03:51.394+0000] {subprocess.py:93} INFO - 	at org.apache.spark.sql.errors.QueryExecutionErrors$.cannotClearOutputDirectoryError(QueryExecutionErrors.scala:786)
[2026-03-23T01:03:51.394+0000] {subprocess.py:93} INFO - 	at org.apache.spark.sql.execution.datasources.InsertIntoHadoopFsRelationCommand.deleteMatchingPartitions(InsertIntoHadoopFsRelationCommand.scala:244)
[2026-03-23T01:03:51.395+0000] {subprocess.py:93} INFO - 	at org.apache.spark.sql.execution.datasources.InsertIntoHadoopFsRelationCommand.run(InsertIntoHadoopFsRelationCommand.scala:136)
[2026-03-23T01:03:51.395+0000] {subprocess.py:93} INFO - 	at org.apache.spark.sql.execution.command.DataWritingCommandExec.sideEffectResult$lzycompute(commands.scala:117)
[2026-03-23T01:03:51.395+0000] {subprocess.py:93} INFO - 	at org.apache.spark.sql.execution.command.DataWritingCommandExec.sideEffectResult(commands.scala:115)
[2026-03-23T01:03:51.395+0000] {subprocess.py:93} INFO - 	at org.apache.spark.sql.execution.command.DataWritingCommandExec.executeCollect(commands.scala:129)
[2026-03-23T01:03:51.395+0000] {subprocess.py:93} INFO - 	at org.apache.spark.sql.execution.QueryExecution.$anonfun$eagerlyExecuteCommands$2(QueryExecution.scala:155)
[2026-03-23T01:03:51.395+0000] {subprocess.py:93} INFO - 	at org.apache.spark.sql.execution.SQLExecution$.$anonfun$withNewExecutionId0$8(SQLExecution.scala:163)
[2026-03-23T01:03:51.395+0000] {subprocess.py:93} INFO - 	at org.apache.spark.sql.execution.SQLExecution$.withSessionTagsApplied(SQLExecution.scala:272)
[2026-03-23T01:03:51.395+0000] {subprocess.py:93} INFO - 	at org.apache.spark.sql.execution.SQLExecution$.$anonfun$withNewExecutionId0$7(SQLExecution.scala:125)
[2026-03-23T01:03:51.395+0000] {subprocess.py:93} INFO - 	at org.apache.spark.JobArtifactSet$.withActiveJobArtifactState(JobArtifactSet.scala:94)
[2026-03-23T01:03:51.396+0000] {subprocess.py:93} INFO - 	at org.apache.spark.sql.artifact.ArtifactManager.$anonfun$withResources$1(ArtifactManager.scala:112)
[2026-03-23T01:03:51.396+0000] {subprocess.py:93} INFO - 	at org.apache.spark.sql.artifact.ArtifactManager.withClassLoaderIfNeeded(ArtifactManager.scala:106)
[2026-03-23T01:03:51.396+0000] {subprocess.py:93} INFO - 	at org.apache.spark.sql.artifact.ArtifactManager.withResources(ArtifactManager.scala:111)
[2026-03-23T01:03:51.396+0000] {subprocess.py:93} INFO - 	at org.apache.spark.sql.execution.SQLExecution$.$anonfun$withNewExecutionId0$6(SQLExecution.scala:125)
[2026-03-23T01:03:51.396+0000] {subprocess.py:93} INFO - 	at org.apache.spark.sql.execution.SQLExecution$.withSQLConfPropagated(SQLExecution.scala:295)
[2026-03-23T01:03:51.396+0000] {subprocess.py:93} INFO - 	at org.apache.spark.sql.execution.SQLExecution$.$anonfun$withNewExecutionId0$1(SQLExecution.scala:124)
[2026-03-23T01:03:51.396+0000] {subprocess.py:93} INFO - 	at org.apache.spark.sql.SparkSession.withActive(SparkSession.scala:804)
[2026-03-23T01:03:51.396+0000] {subprocess.py:93} INFO - 	at org.apache.spark.sql.execution.SQLExecution$.withNewExecutionId0(SQLExecution.scala:78)
[2026-03-23T01:03:51.397+0000] {subprocess.py:93} INFO - 	at org.apache.spark.sql.execution.SQLExecution$.withNewExecutionId(SQLExecution.scala:237)
[2026-03-23T01:03:51.397+0000] {subprocess.py:93} INFO - 	at org.apache.spark.sql.execution.QueryExecution.$anonfun$eagerlyExecuteCommands$1(QueryExecution.scala:155)
[2026-03-23T01:03:51.397+0000] {subprocess.py:93} INFO - 	at org.apache.spark.sql.execution.QueryExecution$.withInternalError(QueryExecution.scala:654)
[2026-03-23T01:03:51.397+0000] {subprocess.py:93} INFO - 	at org.apache.spark.sql.execution.QueryExecution.org$apache$spark$sql$execution$QueryExecution$$eagerlyExecute$1(QueryExecution.scala:154)
[2026-03-23T01:03:51.397+0000] {subprocess.py:93} INFO - 	at org.apache.spark.sql.execution.QueryExecution$$anonfun$eagerlyExecuteCommands$3.applyOrElse(QueryExecution.scala:169)
[2026-03-23T01:03:51.397+0000] {subprocess.py:93} INFO - 	at org.apache.spark.sql.execution.QueryExecution$$anonfun$eagerlyExecuteCommands$3.applyOrElse(QueryExecution.scala:164)
[2026-03-23T01:03:51.397+0000] {subprocess.py:93} INFO - 	at org.apache.spark.sql.catalyst.trees.TreeNode.$anonfun$transformDownWithPruning$1(TreeNode.scala:470)
[2026-03-23T01:03:51.397+0000] {subprocess.py:93} INFO - 	at org.apache.spark.sql.catalyst.trees.CurrentOrigin$.withOrigin(origin.scala:86)
[2026-03-23T01:03:51.397+0000] {subprocess.py:93} INFO - 	at org.apache.spark.sql.catalyst.trees.TreeNode.transformDownWithPruning(TreeNode.scala:470)
[2026-03-23T01:03:51.398+0000] {subprocess.py:93} INFO - 	at org.apache.spark.sql.catalyst.plans.logical.LogicalPlan.org$apache$spark$sql$catalyst$plans$logical$AnalysisHelper$$super$transformDownWithPruning(LogicalPlan.scala:37)
[2026-03-23T01:03:51.398+0000] {subprocess.py:93} INFO - 	at org.apache.spark.sql.catalyst.plans.logical.AnalysisHelper.transformDownWithPruning(AnalysisHelper.scala:360)
[2026-03-23T01:03:51.398+0000] {subprocess.py:93} INFO - 	at org.apache.spark.sql.catalyst.plans.logical.AnalysisHelper.transformDownWithPruning$(AnalysisHelper.scala:356)
[2026-03-23T01:03:51.398+0000] {subprocess.py:93} INFO - 	at org.apache.spark.sql.catalyst.plans.logical.LogicalPlan.transformDownWithPruning(LogicalPlan.scala:37)
[2026-03-23T01:03:51.398+0000] {subprocess.py:93} INFO - 	at org.apache.spark.sql.catalyst.plans.logical.LogicalPlan.transformDownWithPruning(LogicalPlan.scala:37)
[2026-03-23T01:03:51.398+0000] {subprocess.py:93} INFO - 	at org.apache.spark.sql.catalyst.trees.TreeNode.transformDown(TreeNode.scala:446)
[2026-03-23T01:03:51.398+0000] {subprocess.py:93} INFO - 	at org.apache.spark.sql.execution.QueryExecution.eagerlyExecuteCommands(QueryExecution.scala:164)
[2026-03-23T01:03:51.398+0000] {subprocess.py:93} INFO - 	at org.apache.spark.sql.execution.QueryExecution.$anonfun$lazyCommandExecuted$1(QueryExecution.scala:126)
[2026-03-23T01:03:51.398+0000] {subprocess.py:93} INFO - 	at scala.util.Try$.apply(Try.scala:217)
[2026-03-23T01:03:51.399+0000] {subprocess.py:93} INFO - 	at org.apache.spark.util.Utils$.doTryWithCallerStacktrace(Utils.scala:1378)
[2026-03-23T01:03:51.399+0000] {subprocess.py:93} INFO - 	at org.apache.spark.util.Utils$.getTryWithCallerStacktrace(Utils.scala:1439)
[2026-03-23T01:03:51.399+0000] {subprocess.py:93} INFO - 	at org.apache.spark.util.LazyTry.get(LazyTry.scala:58)
[2026-03-23T01:03:51.399+0000] {subprocess.py:93} INFO - 	at org.apache.spark.sql.execution.QueryExecution.commandExecuted(QueryExecution.scala:131)
[2026-03-23T01:03:51.399+0000] {subprocess.py:93} INFO - 	at org.apache.spark.sql.execution.QueryExecution.assertCommandExecuted(QueryExecution.scala:192)
[2026-03-23T01:03:51.399+0000] {subprocess.py:93} INFO - 	at org.apache.spark.sql.classic.DataFrameWriter.runCommand(DataFrameWriter.scala:622)
[2026-03-23T01:03:51.399+0000] {subprocess.py:93} INFO - 	at org.apache.spark.sql.classic.DataFrameWriter.saveToV1Source(DataFrameWriter.scala:273)
[2026-03-23T01:03:51.399+0000] {subprocess.py:93} INFO - 	at org.apache.spark.sql.classic.DataFrameWriter.saveInternal(DataFrameWriter.scala:241)
[2026-03-23T01:03:51.399+0000] {subprocess.py:93} INFO - 	at org.apache.spark.sql.classic.DataFrameWriter.save(DataFrameWriter.scala:118)
[2026-03-23T01:03:51.400+0000] {subprocess.py:93} INFO - 	at java.base/jdk.internal.reflect.NativeMethodAccessorImpl.invoke0(Native Method)
[2026-03-23T01:03:51.400+0000] {subprocess.py:93} INFO - 	at java.base/jdk.internal.reflect.NativeMethodAccessorImpl.invoke(NativeMethodAccessorImpl.java:77)
[2026-03-23T01:03:51.400+0000] {subprocess.py:93} INFO - 	at java.base/jdk.internal.reflect.DelegatingMethodAccessorImpl.invoke(DelegatingMethodAccessorImpl.java:43)
[2026-03-23T01:03:51.400+0000] {subprocess.py:93} INFO - 	at java.base/java.lang.reflect.Method.invoke(Method.java:569)
[2026-03-23T01:03:51.400+0000] {subprocess.py:93} INFO - 	at py4j.reflection.MethodInvoker.invoke(MethodInvoker.java:244)
[2026-03-23T01:03:51.400+0000] {subprocess.py:93} INFO - 	at py4j.reflection.ReflectionEngine.invoke(ReflectionEngine.java:374)
[2026-03-23T01:03:51.400+0000] {subprocess.py:93} INFO - 	at py4j.Gateway.invoke(Gateway.java:282)
[2026-03-23T01:03:51.400+0000] {subprocess.py:93} INFO - 	at py4j.commands.AbstractCommand.invokeMethod(AbstractCommand.java:132)
[2026-03-23T01:03:51.400+0000] {subprocess.py:93} INFO - 	at py4j.commands.CallCommand.execute(CallCommand.java:79)
[2026-03-23T01:03:51.401+0000] {subprocess.py:93} INFO - 	at py4j.ClientServerConnection.waitForCommands(ClientServerConnection.java:184)
[2026-03-23T01:03:51.401+0000] {subprocess.py:93} INFO - 	at py4j.ClientServerConnection.run(ClientServerConnection.java:108)
[2026-03-23T01:03:51.401+0000] {subprocess.py:93} INFO - 	at java.base/java.lang.Thread.run(Thread.java:840)
[2026-03-23T01:03:51.401+0000] {subprocess.py:93} INFO - 	Suppressed: org.apache.spark.util.Utils$OriginalTryStackTraceException: Full stacktrace of original doTryWithCallerStacktrace caller
[2026-03-23T01:03:51.401+0000] {subprocess.py:93} INFO - 		at org.apache.spark.sql.errors.QueryExecutionErrors$.cannotClearOutputDirectoryError(QueryExecutionErrors.scala:786)
[2026-03-23T01:03:51.401+0000] {subprocess.py:93} INFO - 		at org.apache.spark.sql.execution.datasources.InsertIntoHadoopFsRelationCommand.deleteMatchingPartitions(InsertIntoHadoopFsRelationCommand.scala:244)
[2026-03-23T01:03:51.401+0000] {subprocess.py:93} INFO - 		at org.apache.spark.sql.execution.datasources.InsertIntoHadoopFsRelationCommand.run(InsertIntoHadoopFsRelationCommand.scala:136)
[2026-03-23T01:03:51.401+0000] {subprocess.py:93} INFO - 		at org.apache.spark.sql.execution.command.DataWritingCommandExec.sideEffectResult$lzycompute(commands.scala:117)
[2026-03-23T01:03:51.401+0000] {subprocess.py:93} INFO - 		at org.apache.spark.sql.execution.command.DataWritingCommandExec.sideEffectResult(commands.scala:115)
[2026-03-23T01:03:51.402+0000] {subprocess.py:93} INFO - 		at org.apache.spark.sql.execution.command.DataWritingCommandExec.executeCollect(commands.scala:129)
[2026-03-23T01:03:51.402+0000] {subprocess.py:93} INFO - 		at org.apache.spark.sql.execution.QueryExecution.$anonfun$eagerlyExecuteCommands$2(QueryExecution.scala:155)
[2026-03-23T01:03:51.402+0000] {subprocess.py:93} INFO - 		at org.apache.spark.sql.execution.SQLExecution$.$anonfun$withNewExecutionId0$8(SQLExecution.scala:163)
[2026-03-23T01:03:51.402+0000] {subprocess.py:93} INFO - 		at org.apache.spark.sql.execution.SQLExecution$.withSessionTagsApplied(SQLExecution.scala:272)
[2026-03-23T01:03:51.402+0000] {subprocess.py:93} INFO - 		at org.apache.spark.sql.execution.SQLExecution$.$anonfun$withNewExecutionId0$7(SQLExecution.scala:125)
[2026-03-23T01:03:51.402+0000] {subprocess.py:93} INFO - 		at org.apache.spark.JobArtifactSet$.withActiveJobArtifactState(JobArtifactSet.scala:94)
[2026-03-23T01:03:51.402+0000] {subprocess.py:93} INFO - 		at org.apache.spark.sql.artifact.ArtifactManager.$anonfun$withResources$1(ArtifactManager.scala:112)
[2026-03-23T01:03:51.402+0000] {subprocess.py:93} INFO - 		at org.apache.spark.sql.artifact.ArtifactManager.withClassLoaderIfNeeded(ArtifactManager.scala:106)
[2026-03-23T01:03:51.402+0000] {subprocess.py:93} INFO - 		at org.apache.spark.sql.artifact.ArtifactManager.withResources(ArtifactManager.scala:111)
[2026-03-23T01:03:51.403+0000] {subprocess.py:93} INFO - 		at org.apache.spark.sql.execution.SQLExecution$.$anonfun$withNewExecutionId0$6(SQLExecution.scala:125)
[2026-03-23T01:03:51.403+0000] {subprocess.py:93} INFO - 		at org.apache.spark.sql.execution.SQLExecution$.withSQLConfPropagated(SQLExecution.scala:295)
[2026-03-23T01:03:51.403+0000] {subprocess.py:93} INFO - 		at org.apache.spark.sql.execution.SQLExecution$.$anonfun$withNewExecutionId0$1(SQLExecution.scala:124)
[2026-03-23T01:03:51.403+0000] {subprocess.py:93} INFO - 		at org.apache.spark.sql.SparkSession.withActive(SparkSession.scala:804)
[2026-03-23T01:03:51.403+0000] {subprocess.py:93} INFO - 		at org.apache.spark.sql.execution.SQLExecution$.withNewExecutionId0(SQLExecution.scala:78)
[2026-03-23T01:03:51.403+0000] {subprocess.py:93} INFO - 		at org.apache.spark.sql.execution.SQLExecution$.withNewExecutionId(SQLExecution.scala:237)
[2026-03-23T01:03:51.403+0000] {subprocess.py:93} INFO - 		at org.apache.spark.sql.execution.QueryExecution.$anonfun$eagerlyExecuteCommands$1(QueryExecution.scala:155)
[2026-03-23T01:03:51.403+0000] {subprocess.py:93} INFO - 		at org.apache.spark.sql.execution.QueryExecution$.withInternalError(QueryExecution.scala:654)
[2026-03-23T01:03:51.404+0000] {subprocess.py:93} INFO - 		at org.apache.spark.sql.execution.QueryExecution.org$apache$spark$sql$execution$QueryExecution$$eagerlyExecute$1(QueryExecution.scala:154)
[2026-03-23T01:03:51.404+0000] {subprocess.py:93} INFO - 		at org.apache.spark.sql.execution.QueryExecution$$anonfun$eagerlyExecuteCommands$3.applyOrElse(QueryExecution.scala:169)
[2026-03-23T01:03:51.404+0000] {subprocess.py:93} INFO - 		at org.apache.spark.sql.execution.QueryExecution$$anonfun$eagerlyExecuteCommands$3.applyOrElse(QueryExecution.scala:164)
[2026-03-23T01:03:51.404+0000] {subprocess.py:93} INFO - 		at org.apache.spark.sql.catalyst.trees.TreeNode.$anonfun$transformDownWithPruning$1(TreeNode.scala:470)
[2026-03-23T01:03:51.404+0000] {subprocess.py:93} INFO - 		at org.apache.spark.sql.catalyst.trees.CurrentOrigin$.withOrigin(origin.scala:86)
[2026-03-23T01:03:51.404+0000] {subprocess.py:93} INFO - 		at org.apache.spark.sql.catalyst.trees.TreeNode.transformDownWithPruning(TreeNode.scala:470)
[2026-03-23T01:03:51.404+0000] {subprocess.py:93} INFO - 		at org.apache.spark.sql.catalyst.plans.logical.LogicalPlan.org$apache$spark$sql$catalyst$plans$logical$AnalysisHelper$$super$transformDownWithPruning(LogicalPlan.scala:37)
[2026-03-23T01:03:51.404+0000] {subprocess.py:93} INFO - 		at org.apache.spark.sql.catalyst.plans.logical.AnalysisHelper.transformDownWithPruning(AnalysisHelper.scala:360)
[2026-03-23T01:03:51.404+0000] {subprocess.py:93} INFO - 		at org.apache.spark.sql.catalyst.plans.logical.AnalysisHelper.transformDownWithPruning$(AnalysisHelper.scala:356)
[2026-03-23T01:03:51.405+0000] {subprocess.py:93} INFO - 		at org.apache.spark.sql.catalyst.plans.logical.LogicalPlan.transformDownWithPruning(LogicalPlan.scala:37)
[2026-03-23T01:03:51.405+0000] {subprocess.py:93} INFO - 		at org.apache.spark.sql.catalyst.plans.logical.LogicalPlan.transformDownWithPruning(LogicalPlan.scala:37)
[2026-03-23T01:03:51.405+0000] {subprocess.py:93} INFO - 		at org.apache.spark.sql.catalyst.trees.TreeNode.transformDown(TreeNode.scala:446)
[2026-03-23T01:03:51.405+0000] {subprocess.py:93} INFO - 		at org.apache.spark.sql.execution.QueryExecution.eagerlyExecuteCommands(QueryExecution.scala:164)
[2026-03-23T01:03:51.405+0000] {subprocess.py:93} INFO - 		at org.apache.spark.sql.execution.QueryExecution.$anonfun$lazyCommandExecuted$1(QueryExecution.scala:126)
[2026-03-23T01:03:51.405+0000] {subprocess.py:93} INFO - 		at scala.util.Try$.apply(Try.scala:217)
[2026-03-23T01:03:51.405+0000] {subprocess.py:93} INFO - 		at org.apache.spark.util.Utils$.doTryWithCallerStacktrace(Utils.scala:1378)
[2026-03-23T01:03:51.405+0000] {subprocess.py:93} INFO - 		at org.apache.spark.util.LazyTry.tryT$lzycompute(LazyTry.scala:46)
[2026-03-23T01:03:51.406+0000] {subprocess.py:93} INFO - 		at org.apache.spark.util.LazyTry.tryT(LazyTry.scala:46)
[2026-03-23T01:03:51.406+0000] {subprocess.py:93} INFO - 		... 19 more
[2026-03-23T01:03:51.406+0000] {subprocess.py:93} INFO - 
[2026-03-23T01:03:51.406+0000] {subprocess.py:93} INFO - Pipeline execution failed: Could not clean output directory 'data/output/events/motor_policy' for sink 'raw-ok'. Original error: An error occurred while calling o70.save.
[2026-03-23T01:03:51.406+0000] {subprocess.py:93} INFO - : org.apache.spark.SparkException: Unable to clear output directory file:/app/data/output/events/motor_policy prior to writing to it.
[2026-03-23T01:03:51.406+0000] {subprocess.py:93} INFO - 	at org.apache.spark.sql.errors.QueryExecutionErrors$.cannotClearOutputDirectoryError(QueryExecutionErrors.scala:786)
[2026-03-23T01:03:51.406+0000] {subprocess.py:93} INFO - 	at org.apache.spark.sql.execution.datasources.InsertIntoHadoopFsRelationCommand.deleteMatchingPartitions(InsertIntoHadoopFsRelationCommand.scala:244)
[2026-03-23T01:03:51.406+0000] {subprocess.py:93} INFO - 	at org.apache.spark.sql.execution.datasources.InsertIntoHadoopFsRelationCommand.run(InsertIntoHadoopFsRelationCommand.scala:136)
[2026-03-23T01:03:51.406+0000] {subprocess.py:93} INFO - 	at org.apache.spark.sql.execution.command.DataWritingCommandExec.sideEffectResult$lzycompute(commands.scala:117)
[2026-03-23T01:03:51.407+0000] {subprocess.py:93} INFO - 	at org.apache.spark.sql.execution.command.DataWritingCommandExec.sideEffectResult(commands.scala:115)
[2026-03-23T01:03:51.407+0000] {subprocess.py:93} INFO - 	at org.apache.spark.sql.execution.command.DataWritingCommandExec.executeCollect(commands.scala:129)
[2026-03-23T01:03:51.407+0000] {subprocess.py:93} INFO - 	at org.apache.spark.sql.execution.QueryExecution.$anonfun$eagerlyExecuteCommands$2(QueryExecution.scala:155)
[2026-03-23T01:03:51.407+0000] {subprocess.py:93} INFO - 	at org.apache.spark.sql.execution.SQLExecution$.$anonfun$withNewExecutionId0$8(SQLExecution.scala:163)
[2026-03-23T01:03:51.407+0000] {subprocess.py:93} INFO - 	at org.apache.spark.sql.execution.SQLExecution$.withSessionTagsApplied(SQLExecution.scala:272)
[2026-03-23T01:03:51.407+0000] {subprocess.py:93} INFO - 	at org.apache.spark.sql.execution.SQLExecution$.$anonfun$withNewExecutionId0$7(SQLExecution.scala:125)
[2026-03-23T01:03:51.407+0000] {subprocess.py:93} INFO - 	at org.apache.spark.JobArtifactSet$.withActiveJobArtifactState(JobArtifactSet.scala:94)
[2026-03-23T01:03:51.407+0000] {subprocess.py:93} INFO - 	at org.apache.spark.sql.artifact.ArtifactManager.$anonfun$withResources$1(ArtifactManager.scala:112)
[2026-03-23T01:03:51.408+0000] {subprocess.py:93} INFO - 	at org.apache.spark.sql.artifact.ArtifactManager.withClassLoaderIfNeeded(ArtifactManager.scala:106)
[2026-03-23T01:03:51.408+0000] {subprocess.py:93} INFO - 	at org.apache.spark.sql.artifact.ArtifactManager.withResources(ArtifactManager.scala:111)
[2026-03-23T01:03:51.408+0000] {subprocess.py:93} INFO - 	at org.apache.spark.sql.execution.SQLExecution$.$anonfun$withNewExecutionId0$6(SQLExecution.scala:125)
[2026-03-23T01:03:51.408+0000] {subprocess.py:93} INFO - 	at org.apache.spark.sql.execution.SQLExecution$.withSQLConfPropagated(SQLExecution.scala:295)
[2026-03-23T01:03:51.408+0000] {subprocess.py:93} INFO - 	at org.apache.spark.sql.execution.SQLExecution$.$anonfun$withNewExecutionId0$1(SQLExecution.scala:124)
[2026-03-23T01:03:51.408+0000] {subprocess.py:93} INFO - 	at org.apache.spark.sql.SparkSession.withActive(SparkSession.scala:804)
[2026-03-23T01:03:51.408+0000] {subprocess.py:93} INFO - 	at org.apache.spark.sql.execution.SQLExecution$.withNewExecutionId0(SQLExecution.scala:78)
[2026-03-23T01:03:51.408+0000] {subprocess.py:93} INFO - 	at org.apache.spark.sql.execution.SQLExecution$.withNewExecutionId(SQLExecution.scala:237)
[2026-03-23T01:03:51.409+0000] {subprocess.py:93} INFO - 	at org.apache.spark.sql.execution.QueryExecution.$anonfun$eagerlyExecuteCommands$1(QueryExecution.scala:155)
[2026-03-23T01:03:51.409+0000] {subprocess.py:93} INFO - 	at org.apache.spark.sql.execution.QueryExecution$.withInternalError(QueryExecution.scala:654)
[2026-03-23T01:03:51.409+0000] {subprocess.py:93} INFO - 	at org.apache.spark.sql.execution.QueryExecution.org$apache$spark$sql$execution$QueryExecution$$eagerlyExecute$1(QueryExecution.scala:154)
[2026-03-23T01:03:51.409+0000] {subprocess.py:93} INFO - 	at org.apache.spark.sql.execution.QueryExecution$$anonfun$eagerlyExecuteCommands$3.applyOrElse(QueryExecution.scala:169)
[2026-03-23T01:03:51.409+0000] {subprocess.py:93} INFO - 	at org.apache.spark.sql.execution.QueryExecution$$anonfun$eagerlyExecuteCommands$3.applyOrElse(QueryExecution.scala:164)
[2026-03-23T01:03:51.409+0000] {subprocess.py:93} INFO - 	at org.apache.spark.sql.catalyst.trees.TreeNode.$anonfun$transformDownWithPruning$1(TreeNode.scala:470)
[2026-03-23T01:03:51.409+0000] {subprocess.py:93} INFO - 	at org.apache.spark.sql.catalyst.trees.CurrentOrigin$.withOrigin(origin.scala:86)
[2026-03-23T01:03:51.409+0000] {subprocess.py:93} INFO - 	at org.apache.spark.sql.catalyst.trees.TreeNode.transformDownWithPruning(TreeNode.scala:470)
[2026-03-23T01:03:51.410+0000] {subprocess.py:93} INFO - 	at org.apache.spark.sql.catalyst.plans.logical.LogicalPlan.org$apache$spark$sql$catalyst$plans$logical$AnalysisHelper$$super$transformDownWithPruning(LogicalPlan.scala:37)
[2026-03-23T01:03:51.410+0000] {subprocess.py:93} INFO - 	at org.apache.spark.sql.catalyst.plans.logical.AnalysisHelper.transformDownWithPruning(AnalysisHelper.scala:360)
[2026-03-23T01:03:51.410+0000] {subprocess.py:93} INFO - 	at org.apache.spark.sql.catalyst.plans.logical.AnalysisHelper.transformDownWithPruning$(AnalysisHelper.scala:356)
[2026-03-23T01:03:51.410+0000] {subprocess.py:93} INFO - 	at org.apache.spark.sql.catalyst.plans.logical.LogicalPlan.transformDownWithPruning(LogicalPlan.scala:37)
[2026-03-23T01:03:51.410+0000] {subprocess.py:93} INFO - 	at org.apache.spark.sql.catalyst.plans.logical.LogicalPlan.transformDownWithPruning(LogicalPlan.scala:37)
[2026-03-23T01:03:51.410+0000] {subprocess.py:93} INFO - 	at org.apache.spark.sql.catalyst.trees.TreeNode.transformDown(TreeNode.scala:446)
[2026-03-23T01:03:51.410+0000] {subprocess.py:93} INFO - 	at org.apache.spark.sql.execution.QueryExecution.eagerlyExecuteCommands(QueryExecution.scala:164)
[2026-03-23T01:03:51.410+0000] {subprocess.py:93} INFO - 	at org.apache.spark.sql.execution.QueryExecution.$anonfun$lazyCommandExecuted$1(QueryExecution.scala:126)
[2026-03-23T01:03:51.411+0000] {subprocess.py:93} INFO - 	at scala.util.Try$.apply(Try.scala:217)
[2026-03-23T01:03:51.411+0000] {subprocess.py:93} INFO - 	at org.apache.spark.util.Utils$.doTryWithCallerStacktrace(Utils.scala:1378)
[2026-03-23T01:03:51.411+0000] {subprocess.py:93} INFO - 	at org.apache.spark.util.Utils$.getTryWithCallerStacktrace(Utils.scala:1439)
[2026-03-23T01:03:51.411+0000] {subprocess.py:93} INFO - 	at org.apache.spark.util.LazyTry.get(LazyTry.scala:58)
[2026-03-23T01:03:51.411+0000] {subprocess.py:93} INFO - 	at org.apache.spark.sql.execution.QueryExecution.commandExecuted(QueryExecution.scala:131)
[2026-03-23T01:03:51.411+0000] {subprocess.py:93} INFO - 	at org.apache.spark.sql.execution.QueryExecution.assertCommandExecuted(QueryExecution.scala:192)
[2026-03-23T01:03:51.411+0000] {subprocess.py:93} INFO - 	at org.apache.spark.sql.classic.DataFrameWriter.runCommand(DataFrameWriter.scala:622)
[2026-03-23T01:03:51.411+0000] {subprocess.py:93} INFO - 	at org.apache.spark.sql.classic.DataFrameWriter.saveToV1Source(DataFrameWriter.scala:273)
[2026-03-23T01:03:51.412+0000] {subprocess.py:93} INFO - 	at org.apache.spark.sql.classic.DataFrameWriter.saveInternal(DataFrameWriter.scala:241)
[2026-03-23T01:03:51.412+0000] {subprocess.py:93} INFO - 	at org.apache.spark.sql.classic.DataFrameWriter.save(DataFrameWriter.scala:118)
[2026-03-23T01:03:51.412+0000] {subprocess.py:93} INFO - 	at java.base/jdk.internal.reflect.NativeMethodAccessorImpl.invoke0(Native Method)
[2026-03-23T01:03:51.412+0000] {subprocess.py:93} INFO - 	at java.base/jdk.internal.reflect.NativeMethodAccessorImpl.invoke(NativeMethodAccessorImpl.java:77)
[2026-03-23T01:03:51.412+0000] {subprocess.py:93} INFO - 	at java.base/jdk.internal.reflect.DelegatingMethodAccessorImpl.invoke(DelegatingMethodAccessorImpl.java:43)
[2026-03-23T01:03:51.412+0000] {subprocess.py:93} INFO - 	at java.base/java.lang.reflect.Method.invoke(Method.java:569)
[2026-03-23T01:03:51.412+0000] {subprocess.py:93} INFO - 	at py4j.reflection.MethodInvoker.invoke(MethodInvoker.java:244)
[2026-03-23T01:03:51.413+0000] {subprocess.py:93} INFO - 	at py4j.reflection.ReflectionEngine.invoke(ReflectionEngine.java:374)
[2026-03-23T01:03:51.413+0000] {subprocess.py:93} INFO - 	at py4j.Gateway.invoke(Gateway.java:282)
[2026-03-23T01:03:51.413+0000] {subprocess.py:93} INFO - 	at py4j.commands.AbstractCommand.invokeMethod(AbstractCommand.java:132)
[2026-03-23T01:03:51.413+0000] {subprocess.py:93} INFO - 	at py4j.commands.CallCommand.execute(CallCommand.java:79)
[2026-03-23T01:03:51.413+0000] {subprocess.py:93} INFO - 	at py4j.ClientServerConnection.waitForCommands(ClientServerConnection.java:184)
[2026-03-23T01:03:51.413+0000] {subprocess.py:93} INFO - 	at py4j.ClientServerConnection.run(ClientServerConnection.java:108)
[2026-03-23T01:03:51.413+0000] {subprocess.py:93} INFO - 	at java.base/java.lang.Thread.run(Thread.java:840)
[2026-03-23T01:03:51.413+0000] {subprocess.py:93} INFO - 	Suppressed: org.apache.spark.util.Utils$OriginalTryStackTraceException: Full stacktrace of original doTryWithCallerStacktrace caller
[2026-03-23T01:03:51.414+0000] {subprocess.py:93} INFO - 		at org.apache.spark.sql.errors.QueryExecutionErrors$.cannotClearOutputDirectoryError(QueryExecutionErrors.scala:786)
[2026-03-23T01:03:51.414+0000] {subprocess.py:93} INFO - 		at org.apache.spark.sql.execution.datasources.InsertIntoHadoopFsRelationCommand.deleteMatchingPartitions(InsertIntoHadoopFsRelationCommand.scala:244)
[2026-03-23T01:03:51.414+0000] {subprocess.py:93} INFO - 		at org.apache.spark.sql.execution.datasources.InsertIntoHadoopFsRelationCommand.run(InsertIntoHadoopFsRelationCommand.scala:136)
[2026-03-23T01:03:51.414+0000] {subprocess.py:93} INFO - 		at org.apache.spark.sql.execution.command.DataWritingCommandExec.sideEffectResult$lzycompute(commands.scala:117)
[2026-03-23T01:03:51.414+0000] {subprocess.py:93} INFO - 		at org.apache.spark.sql.execution.command.DataWritingCommandExec.sideEffectResult(commands.scala:115)
[2026-03-23T01:03:51.414+0000] {subprocess.py:93} INFO - 		at org.apache.spark.sql.execution.command.DataWritingCommandExec.executeCollect(commands.scala:129)
[2026-03-23T01:03:51.414+0000] {subprocess.py:93} INFO - 		at org.apache.spark.sql.execution.QueryExecution.$anonfun$eagerlyExecuteCommands$2(QueryExecution.scala:155)
[2026-03-23T01:03:51.415+0000] {subprocess.py:93} INFO - 		at org.apache.spark.sql.execution.SQLExecution$.$anonfun$withNewExecutionId0$8(SQLExecution.scala:163)
[2026-03-23T01:03:51.415+0000] {subprocess.py:93} INFO - 		at org.apache.spark.sql.execution.SQLExecution$.withSessionTagsApplied(SQLExecution.scala:272)
[2026-03-23T01:03:51.415+0000] {subprocess.py:93} INFO - 		at org.apache.spark.sql.execution.SQLExecution$.$anonfun$withNewExecutionId0$7(SQLExecution.scala:125)
[2026-03-23T01:03:51.415+0000] {subprocess.py:93} INFO - 		at org.apache.spark.JobArtifactSet$.withActiveJobArtifactState(JobArtifactSet.scala:94)
[2026-03-23T01:03:51.415+0000] {subprocess.py:93} INFO - 		at org.apache.spark.sql.artifact.ArtifactManager.$anonfun$withResources$1(ArtifactManager.scala:112)
[2026-03-23T01:03:51.415+0000] {subprocess.py:93} INFO - 		at org.apache.spark.sql.artifact.ArtifactManager.withClassLoaderIfNeeded(ArtifactManager.scala:106)
[2026-03-23T01:03:51.415+0000] {subprocess.py:93} INFO - 		at org.apache.spark.sql.artifact.ArtifactManager.withResources(ArtifactManager.scala:111)
[2026-03-23T01:03:51.415+0000] {subprocess.py:93} INFO - 		at org.apache.spark.sql.execution.SQLExecution$.$anonfun$withNewExecutionId0$6(SQLExecution.scala:125)
[2026-03-23T01:03:51.416+0000] {subprocess.py:93} INFO - 		at org.apache.spark.sql.execution.SQLExecution$.withSQLConfPropagated(SQLExecution.scala:295)
[2026-03-23T01:03:51.416+0000] {subprocess.py:93} INFO - 		at org.apache.spark.sql.execution.SQLExecution$.$anonfun$withNewExecutionId0$1(SQLExecution.scala:124)
[2026-03-23T01:03:51.416+0000] {subprocess.py:93} INFO - 		at org.apache.spark.sql.SparkSession.withActive(SparkSession.scala:804)
[2026-03-23T01:03:51.416+0000] {subprocess.py:93} INFO - 		at org.apache.spark.sql.execution.SQLExecution$.withNewExecutionId0(SQLExecution.scala:78)
[2026-03-23T01:03:51.416+0000] {subprocess.py:93} INFO - 		at org.apache.spark.sql.execution.SQLExecution$.withNewExecutionId(SQLExecution.scala:237)
[2026-03-23T01:03:51.416+0000] {subprocess.py:93} INFO - 		at org.apache.spark.sql.execution.QueryExecution.$anonfun$eagerlyExecuteCommands$1(QueryExecution.scala:155)
[2026-03-23T01:03:51.416+0000] {subprocess.py:93} INFO - 		at org.apache.spark.sql.execution.QueryExecution$.withInternalError(QueryExecution.scala:654)
[2026-03-23T01:03:51.416+0000] {subprocess.py:93} INFO - 		at org.apache.spark.sql.execution.QueryExecution.org$apache$spark$sql$execution$QueryExecution$$eagerlyExecute$1(QueryExecution.scala:154)
[2026-03-23T01:03:51.417+0000] {subprocess.py:93} INFO - 		at org.apache.spark.sql.execution.QueryExecution$$anonfun$eagerlyExecuteCommands$3.applyOrElse(QueryExecution.scala:169)
[2026-03-23T01:03:51.417+0000] {subprocess.py:93} INFO - 		at org.apache.spark.sql.execution.QueryExecution$$anonfun$eagerlyExecuteCommands$3.applyOrElse(QueryExecution.scala:164)
[2026-03-23T01:03:51.417+0000] {subprocess.py:93} INFO - 		at org.apache.spark.sql.catalyst.trees.TreeNode.$anonfun$transformDownWithPruning$1(TreeNode.scala:470)
[2026-03-23T01:03:51.417+0000] {subprocess.py:93} INFO - 		at org.apache.spark.sql.catalyst.trees.CurrentOrigin$.withOrigin(origin.scala:86)
[2026-03-23T01:03:51.417+0000] {subprocess.py:93} INFO - 		at org.apache.spark.sql.catalyst.trees.TreeNode.transformDownWithPruning(TreeNode.scala:470)
[2026-03-23T01:03:51.417+0000] {subprocess.py:93} INFO - 		at org.apache.spark.sql.catalyst.plans.logical.LogicalPlan.org$apache$spark$sql$catalyst$plans$logical$AnalysisHelper$$super$transformDownWithPruning(LogicalPlan.scala:37)
[2026-03-23T01:03:51.417+0000] {subprocess.py:93} INFO - 		at org.apache.spark.sql.catalyst.plans.logical.AnalysisHelper.transformDownWithPruning(AnalysisHelper.scala:360)
[2026-03-23T01:03:51.417+0000] {subprocess.py:93} INFO - 		at org.apache.spark.sql.catalyst.plans.logical.AnalysisHelper.transformDownWithPruning$(AnalysisHelper.scala:356)
[2026-03-23T01:03:51.418+0000] {subprocess.py:93} INFO - 		at org.apache.spark.sql.catalyst.plans.logical.LogicalPlan.transformDownWithPruning(LogicalPlan.scala:37)
[2026-03-23T01:03:51.418+0000] {subprocess.py:93} INFO - 		at org.apache.spark.sql.catalyst.plans.logical.LogicalPlan.transformDownWithPruning(LogicalPlan.scala:37)
[2026-03-23T01:03:51.418+0000] {subprocess.py:93} INFO - 		at org.apache.spark.sql.catalyst.trees.TreeNode.transformDown(TreeNode.scala:446)
[2026-03-23T01:03:51.418+0000] {subprocess.py:93} INFO - 		at org.apache.spark.sql.execution.QueryExecution.eagerlyExecuteCommands(QueryExecution.scala:164)
[2026-03-23T01:03:51.418+0000] {subprocess.py:93} INFO - 		at org.apache.spark.sql.execution.QueryExecution.$anonfun$lazyCommandExecuted$1(QueryExecution.scala:126)
[2026-03-23T01:03:51.418+0000] {subprocess.py:93} INFO - 		at scala.util.Try$.apply(Try.scala:217)
[2026-03-23T01:03:51.418+0000] {subprocess.py:93} INFO - 		at org.apache.spark.util.Utils$.doTryWithCallerStacktrace(Utils.scala:1378)
[2026-03-23T01:03:51.419+0000] {subprocess.py:93} INFO - 		at org.apache.spark.util.LazyTry.tryT$lzycompute(LazyTry.scala:46)
[2026-03-23T01:03:51.419+0000] {subprocess.py:93} INFO - 		at org.apache.spark.util.LazyTry.tryT(LazyTry.scala:46)
[2026-03-23T01:03:51.419+0000] {subprocess.py:93} INFO - 		... 19 more
[2026-03-23T01:03:51.419+0000] {subprocess.py:93} INFO - 
[2026-03-23T01:03:51.900+0000] {subprocess.py:93} INFO - 
[2026-03-23T01:03:51.900+0000] {subprocess.py:93} INFO - Pipeline execution completed with exit code: 1
[2026-03-23T01:03:51.900+0000] {subprocess.py:93} INFO - ✗ Pipeline failed with errors (see logs above)
[2026-03-23T01:03:51.900+0000] {subprocess.py:97} INFO - Command exited with return code 1
[2026-03-23T01:03:51.919+0000] {taskinstance.py:1937} ERROR - Task failed with exception
Traceback (most recent call last):
  File "/home/airflow/.local/lib/python3.9/site-packages/airflow/operators/bash.py", line 210, in execute
    raise AirflowException(
airflow.exceptions.AirflowException: Bash command failed. The command returned a non-zero exit code 1.
[2026-03-23T01:03:51.922+0000] {taskinstance.py:1400} INFO - Marking task as UP_FOR_RETRY. dag_id=dynamic_spark_pipeline, task_id=run_pipeline, execution_date=20260321T020000, start_date=20260323T010336, end_date=20260323T010351
[2026-03-23T01:03:51.940+0000] {standard_task_runner.py:104} ERROR - Failed to execute job 7 for task run_pipeline (Bash command failed. The command returned a non-zero exit code 1.; 506)
[2026-03-23T01:03:51.958+0000] {local_task_job_runner.py:228} INFO - Task exited with return code 1
[2026-03-23T01:03:51.998+0000] {taskinstance.py:2778} INFO - 0 downstream tasks scheduled from follow-on schedule check
[2026-03-23T01:04:06.538+0000] {taskinstance.py:1159} INFO - Dependencies all met for dep_context=non-requeueable deps ti=<TaskInstance: dynamic_spark_pipeline.run_pipeline scheduled__2026-03-21T02:00:00+00:00 [queued]>
[2026-03-23T01:04:06.551+0000] {taskinstance.py:1159} INFO - Dependencies all met for dep_context=requeueable deps ti=<TaskInstance: dynamic_spark_pipeline.run_pipeline scheduled__2026-03-21T02:00:00+00:00 [queued]>
[2026-03-23T01:04:06.552+0000] {taskinstance.py:1361} INFO - Starting attempt 1 of 3
[2026-03-23T01:04:06.575+0000] {taskinstance.py:1382} INFO - Executing <Task(BashOperator): run_pipeline> on 2026-03-21 02:00:00+00:00
[2026-03-23T01:04:06.580+0000] {standard_task_runner.py:57} INFO - Started process 766 to run task
[2026-03-23T01:04:06.583+0000] {standard_task_runner.py:84} INFO - Running: ['***', 'tasks', 'run', 'dynamic_spark_pipeline', 'run_pipeline', 'scheduled__2026-03-21T02:00:00+00:00', '--job-id', '9', '--raw', '--subdir', 'DAGS_FOLDER/dynamic_spark_pipeline_dag.py', '--cfg-path', '/tmp/tmpoo6axr4u']
[2026-03-23T01:04:06.586+0000] {standard_task_runner.py:85} INFO - Job 9: Subtask run_pipeline
[2026-03-23T01:04:06.687+0000] {task_command.py:416} INFO - Running <TaskInstance: dynamic_spark_pipeline.run_pipeline scheduled__2026-03-21T02:00:00+00:00 [running]> on host d3aa02c6c3fd
[2026-03-23T01:04:06.832+0000] {taskinstance.py:1662} INFO - Exporting env vars: AIRFLOW_CTX_DAG_OWNER='Nasredine Ouelseti' AIRFLOW_CTX_DAG_ID='dynamic_spark_pipeline' AIRFLOW_CTX_TASK_ID='run_pipeline' AIRFLOW_CTX_EXECUTION_DATE='2026-03-21T02:00:00+00:00' AIRFLOW_CTX_TRY_NUMBER='1' AIRFLOW_CTX_DAG_RUN_ID='scheduled__2026-03-21T02:00:00+00:00'
[2026-03-23T01:04:06.833+0000] {subprocess.py:63} INFO - Tmp dir root location: /tmp
[2026-03-23T01:04:06.833+0000] {subprocess.py:75} INFO - Running command: ['/bin/bash', '-c', '\nset -e\n\necho "Starting Spark pipeline execution..."\necho "Configuration: /app/metadata/config.json"\necho "Data path: /app/data"\necho "Script: /app/src/main.py"\necho "Log path: /app/***/logs/pipeline"\n\n# Pre-create critical directories with proper error handling\necho "Preparing directories..."\nLOG_DIR_BACKUP="/tmp/***_logs"\n\n# Try to create log directory with primary path\nif mkdir -p "/app/***/logs/pipeline" 2>/dev/null && touch "/app/***/logs/pipeline/.write_test" 2>/dev/null; then\n    echo "✓ Using primary log path: /app/***/logs/pipeline"\n    rm -f "/app/***/logs/pipeline/.write_test"\nelse\n    echo "⚠ Primary log path not writable, using backup: $LOG_DIR_BACKUP"\n    mkdir -p "$LOG_DIR_BACKUP"\n    mkdir -p "/app/data/output" 2>/dev/null || true\nfi\n\n# Create data output directory (non-critical)\nmkdir -p "/app/data/output" 2>/dev/null || echo "⚠ Warning: Could not create data output directory"\n\n# Clean up old output files to prevent Spark OVERWRITE permission issues\necho "Cleaning previous output..."\nif [ -d "/app/data/output" ]; then\n    # Ensure we can delete all files by fixing permissions first\n    chmod -R 777 "/app/data/output" 2>/dev/null || true\n    # Remove entire output tree and recreate\n    rm -rf "/app/data/output" 2>/dev/null && echo "  ✓ Cleaned /app/data/output" || echo "  ⚠ Partial cleanup of /app/data/output"\nfi\n# Recreate clean output directory structure\nmkdir -p "/app/data/output/events" 2>/dev/null || true\nmkdir -p "/app/data/output/discards" 2>/dev/null || true\nchmod -R 777 "/app/data/output" 2>/dev/null || true\n\n# Set effective log path for the script\nexport LOG_PATH_EFFECTIVE="/app/***/logs/pipeline"\nif [ ! -w "/app/***/logs/pipeline" ]; then\n    export LOG_PATH_EFFECTIVE="$LOG_DIR_BACKUP"\nfi\n\necho "Effective log path: $LOG_PATH_EFFECTIVE"\n\n# Change to application home directory\nif [ -d "/app" ]; then\n    cd "/app"\n    echo "✓ Changed to: /app"\nelse\n    echo "✗ Application directory not found: /app"\n    exit 1\nfi\n\n# Run the pipeline script\necho "Executing pipeline script..."\npython "/app/src/main.py" 2>&1 | tee -a "$LOG_PATH_EFFECTIVE/pipeline.log" || true\n\n# Capture exit code\nEXIT_CODE=${PIPESTATUS[0]}\n\n# Report results\necho ""\necho "Pipeline execution completed with exit code: $EXIT_CODE"\n\nif [ $EXIT_CODE -eq 0 ]; then\n    echo "✓ Pipeline executed successfully"\n    exit 0\nelse\n    echo "✗ Pipeline failed with errors (see logs above)"\n    exit $EXIT_CODE\nfi\n        ']
[2026-03-23T01:04:06.850+0000] {subprocess.py:86} INFO - Output:
[2026-03-23T01:04:06.852+0000] {subprocess.py:93} INFO - Starting Spark pipeline execution...
[2026-03-23T01:04:06.852+0000] {subprocess.py:93} INFO - Configuration: /app/metadata/config.json
[2026-03-23T01:04:06.852+0000] {subprocess.py:93} INFO - Data path: /app/data
[2026-03-23T01:04:06.852+0000] {subprocess.py:93} INFO - Script: /app/src/main.py
[2026-03-23T01:04:06.852+0000] {subprocess.py:93} INFO - Log path: /app/***/logs/pipeline
[2026-03-23T01:04:06.853+0000] {subprocess.py:93} INFO - Preparing directories...
[2026-03-23T01:04:06.858+0000] {subprocess.py:93} INFO - ✓ Using primary log path: /app/***/logs/pipeline
[2026-03-23T01:04:06.863+0000] {subprocess.py:93} INFO - Cleaning previous output...
[2026-03-23T01:04:06.868+0000] {subprocess.py:93} INFO -   ⚠ Partial cleanup of /app/data/output
[2026-03-23T01:04:06.876+0000] {subprocess.py:93} INFO - Effective log path: /app/***/logs/pipeline
[2026-03-23T01:04:06.877+0000] {subprocess.py:93} INFO - ✓ Changed to: /app
[2026-03-23T01:04:06.877+0000] {subprocess.py:93} INFO - Executing pipeline script...
[2026-03-23T01:04:07.591+0000] {subprocess.py:93} INFO - 2026-03-23 01:04:07,590 - __main__ - INFO - Starting Dynamic Spark Pipeline...
[2026-03-23T01:04:07.592+0000] {subprocess.py:93} INFO - 2026-03-23 01:04:07,591 - __main__ - INFO - Loading config from metadata/config.json
[2026-03-23T01:04:07.592+0000] {subprocess.py:93} INFO - 2026-03-23 01:04:07,592 - __main__ - INFO - Creating Spark session...
[2026-03-23T01:04:07.824+0000] {subprocess.py:93} INFO - WARNING: Using incubator modules: jdk.incubator.vector
[2026-03-23T01:04:09.649+0000] {subprocess.py:93} INFO - Using Spark's default log4j profile: org/apache/spark/log4j2-defaults.properties
[2026-03-23T01:04:09.650+0000] {subprocess.py:93} INFO - Setting default log level to "WARN".
[2026-03-23T01:04:09.650+0000] {subprocess.py:93} INFO - To adjust logging level use sc.setLogLevel(newLevel). For SparkR, use setLogLevel(newLevel).
[2026-03-23T01:04:10.644+0000] {subprocess.py:93} INFO - 26/03/23 01:04:10 WARN NativeCodeLoader: Unable to load native-hadoop library for your platform... using builtin-java classes where applicable
[2026-03-23T01:04:14.640+0000] {subprocess.py:93} INFO - 2026-03-23 01:04:14,640 - __main__ - INFO - Executing 1 dataflow(s)...
[2026-03-23T01:04:19.396+0000] {subprocess.py:93} INFO - 26/03/23 01:04:19 WARN FileUtil: Failed to delete file or dir [/app/data/output/events/motor_policy/_SUCCESS]: it still exists.
[2026-03-23T01:04:19.397+0000] {subprocess.py:93} INFO - 26/03/23 01:04:19 WARN FileUtil: Failed to delete file or dir [/app/data/output/events/motor_policy/._SUCCESS.crc]: it still exists.
[2026-03-23T01:04:19.397+0000] {subprocess.py:93} INFO - 26/03/23 01:04:19 WARN FileUtil: Failed to delete file or dir [/app/data/output/events/motor_policy/part-00000-b78ac4d7-b1a9-45ed-8a83-22bb8cbb1034-c000.json]: it still exists.
[2026-03-23T01:04:19.397+0000] {subprocess.py:93} INFO - 26/03/23 01:04:19 WARN FileUtil: Failed to delete file or dir [/app/data/output/events/motor_policy/.part-00000-b78ac4d7-b1a9-45ed-8a83-22bb8cbb1034-c000.json.crc]: it still exists.
[2026-03-23T01:04:21.581+0000] {subprocess.py:93} INFO - [raw-ok] Pre-emptively cleaning output directory: data/output/events/motor_policy
[2026-03-23T01:04:21.581+0000] {subprocess.py:93} INFO - [raw-ok] Attempt 1/3: chmod 777 on data/output/events/motor_policy
[2026-03-23T01:04:21.581+0000] {subprocess.py:93} INFO - [raw-ok] rm -rf failed with code 1
[2026-03-23T01:04:21.582+0000] {subprocess.py:93} INFO - [raw-ok] shutil.rmtree failed (attempt 1): [Errno 13] Permission denied: '_SUCCESS'
[2026-03-23T01:04:21.582+0000] {subprocess.py:93} INFO - [raw-ok] Attempt 2/3: chmod 777 on data/output/events/motor_policy
[2026-03-23T01:04:21.582+0000] {subprocess.py:93} INFO - [raw-ok] rm -rf failed with code 1
[2026-03-23T01:04:21.582+0000] {subprocess.py:93} INFO - [raw-ok] shutil.rmtree failed (attempt 2): [Errno 13] Permission denied: '_SUCCESS'
[2026-03-23T01:04:21.582+0000] {subprocess.py:93} INFO - [raw-ok] Attempt 3/3: chmod 777 on data/output/events/motor_policy
[2026-03-23T01:04:21.583+0000] {subprocess.py:93} INFO - [raw-ok] rm -rf failed with code 1
[2026-03-23T01:04:21.583+0000] {subprocess.py:93} INFO - [raw-ok] shutil.rmtree failed (attempt 3): [Errno 13] Permission denied: '_SUCCESS'
[2026-03-23T01:04:21.583+0000] {subprocess.py:93} INFO - [raw-ok] Write failed with directory clear error. Attempting aggressive cleanup...
[2026-03-23T01:04:21.583+0000] {subprocess.py:93} INFO - [raw-ok] Attempt 1/3: chmod 777 on data/output/events/motor_policy
[2026-03-23T01:04:21.583+0000] {subprocess.py:93} INFO - [raw-ok] rm -rf failed with code 1
[2026-03-23T01:04:21.584+0000] {subprocess.py:93} INFO - [raw-ok] shutil.rmtree failed (attempt 1): [Errno 13] Permission denied: '_SUCCESS'
[2026-03-23T01:04:21.584+0000] {subprocess.py:93} INFO - [raw-ok] Attempt 2/3: chmod 777 on data/output/events/motor_policy
[2026-03-23T01:04:21.587+0000] {subprocess.py:93} INFO - [raw-ok] rm -rf failed with code 1
[2026-03-23T01:04:21.588+0000] {subprocess.py:93} INFO - [raw-ok] shutil.rmtree failed (attempt 2): [Errno 13] Permission denied: '_SUCCESS'
[2026-03-23T01:04:21.588+0000] {subprocess.py:93} INFO - [raw-ok] Attempt 3/3: chmod 777 on data/output/events/motor_policy
[2026-03-23T01:04:21.588+0000] {subprocess.py:93} INFO - [raw-ok] rm -rf failed with code 1
[2026-03-23T01:04:21.588+0000] {subprocess.py:93} INFO - [raw-ok] shutil.rmtree failed (attempt 3): [Errno 13] Permission denied: '_SUCCESS'
[2026-03-23T01:04:21.589+0000] {subprocess.py:93} INFO - 2026-03-23 01:04:21,574 - __main__ - ERROR - Pipeline execution failed: Could not clean output directory 'data/output/events/motor_policy' for sink 'raw-ok'. Original error: An error occurred while calling o70.save.
[2026-03-23T01:04:21.589+0000] {subprocess.py:93} INFO - : org.apache.spark.SparkException: Unable to clear output directory file:/app/data/output/events/motor_policy prior to writing to it.
[2026-03-23T01:04:21.589+0000] {subprocess.py:93} INFO - 	at org.apache.spark.sql.errors.QueryExecutionErrors$.cannotClearOutputDirectoryError(QueryExecutionErrors.scala:786)
[2026-03-23T01:04:21.589+0000] {subprocess.py:93} INFO - 	at org.apache.spark.sql.execution.datasources.InsertIntoHadoopFsRelationCommand.deleteMatchingPartitions(InsertIntoHadoopFsRelationCommand.scala:244)
[2026-03-23T01:04:21.589+0000] {subprocess.py:93} INFO - 	at org.apache.spark.sql.execution.datasources.InsertIntoHadoopFsRelationCommand.run(InsertIntoHadoopFsRelationCommand.scala:136)
[2026-03-23T01:04:21.590+0000] {subprocess.py:93} INFO - 	at org.apache.spark.sql.execution.command.DataWritingCommandExec.sideEffectResult$lzycompute(commands.scala:117)
[2026-03-23T01:04:21.590+0000] {subprocess.py:93} INFO - 	at org.apache.spark.sql.execution.command.DataWritingCommandExec.sideEffectResult(commands.scala:115)
[2026-03-23T01:04:21.593+0000] {subprocess.py:93} INFO - 	at org.apache.spark.sql.execution.command.DataWritingCommandExec.executeCollect(commands.scala:129)
[2026-03-23T01:04:21.593+0000] {subprocess.py:93} INFO - 	at org.apache.spark.sql.execution.QueryExecution.$anonfun$eagerlyExecuteCommands$2(QueryExecution.scala:155)
[2026-03-23T01:04:21.594+0000] {subprocess.py:93} INFO - 	at org.apache.spark.sql.execution.SQLExecution$.$anonfun$withNewExecutionId0$8(SQLExecution.scala:163)
[2026-03-23T01:04:21.594+0000] {subprocess.py:93} INFO - 	at org.apache.spark.sql.execution.SQLExecution$.withSessionTagsApplied(SQLExecution.scala:272)
[2026-03-23T01:04:21.594+0000] {subprocess.py:93} INFO - 	at org.apache.spark.sql.execution.SQLExecution$.$anonfun$withNewExecutionId0$7(SQLExecution.scala:125)
[2026-03-23T01:04:21.595+0000] {subprocess.py:93} INFO - 	at org.apache.spark.JobArtifactSet$.withActiveJobArtifactState(JobArtifactSet.scala:94)
[2026-03-23T01:04:21.595+0000] {subprocess.py:93} INFO - 	at org.apache.spark.sql.artifact.ArtifactManager.$anonfun$withResources$1(ArtifactManager.scala:112)
[2026-03-23T01:04:21.595+0000] {subprocess.py:93} INFO - 	at org.apache.spark.sql.artifact.ArtifactManager.withClassLoaderIfNeeded(ArtifactManager.scala:106)
[2026-03-23T01:04:21.595+0000] {subprocess.py:93} INFO - 	at org.apache.spark.sql.artifact.ArtifactManager.withResources(ArtifactManager.scala:111)
[2026-03-23T01:04:21.595+0000] {subprocess.py:93} INFO - 	at org.apache.spark.sql.execution.SQLExecution$.$anonfun$withNewExecutionId0$6(SQLExecution.scala:125)
[2026-03-23T01:04:21.595+0000] {subprocess.py:93} INFO - 	at org.apache.spark.sql.execution.SQLExecution$.withSQLConfPropagated(SQLExecution.scala:295)
[2026-03-23T01:04:21.596+0000] {subprocess.py:93} INFO - 	at org.apache.spark.sql.execution.SQLExecution$.$anonfun$withNewExecutionId0$1(SQLExecution.scala:124)
[2026-03-23T01:04:21.596+0000] {subprocess.py:93} INFO - 	at org.apache.spark.sql.SparkSession.withActive(SparkSession.scala:804)
[2026-03-23T01:04:21.597+0000] {subprocess.py:93} INFO - 	at org.apache.spark.sql.execution.SQLExecution$.withNewExecutionId0(SQLExecution.scala:78)
[2026-03-23T01:04:21.597+0000] {subprocess.py:93} INFO - 	at org.apache.spark.sql.execution.SQLExecution$.withNewExecutionId(SQLExecution.scala:237)
[2026-03-23T01:04:21.597+0000] {subprocess.py:93} INFO - 	at org.apache.spark.sql.execution.QueryExecution.$anonfun$eagerlyExecuteCommands$1(QueryExecution.scala:155)
[2026-03-23T01:04:21.597+0000] {subprocess.py:93} INFO - 	at org.apache.spark.sql.execution.QueryExecution$.withInternalError(QueryExecution.scala:654)
[2026-03-23T01:04:21.597+0000] {subprocess.py:93} INFO - 	at org.apache.spark.sql.execution.QueryExecution.org$apache$spark$sql$execution$QueryExecution$$eagerlyExecute$1(QueryExecution.scala:154)
[2026-03-23T01:04:21.598+0000] {subprocess.py:93} INFO - 	at org.apache.spark.sql.execution.QueryExecution$$anonfun$eagerlyExecuteCommands$3.applyOrElse(QueryExecution.scala:169)
[2026-03-23T01:04:21.598+0000] {subprocess.py:93} INFO - 	at org.apache.spark.sql.execution.QueryExecution$$anonfun$eagerlyExecuteCommands$3.applyOrElse(QueryExecution.scala:164)
[2026-03-23T01:04:21.598+0000] {subprocess.py:93} INFO - 	at org.apache.spark.sql.catalyst.trees.TreeNode.$anonfun$transformDownWithPruning$1(TreeNode.scala:470)
[2026-03-23T01:04:21.598+0000] {subprocess.py:93} INFO - 	at org.apache.spark.sql.catalyst.trees.CurrentOrigin$.withOrigin(origin.scala:86)
[2026-03-23T01:04:21.599+0000] {subprocess.py:93} INFO - 	at org.apache.spark.sql.catalyst.trees.TreeNode.transformDownWithPruning(TreeNode.scala:470)
[2026-03-23T01:04:21.599+0000] {subprocess.py:93} INFO - 	at org.apache.spark.sql.catalyst.plans.logical.LogicalPlan.org$apache$spark$sql$catalyst$plans$logical$AnalysisHelper$$super$transformDownWithPruning(LogicalPlan.scala:37)
[2026-03-23T01:04:21.599+0000] {subprocess.py:93} INFO - 	at org.apache.spark.sql.catalyst.plans.logical.AnalysisHelper.transformDownWithPruning(AnalysisHelper.scala:360)
[2026-03-23T01:04:21.599+0000] {subprocess.py:93} INFO - 	at org.apache.spark.sql.catalyst.plans.logical.AnalysisHelper.transformDownWithPruning$(AnalysisHelper.scala:356)
[2026-03-23T01:04:21.599+0000] {subprocess.py:93} INFO - 	at org.apache.spark.sql.catalyst.plans.logical.LogicalPlan.transformDownWithPruning(LogicalPlan.scala:37)
[2026-03-23T01:04:21.600+0000] {subprocess.py:93} INFO - 	at org.apache.spark.sql.catalyst.plans.logical.LogicalPlan.transformDownWithPruning(LogicalPlan.scala:37)
[2026-03-23T01:04:21.600+0000] {subprocess.py:93} INFO - 	at org.apache.spark.sql.catalyst.trees.TreeNode.transformDown(TreeNode.scala:446)
[2026-03-23T01:04:21.600+0000] {subprocess.py:93} INFO - 	at org.apache.spark.sql.execution.QueryExecution.eagerlyExecuteCommands(QueryExecution.scala:164)
[2026-03-23T01:04:21.600+0000] {subprocess.py:93} INFO - 	at org.apache.spark.sql.execution.QueryExecution.$anonfun$lazyCommandExecuted$1(QueryExecution.scala:126)
[2026-03-23T01:04:21.600+0000] {subprocess.py:93} INFO - 	at scala.util.Try$.apply(Try.scala:217)
[2026-03-23T01:04:21.601+0000] {subprocess.py:93} INFO - 	at org.apache.spark.util.Utils$.doTryWithCallerStacktrace(Utils.scala:1378)
[2026-03-23T01:04:21.601+0000] {subprocess.py:93} INFO - 	at org.apache.spark.util.Utils$.getTryWithCallerStacktrace(Utils.scala:1439)
[2026-03-23T01:04:21.601+0000] {subprocess.py:93} INFO - 	at org.apache.spark.util.LazyTry.get(LazyTry.scala:58)
[2026-03-23T01:04:21.601+0000] {subprocess.py:93} INFO - 	at org.apache.spark.sql.execution.QueryExecution.commandExecuted(QueryExecution.scala:131)
[2026-03-23T01:04:21.601+0000] {subprocess.py:93} INFO - 	at org.apache.spark.sql.execution.QueryExecution.assertCommandExecuted(QueryExecution.scala:192)
[2026-03-23T01:04:21.601+0000] {subprocess.py:93} INFO - 	at org.apache.spark.sql.classic.DataFrameWriter.runCommand(DataFrameWriter.scala:622)
[2026-03-23T01:04:21.601+0000] {subprocess.py:93} INFO - 	at org.apache.spark.sql.classic.DataFrameWriter.saveToV1Source(DataFrameWriter.scala:273)
[2026-03-23T01:04:21.601+0000] {subprocess.py:93} INFO - 	at org.apache.spark.sql.classic.DataFrameWriter.saveInternal(DataFrameWriter.scala:241)
[2026-03-23T01:04:21.602+0000] {subprocess.py:93} INFO - 	at org.apache.spark.sql.classic.DataFrameWriter.save(DataFrameWriter.scala:118)
[2026-03-23T01:04:21.602+0000] {subprocess.py:93} INFO - 	at java.base/jdk.internal.reflect.NativeMethodAccessorImpl.invoke0(Native Method)
[2026-03-23T01:04:21.602+0000] {subprocess.py:93} INFO - 	at java.base/jdk.internal.reflect.NativeMethodAccessorImpl.invoke(NativeMethodAccessorImpl.java:77)
[2026-03-23T01:04:21.602+0000] {subprocess.py:93} INFO - 	at java.base/jdk.internal.reflect.DelegatingMethodAccessorImpl.invoke(DelegatingMethodAccessorImpl.java:43)
[2026-03-23T01:04:21.602+0000] {subprocess.py:93} INFO - 	at java.base/java.lang.reflect.Method.invoke(Method.java:569)
[2026-03-23T01:04:21.602+0000] {subprocess.py:93} INFO - 	at py4j.reflection.MethodInvoker.invoke(MethodInvoker.java:244)
[2026-03-23T01:04:21.602+0000] {subprocess.py:93} INFO - 	at py4j.reflection.ReflectionEngine.invoke(ReflectionEngine.java:374)
[2026-03-23T01:04:21.603+0000] {subprocess.py:93} INFO - 	at py4j.Gateway.invoke(Gateway.java:282)
[2026-03-23T01:04:21.603+0000] {subprocess.py:93} INFO - 	at py4j.commands.AbstractCommand.invokeMethod(AbstractCommand.java:132)
[2026-03-23T01:04:21.603+0000] {subprocess.py:93} INFO - 	at py4j.commands.CallCommand.execute(CallCommand.java:79)
[2026-03-23T01:04:21.603+0000] {subprocess.py:93} INFO - 	at py4j.ClientServerConnection.waitForCommands(ClientServerConnection.java:184)
[2026-03-23T01:04:21.603+0000] {subprocess.py:93} INFO - 	at py4j.ClientServerConnection.run(ClientServerConnection.java:108)
[2026-03-23T01:04:21.603+0000] {subprocess.py:93} INFO - 	at java.base/java.lang.Thread.run(Thread.java:840)
[2026-03-23T01:04:21.603+0000] {subprocess.py:93} INFO - 	Suppressed: org.apache.spark.util.Utils$OriginalTryStackTraceException: Full stacktrace of original doTryWithCallerStacktrace caller
[2026-03-23T01:04:21.603+0000] {subprocess.py:93} INFO - 		at org.apache.spark.sql.errors.QueryExecutionErrors$.cannotClearOutputDirectoryError(QueryExecutionErrors.scala:786)
[2026-03-23T01:04:21.603+0000] {subprocess.py:93} INFO - 		at org.apache.spark.sql.execution.datasources.InsertIntoHadoopFsRelationCommand.deleteMatchingPartitions(InsertIntoHadoopFsRelationCommand.scala:244)
[2026-03-23T01:04:21.604+0000] {subprocess.py:93} INFO - 		at org.apache.spark.sql.execution.datasources.InsertIntoHadoopFsRelationCommand.run(InsertIntoHadoopFsRelationCommand.scala:136)
[2026-03-23T01:04:21.604+0000] {subprocess.py:93} INFO - 		at org.apache.spark.sql.execution.command.DataWritingCommandExec.sideEffectResult$lzycompute(commands.scala:117)
[2026-03-23T01:04:21.604+0000] {subprocess.py:93} INFO - 		at org.apache.spark.sql.execution.command.DataWritingCommandExec.sideEffectResult(commands.scala:115)
[2026-03-23T01:04:21.604+0000] {subprocess.py:93} INFO - 		at org.apache.spark.sql.execution.command.DataWritingCommandExec.executeCollect(commands.scala:129)
[2026-03-23T01:04:21.604+0000] {subprocess.py:93} INFO - 		at org.apache.spark.sql.execution.QueryExecution.$anonfun$eagerlyExecuteCommands$2(QueryExecution.scala:155)
[2026-03-23T01:04:21.604+0000] {subprocess.py:93} INFO - 		at org.apache.spark.sql.execution.SQLExecution$.$anonfun$withNewExecutionId0$8(SQLExecution.scala:163)
[2026-03-23T01:04:21.604+0000] {subprocess.py:93} INFO - 		at org.apache.spark.sql.execution.SQLExecution$.withSessionTagsApplied(SQLExecution.scala:272)
[2026-03-23T01:04:21.604+0000] {subprocess.py:93} INFO - 		at org.apache.spark.sql.execution.SQLExecution$.$anonfun$withNewExecutionId0$7(SQLExecution.scala:125)
[2026-03-23T01:04:21.604+0000] {subprocess.py:93} INFO - 		at org.apache.spark.JobArtifactSet$.withActiveJobArtifactState(JobArtifactSet.scala:94)
[2026-03-23T01:04:21.605+0000] {subprocess.py:93} INFO - 		at org.apache.spark.sql.artifact.ArtifactManager.$anonfun$withResources$1(ArtifactManager.scala:112)
[2026-03-23T01:04:21.605+0000] {subprocess.py:93} INFO - 		at org.apache.spark.sql.artifact.ArtifactManager.withClassLoaderIfNeeded(ArtifactManager.scala:106)
[2026-03-23T01:04:21.605+0000] {subprocess.py:93} INFO - 		at org.apache.spark.sql.artifact.ArtifactManager.withResources(ArtifactManager.scala:111)
[2026-03-23T01:04:21.605+0000] {subprocess.py:93} INFO - 		at org.apache.spark.sql.execution.SQLExecution$.$anonfun$withNewExecutionId0$6(SQLExecution.scala:125)
[2026-03-23T01:04:21.605+0000] {subprocess.py:93} INFO - 		at org.apache.spark.sql.execution.SQLExecution$.withSQLConfPropagated(SQLExecution.scala:295)
[2026-03-23T01:04:21.605+0000] {subprocess.py:93} INFO - 		at org.apache.spark.sql.execution.SQLExecution$.$anonfun$withNewExecutionId0$1(SQLExecution.scala:124)
[2026-03-23T01:04:21.605+0000] {subprocess.py:93} INFO - 		at org.apache.spark.sql.SparkSession.withActive(SparkSession.scala:804)
[2026-03-23T01:04:21.605+0000] {subprocess.py:93} INFO - 		at org.apache.spark.sql.execution.SQLExecution$.withNewExecutionId0(SQLExecution.scala:78)
[2026-03-23T01:04:21.605+0000] {subprocess.py:93} INFO - 		at org.apache.spark.sql.execution.SQLExecution$.withNewExecutionId(SQLExecution.scala:237)
[2026-03-23T01:04:21.606+0000] {subprocess.py:93} INFO - 		at org.apache.spark.sql.execution.QueryExecution.$anonfun$eagerlyExecuteCommands$1(QueryExecution.scala:155)
[2026-03-23T01:04:21.606+0000] {subprocess.py:93} INFO - 		at org.apache.spark.sql.execution.QueryExecution$.withInternalError(QueryExecution.scala:654)
[2026-03-23T01:04:21.606+0000] {subprocess.py:93} INFO - 		at org.apache.spark.sql.execution.QueryExecution.org$apache$spark$sql$execution$QueryExecution$$eagerlyExecute$1(QueryExecution.scala:154)
[2026-03-23T01:04:21.606+0000] {subprocess.py:93} INFO - 		at org.apache.spark.sql.execution.QueryExecution$$anonfun$eagerlyExecuteCommands$3.applyOrElse(QueryExecution.scala:169)
[2026-03-23T01:04:21.606+0000] {subprocess.py:93} INFO - 		at org.apache.spark.sql.execution.QueryExecution$$anonfun$eagerlyExecuteCommands$3.applyOrElse(QueryExecution.scala:164)
[2026-03-23T01:04:21.606+0000] {subprocess.py:93} INFO - 		at org.apache.spark.sql.catalyst.trees.TreeNode.$anonfun$transformDownWithPruning$1(TreeNode.scala:470)
[2026-03-23T01:04:21.606+0000] {subprocess.py:93} INFO - 		at org.apache.spark.sql.catalyst.trees.CurrentOrigin$.withOrigin(origin.scala:86)
[2026-03-23T01:04:21.606+0000] {subprocess.py:93} INFO - 		at org.apache.spark.sql.catalyst.trees.TreeNode.transformDownWithPruning(TreeNode.scala:470)
[2026-03-23T01:04:21.607+0000] {subprocess.py:93} INFO - 		at org.apache.spark.sql.catalyst.plans.logical.LogicalPlan.org$apache$spark$sql$catalyst$plans$logical$AnalysisHelper$$super$transformDownWithPruning(LogicalPlan.scala:37)
[2026-03-23T01:04:21.607+0000] {subprocess.py:93} INFO - 		at org.apache.spark.sql.catalyst.plans.logical.AnalysisHelper.transformDownWithPruning(AnalysisHelper.scala:360)
[2026-03-23T01:04:21.607+0000] {subprocess.py:93} INFO - 		at org.apache.spark.sql.catalyst.plans.logical.AnalysisHelper.transformDownWithPruning$(AnalysisHelper.scala:356)
[2026-03-23T01:04:21.607+0000] {subprocess.py:93} INFO - 		at org.apache.spark.sql.catalyst.plans.logical.LogicalPlan.transformDownWithPruning(LogicalPlan.scala:37)
[2026-03-23T01:04:21.607+0000] {subprocess.py:93} INFO - 		at org.apache.spark.sql.catalyst.plans.logical.LogicalPlan.transformDownWithPruning(LogicalPlan.scala:37)
[2026-03-23T01:04:21.607+0000] {subprocess.py:93} INFO - 		at org.apache.spark.sql.catalyst.trees.TreeNode.transformDown(TreeNode.scala:446)
[2026-03-23T01:04:21.607+0000] {subprocess.py:93} INFO - 		at org.apache.spark.sql.execution.QueryExecution.eagerlyExecuteCommands(QueryExecution.scala:164)
[2026-03-23T01:04:21.607+0000] {subprocess.py:93} INFO - 		at org.apache.spark.sql.execution.QueryExecution.$anonfun$lazyCommandExecuted$1(QueryExecution.scala:126)
[2026-03-23T01:04:21.608+0000] {subprocess.py:93} INFO - 		at scala.util.Try$.apply(Try.scala:217)
[2026-03-23T01:04:21.608+0000] {subprocess.py:93} INFO - 		at org.apache.spark.util.Utils$.doTryWithCallerStacktrace(Utils.scala:1378)
[2026-03-23T01:04:21.608+0000] {subprocess.py:93} INFO - 		at org.apache.spark.util.LazyTry.tryT$lzycompute(LazyTry.scala:46)
[2026-03-23T01:04:21.608+0000] {subprocess.py:93} INFO - 		at org.apache.spark.util.LazyTry.tryT(LazyTry.scala:46)
[2026-03-23T01:04:21.608+0000] {subprocess.py:93} INFO - 		... 19 more
[2026-03-23T01:04:21.608+0000] {subprocess.py:93} INFO - Traceback (most recent call last):
[2026-03-23T01:04:21.608+0000] {subprocess.py:93} INFO -   File "/app/src/writer.py", line 97, in write_output
[2026-03-23T01:04:21.608+0000] {subprocess.py:93} INFO -     df.write.mode(sink_mode).format(sink_format).save(path)
[2026-03-23T01:04:21.608+0000] {subprocess.py:93} INFO -   File "/home/***/.local/lib/python3.9/site-packages/pyspark/sql/readwriter.py", line 1745, in save
[2026-03-23T01:04:21.609+0000] {subprocess.py:93} INFO -     self._jwrite.save(path)
[2026-03-23T01:04:21.609+0000] {subprocess.py:93} INFO -   File "/home/***/.local/lib/python3.9/site-packages/py4j/java_gateway.py", line 1362, in __call__
[2026-03-23T01:04:21.609+0000] {subprocess.py:93} INFO -     return_value = get_return_value(
[2026-03-23T01:04:21.609+0000] {subprocess.py:93} INFO -   File "/home/***/.local/lib/python3.9/site-packages/pyspark/errors/exceptions/captured.py", line 282, in deco
[2026-03-23T01:04:21.609+0000] {subprocess.py:93} INFO -     return f(*a, **kw)
[2026-03-23T01:04:21.610+0000] {subprocess.py:93} INFO -   File "/home/***/.local/lib/python3.9/site-packages/py4j/protocol.py", line 327, in get_return_value
[2026-03-23T01:04:21.610+0000] {subprocess.py:93} INFO -     raise Py4JJavaError(
[2026-03-23T01:04:21.610+0000] {subprocess.py:93} INFO - py4j.protocol.Py4JJavaError: An error occurred while calling o70.save.
[2026-03-23T01:04:21.610+0000] {subprocess.py:93} INFO - : org.apache.spark.SparkException: Unable to clear output directory file:/app/data/output/events/motor_policy prior to writing to it.
[2026-03-23T01:04:21.610+0000] {subprocess.py:93} INFO - 	at org.apache.spark.sql.errors.QueryExecutionErrors$.cannotClearOutputDirectoryError(QueryExecutionErrors.scala:786)
[2026-03-23T01:04:21.611+0000] {subprocess.py:93} INFO - 	at org.apache.spark.sql.execution.datasources.InsertIntoHadoopFsRelationCommand.deleteMatchingPartitions(InsertIntoHadoopFsRelationCommand.scala:244)
[2026-03-23T01:04:21.611+0000] {subprocess.py:93} INFO - 	at org.apache.spark.sql.execution.datasources.InsertIntoHadoopFsRelationCommand.run(InsertIntoHadoopFsRelationCommand.scala:136)
[2026-03-23T01:04:21.611+0000] {subprocess.py:93} INFO - 	at org.apache.spark.sql.execution.command.DataWritingCommandExec.sideEffectResult$lzycompute(commands.scala:117)
[2026-03-23T01:04:21.611+0000] {subprocess.py:93} INFO - 	at org.apache.spark.sql.execution.command.DataWritingCommandExec.sideEffectResult(commands.scala:115)
[2026-03-23T01:04:21.612+0000] {subprocess.py:93} INFO - 	at org.apache.spark.sql.execution.command.DataWritingCommandExec.executeCollect(commands.scala:129)
[2026-03-23T01:04:21.612+0000] {subprocess.py:93} INFO - 	at org.apache.spark.sql.execution.QueryExecution.$anonfun$eagerlyExecuteCommands$2(QueryExecution.scala:155)
[2026-03-23T01:04:21.612+0000] {subprocess.py:93} INFO - 	at org.apache.spark.sql.execution.SQLExecution$.$anonfun$withNewExecutionId0$8(SQLExecution.scala:163)
[2026-03-23T01:04:21.612+0000] {subprocess.py:93} INFO - 	at org.apache.spark.sql.execution.SQLExecution$.withSessionTagsApplied(SQLExecution.scala:272)
[2026-03-23T01:04:21.612+0000] {subprocess.py:93} INFO - 	at org.apache.spark.sql.execution.SQLExecution$.$anonfun$withNewExecutionId0$7(SQLExecution.scala:125)
[2026-03-23T01:04:21.612+0000] {subprocess.py:93} INFO - 	at org.apache.spark.JobArtifactSet$.withActiveJobArtifactState(JobArtifactSet.scala:94)
[2026-03-23T01:04:21.612+0000] {subprocess.py:93} INFO - 	at org.apache.spark.sql.artifact.ArtifactManager.$anonfun$withResources$1(ArtifactManager.scala:112)
[2026-03-23T01:04:21.612+0000] {subprocess.py:93} INFO - 	at org.apache.spark.sql.artifact.ArtifactManager.withClassLoaderIfNeeded(ArtifactManager.scala:106)
[2026-03-23T01:04:21.613+0000] {subprocess.py:93} INFO - 	at org.apache.spark.sql.artifact.ArtifactManager.withResources(ArtifactManager.scala:111)
[2026-03-23T01:04:21.613+0000] {subprocess.py:93} INFO - 	at org.apache.spark.sql.execution.SQLExecution$.$anonfun$withNewExecutionId0$6(SQLExecution.scala:125)
[2026-03-23T01:04:21.613+0000] {subprocess.py:93} INFO - 	at org.apache.spark.sql.execution.SQLExecution$.withSQLConfPropagated(SQLExecution.scala:295)
[2026-03-23T01:04:21.613+0000] {subprocess.py:93} INFO - 	at org.apache.spark.sql.execution.SQLExecution$.$anonfun$withNewExecutionId0$1(SQLExecution.scala:124)
[2026-03-23T01:04:21.613+0000] {subprocess.py:93} INFO - 	at org.apache.spark.sql.SparkSession.withActive(SparkSession.scala:804)
[2026-03-23T01:04:21.613+0000] {subprocess.py:93} INFO - 	at org.apache.spark.sql.execution.SQLExecution$.withNewExecutionId0(SQLExecution.scala:78)
[2026-03-23T01:04:21.613+0000] {subprocess.py:93} INFO - 	at org.apache.spark.sql.execution.SQLExecution$.withNewExecutionId(SQLExecution.scala:237)
[2026-03-23T01:04:21.613+0000] {subprocess.py:93} INFO - 	at org.apache.spark.sql.execution.QueryExecution.$anonfun$eagerlyExecuteCommands$1(QueryExecution.scala:155)
[2026-03-23T01:04:21.614+0000] {subprocess.py:93} INFO - 	at org.apache.spark.sql.execution.QueryExecution$.withInternalError(QueryExecution.scala:654)
[2026-03-23T01:04:21.614+0000] {subprocess.py:93} INFO - 	at org.apache.spark.sql.execution.QueryExecution.org$apache$spark$sql$execution$QueryExecution$$eagerlyExecute$1(QueryExecution.scala:154)
[2026-03-23T01:04:21.614+0000] {subprocess.py:93} INFO - 	at org.apache.spark.sql.execution.QueryExecution$$anonfun$eagerlyExecuteCommands$3.applyOrElse(QueryExecution.scala:169)
[2026-03-23T01:04:21.614+0000] {subprocess.py:93} INFO - 	at org.apache.spark.sql.execution.QueryExecution$$anonfun$eagerlyExecuteCommands$3.applyOrElse(QueryExecution.scala:164)
[2026-03-23T01:04:21.614+0000] {subprocess.py:93} INFO - 	at org.apache.spark.sql.catalyst.trees.TreeNode.$anonfun$transformDownWithPruning$1(TreeNode.scala:470)
[2026-03-23T01:04:21.614+0000] {subprocess.py:93} INFO - 	at org.apache.spark.sql.catalyst.trees.CurrentOrigin$.withOrigin(origin.scala:86)
[2026-03-23T01:04:21.614+0000] {subprocess.py:93} INFO - 	at org.apache.spark.sql.catalyst.trees.TreeNode.transformDownWithPruning(TreeNode.scala:470)
[2026-03-23T01:04:21.614+0000] {subprocess.py:93} INFO - 	at org.apache.spark.sql.catalyst.plans.logical.LogicalPlan.org$apache$spark$sql$catalyst$plans$logical$AnalysisHelper$$super$transformDownWithPruning(LogicalPlan.scala:37)
[2026-03-23T01:04:21.614+0000] {subprocess.py:93} INFO - 	at org.apache.spark.sql.catalyst.plans.logical.AnalysisHelper.transformDownWithPruning(AnalysisHelper.scala:360)
[2026-03-23T01:04:21.614+0000] {subprocess.py:93} INFO - 	at org.apache.spark.sql.catalyst.plans.logical.AnalysisHelper.transformDownWithPruning$(AnalysisHelper.scala:356)
[2026-03-23T01:04:21.615+0000] {subprocess.py:93} INFO - 	at org.apache.spark.sql.catalyst.plans.logical.LogicalPlan.transformDownWithPruning(LogicalPlan.scala:37)
[2026-03-23T01:04:21.615+0000] {subprocess.py:93} INFO - 	at org.apache.spark.sql.catalyst.plans.logical.LogicalPlan.transformDownWithPruning(LogicalPlan.scala:37)
[2026-03-23T01:04:21.615+0000] {subprocess.py:93} INFO - 	at org.apache.spark.sql.catalyst.trees.TreeNode.transformDown(TreeNode.scala:446)
[2026-03-23T01:04:21.615+0000] {subprocess.py:93} INFO - 	at org.apache.spark.sql.execution.QueryExecution.eagerlyExecuteCommands(QueryExecution.scala:164)
[2026-03-23T01:04:21.615+0000] {subprocess.py:93} INFO - 	at org.apache.spark.sql.execution.QueryExecution.$anonfun$lazyCommandExecuted$1(QueryExecution.scala:126)
[2026-03-23T01:04:21.615+0000] {subprocess.py:93} INFO - 	at scala.util.Try$.apply(Try.scala:217)
[2026-03-23T01:04:21.615+0000] {subprocess.py:93} INFO - 	at org.apache.spark.util.Utils$.doTryWithCallerStacktrace(Utils.scala:1378)
[2026-03-23T01:04:21.616+0000] {subprocess.py:93} INFO - 	at org.apache.spark.util.Utils$.getTryWithCallerStacktrace(Utils.scala:1439)
[2026-03-23T01:04:21.616+0000] {subprocess.py:93} INFO - 	at org.apache.spark.util.LazyTry.get(LazyTry.scala:58)
[2026-03-23T01:04:21.616+0000] {subprocess.py:93} INFO - 	at org.apache.spark.sql.execution.QueryExecution.commandExecuted(QueryExecution.scala:131)
[2026-03-23T01:04:21.616+0000] {subprocess.py:93} INFO - 	at org.apache.spark.sql.execution.QueryExecution.assertCommandExecuted(QueryExecution.scala:192)
[2026-03-23T01:04:21.616+0000] {subprocess.py:93} INFO - 	at org.apache.spark.sql.classic.DataFrameWriter.runCommand(DataFrameWriter.scala:622)
[2026-03-23T01:04:21.616+0000] {subprocess.py:93} INFO - 	at org.apache.spark.sql.classic.DataFrameWriter.saveToV1Source(DataFrameWriter.scala:273)
[2026-03-23T01:04:21.616+0000] {subprocess.py:93} INFO - 	at org.apache.spark.sql.classic.DataFrameWriter.saveInternal(DataFrameWriter.scala:241)
[2026-03-23T01:04:21.616+0000] {subprocess.py:93} INFO - 	at org.apache.spark.sql.classic.DataFrameWriter.save(DataFrameWriter.scala:118)
[2026-03-23T01:04:21.616+0000] {subprocess.py:93} INFO - 	at java.base/jdk.internal.reflect.NativeMethodAccessorImpl.invoke0(Native Method)
[2026-03-23T01:04:21.617+0000] {subprocess.py:93} INFO - 	at java.base/jdk.internal.reflect.NativeMethodAccessorImpl.invoke(NativeMethodAccessorImpl.java:77)
[2026-03-23T01:04:21.617+0000] {subprocess.py:93} INFO - 	at java.base/jdk.internal.reflect.DelegatingMethodAccessorImpl.invoke(DelegatingMethodAccessorImpl.java:43)
[2026-03-23T01:04:21.617+0000] {subprocess.py:93} INFO - 	at java.base/java.lang.reflect.Method.invoke(Method.java:569)
[2026-03-23T01:04:21.617+0000] {subprocess.py:93} INFO - 	at py4j.reflection.MethodInvoker.invoke(MethodInvoker.java:244)
[2026-03-23T01:04:21.617+0000] {subprocess.py:93} INFO - 	at py4j.reflection.ReflectionEngine.invoke(ReflectionEngine.java:374)
[2026-03-23T01:04:21.617+0000] {subprocess.py:93} INFO - 	at py4j.Gateway.invoke(Gateway.java:282)
[2026-03-23T01:04:21.617+0000] {subprocess.py:93} INFO - 	at py4j.commands.AbstractCommand.invokeMethod(AbstractCommand.java:132)
[2026-03-23T01:04:21.617+0000] {subprocess.py:93} INFO - 	at py4j.commands.CallCommand.execute(CallCommand.java:79)
[2026-03-23T01:04:21.617+0000] {subprocess.py:93} INFO - 	at py4j.ClientServerConnection.waitForCommands(ClientServerConnection.java:184)
[2026-03-23T01:04:21.618+0000] {subprocess.py:93} INFO - 	at py4j.ClientServerConnection.run(ClientServerConnection.java:108)
[2026-03-23T01:04:21.618+0000] {subprocess.py:93} INFO - 	at java.base/java.lang.Thread.run(Thread.java:840)
[2026-03-23T01:04:21.618+0000] {subprocess.py:93} INFO - 	Suppressed: org.apache.spark.util.Utils$OriginalTryStackTraceException: Full stacktrace of original doTryWithCallerStacktrace caller
[2026-03-23T01:04:21.618+0000] {subprocess.py:93} INFO - 		at org.apache.spark.sql.errors.QueryExecutionErrors$.cannotClearOutputDirectoryError(QueryExecutionErrors.scala:786)
[2026-03-23T01:04:21.618+0000] {subprocess.py:93} INFO - 		at org.apache.spark.sql.execution.datasources.InsertIntoHadoopFsRelationCommand.deleteMatchingPartitions(InsertIntoHadoopFsRelationCommand.scala:244)
[2026-03-23T01:04:21.618+0000] {subprocess.py:93} INFO - 		at org.apache.spark.sql.execution.datasources.InsertIntoHadoopFsRelationCommand.run(InsertIntoHadoopFsRelationCommand.scala:136)
[2026-03-23T01:04:21.618+0000] {subprocess.py:93} INFO - 		at org.apache.spark.sql.execution.command.DataWritingCommandExec.sideEffectResult$lzycompute(commands.scala:117)
[2026-03-23T01:04:21.618+0000] {subprocess.py:93} INFO - 		at org.apache.spark.sql.execution.command.DataWritingCommandExec.sideEffectResult(commands.scala:115)
[2026-03-23T01:04:21.618+0000] {subprocess.py:93} INFO - 		at org.apache.spark.sql.execution.command.DataWritingCommandExec.executeCollect(commands.scala:129)
[2026-03-23T01:04:21.619+0000] {subprocess.py:93} INFO - 		at org.apache.spark.sql.execution.QueryExecution.$anonfun$eagerlyExecuteCommands$2(QueryExecution.scala:155)
[2026-03-23T01:04:21.619+0000] {subprocess.py:93} INFO - 		at org.apache.spark.sql.execution.SQLExecution$.$anonfun$withNewExecutionId0$8(SQLExecution.scala:163)
[2026-03-23T01:04:21.619+0000] {subprocess.py:93} INFO - 		at org.apache.spark.sql.execution.SQLExecution$.withSessionTagsApplied(SQLExecution.scala:272)
[2026-03-23T01:04:21.619+0000] {subprocess.py:93} INFO - 		at org.apache.spark.sql.execution.SQLExecution$.$anonfun$withNewExecutionId0$7(SQLExecution.scala:125)
[2026-03-23T01:04:21.619+0000] {subprocess.py:93} INFO - 		at org.apache.spark.JobArtifactSet$.withActiveJobArtifactState(JobArtifactSet.scala:94)
[2026-03-23T01:04:21.619+0000] {subprocess.py:93} INFO - 		at org.apache.spark.sql.artifact.ArtifactManager.$anonfun$withResources$1(ArtifactManager.scala:112)
[2026-03-23T01:04:21.619+0000] {subprocess.py:93} INFO - 		at org.apache.spark.sql.artifact.ArtifactManager.withClassLoaderIfNeeded(ArtifactManager.scala:106)
[2026-03-23T01:04:21.620+0000] {subprocess.py:93} INFO - 		at org.apache.spark.sql.artifact.ArtifactManager.withResources(ArtifactManager.scala:111)
[2026-03-23T01:04:21.620+0000] {subprocess.py:93} INFO - 		at org.apache.spark.sql.execution.SQLExecution$.$anonfun$withNewExecutionId0$6(SQLExecution.scala:125)
[2026-03-23T01:04:21.620+0000] {subprocess.py:93} INFO - 		at org.apache.spark.sql.execution.SQLExecution$.withSQLConfPropagated(SQLExecution.scala:295)
[2026-03-23T01:04:21.620+0000] {subprocess.py:93} INFO - 		at org.apache.spark.sql.execution.SQLExecution$.$anonfun$withNewExecutionId0$1(SQLExecution.scala:124)
[2026-03-23T01:04:21.620+0000] {subprocess.py:93} INFO - 		at org.apache.spark.sql.SparkSession.withActive(SparkSession.scala:804)
[2026-03-23T01:04:21.621+0000] {subprocess.py:93} INFO - 		at org.apache.spark.sql.execution.SQLExecution$.withNewExecutionId0(SQLExecution.scala:78)
[2026-03-23T01:04:21.621+0000] {subprocess.py:93} INFO - 		at org.apache.spark.sql.execution.SQLExecution$.withNewExecutionId(SQLExecution.scala:237)
[2026-03-23T01:04:21.621+0000] {subprocess.py:93} INFO - 		at org.apache.spark.sql.execution.QueryExecution.$anonfun$eagerlyExecuteCommands$1(QueryExecution.scala:155)
[2026-03-23T01:04:21.621+0000] {subprocess.py:93} INFO - 		at org.apache.spark.sql.execution.QueryExecution$.withInternalError(QueryExecution.scala:654)
[2026-03-23T01:04:21.621+0000] {subprocess.py:93} INFO - 		at org.apache.spark.sql.execution.QueryExecution.org$apache$spark$sql$execution$QueryExecution$$eagerlyExecute$1(QueryExecution.scala:154)
[2026-03-23T01:04:21.621+0000] {subprocess.py:93} INFO - 		at org.apache.spark.sql.execution.QueryExecution$$anonfun$eagerlyExecuteCommands$3.applyOrElse(QueryExecution.scala:169)
[2026-03-23T01:04:21.621+0000] {subprocess.py:93} INFO - 		at org.apache.spark.sql.execution.QueryExecution$$anonfun$eagerlyExecuteCommands$3.applyOrElse(QueryExecution.scala:164)
[2026-03-23T01:04:21.621+0000] {subprocess.py:93} INFO - 		at org.apache.spark.sql.catalyst.trees.TreeNode.$anonfun$transformDownWithPruning$1(TreeNode.scala:470)
[2026-03-23T01:04:21.622+0000] {subprocess.py:93} INFO - 		at org.apache.spark.sql.catalyst.trees.CurrentOrigin$.withOrigin(origin.scala:86)
[2026-03-23T01:04:21.622+0000] {subprocess.py:93} INFO - 		at org.apache.spark.sql.catalyst.trees.TreeNode.transformDownWithPruning(TreeNode.scala:470)
[2026-03-23T01:04:21.622+0000] {subprocess.py:93} INFO - 		at org.apache.spark.sql.catalyst.plans.logical.LogicalPlan.org$apache$spark$sql$catalyst$plans$logical$AnalysisHelper$$super$transformDownWithPruning(LogicalPlan.scala:37)
[2026-03-23T01:04:21.622+0000] {subprocess.py:93} INFO - 		at org.apache.spark.sql.catalyst.plans.logical.AnalysisHelper.transformDownWithPruning(AnalysisHelper.scala:360)
[2026-03-23T01:04:21.622+0000] {subprocess.py:93} INFO - 		at org.apache.spark.sql.catalyst.plans.logical.AnalysisHelper.transformDownWithPruning$(AnalysisHelper.scala:356)
[2026-03-23T01:04:21.622+0000] {subprocess.py:93} INFO - 		at org.apache.spark.sql.catalyst.plans.logical.LogicalPlan.transformDownWithPruning(LogicalPlan.scala:37)
[2026-03-23T01:04:21.622+0000] {subprocess.py:93} INFO - 		at org.apache.spark.sql.catalyst.plans.logical.LogicalPlan.transformDownWithPruning(LogicalPlan.scala:37)
[2026-03-23T01:04:21.622+0000] {subprocess.py:93} INFO - 		at org.apache.spark.sql.catalyst.trees.TreeNode.transformDown(TreeNode.scala:446)
[2026-03-23T01:04:21.623+0000] {subprocess.py:93} INFO - 		at org.apache.spark.sql.execution.QueryExecution.eagerlyExecuteCommands(QueryExecution.scala:164)
[2026-03-23T01:04:21.623+0000] {subprocess.py:93} INFO - 		at org.apache.spark.sql.execution.QueryExecution.$anonfun$lazyCommandExecuted$1(QueryExecution.scala:126)
[2026-03-23T01:04:21.623+0000] {subprocess.py:93} INFO - 		at scala.util.Try$.apply(Try.scala:217)
[2026-03-23T01:04:21.623+0000] {subprocess.py:93} INFO - 		at org.apache.spark.util.Utils$.doTryWithCallerStacktrace(Utils.scala:1378)
[2026-03-23T01:04:21.623+0000] {subprocess.py:93} INFO - 		at org.apache.spark.util.LazyTry.tryT$lzycompute(LazyTry.scala:46)
[2026-03-23T01:04:21.623+0000] {subprocess.py:93} INFO - 		at org.apache.spark.util.LazyTry.tryT(LazyTry.scala:46)
[2026-03-23T01:04:21.623+0000] {subprocess.py:93} INFO - 		... 19 more
[2026-03-23T01:04:21.623+0000] {subprocess.py:93} INFO - 
[2026-03-23T01:04:21.623+0000] {subprocess.py:93} INFO - 
[2026-03-23T01:04:21.624+0000] {subprocess.py:93} INFO - The above exception was the direct cause of the following exception:
[2026-03-23T01:04:21.624+0000] {subprocess.py:93} INFO - 
[2026-03-23T01:04:21.624+0000] {subprocess.py:93} INFO - Traceback (most recent call last):
[2026-03-23T01:04:21.624+0000] {subprocess.py:93} INFO -   File "/app/src/main.py", line 29, in main
[2026-03-23T01:04:21.624+0000] {subprocess.py:93} INFO -     engine.run()
[2026-03-23T01:04:21.624+0000] {subprocess.py:93} INFO -   File "/app/src/engine.py", line 70, in run
[2026-03-23T01:04:21.624+0000] {subprocess.py:93} INFO -     write_output(self.dataframes[sink_input], sink)
[2026-03-23T01:04:21.624+0000] {subprocess.py:93} INFO -   File "/app/src/writer.py", line 119, in write_output
[2026-03-23T01:04:21.624+0000] {subprocess.py:93} INFO -     raise RuntimeError(
[2026-03-23T01:04:21.625+0000] {subprocess.py:93} INFO - RuntimeError: Could not clean output directory 'data/output/events/motor_policy' for sink 'raw-ok'. Original error: An error occurred while calling o70.save.
[2026-03-23T01:04:21.625+0000] {subprocess.py:93} INFO - : org.apache.spark.SparkException: Unable to clear output directory file:/app/data/output/events/motor_policy prior to writing to it.
[2026-03-23T01:04:21.625+0000] {subprocess.py:93} INFO - 	at org.apache.spark.sql.errors.QueryExecutionErrors$.cannotClearOutputDirectoryError(QueryExecutionErrors.scala:786)
[2026-03-23T01:04:21.625+0000] {subprocess.py:93} INFO - 	at org.apache.spark.sql.execution.datasources.InsertIntoHadoopFsRelationCommand.deleteMatchingPartitions(InsertIntoHadoopFsRelationCommand.scala:244)
[2026-03-23T01:04:21.625+0000] {subprocess.py:93} INFO - 	at org.apache.spark.sql.execution.datasources.InsertIntoHadoopFsRelationCommand.run(InsertIntoHadoopFsRelationCommand.scala:136)
[2026-03-23T01:04:21.625+0000] {subprocess.py:93} INFO - 	at org.apache.spark.sql.execution.command.DataWritingCommandExec.sideEffectResult$lzycompute(commands.scala:117)
[2026-03-23T01:04:21.625+0000] {subprocess.py:93} INFO - 	at org.apache.spark.sql.execution.command.DataWritingCommandExec.sideEffectResult(commands.scala:115)
[2026-03-23T01:04:21.625+0000] {subprocess.py:93} INFO - 	at org.apache.spark.sql.execution.command.DataWritingCommandExec.executeCollect(commands.scala:129)
[2026-03-23T01:04:21.625+0000] {subprocess.py:93} INFO - 	at org.apache.spark.sql.execution.QueryExecution.$anonfun$eagerlyExecuteCommands$2(QueryExecution.scala:155)
[2026-03-23T01:04:21.626+0000] {subprocess.py:93} INFO - 	at org.apache.spark.sql.execution.SQLExecution$.$anonfun$withNewExecutionId0$8(SQLExecution.scala:163)
[2026-03-23T01:04:21.626+0000] {subprocess.py:93} INFO - 	at org.apache.spark.sql.execution.SQLExecution$.withSessionTagsApplied(SQLExecution.scala:272)
[2026-03-23T01:04:21.626+0000] {subprocess.py:93} INFO - 	at org.apache.spark.sql.execution.SQLExecution$.$anonfun$withNewExecutionId0$7(SQLExecution.scala:125)
[2026-03-23T01:04:21.626+0000] {subprocess.py:93} INFO - 	at org.apache.spark.JobArtifactSet$.withActiveJobArtifactState(JobArtifactSet.scala:94)
[2026-03-23T01:04:21.626+0000] {subprocess.py:93} INFO - 	at org.apache.spark.sql.artifact.ArtifactManager.$anonfun$withResources$1(ArtifactManager.scala:112)
[2026-03-23T01:04:21.626+0000] {subprocess.py:93} INFO - 	at org.apache.spark.sql.artifact.ArtifactManager.withClassLoaderIfNeeded(ArtifactManager.scala:106)
[2026-03-23T01:04:21.626+0000] {subprocess.py:93} INFO - 	at org.apache.spark.sql.artifact.ArtifactManager.withResources(ArtifactManager.scala:111)
[2026-03-23T01:04:21.626+0000] {subprocess.py:93} INFO - 	at org.apache.spark.sql.execution.SQLExecution$.$anonfun$withNewExecutionId0$6(SQLExecution.scala:125)
[2026-03-23T01:04:21.627+0000] {subprocess.py:93} INFO - 	at org.apache.spark.sql.execution.SQLExecution$.withSQLConfPropagated(SQLExecution.scala:295)
[2026-03-23T01:04:21.627+0000] {subprocess.py:93} INFO - 	at org.apache.spark.sql.execution.SQLExecution$.$anonfun$withNewExecutionId0$1(SQLExecution.scala:124)
[2026-03-23T01:04:21.627+0000] {subprocess.py:93} INFO - 	at org.apache.spark.sql.SparkSession.withActive(SparkSession.scala:804)
[2026-03-23T01:04:21.627+0000] {subprocess.py:93} INFO - 	at org.apache.spark.sql.execution.SQLExecution$.withNewExecutionId0(SQLExecution.scala:78)
[2026-03-23T01:04:21.627+0000] {subprocess.py:93} INFO - 	at org.apache.spark.sql.execution.SQLExecution$.withNewExecutionId(SQLExecution.scala:237)
[2026-03-23T01:04:21.627+0000] {subprocess.py:93} INFO - 	at org.apache.spark.sql.execution.QueryExecution.$anonfun$eagerlyExecuteCommands$1(QueryExecution.scala:155)
[2026-03-23T01:04:21.627+0000] {subprocess.py:93} INFO - 	at org.apache.spark.sql.execution.QueryExecution$.withInternalError(QueryExecution.scala:654)
[2026-03-23T01:04:21.627+0000] {subprocess.py:93} INFO - 	at org.apache.spark.sql.execution.QueryExecution.org$apache$spark$sql$execution$QueryExecution$$eagerlyExecute$1(QueryExecution.scala:154)
[2026-03-23T01:04:21.627+0000] {subprocess.py:93} INFO - 	at org.apache.spark.sql.execution.QueryExecution$$anonfun$eagerlyExecuteCommands$3.applyOrElse(QueryExecution.scala:169)
[2026-03-23T01:04:21.628+0000] {subprocess.py:93} INFO - 	at org.apache.spark.sql.execution.QueryExecution$$anonfun$eagerlyExecuteCommands$3.applyOrElse(QueryExecution.scala:164)
[2026-03-23T01:04:21.628+0000] {subprocess.py:93} INFO - 	at org.apache.spark.sql.catalyst.trees.TreeNode.$anonfun$transformDownWithPruning$1(TreeNode.scala:470)
[2026-03-23T01:04:21.628+0000] {subprocess.py:93} INFO - 	at org.apache.spark.sql.catalyst.trees.CurrentOrigin$.withOrigin(origin.scala:86)
[2026-03-23T01:04:21.628+0000] {subprocess.py:93} INFO - 	at org.apache.spark.sql.catalyst.trees.TreeNode.transformDownWithPruning(TreeNode.scala:470)
[2026-03-23T01:04:21.628+0000] {subprocess.py:93} INFO - 	at org.apache.spark.sql.catalyst.plans.logical.LogicalPlan.org$apache$spark$sql$catalyst$plans$logical$AnalysisHelper$$super$transformDownWithPruning(LogicalPlan.scala:37)
[2026-03-23T01:04:21.628+0000] {subprocess.py:93} INFO - 	at org.apache.spark.sql.catalyst.plans.logical.AnalysisHelper.transformDownWithPruning(AnalysisHelper.scala:360)
[2026-03-23T01:04:21.628+0000] {subprocess.py:93} INFO - 	at org.apache.spark.sql.catalyst.plans.logical.AnalysisHelper.transformDownWithPruning$(AnalysisHelper.scala:356)
[2026-03-23T01:04:21.628+0000] {subprocess.py:93} INFO - 	at org.apache.spark.sql.catalyst.plans.logical.LogicalPlan.transformDownWithPruning(LogicalPlan.scala:37)
[2026-03-23T01:04:21.628+0000] {subprocess.py:93} INFO - 	at org.apache.spark.sql.catalyst.plans.logical.LogicalPlan.transformDownWithPruning(LogicalPlan.scala:37)
[2026-03-23T01:04:21.629+0000] {subprocess.py:93} INFO - 	at org.apache.spark.sql.catalyst.trees.TreeNode.transformDown(TreeNode.scala:446)
[2026-03-23T01:04:21.629+0000] {subprocess.py:93} INFO - 	at org.apache.spark.sql.execution.QueryExecution.eagerlyExecuteCommands(QueryExecution.scala:164)
[2026-03-23T01:04:21.629+0000] {subprocess.py:93} INFO - 	at org.apache.spark.sql.execution.QueryExecution.$anonfun$lazyCommandExecuted$1(QueryExecution.scala:126)
[2026-03-23T01:04:21.629+0000] {subprocess.py:93} INFO - 	at scala.util.Try$.apply(Try.scala:217)
[2026-03-23T01:04:21.629+0000] {subprocess.py:93} INFO - 	at org.apache.spark.util.Utils$.doTryWithCallerStacktrace(Utils.scala:1378)
[2026-03-23T01:04:21.629+0000] {subprocess.py:93} INFO - 	at org.apache.spark.util.Utils$.getTryWithCallerStacktrace(Utils.scala:1439)
[2026-03-23T01:04:21.629+0000] {subprocess.py:93} INFO - 	at org.apache.spark.util.LazyTry.get(LazyTry.scala:58)
[2026-03-23T01:04:21.629+0000] {subprocess.py:93} INFO - 	at org.apache.spark.sql.execution.QueryExecution.commandExecuted(QueryExecution.scala:131)
[2026-03-23T01:04:21.629+0000] {subprocess.py:93} INFO - 	at org.apache.spark.sql.execution.QueryExecution.assertCommandExecuted(QueryExecution.scala:192)
[2026-03-23T01:04:21.630+0000] {subprocess.py:93} INFO - 	at org.apache.spark.sql.classic.DataFrameWriter.runCommand(DataFrameWriter.scala:622)
[2026-03-23T01:04:21.630+0000] {subprocess.py:93} INFO - 	at org.apache.spark.sql.classic.DataFrameWriter.saveToV1Source(DataFrameWriter.scala:273)
[2026-03-23T01:04:21.630+0000] {subprocess.py:93} INFO - 	at org.apache.spark.sql.classic.DataFrameWriter.saveInternal(DataFrameWriter.scala:241)
[2026-03-23T01:04:21.630+0000] {subprocess.py:93} INFO - 	at org.apache.spark.sql.classic.DataFrameWriter.save(DataFrameWriter.scala:118)
[2026-03-23T01:04:21.630+0000] {subprocess.py:93} INFO - 	at java.base/jdk.internal.reflect.NativeMethodAccessorImpl.invoke0(Native Method)
[2026-03-23T01:04:21.630+0000] {subprocess.py:93} INFO - 	at java.base/jdk.internal.reflect.NativeMethodAccessorImpl.invoke(NativeMethodAccessorImpl.java:77)
[2026-03-23T01:04:21.630+0000] {subprocess.py:93} INFO - 	at java.base/jdk.internal.reflect.DelegatingMethodAccessorImpl.invoke(DelegatingMethodAccessorImpl.java:43)
[2026-03-23T01:04:21.630+0000] {subprocess.py:93} INFO - 	at java.base/java.lang.reflect.Method.invoke(Method.java:569)
[2026-03-23T01:04:21.630+0000] {subprocess.py:93} INFO - 	at py4j.reflection.MethodInvoker.invoke(MethodInvoker.java:244)
[2026-03-23T01:04:21.630+0000] {subprocess.py:93} INFO - 	at py4j.reflection.ReflectionEngine.invoke(ReflectionEngine.java:374)
[2026-03-23T01:04:21.631+0000] {subprocess.py:93} INFO - 	at py4j.Gateway.invoke(Gateway.java:282)
[2026-03-23T01:04:21.631+0000] {subprocess.py:93} INFO - 	at py4j.commands.AbstractCommand.invokeMethod(AbstractCommand.java:132)
[2026-03-23T01:04:21.631+0000] {subprocess.py:93} INFO - 	at py4j.commands.CallCommand.execute(CallCommand.java:79)
[2026-03-23T01:04:21.631+0000] {subprocess.py:93} INFO - 	at py4j.ClientServerConnection.waitForCommands(ClientServerConnection.java:184)
[2026-03-23T01:04:21.631+0000] {subprocess.py:93} INFO - 	at py4j.ClientServerConnection.run(ClientServerConnection.java:108)
[2026-03-23T01:04:21.631+0000] {subprocess.py:93} INFO - 	at java.base/java.lang.Thread.run(Thread.java:840)
[2026-03-23T01:04:21.631+0000] {subprocess.py:93} INFO - 	Suppressed: org.apache.spark.util.Utils$OriginalTryStackTraceException: Full stacktrace of original doTryWithCallerStacktrace caller
[2026-03-23T01:04:21.631+0000] {subprocess.py:93} INFO - 		at org.apache.spark.sql.errors.QueryExecutionErrors$.cannotClearOutputDirectoryError(QueryExecutionErrors.scala:786)
[2026-03-23T01:04:21.632+0000] {subprocess.py:93} INFO - 		at org.apache.spark.sql.execution.datasources.InsertIntoHadoopFsRelationCommand.deleteMatchingPartitions(InsertIntoHadoopFsRelationCommand.scala:244)
[2026-03-23T01:04:21.632+0000] {subprocess.py:93} INFO - 		at org.apache.spark.sql.execution.datasources.InsertIntoHadoopFsRelationCommand.run(InsertIntoHadoopFsRelationCommand.scala:136)
[2026-03-23T01:04:21.632+0000] {subprocess.py:93} INFO - 		at org.apache.spark.sql.execution.command.DataWritingCommandExec.sideEffectResult$lzycompute(commands.scala:117)
[2026-03-23T01:04:21.632+0000] {subprocess.py:93} INFO - 		at org.apache.spark.sql.execution.command.DataWritingCommandExec.sideEffectResult(commands.scala:115)
[2026-03-23T01:04:21.632+0000] {subprocess.py:93} INFO - 		at org.apache.spark.sql.execution.command.DataWritingCommandExec.executeCollect(commands.scala:129)
[2026-03-23T01:04:21.632+0000] {subprocess.py:93} INFO - 		at org.apache.spark.sql.execution.QueryExecution.$anonfun$eagerlyExecuteCommands$2(QueryExecution.scala:155)
[2026-03-23T01:04:21.632+0000] {subprocess.py:93} INFO - 		at org.apache.spark.sql.execution.SQLExecution$.$anonfun$withNewExecutionId0$8(SQLExecution.scala:163)
[2026-03-23T01:04:21.632+0000] {subprocess.py:93} INFO - 		at org.apache.spark.sql.execution.SQLExecution$.withSessionTagsApplied(SQLExecution.scala:272)
[2026-03-23T01:04:21.632+0000] {subprocess.py:93} INFO - 		at org.apache.spark.sql.execution.SQLExecution$.$anonfun$withNewExecutionId0$7(SQLExecution.scala:125)
[2026-03-23T01:04:21.632+0000] {subprocess.py:93} INFO - 		at org.apache.spark.JobArtifactSet$.withActiveJobArtifactState(JobArtifactSet.scala:94)
[2026-03-23T01:04:21.633+0000] {subprocess.py:93} INFO - 		at org.apache.spark.sql.artifact.ArtifactManager.$anonfun$withResources$1(ArtifactManager.scala:112)
[2026-03-23T01:04:21.633+0000] {subprocess.py:93} INFO - 		at org.apache.spark.sql.artifact.ArtifactManager.withClassLoaderIfNeeded(ArtifactManager.scala:106)
[2026-03-23T01:04:21.633+0000] {subprocess.py:93} INFO - 		at org.apache.spark.sql.artifact.ArtifactManager.withResources(ArtifactManager.scala:111)
[2026-03-23T01:04:21.633+0000] {subprocess.py:93} INFO - 		at org.apache.spark.sql.execution.SQLExecution$.$anonfun$withNewExecutionId0$6(SQLExecution.scala:125)
[2026-03-23T01:04:21.633+0000] {subprocess.py:93} INFO - 		at org.apache.spark.sql.execution.SQLExecution$.withSQLConfPropagated(SQLExecution.scala:295)
[2026-03-23T01:04:21.633+0000] {subprocess.py:93} INFO - 		at org.apache.spark.sql.execution.SQLExecution$.$anonfun$withNewExecutionId0$1(SQLExecution.scala:124)
[2026-03-23T01:04:21.633+0000] {subprocess.py:93} INFO - 		at org.apache.spark.sql.SparkSession.withActive(SparkSession.scala:804)
[2026-03-23T01:04:21.633+0000] {subprocess.py:93} INFO - 		at org.apache.spark.sql.execution.SQLExecution$.withNewExecutionId0(SQLExecution.scala:78)
[2026-03-23T01:04:21.633+0000] {subprocess.py:93} INFO - 		at org.apache.spark.sql.execution.SQLExecution$.withNewExecutionId(SQLExecution.scala:237)
[2026-03-23T01:04:21.634+0000] {subprocess.py:93} INFO - 		at org.apache.spark.sql.execution.QueryExecution.$anonfun$eagerlyExecuteCommands$1(QueryExecution.scala:155)
[2026-03-23T01:04:21.634+0000] {subprocess.py:93} INFO - 		at org.apache.spark.sql.execution.QueryExecution$.withInternalError(QueryExecution.scala:654)
[2026-03-23T01:04:21.634+0000] {subprocess.py:93} INFO - 		at org.apache.spark.sql.execution.QueryExecution.org$apache$spark$sql$execution$QueryExecution$$eagerlyExecute$1(QueryExecution.scala:154)
[2026-03-23T01:04:21.634+0000] {subprocess.py:93} INFO - 		at org.apache.spark.sql.execution.QueryExecution$$anonfun$eagerlyExecuteCommands$3.applyOrElse(QueryExecution.scala:169)
[2026-03-23T01:04:21.634+0000] {subprocess.py:93} INFO - 		at org.apache.spark.sql.execution.QueryExecution$$anonfun$eagerlyExecuteCommands$3.applyOrElse(QueryExecution.scala:164)
[2026-03-23T01:04:21.634+0000] {subprocess.py:93} INFO - 		at org.apache.spark.sql.catalyst.trees.TreeNode.$anonfun$transformDownWithPruning$1(TreeNode.scala:470)
[2026-03-23T01:04:21.634+0000] {subprocess.py:93} INFO - 		at org.apache.spark.sql.catalyst.trees.CurrentOrigin$.withOrigin(origin.scala:86)
[2026-03-23T01:04:21.635+0000] {subprocess.py:93} INFO - 		at org.apache.spark.sql.catalyst.trees.TreeNode.transformDownWithPruning(TreeNode.scala:470)
[2026-03-23T01:04:21.635+0000] {subprocess.py:93} INFO - 		at org.apache.spark.sql.catalyst.plans.logical.LogicalPlan.org$apache$spark$sql$catalyst$plans$logical$AnalysisHelper$$super$transformDownWithPruning(LogicalPlan.scala:37)
[2026-03-23T01:04:21.635+0000] {subprocess.py:93} INFO - 		at org.apache.spark.sql.catalyst.plans.logical.AnalysisHelper.transformDownWithPruning(AnalysisHelper.scala:360)
[2026-03-23T01:04:21.635+0000] {subprocess.py:93} INFO - 		at org.apache.spark.sql.catalyst.plans.logical.AnalysisHelper.transformDownWithPruning$(AnalysisHelper.scala:356)
[2026-03-23T01:04:21.635+0000] {subprocess.py:93} INFO - 		at org.apache.spark.sql.catalyst.plans.logical.LogicalPlan.transformDownWithPruning(LogicalPlan.scala:37)
[2026-03-23T01:04:21.635+0000] {subprocess.py:93} INFO - 		at org.apache.spark.sql.catalyst.plans.logical.LogicalPlan.transformDownWithPruning(LogicalPlan.scala:37)
[2026-03-23T01:04:21.635+0000] {subprocess.py:93} INFO - 		at org.apache.spark.sql.catalyst.trees.TreeNode.transformDown(TreeNode.scala:446)
[2026-03-23T01:04:21.635+0000] {subprocess.py:93} INFO - 		at org.apache.spark.sql.execution.QueryExecution.eagerlyExecuteCommands(QueryExecution.scala:164)
[2026-03-23T01:04:21.635+0000] {subprocess.py:93} INFO - 		at org.apache.spark.sql.execution.QueryExecution.$anonfun$lazyCommandExecuted$1(QueryExecution.scala:126)
[2026-03-23T01:04:21.636+0000] {subprocess.py:93} INFO - 		at scala.util.Try$.apply(Try.scala:217)
[2026-03-23T01:04:21.636+0000] {subprocess.py:93} INFO - 		at org.apache.spark.util.Utils$.doTryWithCallerStacktrace(Utils.scala:1378)
[2026-03-23T01:04:21.636+0000] {subprocess.py:93} INFO - 		at org.apache.spark.util.LazyTry.tryT$lzycompute(LazyTry.scala:46)
[2026-03-23T01:04:21.636+0000] {subprocess.py:93} INFO - 		at org.apache.spark.util.LazyTry.tryT(LazyTry.scala:46)
[2026-03-23T01:04:21.636+0000] {subprocess.py:93} INFO - 		... 19 more
[2026-03-23T01:04:21.637+0000] {subprocess.py:93} INFO - 
[2026-03-23T01:04:21.637+0000] {subprocess.py:93} INFO - 2026-03-23 01:04:21,580 - __main__ - INFO - Stopping Spark session...
[2026-03-23T01:04:22.009+0000] {subprocess.py:93} INFO - 2026-03-23 01:04:22,009 - __main__ - CRITICAL - Fatal error: Could not clean output directory 'data/output/events/motor_policy' for sink 'raw-ok'. Original error: An error occurred while calling o70.save.
[2026-03-23T01:04:22.009+0000] {subprocess.py:93} INFO - : org.apache.spark.SparkException: Unable to clear output directory file:/app/data/output/events/motor_policy prior to writing to it.
[2026-03-23T01:04:22.010+0000] {subprocess.py:93} INFO - 	at org.apache.spark.sql.errors.QueryExecutionErrors$.cannotClearOutputDirectoryError(QueryExecutionErrors.scala:786)
[2026-03-23T01:04:22.010+0000] {subprocess.py:93} INFO - 	at org.apache.spark.sql.execution.datasources.InsertIntoHadoopFsRelationCommand.deleteMatchingPartitions(InsertIntoHadoopFsRelationCommand.scala:244)
[2026-03-23T01:04:22.010+0000] {subprocess.py:93} INFO - 	at org.apache.spark.sql.execution.datasources.InsertIntoHadoopFsRelationCommand.run(InsertIntoHadoopFsRelationCommand.scala:136)
[2026-03-23T01:04:22.010+0000] {subprocess.py:93} INFO - 	at org.apache.spark.sql.execution.command.DataWritingCommandExec.sideEffectResult$lzycompute(commands.scala:117)
[2026-03-23T01:04:22.010+0000] {subprocess.py:93} INFO - 	at org.apache.spark.sql.execution.command.DataWritingCommandExec.sideEffectResult(commands.scala:115)
[2026-03-23T01:04:22.010+0000] {subprocess.py:93} INFO - 	at org.apache.spark.sql.execution.command.DataWritingCommandExec.executeCollect(commands.scala:129)
[2026-03-23T01:04:22.010+0000] {subprocess.py:93} INFO - 	at org.apache.spark.sql.execution.QueryExecution.$anonfun$eagerlyExecuteCommands$2(QueryExecution.scala:155)
[2026-03-23T01:04:22.011+0000] {subprocess.py:93} INFO - 	at org.apache.spark.sql.execution.SQLExecution$.$anonfun$withNewExecutionId0$8(SQLExecution.scala:163)
[2026-03-23T01:04:22.011+0000] {subprocess.py:93} INFO - 	at org.apache.spark.sql.execution.SQLExecution$.withSessionTagsApplied(SQLExecution.scala:272)
[2026-03-23T01:04:22.011+0000] {subprocess.py:93} INFO - 	at org.apache.spark.sql.execution.SQLExecution$.$anonfun$withNewExecutionId0$7(SQLExecution.scala:125)
[2026-03-23T01:04:22.011+0000] {subprocess.py:93} INFO - 	at org.apache.spark.JobArtifactSet$.withActiveJobArtifactState(JobArtifactSet.scala:94)
[2026-03-23T01:04:22.011+0000] {subprocess.py:93} INFO - 	at org.apache.spark.sql.artifact.ArtifactManager.$anonfun$withResources$1(ArtifactManager.scala:112)
[2026-03-23T01:04:22.011+0000] {subprocess.py:93} INFO - 	at org.apache.spark.sql.artifact.ArtifactManager.withClassLoaderIfNeeded(ArtifactManager.scala:106)
[2026-03-23T01:04:22.011+0000] {subprocess.py:93} INFO - 	at org.apache.spark.sql.artifact.ArtifactManager.withResources(ArtifactManager.scala:111)
[2026-03-23T01:04:22.012+0000] {subprocess.py:93} INFO - 	at org.apache.spark.sql.execution.SQLExecution$.$anonfun$withNewExecutionId0$6(SQLExecution.scala:125)
[2026-03-23T01:04:22.012+0000] {subprocess.py:93} INFO - 	at org.apache.spark.sql.execution.SQLExecution$.withSQLConfPropagated(SQLExecution.scala:295)
[2026-03-23T01:04:22.012+0000] {subprocess.py:93} INFO - 	at org.apache.spark.sql.execution.SQLExecution$.$anonfun$withNewExecutionId0$1(SQLExecution.scala:124)
[2026-03-23T01:04:22.012+0000] {subprocess.py:93} INFO - 	at org.apache.spark.sql.SparkSession.withActive(SparkSession.scala:804)
[2026-03-23T01:04:22.012+0000] {subprocess.py:93} INFO - 	at org.apache.spark.sql.execution.SQLExecution$.withNewExecutionId0(SQLExecution.scala:78)
[2026-03-23T01:04:22.012+0000] {subprocess.py:93} INFO - 	at org.apache.spark.sql.execution.SQLExecution$.withNewExecutionId(SQLExecution.scala:237)
[2026-03-23T01:04:22.012+0000] {subprocess.py:93} INFO - 	at org.apache.spark.sql.execution.QueryExecution.$anonfun$eagerlyExecuteCommands$1(QueryExecution.scala:155)
[2026-03-23T01:04:22.012+0000] {subprocess.py:93} INFO - 	at org.apache.spark.sql.execution.QueryExecution$.withInternalError(QueryExecution.scala:654)
[2026-03-23T01:04:22.013+0000] {subprocess.py:93} INFO - 	at org.apache.spark.sql.execution.QueryExecution.org$apache$spark$sql$execution$QueryExecution$$eagerlyExecute$1(QueryExecution.scala:154)
[2026-03-23T01:04:22.013+0000] {subprocess.py:93} INFO - 	at org.apache.spark.sql.execution.QueryExecution$$anonfun$eagerlyExecuteCommands$3.applyOrElse(QueryExecution.scala:169)
[2026-03-23T01:04:22.013+0000] {subprocess.py:93} INFO - 	at org.apache.spark.sql.execution.QueryExecution$$anonfun$eagerlyExecuteCommands$3.applyOrElse(QueryExecution.scala:164)
[2026-03-23T01:04:22.013+0000] {subprocess.py:93} INFO - 	at org.apache.spark.sql.catalyst.trees.TreeNode.$anonfun$transformDownWithPruning$1(TreeNode.scala:470)
[2026-03-23T01:04:22.013+0000] {subprocess.py:93} INFO - 	at org.apache.spark.sql.catalyst.trees.CurrentOrigin$.withOrigin(origin.scala:86)
[2026-03-23T01:04:22.013+0000] {subprocess.py:93} INFO - 	at org.apache.spark.sql.catalyst.trees.TreeNode.transformDownWithPruning(TreeNode.scala:470)
[2026-03-23T01:04:22.013+0000] {subprocess.py:93} INFO - 	at org.apache.spark.sql.catalyst.plans.logical.LogicalPlan.org$apache$spark$sql$catalyst$plans$logical$AnalysisHelper$$super$transformDownWithPruning(LogicalPlan.scala:37)
[2026-03-23T01:04:22.013+0000] {subprocess.py:93} INFO - 	at org.apache.spark.sql.catalyst.plans.logical.AnalysisHelper.transformDownWithPruning(AnalysisHelper.scala:360)
[2026-03-23T01:04:22.014+0000] {subprocess.py:93} INFO - 	at org.apache.spark.sql.catalyst.plans.logical.AnalysisHelper.transformDownWithPruning$(AnalysisHelper.scala:356)
[2026-03-23T01:04:22.014+0000] {subprocess.py:93} INFO - 	at org.apache.spark.sql.catalyst.plans.logical.LogicalPlan.transformDownWithPruning(LogicalPlan.scala:37)
[2026-03-23T01:04:22.014+0000] {subprocess.py:93} INFO - 	at org.apache.spark.sql.catalyst.plans.logical.LogicalPlan.transformDownWithPruning(LogicalPlan.scala:37)
[2026-03-23T01:04:22.014+0000] {subprocess.py:93} INFO - 	at org.apache.spark.sql.catalyst.trees.TreeNode.transformDown(TreeNode.scala:446)
[2026-03-23T01:04:22.014+0000] {subprocess.py:93} INFO - 	at org.apache.spark.sql.execution.QueryExecution.eagerlyExecuteCommands(QueryExecution.scala:164)
[2026-03-23T01:04:22.014+0000] {subprocess.py:93} INFO - 	at org.apache.spark.sql.execution.QueryExecution.$anonfun$lazyCommandExecuted$1(QueryExecution.scala:126)
[2026-03-23T01:04:22.014+0000] {subprocess.py:93} INFO - 	at scala.util.Try$.apply(Try.scala:217)
[2026-03-23T01:04:22.014+0000] {subprocess.py:93} INFO - 	at org.apache.spark.util.Utils$.doTryWithCallerStacktrace(Utils.scala:1378)
[2026-03-23T01:04:22.015+0000] {subprocess.py:93} INFO - 	at org.apache.spark.util.Utils$.getTryWithCallerStacktrace(Utils.scala:1439)
[2026-03-23T01:04:22.015+0000] {subprocess.py:93} INFO - 	at org.apache.spark.util.LazyTry.get(LazyTry.scala:58)
[2026-03-23T01:04:22.015+0000] {subprocess.py:93} INFO - 	at org.apache.spark.sql.execution.QueryExecution.commandExecuted(QueryExecution.scala:131)
[2026-03-23T01:04:22.015+0000] {subprocess.py:93} INFO - 	at org.apache.spark.sql.execution.QueryExecution.assertCommandExecuted(QueryExecution.scala:192)
[2026-03-23T01:04:22.015+0000] {subprocess.py:93} INFO - 	at org.apache.spark.sql.classic.DataFrameWriter.runCommand(DataFrameWriter.scala:622)
[2026-03-23T01:04:22.015+0000] {subprocess.py:93} INFO - 	at org.apache.spark.sql.classic.DataFrameWriter.saveToV1Source(DataFrameWriter.scala:273)
[2026-03-23T01:04:22.015+0000] {subprocess.py:93} INFO - 	at org.apache.spark.sql.classic.DataFrameWriter.saveInternal(DataFrameWriter.scala:241)
[2026-03-23T01:04:22.016+0000] {subprocess.py:93} INFO - 	at org.apache.spark.sql.classic.DataFrameWriter.save(DataFrameWriter.scala:118)
[2026-03-23T01:04:22.016+0000] {subprocess.py:93} INFO - 	at java.base/jdk.internal.reflect.NativeMethodAccessorImpl.invoke0(Native Method)
[2026-03-23T01:04:22.016+0000] {subprocess.py:93} INFO - 	at java.base/jdk.internal.reflect.NativeMethodAccessorImpl.invoke(NativeMethodAccessorImpl.java:77)
[2026-03-23T01:04:22.016+0000] {subprocess.py:93} INFO - 	at java.base/jdk.internal.reflect.DelegatingMethodAccessorImpl.invoke(DelegatingMethodAccessorImpl.java:43)
[2026-03-23T01:04:22.016+0000] {subprocess.py:93} INFO - 	at java.base/java.lang.reflect.Method.invoke(Method.java:569)
[2026-03-23T01:04:22.016+0000] {subprocess.py:93} INFO - 	at py4j.reflection.MethodInvoker.invoke(MethodInvoker.java:244)
[2026-03-23T01:04:22.016+0000] {subprocess.py:93} INFO - 	at py4j.reflection.ReflectionEngine.invoke(ReflectionEngine.java:374)
[2026-03-23T01:04:22.016+0000] {subprocess.py:93} INFO - 	at py4j.Gateway.invoke(Gateway.java:282)
[2026-03-23T01:04:22.017+0000] {subprocess.py:93} INFO - 	at py4j.commands.AbstractCommand.invokeMethod(AbstractCommand.java:132)
[2026-03-23T01:04:22.017+0000] {subprocess.py:93} INFO - 	at py4j.commands.CallCommand.execute(CallCommand.java:79)
[2026-03-23T01:04:22.017+0000] {subprocess.py:93} INFO - 	at py4j.ClientServerConnection.waitForCommands(ClientServerConnection.java:184)
[2026-03-23T01:04:22.017+0000] {subprocess.py:93} INFO - 	at py4j.ClientServerConnection.run(ClientServerConnection.java:108)
[2026-03-23T01:04:22.017+0000] {subprocess.py:93} INFO - 	at java.base/java.lang.Thread.run(Thread.java:840)
[2026-03-23T01:04:22.017+0000] {subprocess.py:93} INFO - 	Suppressed: org.apache.spark.util.Utils$OriginalTryStackTraceException: Full stacktrace of original doTryWithCallerStacktrace caller
[2026-03-23T01:04:22.017+0000] {subprocess.py:93} INFO - 		at org.apache.spark.sql.errors.QueryExecutionErrors$.cannotClearOutputDirectoryError(QueryExecutionErrors.scala:786)
[2026-03-23T01:04:22.017+0000] {subprocess.py:93} INFO - 		at org.apache.spark.sql.execution.datasources.InsertIntoHadoopFsRelationCommand.deleteMatchingPartitions(InsertIntoHadoopFsRelationCommand.scala:244)
[2026-03-23T01:04:22.018+0000] {subprocess.py:93} INFO - 		at org.apache.spark.sql.execution.datasources.InsertIntoHadoopFsRelationCommand.run(InsertIntoHadoopFsRelationCommand.scala:136)
[2026-03-23T01:04:22.018+0000] {subprocess.py:93} INFO - 		at org.apache.spark.sql.execution.command.DataWritingCommandExec.sideEffectResult$lzycompute(commands.scala:117)
[2026-03-23T01:04:22.018+0000] {subprocess.py:93} INFO - 		at org.apache.spark.sql.execution.command.DataWritingCommandExec.sideEffectResult(commands.scala:115)
[2026-03-23T01:04:22.018+0000] {subprocess.py:93} INFO - 		at org.apache.spark.sql.execution.command.DataWritingCommandExec.executeCollect(commands.scala:129)
[2026-03-23T01:04:22.018+0000] {subprocess.py:93} INFO - 		at org.apache.spark.sql.execution.QueryExecution.$anonfun$eagerlyExecuteCommands$2(QueryExecution.scala:155)
[2026-03-23T01:04:22.018+0000] {subprocess.py:93} INFO - 		at org.apache.spark.sql.execution.SQLExecution$.$anonfun$withNewExecutionId0$8(SQLExecution.scala:163)
[2026-03-23T01:04:22.018+0000] {subprocess.py:93} INFO - 		at org.apache.spark.sql.execution.SQLExecution$.withSessionTagsApplied(SQLExecution.scala:272)
[2026-03-23T01:04:22.018+0000] {subprocess.py:93} INFO - 		at org.apache.spark.sql.execution.SQLExecution$.$anonfun$withNewExecutionId0$7(SQLExecution.scala:125)
[2026-03-23T01:04:22.019+0000] {subprocess.py:93} INFO - 		at org.apache.spark.JobArtifactSet$.withActiveJobArtifactState(JobArtifactSet.scala:94)
[2026-03-23T01:04:22.019+0000] {subprocess.py:93} INFO - 		at org.apache.spark.sql.artifact.ArtifactManager.$anonfun$withResources$1(ArtifactManager.scala:112)
[2026-03-23T01:04:22.019+0000] {subprocess.py:93} INFO - 		at org.apache.spark.sql.artifact.ArtifactManager.withClassLoaderIfNeeded(ArtifactManager.scala:106)
[2026-03-23T01:04:22.019+0000] {subprocess.py:93} INFO - 		at org.apache.spark.sql.artifact.ArtifactManager.withResources(ArtifactManager.scala:111)
[2026-03-23T01:04:22.019+0000] {subprocess.py:93} INFO - 		at org.apache.spark.sql.execution.SQLExecution$.$anonfun$withNewExecutionId0$6(SQLExecution.scala:125)
[2026-03-23T01:04:22.019+0000] {subprocess.py:93} INFO - 		at org.apache.spark.sql.execution.SQLExecution$.withSQLConfPropagated(SQLExecution.scala:295)
[2026-03-23T01:04:22.019+0000] {subprocess.py:93} INFO - 		at org.apache.spark.sql.execution.SQLExecution$.$anonfun$withNewExecutionId0$1(SQLExecution.scala:124)
[2026-03-23T01:04:22.020+0000] {subprocess.py:93} INFO - 		at org.apache.spark.sql.SparkSession.withActive(SparkSession.scala:804)
[2026-03-23T01:04:22.020+0000] {subprocess.py:93} INFO - 		at org.apache.spark.sql.execution.SQLExecution$.withNewExecutionId0(SQLExecution.scala:78)
[2026-03-23T01:04:22.020+0000] {subprocess.py:93} INFO - 		at org.apache.spark.sql.execution.SQLExecution$.withNewExecutionId(SQLExecution.scala:237)
[2026-03-23T01:04:22.020+0000] {subprocess.py:93} INFO - 		at org.apache.spark.sql.execution.QueryExecution.$anonfun$eagerlyExecuteCommands$1(QueryExecution.scala:155)
[2026-03-23T01:04:22.020+0000] {subprocess.py:93} INFO - 		at org.apache.spark.sql.execution.QueryExecution$.withInternalError(QueryExecution.scala:654)
[2026-03-23T01:04:22.020+0000] {subprocess.py:93} INFO - 		at org.apache.spark.sql.execution.QueryExecution.org$apache$spark$sql$execution$QueryExecution$$eagerlyExecute$1(QueryExecution.scala:154)
[2026-03-23T01:04:22.020+0000] {subprocess.py:93} INFO - 		at org.apache.spark.sql.execution.QueryExecution$$anonfun$eagerlyExecuteCommands$3.applyOrElse(QueryExecution.scala:169)
[2026-03-23T01:04:22.020+0000] {subprocess.py:93} INFO - 		at org.apache.spark.sql.execution.QueryExecution$$anonfun$eagerlyExecuteCommands$3.applyOrElse(QueryExecution.scala:164)
[2026-03-23T01:04:22.021+0000] {subprocess.py:93} INFO - 		at org.apache.spark.sql.catalyst.trees.TreeNode.$anonfun$transformDownWithPruning$1(TreeNode.scala:470)
[2026-03-23T01:04:22.021+0000] {subprocess.py:93} INFO - 		at org.apache.spark.sql.catalyst.trees.CurrentOrigin$.withOrigin(origin.scala:86)
[2026-03-23T01:04:22.021+0000] {subprocess.py:93} INFO - 		at org.apache.spark.sql.catalyst.trees.TreeNode.transformDownWithPruning(TreeNode.scala:470)
[2026-03-23T01:04:22.021+0000] {subprocess.py:93} INFO - 		at org.apache.spark.sql.catalyst.plans.logical.LogicalPlan.org$apache$spark$sql$catalyst$plans$logical$AnalysisHelper$$super$transformDownWithPruning(LogicalPlan.scala:37)
[2026-03-23T01:04:22.021+0000] {subprocess.py:93} INFO - 		at org.apache.spark.sql.catalyst.plans.logical.AnalysisHelper.transformDownWithPruning(AnalysisHelper.scala:360)
[2026-03-23T01:04:22.021+0000] {subprocess.py:93} INFO - 		at org.apache.spark.sql.catalyst.plans.logical.AnalysisHelper.transformDownWithPruning$(AnalysisHelper.scala:356)
[2026-03-23T01:04:22.022+0000] {subprocess.py:93} INFO - 		at org.apache.spark.sql.catalyst.plans.logical.LogicalPlan.transformDownWithPruning(LogicalPlan.scala:37)
[2026-03-23T01:04:22.022+0000] {subprocess.py:93} INFO - 		at org.apache.spark.sql.catalyst.plans.logical.LogicalPlan.transformDownWithPruning(LogicalPlan.scala:37)
[2026-03-23T01:04:22.022+0000] {subprocess.py:93} INFO - 		at org.apache.spark.sql.catalyst.trees.TreeNode.transformDown(TreeNode.scala:446)
[2026-03-23T01:04:22.022+0000] {subprocess.py:93} INFO - 		at org.apache.spark.sql.execution.QueryExecution.eagerlyExecuteCommands(QueryExecution.scala:164)
[2026-03-23T01:04:22.022+0000] {subprocess.py:93} INFO - 		at org.apache.spark.sql.execution.QueryExecution.$anonfun$lazyCommandExecuted$1(QueryExecution.scala:126)
[2026-03-23T01:04:22.022+0000] {subprocess.py:93} INFO - 		at scala.util.Try$.apply(Try.scala:217)
[2026-03-23T01:04:22.023+0000] {subprocess.py:93} INFO - 		at org.apache.spark.util.Utils$.doTryWithCallerStacktrace(Utils.scala:1378)
[2026-03-23T01:04:22.023+0000] {subprocess.py:93} INFO - 		at org.apache.spark.util.LazyTry.tryT$lzycompute(LazyTry.scala:46)
[2026-03-23T01:04:22.023+0000] {subprocess.py:93} INFO - 		at org.apache.spark.util.LazyTry.tryT(LazyTry.scala:46)
[2026-03-23T01:04:22.023+0000] {subprocess.py:93} INFO - 		... 19 more
[2026-03-23T01:04:22.023+0000] {subprocess.py:93} INFO - 
[2026-03-23T01:04:22.023+0000] {subprocess.py:93} INFO - Pipeline execution failed: Could not clean output directory 'data/output/events/motor_policy' for sink 'raw-ok'. Original error: An error occurred while calling o70.save.
[2026-03-23T01:04:22.023+0000] {subprocess.py:93} INFO - : org.apache.spark.SparkException: Unable to clear output directory file:/app/data/output/events/motor_policy prior to writing to it.
[2026-03-23T01:04:22.024+0000] {subprocess.py:93} INFO - 	at org.apache.spark.sql.errors.QueryExecutionErrors$.cannotClearOutputDirectoryError(QueryExecutionErrors.scala:786)
[2026-03-23T01:04:22.024+0000] {subprocess.py:93} INFO - 	at org.apache.spark.sql.execution.datasources.InsertIntoHadoopFsRelationCommand.deleteMatchingPartitions(InsertIntoHadoopFsRelationCommand.scala:244)
[2026-03-23T01:04:22.024+0000] {subprocess.py:93} INFO - 	at org.apache.spark.sql.execution.datasources.InsertIntoHadoopFsRelationCommand.run(InsertIntoHadoopFsRelationCommand.scala:136)
[2026-03-23T01:04:22.024+0000] {subprocess.py:93} INFO - 	at org.apache.spark.sql.execution.command.DataWritingCommandExec.sideEffectResult$lzycompute(commands.scala:117)
[2026-03-23T01:04:22.024+0000] {subprocess.py:93} INFO - 	at org.apache.spark.sql.execution.command.DataWritingCommandExec.sideEffectResult(commands.scala:115)
[2026-03-23T01:04:22.024+0000] {subprocess.py:93} INFO - 	at org.apache.spark.sql.execution.command.DataWritingCommandExec.executeCollect(commands.scala:129)
[2026-03-23T01:04:22.024+0000] {subprocess.py:93} INFO - 	at org.apache.spark.sql.execution.QueryExecution.$anonfun$eagerlyExecuteCommands$2(QueryExecution.scala:155)
[2026-03-23T01:04:22.025+0000] {subprocess.py:93} INFO - 	at org.apache.spark.sql.execution.SQLExecution$.$anonfun$withNewExecutionId0$8(SQLExecution.scala:163)
[2026-03-23T01:04:22.025+0000] {subprocess.py:93} INFO - 	at org.apache.spark.sql.execution.SQLExecution$.withSessionTagsApplied(SQLExecution.scala:272)
[2026-03-23T01:04:22.025+0000] {subprocess.py:93} INFO - 	at org.apache.spark.sql.execution.SQLExecution$.$anonfun$withNewExecutionId0$7(SQLExecution.scala:125)
[2026-03-23T01:04:22.025+0000] {subprocess.py:93} INFO - 	at org.apache.spark.JobArtifactSet$.withActiveJobArtifactState(JobArtifactSet.scala:94)
[2026-03-23T01:04:22.025+0000] {subprocess.py:93} INFO - 	at org.apache.spark.sql.artifact.ArtifactManager.$anonfun$withResources$1(ArtifactManager.scala:112)
[2026-03-23T01:04:22.025+0000] {subprocess.py:93} INFO - 	at org.apache.spark.sql.artifact.ArtifactManager.withClassLoaderIfNeeded(ArtifactManager.scala:106)
[2026-03-23T01:04:22.025+0000] {subprocess.py:93} INFO - 	at org.apache.spark.sql.artifact.ArtifactManager.withResources(ArtifactManager.scala:111)
[2026-03-23T01:04:22.025+0000] {subprocess.py:93} INFO - 	at org.apache.spark.sql.execution.SQLExecution$.$anonfun$withNewExecutionId0$6(SQLExecution.scala:125)
[2026-03-23T01:04:22.026+0000] {subprocess.py:93} INFO - 	at org.apache.spark.sql.execution.SQLExecution$.withSQLConfPropagated(SQLExecution.scala:295)
[2026-03-23T01:04:22.026+0000] {subprocess.py:93} INFO - 	at org.apache.spark.sql.execution.SQLExecution$.$anonfun$withNewExecutionId0$1(SQLExecution.scala:124)
[2026-03-23T01:04:22.026+0000] {subprocess.py:93} INFO - 	at org.apache.spark.sql.SparkSession.withActive(SparkSession.scala:804)
[2026-03-23T01:04:22.026+0000] {subprocess.py:93} INFO - 	at org.apache.spark.sql.execution.SQLExecution$.withNewExecutionId0(SQLExecution.scala:78)
[2026-03-23T01:04:22.026+0000] {subprocess.py:93} INFO - 	at org.apache.spark.sql.execution.SQLExecution$.withNewExecutionId(SQLExecution.scala:237)
[2026-03-23T01:04:22.026+0000] {subprocess.py:93} INFO - 	at org.apache.spark.sql.execution.QueryExecution.$anonfun$eagerlyExecuteCommands$1(QueryExecution.scala:155)
[2026-03-23T01:04:22.026+0000] {subprocess.py:93} INFO - 	at org.apache.spark.sql.execution.QueryExecution$.withInternalError(QueryExecution.scala:654)
[2026-03-23T01:04:22.026+0000] {subprocess.py:93} INFO - 	at org.apache.spark.sql.execution.QueryExecution.org$apache$spark$sql$execution$QueryExecution$$eagerlyExecute$1(QueryExecution.scala:154)
[2026-03-23T01:04:22.027+0000] {subprocess.py:93} INFO - 	at org.apache.spark.sql.execution.QueryExecution$$anonfun$eagerlyExecuteCommands$3.applyOrElse(QueryExecution.scala:169)
[2026-03-23T01:04:22.027+0000] {subprocess.py:93} INFO - 	at org.apache.spark.sql.execution.QueryExecution$$anonfun$eagerlyExecuteCommands$3.applyOrElse(QueryExecution.scala:164)
[2026-03-23T01:04:22.027+0000] {subprocess.py:93} INFO - 	at org.apache.spark.sql.catalyst.trees.TreeNode.$anonfun$transformDownWithPruning$1(TreeNode.scala:470)
[2026-03-23T01:04:22.027+0000] {subprocess.py:93} INFO - 	at org.apache.spark.sql.catalyst.trees.CurrentOrigin$.withOrigin(origin.scala:86)
[2026-03-23T01:04:22.027+0000] {subprocess.py:93} INFO - 	at org.apache.spark.sql.catalyst.trees.TreeNode.transformDownWithPruning(TreeNode.scala:470)
[2026-03-23T01:04:22.027+0000] {subprocess.py:93} INFO - 	at org.apache.spark.sql.catalyst.plans.logical.LogicalPlan.org$apache$spark$sql$catalyst$plans$logical$AnalysisHelper$$super$transformDownWithPruning(LogicalPlan.scala:37)
[2026-03-23T01:04:22.027+0000] {subprocess.py:93} INFO - 	at org.apache.spark.sql.catalyst.plans.logical.AnalysisHelper.transformDownWithPruning(AnalysisHelper.scala:360)
[2026-03-23T01:04:22.028+0000] {subprocess.py:93} INFO - 	at org.apache.spark.sql.catalyst.plans.logical.AnalysisHelper.transformDownWithPruning$(AnalysisHelper.scala:356)
[2026-03-23T01:04:22.028+0000] {subprocess.py:93} INFO - 	at org.apache.spark.sql.catalyst.plans.logical.LogicalPlan.transformDownWithPruning(LogicalPlan.scala:37)
[2026-03-23T01:04:22.028+0000] {subprocess.py:93} INFO - 	at org.apache.spark.sql.catalyst.plans.logical.LogicalPlan.transformDownWithPruning(LogicalPlan.scala:37)
[2026-03-23T01:04:22.028+0000] {subprocess.py:93} INFO - 	at org.apache.spark.sql.catalyst.trees.TreeNode.transformDown(TreeNode.scala:446)
[2026-03-23T01:04:22.028+0000] {subprocess.py:93} INFO - 	at org.apache.spark.sql.execution.QueryExecution.eagerlyExecuteCommands(QueryExecution.scala:164)
[2026-03-23T01:04:22.028+0000] {subprocess.py:93} INFO - 	at org.apache.spark.sql.execution.QueryExecution.$anonfun$lazyCommandExecuted$1(QueryExecution.scala:126)
[2026-03-23T01:04:22.028+0000] {subprocess.py:93} INFO - 	at scala.util.Try$.apply(Try.scala:217)
[2026-03-23T01:04:22.028+0000] {subprocess.py:93} INFO - 	at org.apache.spark.util.Utils$.doTryWithCallerStacktrace(Utils.scala:1378)
[2026-03-23T01:04:22.029+0000] {subprocess.py:93} INFO - 	at org.apache.spark.util.Utils$.getTryWithCallerStacktrace(Utils.scala:1439)
[2026-03-23T01:04:22.029+0000] {subprocess.py:93} INFO - 	at org.apache.spark.util.LazyTry.get(LazyTry.scala:58)
[2026-03-23T01:04:22.029+0000] {subprocess.py:93} INFO - 	at org.apache.spark.sql.execution.QueryExecution.commandExecuted(QueryExecution.scala:131)
[2026-03-23T01:04:22.029+0000] {subprocess.py:93} INFO - 	at org.apache.spark.sql.execution.QueryExecution.assertCommandExecuted(QueryExecution.scala:192)
[2026-03-23T01:04:22.029+0000] {subprocess.py:93} INFO - 	at org.apache.spark.sql.classic.DataFrameWriter.runCommand(DataFrameWriter.scala:622)
[2026-03-23T01:04:22.029+0000] {subprocess.py:93} INFO - 	at org.apache.spark.sql.classic.DataFrameWriter.saveToV1Source(DataFrameWriter.scala:273)
[2026-03-23T01:04:22.029+0000] {subprocess.py:93} INFO - 	at org.apache.spark.sql.classic.DataFrameWriter.saveInternal(DataFrameWriter.scala:241)
[2026-03-23T01:04:22.029+0000] {subprocess.py:93} INFO - 	at org.apache.spark.sql.classic.DataFrameWriter.save(DataFrameWriter.scala:118)
[2026-03-23T01:04:22.030+0000] {subprocess.py:93} INFO - 	at java.base/jdk.internal.reflect.NativeMethodAccessorImpl.invoke0(Native Method)
[2026-03-23T01:04:22.030+0000] {subprocess.py:93} INFO - 	at java.base/jdk.internal.reflect.NativeMethodAccessorImpl.invoke(NativeMethodAccessorImpl.java:77)
[2026-03-23T01:04:22.030+0000] {subprocess.py:93} INFO - 	at java.base/jdk.internal.reflect.DelegatingMethodAccessorImpl.invoke(DelegatingMethodAccessorImpl.java:43)
[2026-03-23T01:04:22.030+0000] {subprocess.py:93} INFO - 	at java.base/java.lang.reflect.Method.invoke(Method.java:569)
[2026-03-23T01:04:22.030+0000] {subprocess.py:93} INFO - 	at py4j.reflection.MethodInvoker.invoke(MethodInvoker.java:244)
[2026-03-23T01:04:22.030+0000] {subprocess.py:93} INFO - 	at py4j.reflection.ReflectionEngine.invoke(ReflectionEngine.java:374)
[2026-03-23T01:04:22.030+0000] {subprocess.py:93} INFO - 	at py4j.Gateway.invoke(Gateway.java:282)
[2026-03-23T01:04:22.030+0000] {subprocess.py:93} INFO - 	at py4j.commands.AbstractCommand.invokeMethod(AbstractCommand.java:132)
[2026-03-23T01:04:22.031+0000] {subprocess.py:93} INFO - 	at py4j.commands.CallCommand.execute(CallCommand.java:79)
[2026-03-23T01:04:22.031+0000] {subprocess.py:93} INFO - 	at py4j.ClientServerConnection.waitForCommands(ClientServerConnection.java:184)
[2026-03-23T01:04:22.031+0000] {subprocess.py:93} INFO - 	at py4j.ClientServerConnection.run(ClientServerConnection.java:108)
[2026-03-23T01:04:22.031+0000] {subprocess.py:93} INFO - 	at java.base/java.lang.Thread.run(Thread.java:840)
[2026-03-23T01:04:22.031+0000] {subprocess.py:93} INFO - 	Suppressed: org.apache.spark.util.Utils$OriginalTryStackTraceException: Full stacktrace of original doTryWithCallerStacktrace caller
[2026-03-23T01:04:22.031+0000] {subprocess.py:93} INFO - 		at org.apache.spark.sql.errors.QueryExecutionErrors$.cannotClearOutputDirectoryError(QueryExecutionErrors.scala:786)
[2026-03-23T01:04:22.031+0000] {subprocess.py:93} INFO - 		at org.apache.spark.sql.execution.datasources.InsertIntoHadoopFsRelationCommand.deleteMatchingPartitions(InsertIntoHadoopFsRelationCommand.scala:244)
[2026-03-23T01:04:22.032+0000] {subprocess.py:93} INFO - 		at org.apache.spark.sql.execution.datasources.InsertIntoHadoopFsRelationCommand.run(InsertIntoHadoopFsRelationCommand.scala:136)
[2026-03-23T01:04:22.032+0000] {subprocess.py:93} INFO - 		at org.apache.spark.sql.execution.command.DataWritingCommandExec.sideEffectResult$lzycompute(commands.scala:117)
[2026-03-23T01:04:22.032+0000] {subprocess.py:93} INFO - 		at org.apache.spark.sql.execution.command.DataWritingCommandExec.sideEffectResult(commands.scala:115)
[2026-03-23T01:04:22.032+0000] {subprocess.py:93} INFO - 		at org.apache.spark.sql.execution.command.DataWritingCommandExec.executeCollect(commands.scala:129)
[2026-03-23T01:04:22.032+0000] {subprocess.py:93} INFO - 		at org.apache.spark.sql.execution.QueryExecution.$anonfun$eagerlyExecuteCommands$2(QueryExecution.scala:155)
[2026-03-23T01:04:22.032+0000] {subprocess.py:93} INFO - 		at org.apache.spark.sql.execution.SQLExecution$.$anonfun$withNewExecutionId0$8(SQLExecution.scala:163)
[2026-03-23T01:04:22.032+0000] {subprocess.py:93} INFO - 		at org.apache.spark.sql.execution.SQLExecution$.withSessionTagsApplied(SQLExecution.scala:272)
[2026-03-23T01:04:22.032+0000] {subprocess.py:93} INFO - 		at org.apache.spark.sql.execution.SQLExecution$.$anonfun$withNewExecutionId0$7(SQLExecution.scala:125)
[2026-03-23T01:04:22.033+0000] {subprocess.py:93} INFO - 		at org.apache.spark.JobArtifactSet$.withActiveJobArtifactState(JobArtifactSet.scala:94)
[2026-03-23T01:04:22.033+0000] {subprocess.py:93} INFO - 		at org.apache.spark.sql.artifact.ArtifactManager.$anonfun$withResources$1(ArtifactManager.scala:112)
[2026-03-23T01:04:22.033+0000] {subprocess.py:93} INFO - 		at org.apache.spark.sql.artifact.ArtifactManager.withClassLoaderIfNeeded(ArtifactManager.scala:106)
[2026-03-23T01:04:22.033+0000] {subprocess.py:93} INFO - 		at org.apache.spark.sql.artifact.ArtifactManager.withResources(ArtifactManager.scala:111)
[2026-03-23T01:04:22.033+0000] {subprocess.py:93} INFO - 		at org.apache.spark.sql.execution.SQLExecution$.$anonfun$withNewExecutionId0$6(SQLExecution.scala:125)
[2026-03-23T01:04:22.033+0000] {subprocess.py:93} INFO - 		at org.apache.spark.sql.execution.SQLExecution$.withSQLConfPropagated(SQLExecution.scala:295)
[2026-03-23T01:04:22.033+0000] {subprocess.py:93} INFO - 		at org.apache.spark.sql.execution.SQLExecution$.$anonfun$withNewExecutionId0$1(SQLExecution.scala:124)
[2026-03-23T01:04:22.033+0000] {subprocess.py:93} INFO - 		at org.apache.spark.sql.SparkSession.withActive(SparkSession.scala:804)
[2026-03-23T01:04:22.034+0000] {subprocess.py:93} INFO - 		at org.apache.spark.sql.execution.SQLExecution$.withNewExecutionId0(SQLExecution.scala:78)
[2026-03-23T01:04:22.034+0000] {subprocess.py:93} INFO - 		at org.apache.spark.sql.execution.SQLExecution$.withNewExecutionId(SQLExecution.scala:237)
[2026-03-23T01:04:22.034+0000] {subprocess.py:93} INFO - 		at org.apache.spark.sql.execution.QueryExecution.$anonfun$eagerlyExecuteCommands$1(QueryExecution.scala:155)
[2026-03-23T01:04:22.034+0000] {subprocess.py:93} INFO - 		at org.apache.spark.sql.execution.QueryExecution$.withInternalError(QueryExecution.scala:654)
[2026-03-23T01:04:22.034+0000] {subprocess.py:93} INFO - 		at org.apache.spark.sql.execution.QueryExecution.org$apache$spark$sql$execution$QueryExecution$$eagerlyExecute$1(QueryExecution.scala:154)
[2026-03-23T01:04:22.034+0000] {subprocess.py:93} INFO - 		at org.apache.spark.sql.execution.QueryExecution$$anonfun$eagerlyExecuteCommands$3.applyOrElse(QueryExecution.scala:169)
[2026-03-23T01:04:22.034+0000] {subprocess.py:93} INFO - 		at org.apache.spark.sql.execution.QueryExecution$$anonfun$eagerlyExecuteCommands$3.applyOrElse(QueryExecution.scala:164)
[2026-03-23T01:04:22.034+0000] {subprocess.py:93} INFO - 		at org.apache.spark.sql.catalyst.trees.TreeNode.$anonfun$transformDownWithPruning$1(TreeNode.scala:470)
[2026-03-23T01:04:22.035+0000] {subprocess.py:93} INFO - 		at org.apache.spark.sql.catalyst.trees.CurrentOrigin$.withOrigin(origin.scala:86)
[2026-03-23T01:04:22.035+0000] {subprocess.py:93} INFO - 		at org.apache.spark.sql.catalyst.trees.TreeNode.transformDownWithPruning(TreeNode.scala:470)
[2026-03-23T01:04:22.035+0000] {subprocess.py:93} INFO - 		at org.apache.spark.sql.catalyst.plans.logical.LogicalPlan.org$apache$spark$sql$catalyst$plans$logical$AnalysisHelper$$super$transformDownWithPruning(LogicalPlan.scala:37)
[2026-03-23T01:04:22.035+0000] {subprocess.py:93} INFO - 		at org.apache.spark.sql.catalyst.plans.logical.AnalysisHelper.transformDownWithPruning(AnalysisHelper.scala:360)
[2026-03-23T01:04:22.035+0000] {subprocess.py:93} INFO - 		at org.apache.spark.sql.catalyst.plans.logical.AnalysisHelper.transformDownWithPruning$(AnalysisHelper.scala:356)
[2026-03-23T01:04:22.035+0000] {subprocess.py:93} INFO - 		at org.apache.spark.sql.catalyst.plans.logical.LogicalPlan.transformDownWithPruning(LogicalPlan.scala:37)
[2026-03-23T01:04:22.035+0000] {subprocess.py:93} INFO - 		at org.apache.spark.sql.catalyst.plans.logical.LogicalPlan.transformDownWithPruning(LogicalPlan.scala:37)
[2026-03-23T01:04:22.036+0000] {subprocess.py:93} INFO - 		at org.apache.spark.sql.catalyst.trees.TreeNode.transformDown(TreeNode.scala:446)
[2026-03-23T01:04:22.036+0000] {subprocess.py:93} INFO - 		at org.apache.spark.sql.execution.QueryExecution.eagerlyExecuteCommands(QueryExecution.scala:164)
[2026-03-23T01:04:22.036+0000] {subprocess.py:93} INFO - 		at org.apache.spark.sql.execution.QueryExecution.$anonfun$lazyCommandExecuted$1(QueryExecution.scala:126)
[2026-03-23T01:04:22.036+0000] {subprocess.py:93} INFO - 		at scala.util.Try$.apply(Try.scala:217)
[2026-03-23T01:04:22.036+0000] {subprocess.py:93} INFO - 		at org.apache.spark.util.Utils$.doTryWithCallerStacktrace(Utils.scala:1378)
[2026-03-23T01:04:22.036+0000] {subprocess.py:93} INFO - 		at org.apache.spark.util.LazyTry.tryT$lzycompute(LazyTry.scala:46)
[2026-03-23T01:04:22.036+0000] {subprocess.py:93} INFO - 		at org.apache.spark.util.LazyTry.tryT(LazyTry.scala:46)
[2026-03-23T01:04:22.036+0000] {subprocess.py:93} INFO - 		... 19 more
[2026-03-23T01:04:22.037+0000] {subprocess.py:93} INFO - 
[2026-03-23T01:04:22.523+0000] {subprocess.py:93} INFO - 
[2026-03-23T01:04:22.524+0000] {subprocess.py:93} INFO - Pipeline execution completed with exit code: 1
[2026-03-23T01:04:22.524+0000] {subprocess.py:93} INFO - ✗ Pipeline failed with errors (see logs above)
[2026-03-23T01:04:22.524+0000] {subprocess.py:97} INFO - Command exited with return code 1
[2026-03-23T01:04:22.542+0000] {taskinstance.py:1937} ERROR - Task failed with exception
Traceback (most recent call last):
  File "/home/airflow/.local/lib/python3.9/site-packages/airflow/operators/bash.py", line 210, in execute
    raise AirflowException(
airflow.exceptions.AirflowException: Bash command failed. The command returned a non-zero exit code 1.
[2026-03-23T01:04:22.546+0000] {taskinstance.py:1400} INFO - Marking task as UP_FOR_RETRY. dag_id=dynamic_spark_pipeline, task_id=run_pipeline, execution_date=20260321T020000, start_date=20260323T010406, end_date=20260323T010422
[2026-03-23T01:04:22.565+0000] {standard_task_runner.py:104} ERROR - Failed to execute job 9 for task run_pipeline (Bash command failed. The command returned a non-zero exit code 1.; 766)
[2026-03-23T01:04:22.602+0000] {local_task_job_runner.py:228} INFO - Task exited with return code 1
[2026-03-23T01:04:22.641+0000] {taskinstance.py:2778} INFO - 0 downstream tasks scheduled from follow-on schedule check
[2026-03-23T01:05:09.985+0000] {taskinstance.py:1159} INFO - Dependencies all met for dep_context=non-requeueable deps ti=<TaskInstance: dynamic_spark_pipeline.run_pipeline scheduled__2026-03-21T02:00:00+00:00 [queued]>
[2026-03-23T01:05:09.998+0000] {taskinstance.py:1159} INFO - Dependencies all met for dep_context=requeueable deps ti=<TaskInstance: dynamic_spark_pipeline.run_pipeline scheduled__2026-03-21T02:00:00+00:00 [queued]>
[2026-03-23T01:05:09.998+0000] {taskinstance.py:1361} INFO - Starting attempt 1 of 3
[2026-03-23T01:05:10.020+0000] {taskinstance.py:1382} INFO - Executing <Task(BashOperator): run_pipeline> on 2026-03-21 02:00:00+00:00
[2026-03-23T01:05:10.025+0000] {standard_task_runner.py:57} INFO - Started process 984 to run task
[2026-03-23T01:05:10.028+0000] {standard_task_runner.py:84} INFO - Running: ['***', 'tasks', 'run', 'dynamic_spark_pipeline', 'run_pipeline', 'scheduled__2026-03-21T02:00:00+00:00', '--job-id', '11', '--raw', '--subdir', 'DAGS_FOLDER/dynamic_spark_pipeline_dag.py', '--cfg-path', '/tmp/tmpbgvh5eo3']
[2026-03-23T01:05:10.030+0000] {standard_task_runner.py:85} INFO - Job 11: Subtask run_pipeline
[2026-03-23T01:05:10.134+0000] {task_command.py:416} INFO - Running <TaskInstance: dynamic_spark_pipeline.run_pipeline scheduled__2026-03-21T02:00:00+00:00 [running]> on host d3aa02c6c3fd
[2026-03-23T01:05:10.305+0000] {taskinstance.py:1662} INFO - Exporting env vars: AIRFLOW_CTX_DAG_OWNER='Nasredine Ouelseti' AIRFLOW_CTX_DAG_ID='dynamic_spark_pipeline' AIRFLOW_CTX_TASK_ID='run_pipeline' AIRFLOW_CTX_EXECUTION_DATE='2026-03-21T02:00:00+00:00' AIRFLOW_CTX_TRY_NUMBER='1' AIRFLOW_CTX_DAG_RUN_ID='scheduled__2026-03-21T02:00:00+00:00'
[2026-03-23T01:05:10.307+0000] {subprocess.py:63} INFO - Tmp dir root location: /tmp
[2026-03-23T01:05:10.307+0000] {subprocess.py:75} INFO - Running command: ['/bin/bash', '-c', '\nset -e\n\necho "Starting Spark pipeline execution..."\necho "Configuration: /app/metadata/config.json"\necho "Data path: /app/data"\necho "Script: /app/src/main.py"\necho "Log path: /app/***/logs/pipeline"\n\n# Pre-create critical directories with proper error handling\necho "Preparing directories..."\nLOG_DIR_BACKUP="/tmp/***_logs"\n\n# Try to create log directory with primary path\nif mkdir -p "/app/***/logs/pipeline" 2>/dev/null && touch "/app/***/logs/pipeline/.write_test" 2>/dev/null; then\n    echo "✓ Using primary log path: /app/***/logs/pipeline"\n    rm -f "/app/***/logs/pipeline/.write_test"\nelse\n    echo "⚠ Primary log path not writable, using backup: $LOG_DIR_BACKUP"\n    mkdir -p "$LOG_DIR_BACKUP"\n    mkdir -p "/app/data/output" 2>/dev/null || true\nfi\n\n# Create data output directory (non-critical)\nmkdir -p "/app/data/output" 2>/dev/null || echo "⚠ Warning: Could not create data output directory"\n\n# Clean up old output files to prevent Spark OVERWRITE permission issues\necho "Cleaning previous output..."\nif [ -d "/app/data/output" ]; then\n    # Ensure we can delete all files by fixing permissions first\n    chmod -R 777 "/app/data/output" 2>/dev/null || true\n    # Remove entire output tree and recreate\n    rm -rf "/app/data/output" 2>/dev/null && echo "  ✓ Cleaned /app/data/output" || echo "  ⚠ Partial cleanup of /app/data/output"\nfi\n# Recreate clean output directory structure\nmkdir -p "/app/data/output/events" 2>/dev/null || true\nmkdir -p "/app/data/output/discards" 2>/dev/null || true\nchmod -R 777 "/app/data/output" 2>/dev/null || true\n\n# Set effective log path for the script\nexport LOG_PATH_EFFECTIVE="/app/***/logs/pipeline"\nif [ ! -w "/app/***/logs/pipeline" ]; then\n    export LOG_PATH_EFFECTIVE="$LOG_DIR_BACKUP"\nfi\n\necho "Effective log path: $LOG_PATH_EFFECTIVE"\n\n# Change to application home directory\nif [ -d "/app" ]; then\n    cd "/app"\n    echo "✓ Changed to: /app"\nelse\n    echo "✗ Application directory not found: /app"\n    exit 1\nfi\n\n# Run the pipeline script\necho "Executing pipeline script..."\npython "/app/src/main.py" 2>&1 | tee -a "$LOG_PATH_EFFECTIVE/pipeline.log" || true\n\n# Capture exit code\nEXIT_CODE=${PIPESTATUS[0]}\n\n# Report results\necho ""\necho "Pipeline execution completed with exit code: $EXIT_CODE"\n\nif [ $EXIT_CODE -eq 0 ]; then\n    echo "✓ Pipeline executed successfully"\n    exit 0\nelse\n    echo "✗ Pipeline failed with errors (see logs above)"\n    exit $EXIT_CODE\nfi\n        ']
[2026-03-23T01:05:10.321+0000] {subprocess.py:86} INFO - Output:
[2026-03-23T01:05:10.324+0000] {subprocess.py:93} INFO - Starting Spark pipeline execution...
[2026-03-23T01:05:10.324+0000] {subprocess.py:93} INFO - Configuration: /app/metadata/config.json
[2026-03-23T01:05:10.324+0000] {subprocess.py:93} INFO - Data path: /app/data
[2026-03-23T01:05:10.324+0000] {subprocess.py:93} INFO - Script: /app/src/main.py
[2026-03-23T01:05:10.324+0000] {subprocess.py:93} INFO - Log path: /app/***/logs/pipeline
[2026-03-23T01:05:10.324+0000] {subprocess.py:93} INFO - Preparing directories...
[2026-03-23T01:05:10.329+0000] {subprocess.py:93} INFO - ✓ Using primary log path: /app/***/logs/pipeline
[2026-03-23T01:05:10.334+0000] {subprocess.py:93} INFO - Cleaning previous output...
[2026-03-23T01:05:10.340+0000] {subprocess.py:93} INFO -   ⚠ Partial cleanup of /app/data/output
[2026-03-23T01:05:10.348+0000] {subprocess.py:93} INFO - Effective log path: /app/***/logs/pipeline
[2026-03-23T01:05:10.348+0000] {subprocess.py:93} INFO - ✓ Changed to: /app
[2026-03-23T01:05:10.349+0000] {subprocess.py:93} INFO - Executing pipeline script...
[2026-03-23T01:05:11.179+0000] {subprocess.py:93} INFO - 2026-03-23 01:05:11,178 - __main__ - INFO - Starting Dynamic Spark Pipeline...
[2026-03-23T01:05:11.179+0000] {subprocess.py:93} INFO - 2026-03-23 01:05:11,179 - __main__ - INFO - Loading config from metadata/config.json
[2026-03-23T01:05:11.179+0000] {subprocess.py:93} INFO - 2026-03-23 01:05:11,179 - __main__ - INFO - Creating Spark session...
[2026-03-23T01:05:11.447+0000] {subprocess.py:93} INFO - WARNING: Using incubator modules: jdk.incubator.vector
[2026-03-23T01:05:13.156+0000] {subprocess.py:93} INFO - Using Spark's default log4j profile: org/apache/spark/log4j2-defaults.properties
[2026-03-23T01:05:13.156+0000] {subprocess.py:93} INFO - Setting default log level to "WARN".
[2026-03-23T01:05:13.156+0000] {subprocess.py:93} INFO - To adjust logging level use sc.setLogLevel(newLevel). For SparkR, use setLogLevel(newLevel).
[2026-03-23T01:05:14.430+0000] {subprocess.py:93} INFO - 26/03/23 01:05:14 WARN NativeCodeLoader: Unable to load native-hadoop library for your platform... using builtin-java classes where applicable
[2026-03-23T01:05:18.433+0000] {subprocess.py:93} INFO - 2026-03-23 01:05:18,432 - __main__ - INFO - Executing 1 dataflow(s)...
[2026-03-23T01:05:23.343+0000] {subprocess.py:93} INFO - 26/03/23 01:05:23 WARN FileUtil: Failed to delete file or dir [/app/data/output/events/motor_policy/_SUCCESS]: it still exists.
[2026-03-23T01:05:23.344+0000] {subprocess.py:93} INFO - 26/03/23 01:05:23 WARN FileUtil: Failed to delete file or dir [/app/data/output/events/motor_policy/._SUCCESS.crc]: it still exists.
[2026-03-23T01:05:23.344+0000] {subprocess.py:93} INFO - 26/03/23 01:05:23 WARN FileUtil: Failed to delete file or dir [/app/data/output/events/motor_policy/part-00000-b78ac4d7-b1a9-45ed-8a83-22bb8cbb1034-c000.json]: it still exists.
[2026-03-23T01:05:23.344+0000] {subprocess.py:93} INFO - 26/03/23 01:05:23 WARN FileUtil: Failed to delete file or dir [/app/data/output/events/motor_policy/.part-00000-b78ac4d7-b1a9-45ed-8a83-22bb8cbb1034-c000.json.crc]: it still exists.
[2026-03-23T01:05:25.516+0000] {subprocess.py:93} INFO - [raw-ok] Pre-emptively cleaning output directory: data/output/events/motor_policy
[2026-03-23T01:05:25.516+0000] {subprocess.py:93} INFO - [raw-ok] Attempt 1/3: chmod 777 on data/output/events/motor_policy
[2026-03-23T01:05:25.516+0000] {subprocess.py:93} INFO - [raw-ok] rm -rf failed with code 1
[2026-03-23T01:05:25.517+0000] {subprocess.py:93} INFO - [raw-ok] shutil.rmtree failed (attempt 1): [Errno 13] Permission denied: '_SUCCESS'
[2026-03-23T01:05:25.517+0000] {subprocess.py:93} INFO - [raw-ok] Attempt 2/3: chmod 777 on data/output/events/motor_policy
[2026-03-23T01:05:25.517+0000] {subprocess.py:93} INFO - [raw-ok] rm -rf failed with code 1
[2026-03-23T01:05:25.517+0000] {subprocess.py:93} INFO - [raw-ok] shutil.rmtree failed (attempt 2): [Errno 13] Permission denied: '_SUCCESS'
[2026-03-23T01:05:25.517+0000] {subprocess.py:93} INFO - [raw-ok] Attempt 3/3: chmod 777 on data/output/events/motor_policy
[2026-03-23T01:05:25.517+0000] {subprocess.py:93} INFO - [raw-ok] rm -rf failed with code 1
[2026-03-23T01:05:25.517+0000] {subprocess.py:93} INFO - [raw-ok] shutil.rmtree failed (attempt 3): [Errno 13] Permission denied: '_SUCCESS'
[2026-03-23T01:05:25.517+0000] {subprocess.py:93} INFO - [raw-ok] Write failed with directory clear error. Attempting aggressive cleanup...
[2026-03-23T01:05:25.517+0000] {subprocess.py:93} INFO - [raw-ok] Attempt 1/3: chmod 777 on data/output/events/motor_policy
[2026-03-23T01:05:25.518+0000] {subprocess.py:93} INFO - [raw-ok] rm -rf failed with code 1
[2026-03-23T01:05:25.518+0000] {subprocess.py:93} INFO - [raw-ok] shutil.rmtree failed (attempt 1): [Errno 13] Permission denied: '_SUCCESS'
[2026-03-23T01:05:25.518+0000] {subprocess.py:93} INFO - [raw-ok] Attempt 2/3: chmod 777 on data/output/events/motor_policy
[2026-03-23T01:05:25.518+0000] {subprocess.py:93} INFO - [raw-ok] rm -rf failed with code 1
[2026-03-23T01:05:25.518+0000] {subprocess.py:93} INFO - [raw-ok] shutil.rmtree failed (attempt 2): [Errno 13] Permission denied: '_SUCCESS'
[2026-03-23T01:05:25.518+0000] {subprocess.py:93} INFO - [raw-ok] Attempt 3/3: chmod 777 on data/output/events/motor_policy
[2026-03-23T01:05:25.518+0000] {subprocess.py:93} INFO - [raw-ok] rm -rf failed with code 1
[2026-03-23T01:05:25.518+0000] {subprocess.py:93} INFO - [raw-ok] shutil.rmtree failed (attempt 3): [Errno 13] Permission denied: '_SUCCESS'
[2026-03-23T01:05:25.518+0000] {subprocess.py:93} INFO - 2026-03-23 01:05:25,513 - __main__ - ERROR - Pipeline execution failed: Could not clean output directory 'data/output/events/motor_policy' for sink 'raw-ok'. Original error: An error occurred while calling o70.save.
[2026-03-23T01:05:25.519+0000] {subprocess.py:93} INFO - : org.apache.spark.SparkException: Unable to clear output directory file:/app/data/output/events/motor_policy prior to writing to it.
[2026-03-23T01:05:25.519+0000] {subprocess.py:93} INFO - 	at org.apache.spark.sql.errors.QueryExecutionErrors$.cannotClearOutputDirectoryError(QueryExecutionErrors.scala:786)
[2026-03-23T01:05:25.519+0000] {subprocess.py:93} INFO - 	at org.apache.spark.sql.execution.datasources.InsertIntoHadoopFsRelationCommand.deleteMatchingPartitions(InsertIntoHadoopFsRelationCommand.scala:244)
[2026-03-23T01:05:25.519+0000] {subprocess.py:93} INFO - 	at org.apache.spark.sql.execution.datasources.InsertIntoHadoopFsRelationCommand.run(InsertIntoHadoopFsRelationCommand.scala:136)
[2026-03-23T01:05:25.519+0000] {subprocess.py:93} INFO - 	at org.apache.spark.sql.execution.command.DataWritingCommandExec.sideEffectResult$lzycompute(commands.scala:117)
[2026-03-23T01:05:25.519+0000] {subprocess.py:93} INFO - 	at org.apache.spark.sql.execution.command.DataWritingCommandExec.sideEffectResult(commands.scala:115)
[2026-03-23T01:05:25.519+0000] {subprocess.py:93} INFO - 	at org.apache.spark.sql.execution.command.DataWritingCommandExec.executeCollect(commands.scala:129)
[2026-03-23T01:05:25.519+0000] {subprocess.py:93} INFO - 	at org.apache.spark.sql.execution.QueryExecution.$anonfun$eagerlyExecuteCommands$2(QueryExecution.scala:155)
[2026-03-23T01:05:25.519+0000] {subprocess.py:93} INFO - 	at org.apache.spark.sql.execution.SQLExecution$.$anonfun$withNewExecutionId0$8(SQLExecution.scala:163)
[2026-03-23T01:05:25.520+0000] {subprocess.py:93} INFO - 	at org.apache.spark.sql.execution.SQLExecution$.withSessionTagsApplied(SQLExecution.scala:272)
[2026-03-23T01:05:25.520+0000] {subprocess.py:93} INFO - 	at org.apache.spark.sql.execution.SQLExecution$.$anonfun$withNewExecutionId0$7(SQLExecution.scala:125)
[2026-03-23T01:05:25.520+0000] {subprocess.py:93} INFO - 	at org.apache.spark.JobArtifactSet$.withActiveJobArtifactState(JobArtifactSet.scala:94)
[2026-03-23T01:05:25.520+0000] {subprocess.py:93} INFO - 	at org.apache.spark.sql.artifact.ArtifactManager.$anonfun$withResources$1(ArtifactManager.scala:112)
[2026-03-23T01:05:25.520+0000] {subprocess.py:93} INFO - 	at org.apache.spark.sql.artifact.ArtifactManager.withClassLoaderIfNeeded(ArtifactManager.scala:106)
[2026-03-23T01:05:25.520+0000] {subprocess.py:93} INFO - 	at org.apache.spark.sql.artifact.ArtifactManager.withResources(ArtifactManager.scala:111)
[2026-03-23T01:05:25.520+0000] {subprocess.py:93} INFO - 	at org.apache.spark.sql.execution.SQLExecution$.$anonfun$withNewExecutionId0$6(SQLExecution.scala:125)
[2026-03-23T01:05:25.521+0000] {subprocess.py:93} INFO - 	at org.apache.spark.sql.execution.SQLExecution$.withSQLConfPropagated(SQLExecution.scala:295)
[2026-03-23T01:05:25.521+0000] {subprocess.py:93} INFO - 	at org.apache.spark.sql.execution.SQLExecution$.$anonfun$withNewExecutionId0$1(SQLExecution.scala:124)
[2026-03-23T01:05:25.521+0000] {subprocess.py:93} INFO - 	at org.apache.spark.sql.SparkSession.withActive(SparkSession.scala:804)
[2026-03-23T01:05:25.521+0000] {subprocess.py:93} INFO - 	at org.apache.spark.sql.execution.SQLExecution$.withNewExecutionId0(SQLExecution.scala:78)
[2026-03-23T01:05:25.521+0000] {subprocess.py:93} INFO - 	at org.apache.spark.sql.execution.SQLExecution$.withNewExecutionId(SQLExecution.scala:237)
[2026-03-23T01:05:25.521+0000] {subprocess.py:93} INFO - 	at org.apache.spark.sql.execution.QueryExecution.$anonfun$eagerlyExecuteCommands$1(QueryExecution.scala:155)
[2026-03-23T01:05:25.521+0000] {subprocess.py:93} INFO - 	at org.apache.spark.sql.execution.QueryExecution$.withInternalError(QueryExecution.scala:654)
[2026-03-23T01:05:25.521+0000] {subprocess.py:93} INFO - 	at org.apache.spark.sql.execution.QueryExecution.org$apache$spark$sql$execution$QueryExecution$$eagerlyExecute$1(QueryExecution.scala:154)
[2026-03-23T01:05:25.522+0000] {subprocess.py:93} INFO - 	at org.apache.spark.sql.execution.QueryExecution$$anonfun$eagerlyExecuteCommands$3.applyOrElse(QueryExecution.scala:169)
[2026-03-23T01:05:25.522+0000] {subprocess.py:93} INFO - 	at org.apache.spark.sql.execution.QueryExecution$$anonfun$eagerlyExecuteCommands$3.applyOrElse(QueryExecution.scala:164)
[2026-03-23T01:05:25.522+0000] {subprocess.py:93} INFO - 	at org.apache.spark.sql.catalyst.trees.TreeNode.$anonfun$transformDownWithPruning$1(TreeNode.scala:470)
[2026-03-23T01:05:25.522+0000] {subprocess.py:93} INFO - 	at org.apache.spark.sql.catalyst.trees.CurrentOrigin$.withOrigin(origin.scala:86)
[2026-03-23T01:05:25.522+0000] {subprocess.py:93} INFO - 	at org.apache.spark.sql.catalyst.trees.TreeNode.transformDownWithPruning(TreeNode.scala:470)
[2026-03-23T01:05:25.522+0000] {subprocess.py:93} INFO - 	at org.apache.spark.sql.catalyst.plans.logical.LogicalPlan.org$apache$spark$sql$catalyst$plans$logical$AnalysisHelper$$super$transformDownWithPruning(LogicalPlan.scala:37)
[2026-03-23T01:05:25.522+0000] {subprocess.py:93} INFO - 	at org.apache.spark.sql.catalyst.plans.logical.AnalysisHelper.transformDownWithPruning(AnalysisHelper.scala:360)
[2026-03-23T01:05:25.523+0000] {subprocess.py:93} INFO - 	at org.apache.spark.sql.catalyst.plans.logical.AnalysisHelper.transformDownWithPruning$(AnalysisHelper.scala:356)
[2026-03-23T01:05:25.523+0000] {subprocess.py:93} INFO - 	at org.apache.spark.sql.catalyst.plans.logical.LogicalPlan.transformDownWithPruning(LogicalPlan.scala:37)
[2026-03-23T01:05:25.523+0000] {subprocess.py:93} INFO - 	at org.apache.spark.sql.catalyst.plans.logical.LogicalPlan.transformDownWithPruning(LogicalPlan.scala:37)
[2026-03-23T01:05:25.523+0000] {subprocess.py:93} INFO - 	at org.apache.spark.sql.catalyst.trees.TreeNode.transformDown(TreeNode.scala:446)
[2026-03-23T01:05:25.523+0000] {subprocess.py:93} INFO - 	at org.apache.spark.sql.execution.QueryExecution.eagerlyExecuteCommands(QueryExecution.scala:164)
[2026-03-23T01:05:25.523+0000] {subprocess.py:93} INFO - 	at org.apache.spark.sql.execution.QueryExecution.$anonfun$lazyCommandExecuted$1(QueryExecution.scala:126)
[2026-03-23T01:05:25.523+0000] {subprocess.py:93} INFO - 	at scala.util.Try$.apply(Try.scala:217)
[2026-03-23T01:05:25.523+0000] {subprocess.py:93} INFO - 	at org.apache.spark.util.Utils$.doTryWithCallerStacktrace(Utils.scala:1378)
[2026-03-23T01:05:25.523+0000] {subprocess.py:93} INFO - 	at org.apache.spark.util.Utils$.getTryWithCallerStacktrace(Utils.scala:1439)
[2026-03-23T01:05:25.524+0000] {subprocess.py:93} INFO - 	at org.apache.spark.util.LazyTry.get(LazyTry.scala:58)
[2026-03-23T01:05:25.524+0000] {subprocess.py:93} INFO - 	at org.apache.spark.sql.execution.QueryExecution.commandExecuted(QueryExecution.scala:131)
[2026-03-23T01:05:25.524+0000] {subprocess.py:93} INFO - 	at org.apache.spark.sql.execution.QueryExecution.assertCommandExecuted(QueryExecution.scala:192)
[2026-03-23T01:05:25.524+0000] {subprocess.py:93} INFO - 	at org.apache.spark.sql.classic.DataFrameWriter.runCommand(DataFrameWriter.scala:622)
[2026-03-23T01:05:25.524+0000] {subprocess.py:93} INFO - 	at org.apache.spark.sql.classic.DataFrameWriter.saveToV1Source(DataFrameWriter.scala:273)
[2026-03-23T01:05:25.524+0000] {subprocess.py:93} INFO - 	at org.apache.spark.sql.classic.DataFrameWriter.saveInternal(DataFrameWriter.scala:241)
[2026-03-23T01:05:25.524+0000] {subprocess.py:93} INFO - 	at org.apache.spark.sql.classic.DataFrameWriter.save(DataFrameWriter.scala:118)
[2026-03-23T01:05:25.525+0000] {subprocess.py:93} INFO - 	at java.base/jdk.internal.reflect.NativeMethodAccessorImpl.invoke0(Native Method)
[2026-03-23T01:05:25.525+0000] {subprocess.py:93} INFO - 	at java.base/jdk.internal.reflect.NativeMethodAccessorImpl.invoke(NativeMethodAccessorImpl.java:77)
[2026-03-23T01:05:25.525+0000] {subprocess.py:93} INFO - 	at java.base/jdk.internal.reflect.DelegatingMethodAccessorImpl.invoke(DelegatingMethodAccessorImpl.java:43)
[2026-03-23T01:05:25.525+0000] {subprocess.py:93} INFO - 	at java.base/java.lang.reflect.Method.invoke(Method.java:569)
[2026-03-23T01:05:25.525+0000] {subprocess.py:93} INFO - 	at py4j.reflection.MethodInvoker.invoke(MethodInvoker.java:244)
[2026-03-23T01:05:25.525+0000] {subprocess.py:93} INFO - 	at py4j.reflection.ReflectionEngine.invoke(ReflectionEngine.java:374)
[2026-03-23T01:05:25.525+0000] {subprocess.py:93} INFO - 	at py4j.Gateway.invoke(Gateway.java:282)
[2026-03-23T01:05:25.525+0000] {subprocess.py:93} INFO - 	at py4j.commands.AbstractCommand.invokeMethod(AbstractCommand.java:132)
[2026-03-23T01:05:25.525+0000] {subprocess.py:93} INFO - 	at py4j.commands.CallCommand.execute(CallCommand.java:79)
[2026-03-23T01:05:25.526+0000] {subprocess.py:93} INFO - 	at py4j.ClientServerConnection.waitForCommands(ClientServerConnection.java:184)
[2026-03-23T01:05:25.526+0000] {subprocess.py:93} INFO - 	at py4j.ClientServerConnection.run(ClientServerConnection.java:108)
[2026-03-23T01:05:25.526+0000] {subprocess.py:93} INFO - 	at java.base/java.lang.Thread.run(Thread.java:840)
[2026-03-23T01:05:25.526+0000] {subprocess.py:93} INFO - 	Suppressed: org.apache.spark.util.Utils$OriginalTryStackTraceException: Full stacktrace of original doTryWithCallerStacktrace caller
[2026-03-23T01:05:25.526+0000] {subprocess.py:93} INFO - 		at org.apache.spark.sql.errors.QueryExecutionErrors$.cannotClearOutputDirectoryError(QueryExecutionErrors.scala:786)
[2026-03-23T01:05:25.526+0000] {subprocess.py:93} INFO - 		at org.apache.spark.sql.execution.datasources.InsertIntoHadoopFsRelationCommand.deleteMatchingPartitions(InsertIntoHadoopFsRelationCommand.scala:244)
[2026-03-23T01:05:25.526+0000] {subprocess.py:93} INFO - 		at org.apache.spark.sql.execution.datasources.InsertIntoHadoopFsRelationCommand.run(InsertIntoHadoopFsRelationCommand.scala:136)
[2026-03-23T01:05:25.526+0000] {subprocess.py:93} INFO - 		at org.apache.spark.sql.execution.command.DataWritingCommandExec.sideEffectResult$lzycompute(commands.scala:117)
[2026-03-23T01:05:25.526+0000] {subprocess.py:93} INFO - 		at org.apache.spark.sql.execution.command.DataWritingCommandExec.sideEffectResult(commands.scala:115)
[2026-03-23T01:05:25.527+0000] {subprocess.py:93} INFO - 		at org.apache.spark.sql.execution.command.DataWritingCommandExec.executeCollect(commands.scala:129)
[2026-03-23T01:05:25.527+0000] {subprocess.py:93} INFO - 		at org.apache.spark.sql.execution.QueryExecution.$anonfun$eagerlyExecuteCommands$2(QueryExecution.scala:155)
[2026-03-23T01:05:25.527+0000] {subprocess.py:93} INFO - 		at org.apache.spark.sql.execution.SQLExecution$.$anonfun$withNewExecutionId0$8(SQLExecution.scala:163)
[2026-03-23T01:05:25.527+0000] {subprocess.py:93} INFO - 		at org.apache.spark.sql.execution.SQLExecution$.withSessionTagsApplied(SQLExecution.scala:272)
[2026-03-23T01:05:25.527+0000] {subprocess.py:93} INFO - 		at org.apache.spark.sql.execution.SQLExecution$.$anonfun$withNewExecutionId0$7(SQLExecution.scala:125)
[2026-03-23T01:05:25.527+0000] {subprocess.py:93} INFO - 		at org.apache.spark.JobArtifactSet$.withActiveJobArtifactState(JobArtifactSet.scala:94)
[2026-03-23T01:05:25.527+0000] {subprocess.py:93} INFO - 		at org.apache.spark.sql.artifact.ArtifactManager.$anonfun$withResources$1(ArtifactManager.scala:112)
[2026-03-23T01:05:25.527+0000] {subprocess.py:93} INFO - 		at org.apache.spark.sql.artifact.ArtifactManager.withClassLoaderIfNeeded(ArtifactManager.scala:106)
[2026-03-23T01:05:25.527+0000] {subprocess.py:93} INFO - 		at org.apache.spark.sql.artifact.ArtifactManager.withResources(ArtifactManager.scala:111)
[2026-03-23T01:05:25.528+0000] {subprocess.py:93} INFO - 		at org.apache.spark.sql.execution.SQLExecution$.$anonfun$withNewExecutionId0$6(SQLExecution.scala:125)
[2026-03-23T01:05:25.528+0000] {subprocess.py:93} INFO - 		at org.apache.spark.sql.execution.SQLExecution$.withSQLConfPropagated(SQLExecution.scala:295)
[2026-03-23T01:05:25.528+0000] {subprocess.py:93} INFO - 		at org.apache.spark.sql.execution.SQLExecution$.$anonfun$withNewExecutionId0$1(SQLExecution.scala:124)
[2026-03-23T01:05:25.528+0000] {subprocess.py:93} INFO - 		at org.apache.spark.sql.SparkSession.withActive(SparkSession.scala:804)
[2026-03-23T01:05:25.528+0000] {subprocess.py:93} INFO - 		at org.apache.spark.sql.execution.SQLExecution$.withNewExecutionId0(SQLExecution.scala:78)
[2026-03-23T01:05:25.528+0000] {subprocess.py:93} INFO - 		at org.apache.spark.sql.execution.SQLExecution$.withNewExecutionId(SQLExecution.scala:237)
[2026-03-23T01:05:25.528+0000] {subprocess.py:93} INFO - 		at org.apache.spark.sql.execution.QueryExecution.$anonfun$eagerlyExecuteCommands$1(QueryExecution.scala:155)
[2026-03-23T01:05:25.528+0000] {subprocess.py:93} INFO - 		at org.apache.spark.sql.execution.QueryExecution$.withInternalError(QueryExecution.scala:654)
[2026-03-23T01:05:25.528+0000] {subprocess.py:93} INFO - 		at org.apache.spark.sql.execution.QueryExecution.org$apache$spark$sql$execution$QueryExecution$$eagerlyExecute$1(QueryExecution.scala:154)
[2026-03-23T01:05:25.529+0000] {subprocess.py:93} INFO - 		at org.apache.spark.sql.execution.QueryExecution$$anonfun$eagerlyExecuteCommands$3.applyOrElse(QueryExecution.scala:169)
[2026-03-23T01:05:25.529+0000] {subprocess.py:93} INFO - 		at org.apache.spark.sql.execution.QueryExecution$$anonfun$eagerlyExecuteCommands$3.applyOrElse(QueryExecution.scala:164)
[2026-03-23T01:05:25.529+0000] {subprocess.py:93} INFO - 		at org.apache.spark.sql.catalyst.trees.TreeNode.$anonfun$transformDownWithPruning$1(TreeNode.scala:470)
[2026-03-23T01:05:25.529+0000] {subprocess.py:93} INFO - 		at org.apache.spark.sql.catalyst.trees.CurrentOrigin$.withOrigin(origin.scala:86)
[2026-03-23T01:05:25.529+0000] {subprocess.py:93} INFO - 		at org.apache.spark.sql.catalyst.trees.TreeNode.transformDownWithPruning(TreeNode.scala:470)
[2026-03-23T01:05:25.529+0000] {subprocess.py:93} INFO - 		at org.apache.spark.sql.catalyst.plans.logical.LogicalPlan.org$apache$spark$sql$catalyst$plans$logical$AnalysisHelper$$super$transformDownWithPruning(LogicalPlan.scala:37)
[2026-03-23T01:05:25.529+0000] {subprocess.py:93} INFO - 		at org.apache.spark.sql.catalyst.plans.logical.AnalysisHelper.transformDownWithPruning(AnalysisHelper.scala:360)
[2026-03-23T01:05:25.529+0000] {subprocess.py:93} INFO - 		at org.apache.spark.sql.catalyst.plans.logical.AnalysisHelper.transformDownWithPruning$(AnalysisHelper.scala:356)
[2026-03-23T01:05:25.529+0000] {subprocess.py:93} INFO - 		at org.apache.spark.sql.catalyst.plans.logical.LogicalPlan.transformDownWithPruning(LogicalPlan.scala:37)
[2026-03-23T01:05:25.530+0000] {subprocess.py:93} INFO - 		at org.apache.spark.sql.catalyst.plans.logical.LogicalPlan.transformDownWithPruning(LogicalPlan.scala:37)
[2026-03-23T01:05:25.530+0000] {subprocess.py:93} INFO - 		at org.apache.spark.sql.catalyst.trees.TreeNode.transformDown(TreeNode.scala:446)
[2026-03-23T01:05:25.530+0000] {subprocess.py:93} INFO - 		at org.apache.spark.sql.execution.QueryExecution.eagerlyExecuteCommands(QueryExecution.scala:164)
[2026-03-23T01:05:25.530+0000] {subprocess.py:93} INFO - 		at org.apache.spark.sql.execution.QueryExecution.$anonfun$lazyCommandExecuted$1(QueryExecution.scala:126)
[2026-03-23T01:05:25.530+0000] {subprocess.py:93} INFO - 		at scala.util.Try$.apply(Try.scala:217)
[2026-03-23T01:05:25.530+0000] {subprocess.py:93} INFO - 		at org.apache.spark.util.Utils$.doTryWithCallerStacktrace(Utils.scala:1378)
[2026-03-23T01:05:25.530+0000] {subprocess.py:93} INFO - 		at org.apache.spark.util.LazyTry.tryT$lzycompute(LazyTry.scala:46)
[2026-03-23T01:05:25.530+0000] {subprocess.py:93} INFO - 		at org.apache.spark.util.LazyTry.tryT(LazyTry.scala:46)
[2026-03-23T01:05:25.531+0000] {subprocess.py:93} INFO - 		... 19 more
[2026-03-23T01:05:25.531+0000] {subprocess.py:93} INFO - Traceback (most recent call last):
[2026-03-23T01:05:25.531+0000] {subprocess.py:93} INFO -   File "/app/src/writer.py", line 97, in write_output
[2026-03-23T01:05:25.531+0000] {subprocess.py:93} INFO -     df.write.mode(sink_mode).format(sink_format).save(path)
[2026-03-23T01:05:25.531+0000] {subprocess.py:93} INFO -   File "/home/***/.local/lib/python3.9/site-packages/pyspark/sql/readwriter.py", line 1745, in save
[2026-03-23T01:05:25.531+0000] {subprocess.py:93} INFO -     self._jwrite.save(path)
[2026-03-23T01:05:25.531+0000] {subprocess.py:93} INFO -   File "/home/***/.local/lib/python3.9/site-packages/py4j/java_gateway.py", line 1362, in __call__
[2026-03-23T01:05:25.531+0000] {subprocess.py:93} INFO -     return_value = get_return_value(
[2026-03-23T01:05:25.532+0000] {subprocess.py:93} INFO -   File "/home/***/.local/lib/python3.9/site-packages/pyspark/errors/exceptions/captured.py", line 282, in deco
[2026-03-23T01:05:25.532+0000] {subprocess.py:93} INFO -     return f(*a, **kw)
[2026-03-23T01:05:25.532+0000] {subprocess.py:93} INFO -   File "/home/***/.local/lib/python3.9/site-packages/py4j/protocol.py", line 327, in get_return_value
[2026-03-23T01:05:25.532+0000] {subprocess.py:93} INFO -     raise Py4JJavaError(
[2026-03-23T01:05:25.532+0000] {subprocess.py:93} INFO - py4j.protocol.Py4JJavaError: An error occurred while calling o70.save.
[2026-03-23T01:05:25.532+0000] {subprocess.py:93} INFO - : org.apache.spark.SparkException: Unable to clear output directory file:/app/data/output/events/motor_policy prior to writing to it.
[2026-03-23T01:05:25.532+0000] {subprocess.py:93} INFO - 	at org.apache.spark.sql.errors.QueryExecutionErrors$.cannotClearOutputDirectoryError(QueryExecutionErrors.scala:786)
[2026-03-23T01:05:25.533+0000] {subprocess.py:93} INFO - 	at org.apache.spark.sql.execution.datasources.InsertIntoHadoopFsRelationCommand.deleteMatchingPartitions(InsertIntoHadoopFsRelationCommand.scala:244)
[2026-03-23T01:05:25.533+0000] {subprocess.py:93} INFO - 	at org.apache.spark.sql.execution.datasources.InsertIntoHadoopFsRelationCommand.run(InsertIntoHadoopFsRelationCommand.scala:136)
[2026-03-23T01:05:25.533+0000] {subprocess.py:93} INFO - 	at org.apache.spark.sql.execution.command.DataWritingCommandExec.sideEffectResult$lzycompute(commands.scala:117)
[2026-03-23T01:05:25.533+0000] {subprocess.py:93} INFO - 	at org.apache.spark.sql.execution.command.DataWritingCommandExec.sideEffectResult(commands.scala:115)
[2026-03-23T01:05:25.533+0000] {subprocess.py:93} INFO - 	at org.apache.spark.sql.execution.command.DataWritingCommandExec.executeCollect(commands.scala:129)
[2026-03-23T01:05:25.533+0000] {subprocess.py:93} INFO - 	at org.apache.spark.sql.execution.QueryExecution.$anonfun$eagerlyExecuteCommands$2(QueryExecution.scala:155)
[2026-03-23T01:05:25.533+0000] {subprocess.py:93} INFO - 	at org.apache.spark.sql.execution.SQLExecution$.$anonfun$withNewExecutionId0$8(SQLExecution.scala:163)
[2026-03-23T01:05:25.533+0000] {subprocess.py:93} INFO - 	at org.apache.spark.sql.execution.SQLExecution$.withSessionTagsApplied(SQLExecution.scala:272)
[2026-03-23T01:05:25.534+0000] {subprocess.py:93} INFO - 	at org.apache.spark.sql.execution.SQLExecution$.$anonfun$withNewExecutionId0$7(SQLExecution.scala:125)
[2026-03-23T01:05:25.534+0000] {subprocess.py:93} INFO - 	at org.apache.spark.JobArtifactSet$.withActiveJobArtifactState(JobArtifactSet.scala:94)
[2026-03-23T01:05:25.534+0000] {subprocess.py:93} INFO - 	at org.apache.spark.sql.artifact.ArtifactManager.$anonfun$withResources$1(ArtifactManager.scala:112)
[2026-03-23T01:05:25.534+0000] {subprocess.py:93} INFO - 	at org.apache.spark.sql.artifact.ArtifactManager.withClassLoaderIfNeeded(ArtifactManager.scala:106)
[2026-03-23T01:05:25.534+0000] {subprocess.py:93} INFO - 	at org.apache.spark.sql.artifact.ArtifactManager.withResources(ArtifactManager.scala:111)
[2026-03-23T01:05:25.534+0000] {subprocess.py:93} INFO - 	at org.apache.spark.sql.execution.SQLExecution$.$anonfun$withNewExecutionId0$6(SQLExecution.scala:125)
[2026-03-23T01:05:25.534+0000] {subprocess.py:93} INFO - 	at org.apache.spark.sql.execution.SQLExecution$.withSQLConfPropagated(SQLExecution.scala:295)
[2026-03-23T01:05:25.534+0000] {subprocess.py:93} INFO - 	at org.apache.spark.sql.execution.SQLExecution$.$anonfun$withNewExecutionId0$1(SQLExecution.scala:124)
[2026-03-23T01:05:25.535+0000] {subprocess.py:93} INFO - 	at org.apache.spark.sql.SparkSession.withActive(SparkSession.scala:804)
[2026-03-23T01:05:25.535+0000] {subprocess.py:93} INFO - 	at org.apache.spark.sql.execution.SQLExecution$.withNewExecutionId0(SQLExecution.scala:78)
[2026-03-23T01:05:25.535+0000] {subprocess.py:93} INFO - 	at org.apache.spark.sql.execution.SQLExecution$.withNewExecutionId(SQLExecution.scala:237)
[2026-03-23T01:05:25.535+0000] {subprocess.py:93} INFO - 	at org.apache.spark.sql.execution.QueryExecution.$anonfun$eagerlyExecuteCommands$1(QueryExecution.scala:155)
[2026-03-23T01:05:25.535+0000] {subprocess.py:93} INFO - 	at org.apache.spark.sql.execution.QueryExecution$.withInternalError(QueryExecution.scala:654)
[2026-03-23T01:05:25.535+0000] {subprocess.py:93} INFO - 	at org.apache.spark.sql.execution.QueryExecution.org$apache$spark$sql$execution$QueryExecution$$eagerlyExecute$1(QueryExecution.scala:154)
[2026-03-23T01:05:25.535+0000] {subprocess.py:93} INFO - 	at org.apache.spark.sql.execution.QueryExecution$$anonfun$eagerlyExecuteCommands$3.applyOrElse(QueryExecution.scala:169)
[2026-03-23T01:05:25.535+0000] {subprocess.py:93} INFO - 	at org.apache.spark.sql.execution.QueryExecution$$anonfun$eagerlyExecuteCommands$3.applyOrElse(QueryExecution.scala:164)
[2026-03-23T01:05:25.535+0000] {subprocess.py:93} INFO - 	at org.apache.spark.sql.catalyst.trees.TreeNode.$anonfun$transformDownWithPruning$1(TreeNode.scala:470)
[2026-03-23T01:05:25.536+0000] {subprocess.py:93} INFO - 	at org.apache.spark.sql.catalyst.trees.CurrentOrigin$.withOrigin(origin.scala:86)
[2026-03-23T01:05:25.536+0000] {subprocess.py:93} INFO - 	at org.apache.spark.sql.catalyst.trees.TreeNode.transformDownWithPruning(TreeNode.scala:470)
[2026-03-23T01:05:25.536+0000] {subprocess.py:93} INFO - 	at org.apache.spark.sql.catalyst.plans.logical.LogicalPlan.org$apache$spark$sql$catalyst$plans$logical$AnalysisHelper$$super$transformDownWithPruning(LogicalPlan.scala:37)
[2026-03-23T01:05:25.536+0000] {subprocess.py:93} INFO - 	at org.apache.spark.sql.catalyst.plans.logical.AnalysisHelper.transformDownWithPruning(AnalysisHelper.scala:360)
[2026-03-23T01:05:25.536+0000] {subprocess.py:93} INFO - 	at org.apache.spark.sql.catalyst.plans.logical.AnalysisHelper.transformDownWithPruning$(AnalysisHelper.scala:356)
[2026-03-23T01:05:25.536+0000] {subprocess.py:93} INFO - 	at org.apache.spark.sql.catalyst.plans.logical.LogicalPlan.transformDownWithPruning(LogicalPlan.scala:37)
[2026-03-23T01:05:25.536+0000] {subprocess.py:93} INFO - 	at org.apache.spark.sql.catalyst.plans.logical.LogicalPlan.transformDownWithPruning(LogicalPlan.scala:37)
[2026-03-23T01:05:25.536+0000] {subprocess.py:93} INFO - 	at org.apache.spark.sql.catalyst.trees.TreeNode.transformDown(TreeNode.scala:446)
[2026-03-23T01:05:25.537+0000] {subprocess.py:93} INFO - 	at org.apache.spark.sql.execution.QueryExecution.eagerlyExecuteCommands(QueryExecution.scala:164)
[2026-03-23T01:05:25.537+0000] {subprocess.py:93} INFO - 	at org.apache.spark.sql.execution.QueryExecution.$anonfun$lazyCommandExecuted$1(QueryExecution.scala:126)
[2026-03-23T01:05:25.537+0000] {subprocess.py:93} INFO - 	at scala.util.Try$.apply(Try.scala:217)
[2026-03-23T01:05:25.537+0000] {subprocess.py:93} INFO - 	at org.apache.spark.util.Utils$.doTryWithCallerStacktrace(Utils.scala:1378)
[2026-03-23T01:05:25.537+0000] {subprocess.py:93} INFO - 	at org.apache.spark.util.Utils$.getTryWithCallerStacktrace(Utils.scala:1439)
[2026-03-23T01:05:25.537+0000] {subprocess.py:93} INFO - 	at org.apache.spark.util.LazyTry.get(LazyTry.scala:58)
[2026-03-23T01:05:25.537+0000] {subprocess.py:93} INFO - 	at org.apache.spark.sql.execution.QueryExecution.commandExecuted(QueryExecution.scala:131)
[2026-03-23T01:05:25.537+0000] {subprocess.py:93} INFO - 	at org.apache.spark.sql.execution.QueryExecution.assertCommandExecuted(QueryExecution.scala:192)
[2026-03-23T01:05:25.537+0000] {subprocess.py:93} INFO - 	at org.apache.spark.sql.classic.DataFrameWriter.runCommand(DataFrameWriter.scala:622)
[2026-03-23T01:05:25.538+0000] {subprocess.py:93} INFO - 	at org.apache.spark.sql.classic.DataFrameWriter.saveToV1Source(DataFrameWriter.scala:273)
[2026-03-23T01:05:25.538+0000] {subprocess.py:93} INFO - 	at org.apache.spark.sql.classic.DataFrameWriter.saveInternal(DataFrameWriter.scala:241)
[2026-03-23T01:05:25.538+0000] {subprocess.py:93} INFO - 	at org.apache.spark.sql.classic.DataFrameWriter.save(DataFrameWriter.scala:118)
[2026-03-23T01:05:25.538+0000] {subprocess.py:93} INFO - 	at java.base/jdk.internal.reflect.NativeMethodAccessorImpl.invoke0(Native Method)
[2026-03-23T01:05:25.538+0000] {subprocess.py:93} INFO - 	at java.base/jdk.internal.reflect.NativeMethodAccessorImpl.invoke(NativeMethodAccessorImpl.java:77)
[2026-03-23T01:05:25.538+0000] {subprocess.py:93} INFO - 	at java.base/jdk.internal.reflect.DelegatingMethodAccessorImpl.invoke(DelegatingMethodAccessorImpl.java:43)
[2026-03-23T01:05:25.538+0000] {subprocess.py:93} INFO - 	at java.base/java.lang.reflect.Method.invoke(Method.java:569)
[2026-03-23T01:05:25.538+0000] {subprocess.py:93} INFO - 	at py4j.reflection.MethodInvoker.invoke(MethodInvoker.java:244)
[2026-03-23T01:05:25.539+0000] {subprocess.py:93} INFO - 	at py4j.reflection.ReflectionEngine.invoke(ReflectionEngine.java:374)
[2026-03-23T01:05:25.539+0000] {subprocess.py:93} INFO - 	at py4j.Gateway.invoke(Gateway.java:282)
[2026-03-23T01:05:25.539+0000] {subprocess.py:93} INFO - 	at py4j.commands.AbstractCommand.invokeMethod(AbstractCommand.java:132)
[2026-03-23T01:05:25.539+0000] {subprocess.py:93} INFO - 	at py4j.commands.CallCommand.execute(CallCommand.java:79)
[2026-03-23T01:05:25.539+0000] {subprocess.py:93} INFO - 	at py4j.ClientServerConnection.waitForCommands(ClientServerConnection.java:184)
[2026-03-23T01:05:25.539+0000] {subprocess.py:93} INFO - 	at py4j.ClientServerConnection.run(ClientServerConnection.java:108)
[2026-03-23T01:05:25.539+0000] {subprocess.py:93} INFO - 	at java.base/java.lang.Thread.run(Thread.java:840)
[2026-03-23T01:05:25.540+0000] {subprocess.py:93} INFO - 	Suppressed: org.apache.spark.util.Utils$OriginalTryStackTraceException: Full stacktrace of original doTryWithCallerStacktrace caller
[2026-03-23T01:05:25.540+0000] {subprocess.py:93} INFO - 		at org.apache.spark.sql.errors.QueryExecutionErrors$.cannotClearOutputDirectoryError(QueryExecutionErrors.scala:786)
[2026-03-23T01:05:25.540+0000] {subprocess.py:93} INFO - 		at org.apache.spark.sql.execution.datasources.InsertIntoHadoopFsRelationCommand.deleteMatchingPartitions(InsertIntoHadoopFsRelationCommand.scala:244)
[2026-03-23T01:05:25.540+0000] {subprocess.py:93} INFO - 		at org.apache.spark.sql.execution.datasources.InsertIntoHadoopFsRelationCommand.run(InsertIntoHadoopFsRelationCommand.scala:136)
[2026-03-23T01:05:25.540+0000] {subprocess.py:93} INFO - 		at org.apache.spark.sql.execution.command.DataWritingCommandExec.sideEffectResult$lzycompute(commands.scala:117)
[2026-03-23T01:05:25.540+0000] {subprocess.py:93} INFO - 		at org.apache.spark.sql.execution.command.DataWritingCommandExec.sideEffectResult(commands.scala:115)
[2026-03-23T01:05:25.540+0000] {subprocess.py:93} INFO - 		at org.apache.spark.sql.execution.command.DataWritingCommandExec.executeCollect(commands.scala:129)
[2026-03-23T01:05:25.540+0000] {subprocess.py:93} INFO - 		at org.apache.spark.sql.execution.QueryExecution.$anonfun$eagerlyExecuteCommands$2(QueryExecution.scala:155)
[2026-03-23T01:05:25.541+0000] {subprocess.py:93} INFO - 		at org.apache.spark.sql.execution.SQLExecution$.$anonfun$withNewExecutionId0$8(SQLExecution.scala:163)
[2026-03-23T01:05:25.541+0000] {subprocess.py:93} INFO - 		at org.apache.spark.sql.execution.SQLExecution$.withSessionTagsApplied(SQLExecution.scala:272)
[2026-03-23T01:05:25.541+0000] {subprocess.py:93} INFO - 		at org.apache.spark.sql.execution.SQLExecution$.$anonfun$withNewExecutionId0$7(SQLExecution.scala:125)
[2026-03-23T01:05:25.541+0000] {subprocess.py:93} INFO - 		at org.apache.spark.JobArtifactSet$.withActiveJobArtifactState(JobArtifactSet.scala:94)
[2026-03-23T01:05:25.541+0000] {subprocess.py:93} INFO - 		at org.apache.spark.sql.artifact.ArtifactManager.$anonfun$withResources$1(ArtifactManager.scala:112)
[2026-03-23T01:05:25.541+0000] {subprocess.py:93} INFO - 		at org.apache.spark.sql.artifact.ArtifactManager.withClassLoaderIfNeeded(ArtifactManager.scala:106)
[2026-03-23T01:05:25.541+0000] {subprocess.py:93} INFO - 		at org.apache.spark.sql.artifact.ArtifactManager.withResources(ArtifactManager.scala:111)
[2026-03-23T01:05:25.541+0000] {subprocess.py:93} INFO - 		at org.apache.spark.sql.execution.SQLExecution$.$anonfun$withNewExecutionId0$6(SQLExecution.scala:125)
[2026-03-23T01:05:25.541+0000] {subprocess.py:93} INFO - 		at org.apache.spark.sql.execution.SQLExecution$.withSQLConfPropagated(SQLExecution.scala:295)
[2026-03-23T01:05:25.542+0000] {subprocess.py:93} INFO - 		at org.apache.spark.sql.execution.SQLExecution$.$anonfun$withNewExecutionId0$1(SQLExecution.scala:124)
[2026-03-23T01:05:25.542+0000] {subprocess.py:93} INFO - 		at org.apache.spark.sql.SparkSession.withActive(SparkSession.scala:804)
[2026-03-23T01:05:25.542+0000] {subprocess.py:93} INFO - 		at org.apache.spark.sql.execution.SQLExecution$.withNewExecutionId0(SQLExecution.scala:78)
[2026-03-23T01:05:25.542+0000] {subprocess.py:93} INFO - 		at org.apache.spark.sql.execution.SQLExecution$.withNewExecutionId(SQLExecution.scala:237)
[2026-03-23T01:05:25.542+0000] {subprocess.py:93} INFO - 		at org.apache.spark.sql.execution.QueryExecution.$anonfun$eagerlyExecuteCommands$1(QueryExecution.scala:155)
[2026-03-23T01:05:25.542+0000] {subprocess.py:93} INFO - 		at org.apache.spark.sql.execution.QueryExecution$.withInternalError(QueryExecution.scala:654)
[2026-03-23T01:05:25.542+0000] {subprocess.py:93} INFO - 		at org.apache.spark.sql.execution.QueryExecution.org$apache$spark$sql$execution$QueryExecution$$eagerlyExecute$1(QueryExecution.scala:154)
[2026-03-23T01:05:25.542+0000] {subprocess.py:93} INFO - 		at org.apache.spark.sql.execution.QueryExecution$$anonfun$eagerlyExecuteCommands$3.applyOrElse(QueryExecution.scala:169)
[2026-03-23T01:05:25.542+0000] {subprocess.py:93} INFO - 		at org.apache.spark.sql.execution.QueryExecution$$anonfun$eagerlyExecuteCommands$3.applyOrElse(QueryExecution.scala:164)
[2026-03-23T01:05:25.543+0000] {subprocess.py:93} INFO - 		at org.apache.spark.sql.catalyst.trees.TreeNode.$anonfun$transformDownWithPruning$1(TreeNode.scala:470)
[2026-03-23T01:05:25.543+0000] {subprocess.py:93} INFO - 		at org.apache.spark.sql.catalyst.trees.CurrentOrigin$.withOrigin(origin.scala:86)
[2026-03-23T01:05:25.543+0000] {subprocess.py:93} INFO - 		at org.apache.spark.sql.catalyst.trees.TreeNode.transformDownWithPruning(TreeNode.scala:470)
[2026-03-23T01:05:25.543+0000] {subprocess.py:93} INFO - 		at org.apache.spark.sql.catalyst.plans.logical.LogicalPlan.org$apache$spark$sql$catalyst$plans$logical$AnalysisHelper$$super$transformDownWithPruning(LogicalPlan.scala:37)
[2026-03-23T01:05:25.543+0000] {subprocess.py:93} INFO - 		at org.apache.spark.sql.catalyst.plans.logical.AnalysisHelper.transformDownWithPruning(AnalysisHelper.scala:360)
[2026-03-23T01:05:25.543+0000] {subprocess.py:93} INFO - 		at org.apache.spark.sql.catalyst.plans.logical.AnalysisHelper.transformDownWithPruning$(AnalysisHelper.scala:356)
[2026-03-23T01:05:25.543+0000] {subprocess.py:93} INFO - 		at org.apache.spark.sql.catalyst.plans.logical.LogicalPlan.transformDownWithPruning(LogicalPlan.scala:37)
[2026-03-23T01:05:25.543+0000] {subprocess.py:93} INFO - 		at org.apache.spark.sql.catalyst.plans.logical.LogicalPlan.transformDownWithPruning(LogicalPlan.scala:37)
[2026-03-23T01:05:25.543+0000] {subprocess.py:93} INFO - 		at org.apache.spark.sql.catalyst.trees.TreeNode.transformDown(TreeNode.scala:446)
[2026-03-23T01:05:25.544+0000] {subprocess.py:93} INFO - 		at org.apache.spark.sql.execution.QueryExecution.eagerlyExecuteCommands(QueryExecution.scala:164)
[2026-03-23T01:05:25.544+0000] {subprocess.py:93} INFO - 		at org.apache.spark.sql.execution.QueryExecution.$anonfun$lazyCommandExecuted$1(QueryExecution.scala:126)
[2026-03-23T01:05:25.544+0000] {subprocess.py:93} INFO - 		at scala.util.Try$.apply(Try.scala:217)
[2026-03-23T01:05:25.544+0000] {subprocess.py:93} INFO - 		at org.apache.spark.util.Utils$.doTryWithCallerStacktrace(Utils.scala:1378)
[2026-03-23T01:05:25.544+0000] {subprocess.py:93} INFO - 		at org.apache.spark.util.LazyTry.tryT$lzycompute(LazyTry.scala:46)
[2026-03-23T01:05:25.544+0000] {subprocess.py:93} INFO - 		at org.apache.spark.util.LazyTry.tryT(LazyTry.scala:46)
[2026-03-23T01:05:25.544+0000] {subprocess.py:93} INFO - 		... 19 more
[2026-03-23T01:05:25.544+0000] {subprocess.py:93} INFO - 
[2026-03-23T01:05:25.544+0000] {subprocess.py:93} INFO - 
[2026-03-23T01:05:25.545+0000] {subprocess.py:93} INFO - The above exception was the direct cause of the following exception:
[2026-03-23T01:05:25.545+0000] {subprocess.py:93} INFO - 
[2026-03-23T01:05:25.545+0000] {subprocess.py:93} INFO - Traceback (most recent call last):
[2026-03-23T01:05:25.545+0000] {subprocess.py:93} INFO -   File "/app/src/main.py", line 29, in main
[2026-03-23T01:05:25.545+0000] {subprocess.py:93} INFO -     engine.run()
[2026-03-23T01:05:25.545+0000] {subprocess.py:93} INFO -   File "/app/src/engine.py", line 70, in run
[2026-03-23T01:05:25.545+0000] {subprocess.py:93} INFO -     write_output(self.dataframes[sink_input], sink)
[2026-03-23T01:05:25.545+0000] {subprocess.py:93} INFO -   File "/app/src/writer.py", line 119, in write_output
[2026-03-23T01:05:25.546+0000] {subprocess.py:93} INFO -     raise RuntimeError(
[2026-03-23T01:05:25.546+0000] {subprocess.py:93} INFO - RuntimeError: Could not clean output directory 'data/output/events/motor_policy' for sink 'raw-ok'. Original error: An error occurred while calling o70.save.
[2026-03-23T01:05:25.546+0000] {subprocess.py:93} INFO - : org.apache.spark.SparkException: Unable to clear output directory file:/app/data/output/events/motor_policy prior to writing to it.
[2026-03-23T01:05:25.546+0000] {subprocess.py:93} INFO - 	at org.apache.spark.sql.errors.QueryExecutionErrors$.cannotClearOutputDirectoryError(QueryExecutionErrors.scala:786)
[2026-03-23T01:05:25.546+0000] {subprocess.py:93} INFO - 	at org.apache.spark.sql.execution.datasources.InsertIntoHadoopFsRelationCommand.deleteMatchingPartitions(InsertIntoHadoopFsRelationCommand.scala:244)
[2026-03-23T01:05:25.546+0000] {subprocess.py:93} INFO - 	at org.apache.spark.sql.execution.datasources.InsertIntoHadoopFsRelationCommand.run(InsertIntoHadoopFsRelationCommand.scala:136)
[2026-03-23T01:05:25.546+0000] {subprocess.py:93} INFO - 	at org.apache.spark.sql.execution.command.DataWritingCommandExec.sideEffectResult$lzycompute(commands.scala:117)
[2026-03-23T01:05:25.546+0000] {subprocess.py:93} INFO - 	at org.apache.spark.sql.execution.command.DataWritingCommandExec.sideEffectResult(commands.scala:115)
[2026-03-23T01:05:25.546+0000] {subprocess.py:93} INFO - 	at org.apache.spark.sql.execution.command.DataWritingCommandExec.executeCollect(commands.scala:129)
[2026-03-23T01:05:25.547+0000] {subprocess.py:93} INFO - 	at org.apache.spark.sql.execution.QueryExecution.$anonfun$eagerlyExecuteCommands$2(QueryExecution.scala:155)
[2026-03-23T01:05:25.547+0000] {subprocess.py:93} INFO - 	at org.apache.spark.sql.execution.SQLExecution$.$anonfun$withNewExecutionId0$8(SQLExecution.scala:163)
[2026-03-23T01:05:25.547+0000] {subprocess.py:93} INFO - 	at org.apache.spark.sql.execution.SQLExecution$.withSessionTagsApplied(SQLExecution.scala:272)
[2026-03-23T01:05:25.547+0000] {subprocess.py:93} INFO - 	at org.apache.spark.sql.execution.SQLExecution$.$anonfun$withNewExecutionId0$7(SQLExecution.scala:125)
[2026-03-23T01:05:25.547+0000] {subprocess.py:93} INFO - 	at org.apache.spark.JobArtifactSet$.withActiveJobArtifactState(JobArtifactSet.scala:94)
[2026-03-23T01:05:25.547+0000] {subprocess.py:93} INFO - 	at org.apache.spark.sql.artifact.ArtifactManager.$anonfun$withResources$1(ArtifactManager.scala:112)
[2026-03-23T01:05:25.547+0000] {subprocess.py:93} INFO - 	at org.apache.spark.sql.artifact.ArtifactManager.withClassLoaderIfNeeded(ArtifactManager.scala:106)
[2026-03-23T01:05:25.547+0000] {subprocess.py:93} INFO - 	at org.apache.spark.sql.artifact.ArtifactManager.withResources(ArtifactManager.scala:111)
[2026-03-23T01:05:25.547+0000] {subprocess.py:93} INFO - 	at org.apache.spark.sql.execution.SQLExecution$.$anonfun$withNewExecutionId0$6(SQLExecution.scala:125)
[2026-03-23T01:05:25.548+0000] {subprocess.py:93} INFO - 	at org.apache.spark.sql.execution.SQLExecution$.withSQLConfPropagated(SQLExecution.scala:295)
[2026-03-23T01:05:25.548+0000] {subprocess.py:93} INFO - 	at org.apache.spark.sql.execution.SQLExecution$.$anonfun$withNewExecutionId0$1(SQLExecution.scala:124)
[2026-03-23T01:05:25.548+0000] {subprocess.py:93} INFO - 	at org.apache.spark.sql.SparkSession.withActive(SparkSession.scala:804)
[2026-03-23T01:05:25.548+0000] {subprocess.py:93} INFO - 	at org.apache.spark.sql.execution.SQLExecution$.withNewExecutionId0(SQLExecution.scala:78)
[2026-03-23T01:05:25.548+0000] {subprocess.py:93} INFO - 	at org.apache.spark.sql.execution.SQLExecution$.withNewExecutionId(SQLExecution.scala:237)
[2026-03-23T01:05:25.548+0000] {subprocess.py:93} INFO - 	at org.apache.spark.sql.execution.QueryExecution.$anonfun$eagerlyExecuteCommands$1(QueryExecution.scala:155)
[2026-03-23T01:05:25.548+0000] {subprocess.py:93} INFO - 	at org.apache.spark.sql.execution.QueryExecution$.withInternalError(QueryExecution.scala:654)
[2026-03-23T01:05:25.548+0000] {subprocess.py:93} INFO - 	at org.apache.spark.sql.execution.QueryExecution.org$apache$spark$sql$execution$QueryExecution$$eagerlyExecute$1(QueryExecution.scala:154)
[2026-03-23T01:05:25.548+0000] {subprocess.py:93} INFO - 	at org.apache.spark.sql.execution.QueryExecution$$anonfun$eagerlyExecuteCommands$3.applyOrElse(QueryExecution.scala:169)
[2026-03-23T01:05:25.549+0000] {subprocess.py:93} INFO - 	at org.apache.spark.sql.execution.QueryExecution$$anonfun$eagerlyExecuteCommands$3.applyOrElse(QueryExecution.scala:164)
[2026-03-23T01:05:25.549+0000] {subprocess.py:93} INFO - 	at org.apache.spark.sql.catalyst.trees.TreeNode.$anonfun$transformDownWithPruning$1(TreeNode.scala:470)
[2026-03-23T01:05:25.549+0000] {subprocess.py:93} INFO - 	at org.apache.spark.sql.catalyst.trees.CurrentOrigin$.withOrigin(origin.scala:86)
[2026-03-23T01:05:25.549+0000] {subprocess.py:93} INFO - 	at org.apache.spark.sql.catalyst.trees.TreeNode.transformDownWithPruning(TreeNode.scala:470)
[2026-03-23T01:05:25.549+0000] {subprocess.py:93} INFO - 	at org.apache.spark.sql.catalyst.plans.logical.LogicalPlan.org$apache$spark$sql$catalyst$plans$logical$AnalysisHelper$$super$transformDownWithPruning(LogicalPlan.scala:37)
[2026-03-23T01:05:25.549+0000] {subprocess.py:93} INFO - 	at org.apache.spark.sql.catalyst.plans.logical.AnalysisHelper.transformDownWithPruning(AnalysisHelper.scala:360)
[2026-03-23T01:05:25.549+0000] {subprocess.py:93} INFO - 	at org.apache.spark.sql.catalyst.plans.logical.AnalysisHelper.transformDownWithPruning$(AnalysisHelper.scala:356)
[2026-03-23T01:05:25.549+0000] {subprocess.py:93} INFO - 	at org.apache.spark.sql.catalyst.plans.logical.LogicalPlan.transformDownWithPruning(LogicalPlan.scala:37)
[2026-03-23T01:05:25.549+0000] {subprocess.py:93} INFO - 	at org.apache.spark.sql.catalyst.plans.logical.LogicalPlan.transformDownWithPruning(LogicalPlan.scala:37)
[2026-03-23T01:05:25.550+0000] {subprocess.py:93} INFO - 	at org.apache.spark.sql.catalyst.trees.TreeNode.transformDown(TreeNode.scala:446)
[2026-03-23T01:05:25.550+0000] {subprocess.py:93} INFO - 	at org.apache.spark.sql.execution.QueryExecution.eagerlyExecuteCommands(QueryExecution.scala:164)
[2026-03-23T01:05:25.550+0000] {subprocess.py:93} INFO - 	at org.apache.spark.sql.execution.QueryExecution.$anonfun$lazyCommandExecuted$1(QueryExecution.scala:126)
[2026-03-23T01:05:25.550+0000] {subprocess.py:93} INFO - 	at scala.util.Try$.apply(Try.scala:217)
[2026-03-23T01:05:25.550+0000] {subprocess.py:93} INFO - 	at org.apache.spark.util.Utils$.doTryWithCallerStacktrace(Utils.scala:1378)
[2026-03-23T01:05:25.550+0000] {subprocess.py:93} INFO - 	at org.apache.spark.util.Utils$.getTryWithCallerStacktrace(Utils.scala:1439)
[2026-03-23T01:05:25.550+0000] {subprocess.py:93} INFO - 	at org.apache.spark.util.LazyTry.get(LazyTry.scala:58)
[2026-03-23T01:05:25.550+0000] {subprocess.py:93} INFO - 	at org.apache.spark.sql.execution.QueryExecution.commandExecuted(QueryExecution.scala:131)
[2026-03-23T01:05:25.551+0000] {subprocess.py:93} INFO - 	at org.apache.spark.sql.execution.QueryExecution.assertCommandExecuted(QueryExecution.scala:192)
[2026-03-23T01:05:25.551+0000] {subprocess.py:93} INFO - 	at org.apache.spark.sql.classic.DataFrameWriter.runCommand(DataFrameWriter.scala:622)
[2026-03-23T01:05:25.551+0000] {subprocess.py:93} INFO - 	at org.apache.spark.sql.classic.DataFrameWriter.saveToV1Source(DataFrameWriter.scala:273)
[2026-03-23T01:05:25.551+0000] {subprocess.py:93} INFO - 	at org.apache.spark.sql.classic.DataFrameWriter.saveInternal(DataFrameWriter.scala:241)
[2026-03-23T01:05:25.551+0000] {subprocess.py:93} INFO - 	at org.apache.spark.sql.classic.DataFrameWriter.save(DataFrameWriter.scala:118)
[2026-03-23T01:05:25.551+0000] {subprocess.py:93} INFO - 	at java.base/jdk.internal.reflect.NativeMethodAccessorImpl.invoke0(Native Method)
[2026-03-23T01:05:25.551+0000] {subprocess.py:93} INFO - 	at java.base/jdk.internal.reflect.NativeMethodAccessorImpl.invoke(NativeMethodAccessorImpl.java:77)
[2026-03-23T01:05:25.551+0000] {subprocess.py:93} INFO - 	at java.base/jdk.internal.reflect.DelegatingMethodAccessorImpl.invoke(DelegatingMethodAccessorImpl.java:43)
[2026-03-23T01:05:25.552+0000] {subprocess.py:93} INFO - 	at java.base/java.lang.reflect.Method.invoke(Method.java:569)
[2026-03-23T01:05:25.552+0000] {subprocess.py:93} INFO - 	at py4j.reflection.MethodInvoker.invoke(MethodInvoker.java:244)
[2026-03-23T01:05:25.552+0000] {subprocess.py:93} INFO - 	at py4j.reflection.ReflectionEngine.invoke(ReflectionEngine.java:374)
[2026-03-23T01:05:25.552+0000] {subprocess.py:93} INFO - 	at py4j.Gateway.invoke(Gateway.java:282)
[2026-03-23T01:05:25.552+0000] {subprocess.py:93} INFO - 	at py4j.commands.AbstractCommand.invokeMethod(AbstractCommand.java:132)
[2026-03-23T01:05:25.552+0000] {subprocess.py:93} INFO - 	at py4j.commands.CallCommand.execute(CallCommand.java:79)
[2026-03-23T01:05:25.552+0000] {subprocess.py:93} INFO - 	at py4j.ClientServerConnection.waitForCommands(ClientServerConnection.java:184)
[2026-03-23T01:05:25.553+0000] {subprocess.py:93} INFO - 	at py4j.ClientServerConnection.run(ClientServerConnection.java:108)
[2026-03-23T01:05:25.553+0000] {subprocess.py:93} INFO - 	at java.base/java.lang.Thread.run(Thread.java:840)
[2026-03-23T01:05:25.553+0000] {subprocess.py:93} INFO - 	Suppressed: org.apache.spark.util.Utils$OriginalTryStackTraceException: Full stacktrace of original doTryWithCallerStacktrace caller
[2026-03-23T01:05:25.553+0000] {subprocess.py:93} INFO - 		at org.apache.spark.sql.errors.QueryExecutionErrors$.cannotClearOutputDirectoryError(QueryExecutionErrors.scala:786)
[2026-03-23T01:05:25.553+0000] {subprocess.py:93} INFO - 		at org.apache.spark.sql.execution.datasources.InsertIntoHadoopFsRelationCommand.deleteMatchingPartitions(InsertIntoHadoopFsRelationCommand.scala:244)
[2026-03-23T01:05:25.553+0000] {subprocess.py:93} INFO - 		at org.apache.spark.sql.execution.datasources.InsertIntoHadoopFsRelationCommand.run(InsertIntoHadoopFsRelationCommand.scala:136)
[2026-03-23T01:05:25.553+0000] {subprocess.py:93} INFO - 		at org.apache.spark.sql.execution.command.DataWritingCommandExec.sideEffectResult$lzycompute(commands.scala:117)
[2026-03-23T01:05:25.554+0000] {subprocess.py:93} INFO - 		at org.apache.spark.sql.execution.command.DataWritingCommandExec.sideEffectResult(commands.scala:115)
[2026-03-23T01:05:25.554+0000] {subprocess.py:93} INFO - 		at org.apache.spark.sql.execution.command.DataWritingCommandExec.executeCollect(commands.scala:129)
[2026-03-23T01:05:25.554+0000] {subprocess.py:93} INFO - 		at org.apache.spark.sql.execution.QueryExecution.$anonfun$eagerlyExecuteCommands$2(QueryExecution.scala:155)
[2026-03-23T01:05:25.554+0000] {subprocess.py:93} INFO - 		at org.apache.spark.sql.execution.SQLExecution$.$anonfun$withNewExecutionId0$8(SQLExecution.scala:163)
[2026-03-23T01:05:25.554+0000] {subprocess.py:93} INFO - 		at org.apache.spark.sql.execution.SQLExecution$.withSessionTagsApplied(SQLExecution.scala:272)
[2026-03-23T01:05:25.554+0000] {subprocess.py:93} INFO - 		at org.apache.spark.sql.execution.SQLExecution$.$anonfun$withNewExecutionId0$7(SQLExecution.scala:125)
[2026-03-23T01:05:25.554+0000] {subprocess.py:93} INFO - 		at org.apache.spark.JobArtifactSet$.withActiveJobArtifactState(JobArtifactSet.scala:94)
[2026-03-23T01:05:25.555+0000] {subprocess.py:93} INFO - 		at org.apache.spark.sql.artifact.ArtifactManager.$anonfun$withResources$1(ArtifactManager.scala:112)
[2026-03-23T01:05:25.555+0000] {subprocess.py:93} INFO - 		at org.apache.spark.sql.artifact.ArtifactManager.withClassLoaderIfNeeded(ArtifactManager.scala:106)
[2026-03-23T01:05:25.555+0000] {subprocess.py:93} INFO - 		at org.apache.spark.sql.artifact.ArtifactManager.withResources(ArtifactManager.scala:111)
[2026-03-23T01:05:25.555+0000] {subprocess.py:93} INFO - 		at org.apache.spark.sql.execution.SQLExecution$.$anonfun$withNewExecutionId0$6(SQLExecution.scala:125)
[2026-03-23T01:05:25.555+0000] {subprocess.py:93} INFO - 		at org.apache.spark.sql.execution.SQLExecution$.withSQLConfPropagated(SQLExecution.scala:295)
[2026-03-23T01:05:25.555+0000] {subprocess.py:93} INFO - 		at org.apache.spark.sql.execution.SQLExecution$.$anonfun$withNewExecutionId0$1(SQLExecution.scala:124)
[2026-03-23T01:05:25.555+0000] {subprocess.py:93} INFO - 		at org.apache.spark.sql.SparkSession.withActive(SparkSession.scala:804)
[2026-03-23T01:05:25.555+0000] {subprocess.py:93} INFO - 		at org.apache.spark.sql.execution.SQLExecution$.withNewExecutionId0(SQLExecution.scala:78)
[2026-03-23T01:05:25.556+0000] {subprocess.py:93} INFO - 		at org.apache.spark.sql.execution.SQLExecution$.withNewExecutionId(SQLExecution.scala:237)
[2026-03-23T01:05:25.556+0000] {subprocess.py:93} INFO - 		at org.apache.spark.sql.execution.QueryExecution.$anonfun$eagerlyExecuteCommands$1(QueryExecution.scala:155)
[2026-03-23T01:05:25.556+0000] {subprocess.py:93} INFO - 		at org.apache.spark.sql.execution.QueryExecution$.withInternalError(QueryExecution.scala:654)
[2026-03-23T01:05:25.556+0000] {subprocess.py:93} INFO - 		at org.apache.spark.sql.execution.QueryExecution.org$apache$spark$sql$execution$QueryExecution$$eagerlyExecute$1(QueryExecution.scala:154)
[2026-03-23T01:05:25.556+0000] {subprocess.py:93} INFO - 		at org.apache.spark.sql.execution.QueryExecution$$anonfun$eagerlyExecuteCommands$3.applyOrElse(QueryExecution.scala:169)
[2026-03-23T01:05:25.556+0000] {subprocess.py:93} INFO - 		at org.apache.spark.sql.execution.QueryExecution$$anonfun$eagerlyExecuteCommands$3.applyOrElse(QueryExecution.scala:164)
[2026-03-23T01:05:25.556+0000] {subprocess.py:93} INFO - 		at org.apache.spark.sql.catalyst.trees.TreeNode.$anonfun$transformDownWithPruning$1(TreeNode.scala:470)
[2026-03-23T01:05:25.556+0000] {subprocess.py:93} INFO - 		at org.apache.spark.sql.catalyst.trees.CurrentOrigin$.withOrigin(origin.scala:86)
[2026-03-23T01:05:25.557+0000] {subprocess.py:93} INFO - 		at org.apache.spark.sql.catalyst.trees.TreeNode.transformDownWithPruning(TreeNode.scala:470)
[2026-03-23T01:05:25.557+0000] {subprocess.py:93} INFO - 		at org.apache.spark.sql.catalyst.plans.logical.LogicalPlan.org$apache$spark$sql$catalyst$plans$logical$AnalysisHelper$$super$transformDownWithPruning(LogicalPlan.scala:37)
[2026-03-23T01:05:25.557+0000] {subprocess.py:93} INFO - 		at org.apache.spark.sql.catalyst.plans.logical.AnalysisHelper.transformDownWithPruning(AnalysisHelper.scala:360)
[2026-03-23T01:05:25.557+0000] {subprocess.py:93} INFO - 		at org.apache.spark.sql.catalyst.plans.logical.AnalysisHelper.transformDownWithPruning$(AnalysisHelper.scala:356)
[2026-03-23T01:05:25.557+0000] {subprocess.py:93} INFO - 		at org.apache.spark.sql.catalyst.plans.logical.LogicalPlan.transformDownWithPruning(LogicalPlan.scala:37)
[2026-03-23T01:05:25.557+0000] {subprocess.py:93} INFO - 		at org.apache.spark.sql.catalyst.plans.logical.LogicalPlan.transformDownWithPruning(LogicalPlan.scala:37)
[2026-03-23T01:05:25.557+0000] {subprocess.py:93} INFO - 		at org.apache.spark.sql.catalyst.trees.TreeNode.transformDown(TreeNode.scala:446)
[2026-03-23T01:05:25.557+0000] {subprocess.py:93} INFO - 		at org.apache.spark.sql.execution.QueryExecution.eagerlyExecuteCommands(QueryExecution.scala:164)
[2026-03-23T01:05:25.558+0000] {subprocess.py:93} INFO - 		at org.apache.spark.sql.execution.QueryExecution.$anonfun$lazyCommandExecuted$1(QueryExecution.scala:126)
[2026-03-23T01:05:25.558+0000] {subprocess.py:93} INFO - 		at scala.util.Try$.apply(Try.scala:217)
[2026-03-23T01:05:25.558+0000] {subprocess.py:93} INFO - 		at org.apache.spark.util.Utils$.doTryWithCallerStacktrace(Utils.scala:1378)
[2026-03-23T01:05:25.558+0000] {subprocess.py:93} INFO - 		at org.apache.spark.util.LazyTry.tryT$lzycompute(LazyTry.scala:46)
[2026-03-23T01:05:25.558+0000] {subprocess.py:93} INFO - 		at org.apache.spark.util.LazyTry.tryT(LazyTry.scala:46)
[2026-03-23T01:05:25.558+0000] {subprocess.py:93} INFO - 		... 19 more
[2026-03-23T01:05:25.558+0000] {subprocess.py:93} INFO - 
[2026-03-23T01:05:25.558+0000] {subprocess.py:93} INFO - 2026-03-23 01:05:25,516 - __main__ - INFO - Stopping Spark session...
[2026-03-23T01:05:25.739+0000] {subprocess.py:93} INFO - 2026-03-23 01:05:25,739 - __main__ - CRITICAL - Fatal error: Could not clean output directory 'data/output/events/motor_policy' for sink 'raw-ok'. Original error: An error occurred while calling o70.save.
[2026-03-23T01:05:25.739+0000] {subprocess.py:93} INFO - : org.apache.spark.SparkException: Unable to clear output directory file:/app/data/output/events/motor_policy prior to writing to it.
[2026-03-23T01:05:25.740+0000] {subprocess.py:93} INFO - 	at org.apache.spark.sql.errors.QueryExecutionErrors$.cannotClearOutputDirectoryError(QueryExecutionErrors.scala:786)
[2026-03-23T01:05:25.740+0000] {subprocess.py:93} INFO - 	at org.apache.spark.sql.execution.datasources.InsertIntoHadoopFsRelationCommand.deleteMatchingPartitions(InsertIntoHadoopFsRelationCommand.scala:244)
[2026-03-23T01:05:25.740+0000] {subprocess.py:93} INFO - 	at org.apache.spark.sql.execution.datasources.InsertIntoHadoopFsRelationCommand.run(InsertIntoHadoopFsRelationCommand.scala:136)
[2026-03-23T01:05:25.740+0000] {subprocess.py:93} INFO - 	at org.apache.spark.sql.execution.command.DataWritingCommandExec.sideEffectResult$lzycompute(commands.scala:117)
[2026-03-23T01:05:25.741+0000] {subprocess.py:93} INFO - 	at org.apache.spark.sql.execution.command.DataWritingCommandExec.sideEffectResult(commands.scala:115)
[2026-03-23T01:05:25.741+0000] {subprocess.py:93} INFO - 	at org.apache.spark.sql.execution.command.DataWritingCommandExec.executeCollect(commands.scala:129)
[2026-03-23T01:05:25.741+0000] {subprocess.py:93} INFO - 	at org.apache.spark.sql.execution.QueryExecution.$anonfun$eagerlyExecuteCommands$2(QueryExecution.scala:155)
[2026-03-23T01:05:25.741+0000] {subprocess.py:93} INFO - 	at org.apache.spark.sql.execution.SQLExecution$.$anonfun$withNewExecutionId0$8(SQLExecution.scala:163)
[2026-03-23T01:05:25.742+0000] {subprocess.py:93} INFO - 	at org.apache.spark.sql.execution.SQLExecution$.withSessionTagsApplied(SQLExecution.scala:272)
[2026-03-23T01:05:25.742+0000] {subprocess.py:93} INFO - 	at org.apache.spark.sql.execution.SQLExecution$.$anonfun$withNewExecutionId0$7(SQLExecution.scala:125)
[2026-03-23T01:05:25.742+0000] {subprocess.py:93} INFO - 	at org.apache.spark.JobArtifactSet$.withActiveJobArtifactState(JobArtifactSet.scala:94)
[2026-03-23T01:05:25.742+0000] {subprocess.py:93} INFO - 	at org.apache.spark.sql.artifact.ArtifactManager.$anonfun$withResources$1(ArtifactManager.scala:112)
[2026-03-23T01:05:25.743+0000] {subprocess.py:93} INFO - 	at org.apache.spark.sql.artifact.ArtifactManager.withClassLoaderIfNeeded(ArtifactManager.scala:106)
[2026-03-23T01:05:25.743+0000] {subprocess.py:93} INFO - 	at org.apache.spark.sql.artifact.ArtifactManager.withResources(ArtifactManager.scala:111)
[2026-03-23T01:05:25.743+0000] {subprocess.py:93} INFO - 	at org.apache.spark.sql.execution.SQLExecution$.$anonfun$withNewExecutionId0$6(SQLExecution.scala:125)
[2026-03-23T01:05:25.743+0000] {subprocess.py:93} INFO - 	at org.apache.spark.sql.execution.SQLExecution$.withSQLConfPropagated(SQLExecution.scala:295)
[2026-03-23T01:05:25.743+0000] {subprocess.py:93} INFO - 	at org.apache.spark.sql.execution.SQLExecution$.$anonfun$withNewExecutionId0$1(SQLExecution.scala:124)
[2026-03-23T01:05:25.744+0000] {subprocess.py:93} INFO - 	at org.apache.spark.sql.SparkSession.withActive(SparkSession.scala:804)
[2026-03-23T01:05:25.744+0000] {subprocess.py:93} INFO - 	at org.apache.spark.sql.execution.SQLExecution$.withNewExecutionId0(SQLExecution.scala:78)
[2026-03-23T01:05:25.744+0000] {subprocess.py:93} INFO - 	at org.apache.spark.sql.execution.SQLExecution$.withNewExecutionId(SQLExecution.scala:237)
[2026-03-23T01:05:25.744+0000] {subprocess.py:93} INFO - 	at org.apache.spark.sql.execution.QueryExecution.$anonfun$eagerlyExecuteCommands$1(QueryExecution.scala:155)
[2026-03-23T01:05:25.745+0000] {subprocess.py:93} INFO - 	at org.apache.spark.sql.execution.QueryExecution$.withInternalError(QueryExecution.scala:654)
[2026-03-23T01:05:25.745+0000] {subprocess.py:93} INFO - 	at org.apache.spark.sql.execution.QueryExecution.org$apache$spark$sql$execution$QueryExecution$$eagerlyExecute$1(QueryExecution.scala:154)
[2026-03-23T01:05:25.745+0000] {subprocess.py:93} INFO - 	at org.apache.spark.sql.execution.QueryExecution$$anonfun$eagerlyExecuteCommands$3.applyOrElse(QueryExecution.scala:169)
[2026-03-23T01:05:25.745+0000] {subprocess.py:93} INFO - 	at org.apache.spark.sql.execution.QueryExecution$$anonfun$eagerlyExecuteCommands$3.applyOrElse(QueryExecution.scala:164)
[2026-03-23T01:05:25.746+0000] {subprocess.py:93} INFO - 	at org.apache.spark.sql.catalyst.trees.TreeNode.$anonfun$transformDownWithPruning$1(TreeNode.scala:470)
[2026-03-23T01:05:25.746+0000] {subprocess.py:93} INFO - 	at org.apache.spark.sql.catalyst.trees.CurrentOrigin$.withOrigin(origin.scala:86)
[2026-03-23T01:05:25.746+0000] {subprocess.py:93} INFO - 	at org.apache.spark.sql.catalyst.trees.TreeNode.transformDownWithPruning(TreeNode.scala:470)
[2026-03-23T01:05:25.746+0000] {subprocess.py:93} INFO - 	at org.apache.spark.sql.catalyst.plans.logical.LogicalPlan.org$apache$spark$sql$catalyst$plans$logical$AnalysisHelper$$super$transformDownWithPruning(LogicalPlan.scala:37)
[2026-03-23T01:05:25.746+0000] {subprocess.py:93} INFO - 	at org.apache.spark.sql.catalyst.plans.logical.AnalysisHelper.transformDownWithPruning(AnalysisHelper.scala:360)
[2026-03-23T01:05:25.747+0000] {subprocess.py:93} INFO - 	at org.apache.spark.sql.catalyst.plans.logical.AnalysisHelper.transformDownWithPruning$(AnalysisHelper.scala:356)
[2026-03-23T01:05:25.747+0000] {subprocess.py:93} INFO - 	at org.apache.spark.sql.catalyst.plans.logical.LogicalPlan.transformDownWithPruning(LogicalPlan.scala:37)
[2026-03-23T01:05:25.747+0000] {subprocess.py:93} INFO - 	at org.apache.spark.sql.catalyst.plans.logical.LogicalPlan.transformDownWithPruning(LogicalPlan.scala:37)
[2026-03-23T01:05:25.747+0000] {subprocess.py:93} INFO - 	at org.apache.spark.sql.catalyst.trees.TreeNode.transformDown(TreeNode.scala:446)
[2026-03-23T01:05:25.748+0000] {subprocess.py:93} INFO - 	at org.apache.spark.sql.execution.QueryExecution.eagerlyExecuteCommands(QueryExecution.scala:164)
[2026-03-23T01:05:25.748+0000] {subprocess.py:93} INFO - 	at org.apache.spark.sql.execution.QueryExecution.$anonfun$lazyCommandExecuted$1(QueryExecution.scala:126)
[2026-03-23T01:05:25.748+0000] {subprocess.py:93} INFO - 	at scala.util.Try$.apply(Try.scala:217)
[2026-03-23T01:05:25.748+0000] {subprocess.py:93} INFO - 	at org.apache.spark.util.Utils$.doTryWithCallerStacktrace(Utils.scala:1378)
[2026-03-23T01:05:25.749+0000] {subprocess.py:93} INFO - 	at org.apache.spark.util.Utils$.getTryWithCallerStacktrace(Utils.scala:1439)
[2026-03-23T01:05:25.749+0000] {subprocess.py:93} INFO - 	at org.apache.spark.util.LazyTry.get(LazyTry.scala:58)
[2026-03-23T01:05:25.749+0000] {subprocess.py:93} INFO - 	at org.apache.spark.sql.execution.QueryExecution.commandExecuted(QueryExecution.scala:131)
[2026-03-23T01:05:25.749+0000] {subprocess.py:93} INFO - 	at org.apache.spark.sql.execution.QueryExecution.assertCommandExecuted(QueryExecution.scala:192)
[2026-03-23T01:05:25.749+0000] {subprocess.py:93} INFO - 	at org.apache.spark.sql.classic.DataFrameWriter.runCommand(DataFrameWriter.scala:622)
[2026-03-23T01:05:25.750+0000] {subprocess.py:93} INFO - 	at org.apache.spark.sql.classic.DataFrameWriter.saveToV1Source(DataFrameWriter.scala:273)
[2026-03-23T01:05:25.750+0000] {subprocess.py:93} INFO - 	at org.apache.spark.sql.classic.DataFrameWriter.saveInternal(DataFrameWriter.scala:241)
[2026-03-23T01:05:25.750+0000] {subprocess.py:93} INFO - 	at org.apache.spark.sql.classic.DataFrameWriter.save(DataFrameWriter.scala:118)
[2026-03-23T01:05:25.750+0000] {subprocess.py:93} INFO - 	at java.base/jdk.internal.reflect.NativeMethodAccessorImpl.invoke0(Native Method)
[2026-03-23T01:05:25.751+0000] {subprocess.py:93} INFO - 	at java.base/jdk.internal.reflect.NativeMethodAccessorImpl.invoke(NativeMethodAccessorImpl.java:77)
[2026-03-23T01:05:25.751+0000] {subprocess.py:93} INFO - 	at java.base/jdk.internal.reflect.DelegatingMethodAccessorImpl.invoke(DelegatingMethodAccessorImpl.java:43)
[2026-03-23T01:05:25.751+0000] {subprocess.py:93} INFO - 	at java.base/java.lang.reflect.Method.invoke(Method.java:569)
[2026-03-23T01:05:25.751+0000] {subprocess.py:93} INFO - 	at py4j.reflection.MethodInvoker.invoke(MethodInvoker.java:244)
[2026-03-23T01:05:25.752+0000] {subprocess.py:93} INFO - 	at py4j.reflection.ReflectionEngine.invoke(ReflectionEngine.java:374)
[2026-03-23T01:05:25.752+0000] {subprocess.py:93} INFO - 	at py4j.Gateway.invoke(Gateway.java:282)
[2026-03-23T01:05:25.752+0000] {subprocess.py:93} INFO - 	at py4j.commands.AbstractCommand.invokeMethod(AbstractCommand.java:132)
[2026-03-23T01:05:25.752+0000] {subprocess.py:93} INFO - 	at py4j.commands.CallCommand.execute(CallCommand.java:79)
[2026-03-23T01:05:25.752+0000] {subprocess.py:93} INFO - 	at py4j.ClientServerConnection.waitForCommands(ClientServerConnection.java:184)
[2026-03-23T01:05:25.753+0000] {subprocess.py:93} INFO - 	at py4j.ClientServerConnection.run(ClientServerConnection.java:108)
[2026-03-23T01:05:25.753+0000] {subprocess.py:93} INFO - 	at java.base/java.lang.Thread.run(Thread.java:840)
[2026-03-23T01:05:25.753+0000] {subprocess.py:93} INFO - 	Suppressed: org.apache.spark.util.Utils$OriginalTryStackTraceException: Full stacktrace of original doTryWithCallerStacktrace caller
[2026-03-23T01:05:25.753+0000] {subprocess.py:93} INFO - 		at org.apache.spark.sql.errors.QueryExecutionErrors$.cannotClearOutputDirectoryError(QueryExecutionErrors.scala:786)
[2026-03-23T01:05:25.754+0000] {subprocess.py:93} INFO - 		at org.apache.spark.sql.execution.datasources.InsertIntoHadoopFsRelationCommand.deleteMatchingPartitions(InsertIntoHadoopFsRelationCommand.scala:244)
[2026-03-23T01:05:25.754+0000] {subprocess.py:93} INFO - 		at org.apache.spark.sql.execution.datasources.InsertIntoHadoopFsRelationCommand.run(InsertIntoHadoopFsRelationCommand.scala:136)
[2026-03-23T01:05:25.754+0000] {subprocess.py:93} INFO - 		at org.apache.spark.sql.execution.command.DataWritingCommandExec.sideEffectResult$lzycompute(commands.scala:117)
[2026-03-23T01:05:25.754+0000] {subprocess.py:93} INFO - 		at org.apache.spark.sql.execution.command.DataWritingCommandExec.sideEffectResult(commands.scala:115)
[2026-03-23T01:05:25.754+0000] {subprocess.py:93} INFO - 		at org.apache.spark.sql.execution.command.DataWritingCommandExec.executeCollect(commands.scala:129)
[2026-03-23T01:05:25.755+0000] {subprocess.py:93} INFO - 		at org.apache.spark.sql.execution.QueryExecution.$anonfun$eagerlyExecuteCommands$2(QueryExecution.scala:155)
[2026-03-23T01:05:25.755+0000] {subprocess.py:93} INFO - 		at org.apache.spark.sql.execution.SQLExecution$.$anonfun$withNewExecutionId0$8(SQLExecution.scala:163)
[2026-03-23T01:05:25.755+0000] {subprocess.py:93} INFO - 		at org.apache.spark.sql.execution.SQLExecution$.withSessionTagsApplied(SQLExecution.scala:272)
[2026-03-23T01:05:25.755+0000] {subprocess.py:93} INFO - 		at org.apache.spark.sql.execution.SQLExecution$.$anonfun$withNewExecutionId0$7(SQLExecution.scala:125)
[2026-03-23T01:05:25.756+0000] {subprocess.py:93} INFO - 		at org.apache.spark.JobArtifactSet$.withActiveJobArtifactState(JobArtifactSet.scala:94)
[2026-03-23T01:05:25.756+0000] {subprocess.py:93} INFO - 		at org.apache.spark.sql.artifact.ArtifactManager.$anonfun$withResources$1(ArtifactManager.scala:112)
[2026-03-23T01:05:25.756+0000] {subprocess.py:93} INFO - 		at org.apache.spark.sql.artifact.ArtifactManager.withClassLoaderIfNeeded(ArtifactManager.scala:106)
[2026-03-23T01:05:25.756+0000] {subprocess.py:93} INFO - 		at org.apache.spark.sql.artifact.ArtifactManager.withResources(ArtifactManager.scala:111)
[2026-03-23T01:05:25.756+0000] {subprocess.py:93} INFO - 		at org.apache.spark.sql.execution.SQLExecution$.$anonfun$withNewExecutionId0$6(SQLExecution.scala:125)
[2026-03-23T01:05:25.757+0000] {subprocess.py:93} INFO - 		at org.apache.spark.sql.execution.SQLExecution$.withSQLConfPropagated(SQLExecution.scala:295)
[2026-03-23T01:05:25.757+0000] {subprocess.py:93} INFO - 		at org.apache.spark.sql.execution.SQLExecution$.$anonfun$withNewExecutionId0$1(SQLExecution.scala:124)
[2026-03-23T01:05:25.757+0000] {subprocess.py:93} INFO - 		at org.apache.spark.sql.SparkSession.withActive(SparkSession.scala:804)
[2026-03-23T01:05:25.757+0000] {subprocess.py:93} INFO - 		at org.apache.spark.sql.execution.SQLExecution$.withNewExecutionId0(SQLExecution.scala:78)
[2026-03-23T01:05:25.757+0000] {subprocess.py:93} INFO - 		at org.apache.spark.sql.execution.SQLExecution$.withNewExecutionId(SQLExecution.scala:237)
[2026-03-23T01:05:25.758+0000] {subprocess.py:93} INFO - 		at org.apache.spark.sql.execution.QueryExecution.$anonfun$eagerlyExecuteCommands$1(QueryExecution.scala:155)
[2026-03-23T01:05:25.758+0000] {subprocess.py:93} INFO - 		at org.apache.spark.sql.execution.QueryExecution$.withInternalError(QueryExecution.scala:654)
[2026-03-23T01:05:25.758+0000] {subprocess.py:93} INFO - 		at org.apache.spark.sql.execution.QueryExecution.org$apache$spark$sql$execution$QueryExecution$$eagerlyExecute$1(QueryExecution.scala:154)
[2026-03-23T01:05:25.758+0000] {subprocess.py:93} INFO - 		at org.apache.spark.sql.execution.QueryExecution$$anonfun$eagerlyExecuteCommands$3.applyOrElse(QueryExecution.scala:169)
[2026-03-23T01:05:25.759+0000] {subprocess.py:93} INFO - 		at org.apache.spark.sql.execution.QueryExecution$$anonfun$eagerlyExecuteCommands$3.applyOrElse(QueryExecution.scala:164)
[2026-03-23T01:05:25.759+0000] {subprocess.py:93} INFO - 		at org.apache.spark.sql.catalyst.trees.TreeNode.$anonfun$transformDownWithPruning$1(TreeNode.scala:470)
[2026-03-23T01:05:25.759+0000] {subprocess.py:93} INFO - 		at org.apache.spark.sql.catalyst.trees.CurrentOrigin$.withOrigin(origin.scala:86)
[2026-03-23T01:05:25.759+0000] {subprocess.py:93} INFO - 		at org.apache.spark.sql.catalyst.trees.TreeNode.transformDownWithPruning(TreeNode.scala:470)
[2026-03-23T01:05:25.759+0000] {subprocess.py:93} INFO - 		at org.apache.spark.sql.catalyst.plans.logical.LogicalPlan.org$apache$spark$sql$catalyst$plans$logical$AnalysisHelper$$super$transformDownWithPruning(LogicalPlan.scala:37)
[2026-03-23T01:05:25.760+0000] {subprocess.py:93} INFO - 		at org.apache.spark.sql.catalyst.plans.logical.AnalysisHelper.transformDownWithPruning(AnalysisHelper.scala:360)
[2026-03-23T01:05:25.760+0000] {subprocess.py:93} INFO - 		at org.apache.spark.sql.catalyst.plans.logical.AnalysisHelper.transformDownWithPruning$(AnalysisHelper.scala:356)
[2026-03-23T01:05:25.760+0000] {subprocess.py:93} INFO - 		at org.apache.spark.sql.catalyst.plans.logical.LogicalPlan.transformDownWithPruning(LogicalPlan.scala:37)
[2026-03-23T01:05:25.760+0000] {subprocess.py:93} INFO - 		at org.apache.spark.sql.catalyst.plans.logical.LogicalPlan.transformDownWithPruning(LogicalPlan.scala:37)
[2026-03-23T01:05:25.761+0000] {subprocess.py:93} INFO - 		at org.apache.spark.sql.catalyst.trees.TreeNode.transformDown(TreeNode.scala:446)
[2026-03-23T01:05:25.761+0000] {subprocess.py:93} INFO - 		at org.apache.spark.sql.execution.QueryExecution.eagerlyExecuteCommands(QueryExecution.scala:164)
[2026-03-23T01:05:25.761+0000] {subprocess.py:93} INFO - 		at org.apache.spark.sql.execution.QueryExecution.$anonfun$lazyCommandExecuted$1(QueryExecution.scala:126)
[2026-03-23T01:05:25.761+0000] {subprocess.py:93} INFO - 		at scala.util.Try$.apply(Try.scala:217)
[2026-03-23T01:05:25.761+0000] {subprocess.py:93} INFO - 		at org.apache.spark.util.Utils$.doTryWithCallerStacktrace(Utils.scala:1378)
[2026-03-23T01:05:25.762+0000] {subprocess.py:93} INFO - 		at org.apache.spark.util.LazyTry.tryT$lzycompute(LazyTry.scala:46)
[2026-03-23T01:05:25.762+0000] {subprocess.py:93} INFO - 		at org.apache.spark.util.LazyTry.tryT(LazyTry.scala:46)
[2026-03-23T01:05:25.762+0000] {subprocess.py:93} INFO - 		... 19 more
[2026-03-23T01:05:25.762+0000] {subprocess.py:93} INFO - 
[2026-03-23T01:05:25.763+0000] {subprocess.py:93} INFO - Pipeline execution failed: Could not clean output directory 'data/output/events/motor_policy' for sink 'raw-ok'. Original error: An error occurred while calling o70.save.
[2026-03-23T01:05:25.763+0000] {subprocess.py:93} INFO - : org.apache.spark.SparkException: Unable to clear output directory file:/app/data/output/events/motor_policy prior to writing to it.
[2026-03-23T01:05:25.763+0000] {subprocess.py:93} INFO - 	at org.apache.spark.sql.errors.QueryExecutionErrors$.cannotClearOutputDirectoryError(QueryExecutionErrors.scala:786)
[2026-03-23T01:05:25.763+0000] {subprocess.py:93} INFO - 	at org.apache.spark.sql.execution.datasources.InsertIntoHadoopFsRelationCommand.deleteMatchingPartitions(InsertIntoHadoopFsRelationCommand.scala:244)
[2026-03-23T01:05:25.763+0000] {subprocess.py:93} INFO - 	at org.apache.spark.sql.execution.datasources.InsertIntoHadoopFsRelationCommand.run(InsertIntoHadoopFsRelationCommand.scala:136)
[2026-03-23T01:05:25.764+0000] {subprocess.py:93} INFO - 	at org.apache.spark.sql.execution.command.DataWritingCommandExec.sideEffectResult$lzycompute(commands.scala:117)
[2026-03-23T01:05:25.764+0000] {subprocess.py:93} INFO - 	at org.apache.spark.sql.execution.command.DataWritingCommandExec.sideEffectResult(commands.scala:115)
[2026-03-23T01:05:25.764+0000] {subprocess.py:93} INFO - 	at org.apache.spark.sql.execution.command.DataWritingCommandExec.executeCollect(commands.scala:129)
[2026-03-23T01:05:25.764+0000] {subprocess.py:93} INFO - 	at org.apache.spark.sql.execution.QueryExecution.$anonfun$eagerlyExecuteCommands$2(QueryExecution.scala:155)
[2026-03-23T01:05:25.764+0000] {subprocess.py:93} INFO - 	at org.apache.spark.sql.execution.SQLExecution$.$anonfun$withNewExecutionId0$8(SQLExecution.scala:163)
[2026-03-23T01:05:25.764+0000] {subprocess.py:93} INFO - 	at org.apache.spark.sql.execution.SQLExecution$.withSessionTagsApplied(SQLExecution.scala:272)
[2026-03-23T01:05:25.764+0000] {subprocess.py:93} INFO - 	at org.apache.spark.sql.execution.SQLExecution$.$anonfun$withNewExecutionId0$7(SQLExecution.scala:125)
[2026-03-23T01:05:25.765+0000] {subprocess.py:93} INFO - 	at org.apache.spark.JobArtifactSet$.withActiveJobArtifactState(JobArtifactSet.scala:94)
[2026-03-23T01:05:25.765+0000] {subprocess.py:93} INFO - 	at org.apache.spark.sql.artifact.ArtifactManager.$anonfun$withResources$1(ArtifactManager.scala:112)
[2026-03-23T01:05:25.765+0000] {subprocess.py:93} INFO - 	at org.apache.spark.sql.artifact.ArtifactManager.withClassLoaderIfNeeded(ArtifactManager.scala:106)
[2026-03-23T01:05:25.765+0000] {subprocess.py:93} INFO - 	at org.apache.spark.sql.artifact.ArtifactManager.withResources(ArtifactManager.scala:111)
[2026-03-23T01:05:25.765+0000] {subprocess.py:93} INFO - 	at org.apache.spark.sql.execution.SQLExecution$.$anonfun$withNewExecutionId0$6(SQLExecution.scala:125)
[2026-03-23T01:05:25.765+0000] {subprocess.py:93} INFO - 	at org.apache.spark.sql.execution.SQLExecution$.withSQLConfPropagated(SQLExecution.scala:295)
[2026-03-23T01:05:25.765+0000] {subprocess.py:93} INFO - 	at org.apache.spark.sql.execution.SQLExecution$.$anonfun$withNewExecutionId0$1(SQLExecution.scala:124)
[2026-03-23T01:05:25.766+0000] {subprocess.py:93} INFO - 	at org.apache.spark.sql.SparkSession.withActive(SparkSession.scala:804)
[2026-03-23T01:05:25.766+0000] {subprocess.py:93} INFO - 	at org.apache.spark.sql.execution.SQLExecution$.withNewExecutionId0(SQLExecution.scala:78)
[2026-03-23T01:05:25.766+0000] {subprocess.py:93} INFO - 	at org.apache.spark.sql.execution.SQLExecution$.withNewExecutionId(SQLExecution.scala:237)
[2026-03-23T01:05:25.766+0000] {subprocess.py:93} INFO - 	at org.apache.spark.sql.execution.QueryExecution.$anonfun$eagerlyExecuteCommands$1(QueryExecution.scala:155)
[2026-03-23T01:05:25.766+0000] {subprocess.py:93} INFO - 	at org.apache.spark.sql.execution.QueryExecution$.withInternalError(QueryExecution.scala:654)
[2026-03-23T01:05:25.766+0000] {subprocess.py:93} INFO - 	at org.apache.spark.sql.execution.QueryExecution.org$apache$spark$sql$execution$QueryExecution$$eagerlyExecute$1(QueryExecution.scala:154)
[2026-03-23T01:05:25.766+0000] {subprocess.py:93} INFO - 	at org.apache.spark.sql.execution.QueryExecution$$anonfun$eagerlyExecuteCommands$3.applyOrElse(QueryExecution.scala:169)
[2026-03-23T01:05:25.767+0000] {subprocess.py:93} INFO - 	at org.apache.spark.sql.execution.QueryExecution$$anonfun$eagerlyExecuteCommands$3.applyOrElse(QueryExecution.scala:164)
[2026-03-23T01:05:25.767+0000] {subprocess.py:93} INFO - 	at org.apache.spark.sql.catalyst.trees.TreeNode.$anonfun$transformDownWithPruning$1(TreeNode.scala:470)
[2026-03-23T01:05:25.767+0000] {subprocess.py:93} INFO - 	at org.apache.spark.sql.catalyst.trees.CurrentOrigin$.withOrigin(origin.scala:86)
[2026-03-23T01:05:25.767+0000] {subprocess.py:93} INFO - 	at org.apache.spark.sql.catalyst.trees.TreeNode.transformDownWithPruning(TreeNode.scala:470)
[2026-03-23T01:05:25.767+0000] {subprocess.py:93} INFO - 	at org.apache.spark.sql.catalyst.plans.logical.LogicalPlan.org$apache$spark$sql$catalyst$plans$logical$AnalysisHelper$$super$transformDownWithPruning(LogicalPlan.scala:37)
[2026-03-23T01:05:25.767+0000] {subprocess.py:93} INFO - 	at org.apache.spark.sql.catalyst.plans.logical.AnalysisHelper.transformDownWithPruning(AnalysisHelper.scala:360)
[2026-03-23T01:05:25.767+0000] {subprocess.py:93} INFO - 	at org.apache.spark.sql.catalyst.plans.logical.AnalysisHelper.transformDownWithPruning$(AnalysisHelper.scala:356)
[2026-03-23T01:05:25.768+0000] {subprocess.py:93} INFO - 	at org.apache.spark.sql.catalyst.plans.logical.LogicalPlan.transformDownWithPruning(LogicalPlan.scala:37)
[2026-03-23T01:05:25.768+0000] {subprocess.py:93} INFO - 	at org.apache.spark.sql.catalyst.plans.logical.LogicalPlan.transformDownWithPruning(LogicalPlan.scala:37)
[2026-03-23T01:05:25.768+0000] {subprocess.py:93} INFO - 	at org.apache.spark.sql.catalyst.trees.TreeNode.transformDown(TreeNode.scala:446)
[2026-03-23T01:05:25.768+0000] {subprocess.py:93} INFO - 	at org.apache.spark.sql.execution.QueryExecution.eagerlyExecuteCommands(QueryExecution.scala:164)
[2026-03-23T01:05:25.768+0000] {subprocess.py:93} INFO - 	at org.apache.spark.sql.execution.QueryExecution.$anonfun$lazyCommandExecuted$1(QueryExecution.scala:126)
[2026-03-23T01:05:25.768+0000] {subprocess.py:93} INFO - 	at scala.util.Try$.apply(Try.scala:217)
[2026-03-23T01:05:25.768+0000] {subprocess.py:93} INFO - 	at org.apache.spark.util.Utils$.doTryWithCallerStacktrace(Utils.scala:1378)
[2026-03-23T01:05:25.769+0000] {subprocess.py:93} INFO - 	at org.apache.spark.util.Utils$.getTryWithCallerStacktrace(Utils.scala:1439)
[2026-03-23T01:05:25.769+0000] {subprocess.py:93} INFO - 	at org.apache.spark.util.LazyTry.get(LazyTry.scala:58)
[2026-03-23T01:05:25.769+0000] {subprocess.py:93} INFO - 	at org.apache.spark.sql.execution.QueryExecution.commandExecuted(QueryExecution.scala:131)
[2026-03-23T01:05:25.769+0000] {subprocess.py:93} INFO - 	at org.apache.spark.sql.execution.QueryExecution.assertCommandExecuted(QueryExecution.scala:192)
[2026-03-23T01:05:25.769+0000] {subprocess.py:93} INFO - 	at org.apache.spark.sql.classic.DataFrameWriter.runCommand(DataFrameWriter.scala:622)
[2026-03-23T01:05:25.769+0000] {subprocess.py:93} INFO - 	at org.apache.spark.sql.classic.DataFrameWriter.saveToV1Source(DataFrameWriter.scala:273)
[2026-03-23T01:05:25.769+0000] {subprocess.py:93} INFO - 	at org.apache.spark.sql.classic.DataFrameWriter.saveInternal(DataFrameWriter.scala:241)
[2026-03-23T01:05:25.770+0000] {subprocess.py:93} INFO - 	at org.apache.spark.sql.classic.DataFrameWriter.save(DataFrameWriter.scala:118)
[2026-03-23T01:05:25.770+0000] {subprocess.py:93} INFO - 	at java.base/jdk.internal.reflect.NativeMethodAccessorImpl.invoke0(Native Method)
[2026-03-23T01:05:25.770+0000] {subprocess.py:93} INFO - 	at java.base/jdk.internal.reflect.NativeMethodAccessorImpl.invoke(NativeMethodAccessorImpl.java:77)
[2026-03-23T01:05:25.770+0000] {subprocess.py:93} INFO - 	at java.base/jdk.internal.reflect.DelegatingMethodAccessorImpl.invoke(DelegatingMethodAccessorImpl.java:43)
[2026-03-23T01:05:25.770+0000] {subprocess.py:93} INFO - 	at java.base/java.lang.reflect.Method.invoke(Method.java:569)
[2026-03-23T01:05:25.770+0000] {subprocess.py:93} INFO - 	at py4j.reflection.MethodInvoker.invoke(MethodInvoker.java:244)
[2026-03-23T01:05:25.770+0000] {subprocess.py:93} INFO - 	at py4j.reflection.ReflectionEngine.invoke(ReflectionEngine.java:374)
[2026-03-23T01:05:25.771+0000] {subprocess.py:93} INFO - 	at py4j.Gateway.invoke(Gateway.java:282)
[2026-03-23T01:05:25.771+0000] {subprocess.py:93} INFO - 	at py4j.commands.AbstractCommand.invokeMethod(AbstractCommand.java:132)
[2026-03-23T01:05:25.771+0000] {subprocess.py:93} INFO - 	at py4j.commands.CallCommand.execute(CallCommand.java:79)
[2026-03-23T01:05:25.771+0000] {subprocess.py:93} INFO - 	at py4j.ClientServerConnection.waitForCommands(ClientServerConnection.java:184)
[2026-03-23T01:05:25.771+0000] {subprocess.py:93} INFO - 	at py4j.ClientServerConnection.run(ClientServerConnection.java:108)
[2026-03-23T01:05:25.771+0000] {subprocess.py:93} INFO - 	at java.base/java.lang.Thread.run(Thread.java:840)
[2026-03-23T01:05:25.771+0000] {subprocess.py:93} INFO - 	Suppressed: org.apache.spark.util.Utils$OriginalTryStackTraceException: Full stacktrace of original doTryWithCallerStacktrace caller
[2026-03-23T01:05:25.772+0000] {subprocess.py:93} INFO - 		at org.apache.spark.sql.errors.QueryExecutionErrors$.cannotClearOutputDirectoryError(QueryExecutionErrors.scala:786)
[2026-03-23T01:05:25.772+0000] {subprocess.py:93} INFO - 		at org.apache.spark.sql.execution.datasources.InsertIntoHadoopFsRelationCommand.deleteMatchingPartitions(InsertIntoHadoopFsRelationCommand.scala:244)
[2026-03-23T01:05:25.772+0000] {subprocess.py:93} INFO - 		at org.apache.spark.sql.execution.datasources.InsertIntoHadoopFsRelationCommand.run(InsertIntoHadoopFsRelationCommand.scala:136)
[2026-03-23T01:05:25.772+0000] {subprocess.py:93} INFO - 		at org.apache.spark.sql.execution.command.DataWritingCommandExec.sideEffectResult$lzycompute(commands.scala:117)
[2026-03-23T01:05:25.772+0000] {subprocess.py:93} INFO - 		at org.apache.spark.sql.execution.command.DataWritingCommandExec.sideEffectResult(commands.scala:115)
[2026-03-23T01:05:25.772+0000] {subprocess.py:93} INFO - 		at org.apache.spark.sql.execution.command.DataWritingCommandExec.executeCollect(commands.scala:129)
[2026-03-23T01:05:25.772+0000] {subprocess.py:93} INFO - 		at org.apache.spark.sql.execution.QueryExecution.$anonfun$eagerlyExecuteCommands$2(QueryExecution.scala:155)
[2026-03-23T01:05:25.773+0000] {subprocess.py:93} INFO - 		at org.apache.spark.sql.execution.SQLExecution$.$anonfun$withNewExecutionId0$8(SQLExecution.scala:163)
[2026-03-23T01:05:25.773+0000] {subprocess.py:93} INFO - 		at org.apache.spark.sql.execution.SQLExecution$.withSessionTagsApplied(SQLExecution.scala:272)
[2026-03-23T01:05:25.773+0000] {subprocess.py:93} INFO - 		at org.apache.spark.sql.execution.SQLExecution$.$anonfun$withNewExecutionId0$7(SQLExecution.scala:125)
[2026-03-23T01:05:25.773+0000] {subprocess.py:93} INFO - 		at org.apache.spark.JobArtifactSet$.withActiveJobArtifactState(JobArtifactSet.scala:94)
[2026-03-23T01:05:25.773+0000] {subprocess.py:93} INFO - 		at org.apache.spark.sql.artifact.ArtifactManager.$anonfun$withResources$1(ArtifactManager.scala:112)
[2026-03-23T01:05:25.773+0000] {subprocess.py:93} INFO - 		at org.apache.spark.sql.artifact.ArtifactManager.withClassLoaderIfNeeded(ArtifactManager.scala:106)
[2026-03-23T01:05:25.773+0000] {subprocess.py:93} INFO - 		at org.apache.spark.sql.artifact.ArtifactManager.withResources(ArtifactManager.scala:111)
[2026-03-23T01:05:25.773+0000] {subprocess.py:93} INFO - 		at org.apache.spark.sql.execution.SQLExecution$.$anonfun$withNewExecutionId0$6(SQLExecution.scala:125)
[2026-03-23T01:05:25.774+0000] {subprocess.py:93} INFO - 		at org.apache.spark.sql.execution.SQLExecution$.withSQLConfPropagated(SQLExecution.scala:295)
[2026-03-23T01:05:25.774+0000] {subprocess.py:93} INFO - 		at org.apache.spark.sql.execution.SQLExecution$.$anonfun$withNewExecutionId0$1(SQLExecution.scala:124)
[2026-03-23T01:05:25.774+0000] {subprocess.py:93} INFO - 		at org.apache.spark.sql.SparkSession.withActive(SparkSession.scala:804)
[2026-03-23T01:05:25.774+0000] {subprocess.py:93} INFO - 		at org.apache.spark.sql.execution.SQLExecution$.withNewExecutionId0(SQLExecution.scala:78)
[2026-03-23T01:05:25.774+0000] {subprocess.py:93} INFO - 		at org.apache.spark.sql.execution.SQLExecution$.withNewExecutionId(SQLExecution.scala:237)
[2026-03-23T01:05:25.774+0000] {subprocess.py:93} INFO - 		at org.apache.spark.sql.execution.QueryExecution.$anonfun$eagerlyExecuteCommands$1(QueryExecution.scala:155)
[2026-03-23T01:05:25.774+0000] {subprocess.py:93} INFO - 		at org.apache.spark.sql.execution.QueryExecution$.withInternalError(QueryExecution.scala:654)
[2026-03-23T01:05:25.775+0000] {subprocess.py:93} INFO - 		at org.apache.spark.sql.execution.QueryExecution.org$apache$spark$sql$execution$QueryExecution$$eagerlyExecute$1(QueryExecution.scala:154)
[2026-03-23T01:05:25.775+0000] {subprocess.py:93} INFO - 		at org.apache.spark.sql.execution.QueryExecution$$anonfun$eagerlyExecuteCommands$3.applyOrElse(QueryExecution.scala:169)
[2026-03-23T01:05:25.775+0000] {subprocess.py:93} INFO - 		at org.apache.spark.sql.execution.QueryExecution$$anonfun$eagerlyExecuteCommands$3.applyOrElse(QueryExecution.scala:164)
[2026-03-23T01:05:25.775+0000] {subprocess.py:93} INFO - 		at org.apache.spark.sql.catalyst.trees.TreeNode.$anonfun$transformDownWithPruning$1(TreeNode.scala:470)
[2026-03-23T01:05:25.775+0000] {subprocess.py:93} INFO - 		at org.apache.spark.sql.catalyst.trees.CurrentOrigin$.withOrigin(origin.scala:86)
[2026-03-23T01:05:25.775+0000] {subprocess.py:93} INFO - 		at org.apache.spark.sql.catalyst.trees.TreeNode.transformDownWithPruning(TreeNode.scala:470)
[2026-03-23T01:05:25.775+0000] {subprocess.py:93} INFO - 		at org.apache.spark.sql.catalyst.plans.logical.LogicalPlan.org$apache$spark$sql$catalyst$plans$logical$AnalysisHelper$$super$transformDownWithPruning(LogicalPlan.scala:37)
[2026-03-23T01:05:25.776+0000] {subprocess.py:93} INFO - 		at org.apache.spark.sql.catalyst.plans.logical.AnalysisHelper.transformDownWithPruning(AnalysisHelper.scala:360)
[2026-03-23T01:05:25.776+0000] {subprocess.py:93} INFO - 		at org.apache.spark.sql.catalyst.plans.logical.AnalysisHelper.transformDownWithPruning$(AnalysisHelper.scala:356)
[2026-03-23T01:05:25.776+0000] {subprocess.py:93} INFO - 		at org.apache.spark.sql.catalyst.plans.logical.LogicalPlan.transformDownWithPruning(LogicalPlan.scala:37)
[2026-03-23T01:05:25.776+0000] {subprocess.py:93} INFO - 		at org.apache.spark.sql.catalyst.plans.logical.LogicalPlan.transformDownWithPruning(LogicalPlan.scala:37)
[2026-03-23T01:05:25.776+0000] {subprocess.py:93} INFO - 		at org.apache.spark.sql.catalyst.trees.TreeNode.transformDown(TreeNode.scala:446)
[2026-03-23T01:05:25.776+0000] {subprocess.py:93} INFO - 		at org.apache.spark.sql.execution.QueryExecution.eagerlyExecuteCommands(QueryExecution.scala:164)
[2026-03-23T01:05:25.776+0000] {subprocess.py:93} INFO - 		at org.apache.spark.sql.execution.QueryExecution.$anonfun$lazyCommandExecuted$1(QueryExecution.scala:126)
[2026-03-23T01:05:25.777+0000] {subprocess.py:93} INFO - 		at scala.util.Try$.apply(Try.scala:217)
[2026-03-23T01:05:25.777+0000] {subprocess.py:93} INFO - 		at org.apache.spark.util.Utils$.doTryWithCallerStacktrace(Utils.scala:1378)
[2026-03-23T01:05:25.777+0000] {subprocess.py:93} INFO - 		at org.apache.spark.util.LazyTry.tryT$lzycompute(LazyTry.scala:46)
[2026-03-23T01:05:25.777+0000] {subprocess.py:93} INFO - 		at org.apache.spark.util.LazyTry.tryT(LazyTry.scala:46)
[2026-03-23T01:05:25.777+0000] {subprocess.py:93} INFO - 		... 19 more
[2026-03-23T01:05:25.777+0000] {subprocess.py:93} INFO - 
[2026-03-23T01:05:26.250+0000] {subprocess.py:93} INFO - 
[2026-03-23T01:05:26.251+0000] {subprocess.py:93} INFO - Pipeline execution completed with exit code: 1
[2026-03-23T01:05:26.251+0000] {subprocess.py:93} INFO - ✗ Pipeline failed with errors (see logs above)
[2026-03-23T01:05:26.251+0000] {subprocess.py:97} INFO - Command exited with return code 1
[2026-03-23T01:05:26.274+0000] {taskinstance.py:1937} ERROR - Task failed with exception
Traceback (most recent call last):
  File "/home/airflow/.local/lib/python3.9/site-packages/airflow/operators/bash.py", line 210, in execute
    raise AirflowException(
airflow.exceptions.AirflowException: Bash command failed. The command returned a non-zero exit code 1.
[2026-03-23T01:05:26.278+0000] {taskinstance.py:1400} INFO - Marking task as UP_FOR_RETRY. dag_id=dynamic_spark_pipeline, task_id=run_pipeline, execution_date=20260321T020000, start_date=20260323T010509, end_date=20260323T010526
[2026-03-23T01:05:26.311+0000] {standard_task_runner.py:104} ERROR - Failed to execute job 11 for task run_pipeline (Bash command failed. The command returned a non-zero exit code 1.; 984)
[2026-03-23T01:05:26.342+0000] {local_task_job_runner.py:228} INFO - Task exited with return code 1
[2026-03-23T01:05:26.378+0000] {taskinstance.py:2778} INFO - 0 downstream tasks scheduled from follow-on schedule check
[2026-03-23T01:25:09.120+0000] {taskinstance.py:1159} INFO - Dependencies all met for dep_context=non-requeueable deps ti=<TaskInstance: dynamic_spark_pipeline.run_pipeline scheduled__2026-03-21T02:00:00+00:00 [queued]>
[2026-03-23T01:25:09.133+0000] {taskinstance.py:1159} INFO - Dependencies all met for dep_context=requeueable deps ti=<TaskInstance: dynamic_spark_pipeline.run_pipeline scheduled__2026-03-21T02:00:00+00:00 [queued]>
[2026-03-23T01:25:09.133+0000] {taskinstance.py:1361} INFO - Starting attempt 1 of 3
[2026-03-23T01:25:09.148+0000] {taskinstance.py:1382} INFO - Executing <Task(BashOperator): run_pipeline> on 2026-03-21 02:00:00+00:00
[2026-03-23T01:25:09.154+0000] {standard_task_runner.py:57} INFO - Started process 203 to run task
[2026-03-23T01:25:09.157+0000] {standard_task_runner.py:84} INFO - Running: ['***', 'tasks', 'run', 'dynamic_spark_pipeline', 'run_pipeline', 'scheduled__2026-03-21T02:00:00+00:00', '--job-id', '3', '--raw', '--subdir', 'DAGS_FOLDER/dynamic_spark_pipeline_dag.py', '--cfg-path', '/tmp/tmpnkmtpn0a']
[2026-03-23T01:25:09.160+0000] {standard_task_runner.py:85} INFO - Job 3: Subtask run_pipeline
[2026-03-23T01:25:09.239+0000] {task_command.py:416} INFO - Running <TaskInstance: dynamic_spark_pipeline.run_pipeline scheduled__2026-03-21T02:00:00+00:00 [running]> on host c58b5b3ff68c
[2026-03-23T01:25:09.386+0000] {taskinstance.py:1662} INFO - Exporting env vars: AIRFLOW_CTX_DAG_OWNER='Nasredine Ouelseti' AIRFLOW_CTX_DAG_ID='dynamic_spark_pipeline' AIRFLOW_CTX_TASK_ID='run_pipeline' AIRFLOW_CTX_EXECUTION_DATE='2026-03-21T02:00:00+00:00' AIRFLOW_CTX_TRY_NUMBER='1' AIRFLOW_CTX_DAG_RUN_ID='scheduled__2026-03-21T02:00:00+00:00'
[2026-03-23T01:25:09.387+0000] {subprocess.py:63} INFO - Tmp dir root location: /tmp
[2026-03-23T01:25:09.388+0000] {subprocess.py:75} INFO - Running command: ['/bin/bash', '-c', '\nset -e\n\necho "Starting Spark pipeline execution..."\necho "Configuration: /app/metadata/config.json"\necho "Data path: /app/data"\necho "Script: /app/src/main.py"\necho "Log path: /app/***/logs/pipeline"\n\n# Pre-create critical directories with proper error handling\necho "Preparing directories..."\nLOG_DIR_BACKUP="/tmp/***_logs"\n\n# Try to create log directory with primary path\nif mkdir -p "/app/***/logs/pipeline" 2>/dev/null && touch "/app/***/logs/pipeline/.write_test" 2>/dev/null; then\n    echo "✓ Using primary log path: /app/***/logs/pipeline"\n    rm -f "/app/***/logs/pipeline/.write_test"\nelse\n    echo "⚠ Primary log path not writable, using backup: $LOG_DIR_BACKUP"\n    mkdir -p "$LOG_DIR_BACKUP"\n    mkdir -p "/app/data/output" 2>/dev/null || true\nfi\n\n# Create data output directory (non-critical)\nmkdir -p "/app/data/output" 2>/dev/null || echo "⚠ Warning: Could not create data output directory"\n\n# Clean up old output files to prevent Spark OVERWRITE permission issues\necho "Cleaning previous output..."\nif [ -d "/app/data/output" ]; then\n    # Ensure we can delete all files by fixing permissions first\n    chmod -R 777 "/app/data/output" 2>/dev/null || true\n    # Remove entire output tree and recreate\n    rm -rf "/app/data/output" 2>/dev/null && echo "  ✓ Cleaned /app/data/output" || echo "  ⚠ Partial cleanup of /app/data/output"\nfi\n# Recreate clean output directory structure\nmkdir -p "/app/data/output/events" 2>/dev/null || true\nmkdir -p "/app/data/output/discards" 2>/dev/null || true\nchmod -R 777 "/app/data/output" 2>/dev/null || true\n\n# Set effective log path for the script\nexport LOG_PATH_EFFECTIVE="/app/***/logs/pipeline"\nif [ ! -w "/app/***/logs/pipeline" ]; then\n    export LOG_PATH_EFFECTIVE="$LOG_DIR_BACKUP"\nfi\n\necho "Effective log path: $LOG_PATH_EFFECTIVE"\n\n# Change to application home directory\nif [ -d "/app" ]; then\n    cd "/app"\n    echo "✓ Changed to: /app"\nelse\n    echo "✗ Application directory not found: /app"\n    exit 1\nfi\n\n# Run the pipeline script\necho "Executing pipeline script..."\npython "/app/src/main.py" 2>&1 | tee -a "$LOG_PATH_EFFECTIVE/pipeline.log" || true\n\n# Capture exit code\nEXIT_CODE=${PIPESTATUS[0]}\n\n# Report results\necho ""\necho "Pipeline execution completed with exit code: $EXIT_CODE"\n\nif [ $EXIT_CODE -eq 0 ]; then\n    echo "✓ Pipeline executed successfully"\n    exit 0\nelse\n    echo "✗ Pipeline failed with errors (see logs above)"\n    exit $EXIT_CODE\nfi\n        ']
[2026-03-23T01:25:09.401+0000] {subprocess.py:86} INFO - Output:
[2026-03-23T01:25:09.404+0000] {subprocess.py:93} INFO - Starting Spark pipeline execution...
[2026-03-23T01:25:09.404+0000] {subprocess.py:93} INFO - Configuration: /app/metadata/config.json
[2026-03-23T01:25:09.405+0000] {subprocess.py:93} INFO - Data path: /app/data
[2026-03-23T01:25:09.405+0000] {subprocess.py:93} INFO - Script: /app/src/main.py
[2026-03-23T01:25:09.405+0000] {subprocess.py:93} INFO - Log path: /app/***/logs/pipeline
[2026-03-23T01:25:09.405+0000] {subprocess.py:93} INFO - Preparing directories...
[2026-03-23T01:25:09.412+0000] {subprocess.py:93} INFO - ✓ Using primary log path: /app/***/logs/pipeline
[2026-03-23T01:25:09.418+0000] {subprocess.py:93} INFO - Cleaning previous output...
[2026-03-23T01:25:09.433+0000] {subprocess.py:93} INFO -   ✓ Cleaned /app/data/output
[2026-03-23T01:25:09.442+0000] {subprocess.py:93} INFO - Effective log path: /app/***/logs/pipeline
[2026-03-23T01:25:09.442+0000] {subprocess.py:93} INFO - ✓ Changed to: /app
[2026-03-23T01:25:09.442+0000] {subprocess.py:93} INFO - Executing pipeline script...
[2026-03-23T01:25:09.869+0000] {subprocess.py:93} INFO - 2026-03-23 01:25:09,869 - __main__ - INFO - Starting Dynamic Spark Pipeline...
[2026-03-23T01:25:09.870+0000] {subprocess.py:93} INFO - 2026-03-23 01:25:09,869 - __main__ - INFO - Loading config from metadata/config.json
[2026-03-23T01:25:09.870+0000] {subprocess.py:93} INFO - 2026-03-23 01:25:09,870 - __main__ - INFO - Creating Spark session...
[2026-03-23T01:25:10.386+0000] {subprocess.py:93} INFO - WARNING: Using incubator modules: jdk.incubator.vector
[2026-03-23T01:25:11.975+0000] {subprocess.py:93} INFO - Using Spark's default log4j profile: org/apache/spark/log4j2-defaults.properties
[2026-03-23T01:25:11.975+0000] {subprocess.py:93} INFO - Setting default log level to "WARN".
[2026-03-23T01:25:11.975+0000] {subprocess.py:93} INFO - To adjust logging level use sc.setLogLevel(newLevel). For SparkR, use setLogLevel(newLevel).
[2026-03-23T01:25:14.447+0000] {subprocess.py:93} INFO - 26/03/23 01:25:14 WARN NativeCodeLoader: Unable to load native-hadoop library for your platform... using builtin-java classes where applicable
[2026-03-23T01:25:18.627+0000] {subprocess.py:93} INFO - 2026-03-23 01:25:18,627 - __main__ - INFO - Executing 1 dataflow(s)...
[2026-03-23T01:25:22.958+0000] {subprocess.py:93} INFO - [Stage 0:>                                                          (0 + 1) / 1]                                                                                [raw-ok] ✓ Successfully wrote to data/output/events/motor_policy
[2026-03-23T01:25:22.959+0000] {subprocess.py:93} INFO - [raw-ko] ✓ Successfully wrote to data/output/discards/motor_policy
[2026-03-23T01:25:22.959+0000] {subprocess.py:93} INFO - 2026-03-23 01:25:22,958 - __main__ - INFO - Pipeline completed successfully
[2026-03-23T01:25:22.959+0000] {subprocess.py:93} INFO - 2026-03-23 01:25:22,958 - __main__ - INFO - Stopping Spark session...
[2026-03-23T01:25:23.995+0000] {subprocess.py:93} INFO - 
[2026-03-23T01:25:23.996+0000] {subprocess.py:93} INFO - Pipeline execution completed with exit code: 0
[2026-03-23T01:25:23.996+0000] {subprocess.py:93} INFO - ✓ Pipeline executed successfully
[2026-03-23T01:25:23.996+0000] {subprocess.py:97} INFO - Command exited with return code 0
[2026-03-23T01:25:24.044+0000] {taskinstance.py:1400} INFO - Marking task as SUCCESS. dag_id=dynamic_spark_pipeline, task_id=run_pipeline, execution_date=20260321T020000, start_date=20260323T012509, end_date=20260323T012524
[2026-03-23T01:25:24.092+0000] {local_task_job_runner.py:228} INFO - Task exited with return code 0
[2026-03-23T01:25:24.137+0000] {taskinstance.py:2778} INFO - 1 downstream tasks scheduled from follow-on schedule check
