[2026-03-22T19:23:39.048+0000] {taskinstance.py:1159} INFO - Dependencies all met for dep_context=non-requeueable deps ti=<TaskInstance: dynamic_spark_pipeline.run_pipeline scheduled__2026-03-21T02:00:00+00:00 [queued]>
[2026-03-22T19:23:39.059+0000] {taskinstance.py:1159} INFO - Dependencies all met for dep_context=requeueable deps ti=<TaskInstance: dynamic_spark_pipeline.run_pipeline scheduled__2026-03-21T02:00:00+00:00 [queued]>
[2026-03-22T19:23:39.060+0000] {taskinstance.py:1361} INFO - Starting attempt 2 of 3
[2026-03-22T19:23:39.084+0000] {taskinstance.py:1382} INFO - Executing <Task(BashOperator): run_pipeline> on 2026-03-21 02:00:00+00:00
[2026-03-22T19:23:39.089+0000] {standard_task_runner.py:57} INFO - Started process 296 to run task
[2026-03-22T19:23:39.091+0000] {standard_task_runner.py:84} INFO - Running: ['***', 'tasks', 'run', 'dynamic_spark_pipeline', 'run_pipeline', 'scheduled__2026-03-21T02:00:00+00:00', '--job-id', '7', '--raw', '--subdir', 'DAGS_FOLDER/dynamic_spark_pipeline_dag.py', '--cfg-path', '/tmp/tmpvjtftupy']
[2026-03-22T19:23:39.094+0000] {standard_task_runner.py:85} INFO - Job 7: Subtask run_pipeline
[2026-03-22T19:23:39.188+0000] {task_command.py:416} INFO - Running <TaskInstance: dynamic_spark_pipeline.run_pipeline scheduled__2026-03-21T02:00:00+00:00 [running]> on host 3deb7b853a44
[2026-03-22T19:23:39.343+0000] {taskinstance.py:1662} INFO - Exporting env vars: AIRFLOW_CTX_DAG_OWNER='Nasredine ouelseti' AIRFLOW_CTX_DAG_ID='dynamic_spark_pipeline' AIRFLOW_CTX_TASK_ID='run_pipeline' AIRFLOW_CTX_EXECUTION_DATE='2026-03-21T02:00:00+00:00' AIRFLOW_CTX_TRY_NUMBER='2' AIRFLOW_CTX_DAG_RUN_ID='scheduled__2026-03-21T02:00:00+00:00'
[2026-03-22T19:23:39.344+0000] {subprocess.py:63} INFO - Tmp dir root location: /tmp
[2026-03-22T19:23:39.345+0000] {subprocess.py:75} INFO - Running command: ['/bin/bash', '-c', '\n        set -e\n        cd /app\n        python src/main.py 2>&1 | tee -a /var/log/***/pipeline.log\n        echo "Pipeline execution completed"\n        ']
[2026-03-22T19:23:39.355+0000] {subprocess.py:86} INFO - Output:
[2026-03-22T19:23:39.359+0000] {subprocess.py:93} INFO - tee: /var/log/***/pipeline.log: No such file or directory
[2026-03-22T19:23:39.539+0000] {subprocess.py:93} INFO - Traceback (most recent call last):
[2026-03-22T19:23:39.539+0000] {subprocess.py:93} INFO -   File "/app/src/main.py", line 4, in <module>
[2026-03-22T19:23:39.539+0000] {subprocess.py:93} INFO -     from pyspark.sql import SparkSession
[2026-03-22T19:23:39.540+0000] {subprocess.py:93} INFO - ModuleNotFoundError: No module named 'pyspark'
[2026-03-22T19:23:39.545+0000] {subprocess.py:97} INFO - Command exited with return code 1
[2026-03-22T19:23:39.564+0000] {taskinstance.py:1937} ERROR - Task failed with exception
Traceback (most recent call last):
  File "/home/airflow/.local/lib/python3.9/site-packages/airflow/operators/bash.py", line 210, in execute
    raise AirflowException(
airflow.exceptions.AirflowException: Bash command failed. The command returned a non-zero exit code 1.
[2026-03-22T19:23:39.571+0000] {taskinstance.py:1400} INFO - Marking task as UP_FOR_RETRY. dag_id=dynamic_spark_pipeline, task_id=run_pipeline, execution_date=20260321T020000, start_date=20260322T192339, end_date=20260322T192339
[2026-03-22T19:23:39.594+0000] {standard_task_runner.py:104} ERROR - Failed to execute job 7 for task run_pipeline (Bash command failed. The command returned a non-zero exit code 1.; 296)
[2026-03-22T19:23:39.624+0000] {local_task_job_runner.py:228} INFO - Task exited with return code 1
[2026-03-22T19:23:39.665+0000] {taskinstance.py:2778} INFO - 0 downstream tasks scheduled from follow-on schedule check
[2026-03-22T19:37:07.279+0000] {taskinstance.py:1159} INFO - Dependencies all met for dep_context=non-requeueable deps ti=<TaskInstance: dynamic_spark_pipeline.run_pipeline scheduled__2026-03-21T02:00:00+00:00 [queued]>
[2026-03-22T19:37:07.291+0000] {taskinstance.py:1159} INFO - Dependencies all met for dep_context=requeueable deps ti=<TaskInstance: dynamic_spark_pipeline.run_pipeline scheduled__2026-03-21T02:00:00+00:00 [queued]>
[2026-03-22T19:37:07.292+0000] {taskinstance.py:1361} INFO - Starting attempt 2 of 3
[2026-03-22T19:37:07.307+0000] {taskinstance.py:1382} INFO - Executing <Task(BashOperator): run_pipeline> on 2026-03-21 02:00:00+00:00
[2026-03-22T19:37:07.312+0000] {standard_task_runner.py:57} INFO - Started process 622 to run task
[2026-03-22T19:37:07.316+0000] {standard_task_runner.py:84} INFO - Running: ['***', 'tasks', 'run', 'dynamic_spark_pipeline', 'run_pipeline', 'scheduled__2026-03-21T02:00:00+00:00', '--job-id', '18', '--raw', '--subdir', 'DAGS_FOLDER/dynamic_spark_pipeline_dag.py', '--cfg-path', '/tmp/tmp3pwohouv']
[2026-03-22T19:37:07.318+0000] {standard_task_runner.py:85} INFO - Job 18: Subtask run_pipeline
[2026-03-22T19:37:07.388+0000] {task_command.py:416} INFO - Running <TaskInstance: dynamic_spark_pipeline.run_pipeline scheduled__2026-03-21T02:00:00+00:00 [running]> on host 3deb7b853a44
[2026-03-22T19:37:07.499+0000] {taskinstance.py:1662} INFO - Exporting env vars: AIRFLOW_CTX_DAG_OWNER='Nasredine ouelseti' AIRFLOW_CTX_DAG_ID='dynamic_spark_pipeline' AIRFLOW_CTX_TASK_ID='run_pipeline' AIRFLOW_CTX_EXECUTION_DATE='2026-03-21T02:00:00+00:00' AIRFLOW_CTX_TRY_NUMBER='2' AIRFLOW_CTX_DAG_RUN_ID='scheduled__2026-03-21T02:00:00+00:00'
[2026-03-22T19:37:07.500+0000] {subprocess.py:63} INFO - Tmp dir root location: /tmp
[2026-03-22T19:37:07.501+0000] {subprocess.py:75} INFO - Running command: ['/bin/bash', '-c', '\n        set -e\n        cd /app\n        python src/main.py 2>&1 | tee -a /var/log/***/pipeline.log\n        echo "Pipeline execution completed"\n        ']
[2026-03-22T19:37:07.512+0000] {subprocess.py:86} INFO - Output:
[2026-03-22T19:37:07.516+0000] {subprocess.py:93} INFO - tee: /var/log/***/pipeline.log: No such file or directory
[2026-03-22T19:37:07.693+0000] {subprocess.py:93} INFO - Traceback (most recent call last):
[2026-03-22T19:37:07.693+0000] {subprocess.py:93} INFO -   File "/app/src/main.py", line 4, in <module>
[2026-03-22T19:37:07.693+0000] {subprocess.py:93} INFO -     from pyspark.sql import SparkSession
[2026-03-22T19:37:07.694+0000] {subprocess.py:93} INFO - ModuleNotFoundError: No module named 'pyspark'
[2026-03-22T19:37:07.699+0000] {subprocess.py:97} INFO - Command exited with return code 1
[2026-03-22T19:37:07.719+0000] {taskinstance.py:1937} ERROR - Task failed with exception
Traceback (most recent call last):
  File "/home/airflow/.local/lib/python3.9/site-packages/airflow/operators/bash.py", line 210, in execute
    raise AirflowException(
airflow.exceptions.AirflowException: Bash command failed. The command returned a non-zero exit code 1.
[2026-03-22T19:37:07.725+0000] {taskinstance.py:1400} INFO - Marking task as UP_FOR_RETRY. dag_id=dynamic_spark_pipeline, task_id=run_pipeline, execution_date=20260321T020000, start_date=20260322T193707, end_date=20260322T193707
[2026-03-22T19:37:07.743+0000] {standard_task_runner.py:104} ERROR - Failed to execute job 18 for task run_pipeline (Bash command failed. The command returned a non-zero exit code 1.; 622)
[2026-03-22T19:37:07.768+0000] {local_task_job_runner.py:228} INFO - Task exited with return code 1
[2026-03-22T19:37:07.807+0000] {taskinstance.py:2778} INFO - 0 downstream tasks scheduled from follow-on schedule check
[2026-03-22T23:26:17.105+0000] {taskinstance.py:1159} INFO - Dependencies all met for dep_context=non-requeueable deps ti=<TaskInstance: dynamic_spark_pipeline.run_pipeline scheduled__2026-03-21T02:00:00+00:00 [queued]>
[2026-03-22T23:26:17.115+0000] {taskinstance.py:1159} INFO - Dependencies all met for dep_context=requeueable deps ti=<TaskInstance: dynamic_spark_pipeline.run_pipeline scheduled__2026-03-21T02:00:00+00:00 [queued]>
[2026-03-22T23:26:17.115+0000] {taskinstance.py:1361} INFO - Starting attempt 2 of 3
[2026-03-22T23:26:17.129+0000] {taskinstance.py:1382} INFO - Executing <Task(BashOperator): run_pipeline> on 2026-03-21 02:00:00+00:00
[2026-03-22T23:26:17.134+0000] {standard_task_runner.py:57} INFO - Started process 316 to run task
[2026-03-22T23:26:17.137+0000] {standard_task_runner.py:84} INFO - Running: ['***', 'tasks', 'run', 'dynamic_spark_pipeline', 'run_pipeline', 'scheduled__2026-03-21T02:00:00+00:00', '--job-id', '35', '--raw', '--subdir', 'DAGS_FOLDER/dynamic_spark_pipeline_dag.py', '--cfg-path', '/tmp/tmpmwa5t5j0']
[2026-03-22T23:26:17.140+0000] {standard_task_runner.py:85} INFO - Job 35: Subtask run_pipeline
[2026-03-22T23:26:17.222+0000] {task_command.py:416} INFO - Running <TaskInstance: dynamic_spark_pipeline.run_pipeline scheduled__2026-03-21T02:00:00+00:00 [running]> on host da27f22158d7
[2026-03-22T23:26:17.363+0000] {taskinstance.py:1662} INFO - Exporting env vars: AIRFLOW_CTX_DAG_OWNER='Nasredine Ouelseti' AIRFLOW_CTX_DAG_ID='dynamic_spark_pipeline' AIRFLOW_CTX_TASK_ID='run_pipeline' AIRFLOW_CTX_EXECUTION_DATE='2026-03-21T02:00:00+00:00' AIRFLOW_CTX_TRY_NUMBER='2' AIRFLOW_CTX_DAG_RUN_ID='scheduled__2026-03-21T02:00:00+00:00'
[2026-03-22T23:26:17.364+0000] {subprocess.py:63} INFO - Tmp dir root location: /tmp
[2026-03-22T23:26:17.365+0000] {subprocess.py:75} INFO - Running command: ['/bin/bash', '-c', '\nset -e\n\necho "Starting Spark pipeline execution..."\necho "Configuration: /app/metadata/config.json"\necho "Data path: /app/data"\necho "Script: /app/src/main.py"\necho "Log path: /app/***/logs/pipeline"\n\n# Pre-create critical directories with proper error handling\necho "Preparing directories..."\nLOG_DIR_BACKUP="/tmp/***_logs"\n\n# Try to create log directory with primary path\nif mkdir -p "/app/***/logs/pipeline" 2>/dev/null && touch "/app/***/logs/pipeline/.write_test" 2>/dev/null; then\n    echo "✓ Using primary log path: /app/***/logs/pipeline"\n    rm -f "/app/***/logs/pipeline/.write_test"\nelse\n    echo "⚠ Primary log path not writable, using backup: \\$LOG_DIR_BACKUP"\n    mkdir -p "\\$LOG_DIR_BACKUP"\n    mkdir -p "/app/data/output" 2>/dev/null || true\nfi\n\n# Create data output directory (non-critical)\nmkdir -p "/app/data/output" 2>/dev/null || echo "⚠ Warning: Could not create data output directory"\n\n# Set effective log path for the script\nexport LOG_PATH_EFFECTIVE="/app/***/logs/pipeline"\nif [ ! -w "/app/***/logs/pipeline" ]; then\n    export LOG_PATH_EFFECTIVE="\\$LOG_DIR_BACKUP"\nfi\n\necho "Effective log path: \\$LOG_PATH_EFFECTIVE"\n\n# Change to application home directory\nif [ -d "/app" ]; then\n    cd "/app"\n    echo "✓ Changed to: /app"\nelse\n    echo "✗ Application directory not found: /app"\n    exit 1\nfi\n\n# Run the pipeline script\necho "Executing pipeline script..."\npython "/app/src/main.py" 2>&1 | tee -a "\\$LOG_PATH_EFFECTIVE/pipeline.log" || true\n\n# Capture exit code\nEXIT_CODE=${PIPESTATUS[0]}\n\n# Report results\necho ""\necho "Pipeline execution completed with exit code: \\$EXIT_CODE"\n\nif [ \\$EXIT_CODE -eq 0 ]; then\n    echo "✓ Pipeline executed successfully"\n    exit 0\nelse\n    echo "✗ Pipeline failed with errors (see logs above)"\n    exit \\$EXIT_CODE\nfi\n        ']
[2026-03-22T23:26:17.377+0000] {subprocess.py:86} INFO - Output:
[2026-03-22T23:26:17.380+0000] {subprocess.py:93} INFO - Starting Spark pipeline execution...
[2026-03-22T23:26:17.380+0000] {subprocess.py:93} INFO - Configuration: /app/metadata/config.json
[2026-03-22T23:26:17.380+0000] {subprocess.py:93} INFO - Data path: /app/data
[2026-03-22T23:26:17.380+0000] {subprocess.py:93} INFO - Script: /app/src/main.py
[2026-03-22T23:26:17.381+0000] {subprocess.py:93} INFO - Log path: /app/***/logs/pipeline
[2026-03-22T23:26:17.381+0000] {subprocess.py:93} INFO - Preparing directories...
[2026-03-22T23:26:17.385+0000] {subprocess.py:93} INFO - ✓ Using primary log path: /app/***/logs/pipeline
[2026-03-22T23:26:17.391+0000] {subprocess.py:93} INFO - Effective log path: $LOG_PATH_EFFECTIVE
[2026-03-22T23:26:17.391+0000] {subprocess.py:93} INFO - ✓ Changed to: /app
[2026-03-22T23:26:17.391+0000] {subprocess.py:93} INFO - Executing pipeline script...
[2026-03-22T23:26:17.393+0000] {subprocess.py:93} INFO - tee: '$LOG_PATH_EFFECTIVE/pipeline.log': No such file or directory
[2026-03-22T23:26:18.045+0000] {subprocess.py:93} INFO - Failed to create log dir logs: [Errno 13] Permission denied: 'logs'
[2026-03-22T23:26:18.046+0000] {subprocess.py:93} INFO - Using fallback log directory: /tmp/***_logs
[2026-03-22T23:26:18.046+0000] {subprocess.py:93} INFO - 2026-03-22 23:26:18,045 - __main__ - INFO - Starting Dynamic Spark Pipeline...
[2026-03-22T23:26:18.047+0000] {subprocess.py:93} INFO - 2026-03-22 23:26:18,046 - __main__ - INFO - Loading config from metadata/config.json
[2026-03-22T23:26:18.047+0000] {subprocess.py:93} INFO - 2026-03-22 23:26:18,047 - __main__ - INFO - Creating Spark session...
[2026-03-22T23:26:18.356+0000] {subprocess.py:93} INFO - Error: LinkageError occurred while loading main class org.apache.spark.launcher.Main
[2026-03-22T23:26:18.356+0000] {subprocess.py:93} INFO - 	java.lang.UnsupportedClassVersionError: org/apache/spark/launcher/Main has been compiled by a more recent version of the Java Runtime (class file version 61.0), this version of the Java Runtime only recognizes class file versions up to 55.0
[2026-03-22T23:26:18.360+0000] {subprocess.py:93} INFO - /home/***/.local/lib/python3.9/site-packages/pyspark/bin/spark-class: line 97: CMD: bad array subscript
[2026-03-22T23:26:18.457+0000] {subprocess.py:93} INFO - 2026-03-22 23:26:18,456 - __main__ - CRITICAL - Fatal error: [JAVA_GATEWAY_EXITED] Java gateway process exited before sending its port number.
[2026-03-22T23:26:18.457+0000] {subprocess.py:93} INFO - Pipeline execution failed: [JAVA_GATEWAY_EXITED] Java gateway process exited before sending its port number.
[2026-03-22T23:26:18.528+0000] {subprocess.py:93} INFO - 
[2026-03-22T23:26:18.529+0000] {subprocess.py:93} INFO - Pipeline execution completed with exit code: $EXIT_CODE
[2026-03-22T23:26:18.529+0000] {subprocess.py:93} INFO - /bin/bash: line 55: [: $EXIT_CODE: integer expression expected
[2026-03-22T23:26:18.529+0000] {subprocess.py:93} INFO - ✗ Pipeline failed with errors (see logs above)
[2026-03-22T23:26:18.529+0000] {subprocess.py:93} INFO - /bin/bash: line 60: exit: $EXIT_CODE: numeric argument required
[2026-03-22T23:26:18.529+0000] {subprocess.py:97} INFO - Command exited with return code 2
[2026-03-22T23:26:18.551+0000] {taskinstance.py:1937} ERROR - Task failed with exception
Traceback (most recent call last):
  File "/home/airflow/.local/lib/python3.9/site-packages/airflow/operators/bash.py", line 210, in execute
    raise AirflowException(
airflow.exceptions.AirflowException: Bash command failed. The command returned a non-zero exit code 2.
[2026-03-22T23:26:18.555+0000] {taskinstance.py:1400} INFO - Marking task as UP_FOR_RETRY. dag_id=dynamic_spark_pipeline, task_id=run_pipeline, execution_date=20260321T020000, start_date=20260322T232617, end_date=20260322T232618
[2026-03-22T23:26:18.575+0000] {standard_task_runner.py:104} ERROR - Failed to execute job 35 for task run_pipeline (Bash command failed. The command returned a non-zero exit code 2.; 316)
[2026-03-22T23:26:18.592+0000] {local_task_job_runner.py:228} INFO - Task exited with return code 1
[2026-03-22T23:26:18.629+0000] {taskinstance.py:2778} INFO - 0 downstream tasks scheduled from follow-on schedule check
[2026-03-23T00:19:23.999+0000] {taskinstance.py:1159} INFO - Dependencies all met for dep_context=non-requeueable deps ti=<TaskInstance: dynamic_spark_pipeline.run_pipeline scheduled__2026-03-21T02:00:00+00:00 [queued]>
[2026-03-23T00:19:24.013+0000] {taskinstance.py:1159} INFO - Dependencies all met for dep_context=requeueable deps ti=<TaskInstance: dynamic_spark_pipeline.run_pipeline scheduled__2026-03-21T02:00:00+00:00 [queued]>
[2026-03-23T00:19:24.014+0000] {taskinstance.py:1361} INFO - Starting attempt 2 of 3
[2026-03-23T00:19:24.029+0000] {taskinstance.py:1382} INFO - Executing <Task(BashOperator): run_pipeline> on 2026-03-21 02:00:00+00:00
[2026-03-23T00:19:24.035+0000] {standard_task_runner.py:57} INFO - Started process 824 to run task
[2026-03-23T00:19:24.038+0000] {standard_task_runner.py:84} INFO - Running: ['***', 'tasks', 'run', 'dynamic_spark_pipeline', 'run_pipeline', 'scheduled__2026-03-21T02:00:00+00:00', '--job-id', '8', '--raw', '--subdir', 'DAGS_FOLDER/dynamic_spark_pipeline_dag.py', '--cfg-path', '/tmp/tmpq3zupn5v']
[2026-03-23T00:19:24.040+0000] {standard_task_runner.py:85} INFO - Job 8: Subtask run_pipeline
[2026-03-23T00:19:24.125+0000] {task_command.py:416} INFO - Running <TaskInstance: dynamic_spark_pipeline.run_pipeline scheduled__2026-03-21T02:00:00+00:00 [running]> on host 98339a0edaaf
[2026-03-23T00:19:24.247+0000] {taskinstance.py:1662} INFO - Exporting env vars: AIRFLOW_CTX_DAG_OWNER='Nasredine Ouelseti' AIRFLOW_CTX_DAG_ID='dynamic_spark_pipeline' AIRFLOW_CTX_TASK_ID='run_pipeline' AIRFLOW_CTX_EXECUTION_DATE='2026-03-21T02:00:00+00:00' AIRFLOW_CTX_TRY_NUMBER='2' AIRFLOW_CTX_DAG_RUN_ID='scheduled__2026-03-21T02:00:00+00:00'
[2026-03-23T00:19:24.248+0000] {subprocess.py:63} INFO - Tmp dir root location: /tmp
[2026-03-23T00:19:24.248+0000] {subprocess.py:75} INFO - Running command: ['/bin/bash', '-c', '\nset -e\n\necho "Starting Spark pipeline execution..."\necho "Configuration: /app/metadata/config.json"\necho "Data path: /app/data"\necho "Script: /app/src/main.py"\necho "Log path: /app/***/logs/pipeline"\n\n# Pre-create critical directories with proper error handling\necho "Preparing directories..."\nLOG_DIR_BACKUP="/tmp/***_logs"\n\n# Try to create log directory with primary path\nif mkdir -p "/app/***/logs/pipeline" 2>/dev/null && touch "/app/***/logs/pipeline/.write_test" 2>/dev/null; then\n    echo "✓ Using primary log path: /app/***/logs/pipeline"\n    rm -f "/app/***/logs/pipeline/.write_test"\nelse\n    echo "⚠ Primary log path not writable, using backup: $LOG_DIR_BACKUP"\n    mkdir -p "$LOG_DIR_BACKUP"\n    mkdir -p "/app/data/output" 2>/dev/null || true\nfi\n\n# Create data output directory (non-critical)\nmkdir -p "/app/data/output" 2>/dev/null || echo "⚠ Warning: Could not create data output directory"\n\n# Set effective log path for the script\nexport LOG_PATH_EFFECTIVE="/app/***/logs/pipeline"\nif [ ! -w "/app/***/logs/pipeline" ]; then\n    export LOG_PATH_EFFECTIVE="$LOG_DIR_BACKUP"\nfi\n\necho "Effective log path: $LOG_PATH_EFFECTIVE"\n\n# Change to application home directory\nif [ -d "/app" ]; then\n    cd "/app"\n    echo "✓ Changed to: /app"\nelse\n    echo "✗ Application directory not found: /app"\n    exit 1\nfi\n\n# Run the pipeline script\necho "Executing pipeline script..."\npython "/app/src/main.py" 2>&1 | tee -a "$LOG_PATH_EFFECTIVE/pipeline.log" || true\n\n# Capture exit code\nEXIT_CODE=${PIPESTATUS[0]}\n\n# Report results\necho ""\necho "Pipeline execution completed with exit code: $EXIT_CODE"\n\nif [ $EXIT_CODE -eq 0 ]; then\n    echo "✓ Pipeline executed successfully"\n    exit 0\nelse\n    echo "✗ Pipeline failed with errors (see logs above)"\n    exit $EXIT_CODE\nfi\n        ']
[2026-03-23T00:19:24.260+0000] {subprocess.py:86} INFO - Output:
[2026-03-23T00:19:24.261+0000] {subprocess.py:93} INFO - Starting Spark pipeline execution...
[2026-03-23T00:19:24.262+0000] {subprocess.py:93} INFO - Configuration: /app/metadata/config.json
[2026-03-23T00:19:24.262+0000] {subprocess.py:93} INFO - Data path: /app/data
[2026-03-23T00:19:24.262+0000] {subprocess.py:93} INFO - Script: /app/src/main.py
[2026-03-23T00:19:24.262+0000] {subprocess.py:93} INFO - Log path: /app/***/logs/pipeline
[2026-03-23T00:19:24.262+0000] {subprocess.py:93} INFO - Preparing directories...
[2026-03-23T00:19:24.266+0000] {subprocess.py:93} INFO - ✓ Using primary log path: /app/***/logs/pipeline
[2026-03-23T00:19:24.270+0000] {subprocess.py:93} INFO - Effective log path: /app/***/logs/pipeline
[2026-03-23T00:19:24.270+0000] {subprocess.py:93} INFO - ✓ Changed to: /app
[2026-03-23T00:19:24.271+0000] {subprocess.py:93} INFO - Executing pipeline script...
[2026-03-23T00:19:25.146+0000] {subprocess.py:93} INFO - Failed to create log dir logs: [Errno 2] No such file or directory: 'logs/.write_test'
[2026-03-23T00:19:25.147+0000] {subprocess.py:93} INFO - Using fallback log directory: /tmp/***_logs
[2026-03-23T00:19:25.147+0000] {subprocess.py:93} INFO - 2026-03-23 00:19:25,146 - __main__ - INFO - Starting Dynamic Spark Pipeline...
[2026-03-23T00:19:25.148+0000] {subprocess.py:93} INFO - 2026-03-23 00:19:25,148 - __main__ - INFO - Loading config from metadata/config.json
[2026-03-23T00:19:25.148+0000] {subprocess.py:93} INFO - 2026-03-23 00:19:25,148 - __main__ - INFO - Creating Spark session...
[2026-03-23T00:19:25.421+0000] {subprocess.py:93} INFO - WARNING: Using incubator modules: jdk.incubator.vector
[2026-03-23T00:19:28.101+0000] {subprocess.py:93} INFO - Using Spark's default log4j profile: org/apache/spark/log4j2-defaults.properties
[2026-03-23T00:19:28.102+0000] {subprocess.py:93} INFO - Setting default log level to "WARN".
[2026-03-23T00:19:28.103+0000] {subprocess.py:93} INFO - To adjust logging level use sc.setLogLevel(newLevel). For SparkR, use setLogLevel(newLevel).
[2026-03-23T00:19:29.436+0000] {subprocess.py:93} INFO - 26/03/23 00:19:29 WARN NativeCodeLoader: Unable to load native-hadoop library for your platform... using builtin-java classes where applicable
[2026-03-23T00:19:30.411+0000] {subprocess.py:93} INFO - 26/03/23 00:19:30 WARN Utils: Service 'SparkUI' could not bind on port 4040. Attempting port 4041.
[2026-03-23T00:19:35.591+0000] {subprocess.py:93} INFO - 2026-03-23 00:19:35,590 - __main__ - INFO - Executing 1 dataflow(s)...
[2026-03-23T00:19:39.391+0000] {local_task_job_runner.py:294} WARNING - State of this instance has been externally set to None. Terminating instance.
[2026-03-23T00:19:39.403+0000] {process_utils.py:131} INFO - Sending 15 to group 824. PIDs of all processes in the group: [827, 838, 839, 854, 824]
[2026-03-23T00:19:39.403+0000] {process_utils.py:86} INFO - Sending the signal 15 to group 824
[2026-03-23T00:19:39.405+0000] {taskinstance.py:1632} ERROR - Received SIGTERM. Terminating subprocesses.
[2026-03-23T00:19:39.406+0000] {subprocess.py:104} INFO - Sending SIGTERM signal to process group
[2026-03-23T00:19:39.541+0000] {taskinstance.py:1937} ERROR - Task failed with exception
Traceback (most recent call last):
  File "/home/airflow/.local/lib/python3.9/site-packages/airflow/operators/bash.py", line 201, in execute
    result = self.subprocess_hook.run_command(
  File "/home/airflow/.local/lib/python3.9/site-packages/airflow/hooks/subprocess.py", line 91, in run_command
    for raw_line in iter(self.sub_process.stdout.readline, b""):
  File "/home/airflow/.local/lib/python3.9/site-packages/airflow/models/taskinstance.py", line 1634, in signal_handler
    raise AirflowException("Task received SIGTERM signal")
airflow.exceptions.AirflowException: Task received SIGTERM signal
[2026-03-23T00:19:39.567+0000] {taskinstance.py:1400} INFO - Marking task as FAILED. dag_id=dynamic_spark_pipeline, task_id=run_pipeline, execution_date=20260321T020000, start_date=20260323T001924, end_date=20260323T001939
[2026-03-23T00:19:39.605+0000] {process_utils.py:79} INFO - Process psutil.Process(pid=838, status='terminated', started='00:19:24') (838) terminated with exit code None
[2026-03-23T00:19:39.606+0000] {process_utils.py:79} INFO - Process psutil.Process(pid=839, status='terminated', started='00:19:24') (839) terminated with exit code None
[2026-03-23T00:19:39.656+0000] {standard_task_runner.py:104} ERROR - Failed to execute job 8 for task run_pipeline ((psycopg2.errors.ForeignKeyViolation) insert or update on table "task_fail" violates foreign key constraint "task_fail_ti_fkey"
DETAIL:  Key (dag_id, task_id, run_id, map_index)=(dynamic_spark_pipeline, run_pipeline, scheduled__2026-03-21T02:00:00+00:00, -1) is not present in table "task_instance".

[SQL: INSERT INTO task_fail (task_id, dag_id, run_id, map_index, start_date, end_date, duration) VALUES (%(task_id)s, %(dag_id)s, %(run_id)s, %(map_index)s, %(start_date)s, %(end_date)s, %(duration)s) RETURNING task_fail.id]
[parameters: {'task_id': 'run_pipeline', 'dag_id': 'dynamic_spark_pipeline', 'run_id': 'scheduled__2026-03-21T02:00:00+00:00', 'map_index': -1, 'start_date': datetime.datetime(2026, 3, 23, 0, 19, 24, 206, tzinfo=Timezone('UTC')), 'end_date': datetime.datetime(2026, 3, 23, 0, 19, 39, 566276, tzinfo=Timezone('UTC')), 'duration': 15}]
(Background on this error at: https://sqlalche.me/e/14/gkpj); 824)
[2026-03-23T00:19:39.707+0000] {process_utils.py:79} INFO - Process psutil.Process(pid=824, status='terminated', exitcode=1, started='00:19:24') (824) terminated with exit code 1
[2026-03-23T00:19:39.928+0000] {process_utils.py:79} INFO - Process psutil.Process(pid=827, status='terminated', started='00:19:24') (827) terminated with exit code None
[2026-03-23T00:19:40.261+0000] {process_utils.py:79} INFO - Process psutil.Process(pid=854, status='terminated', started='00:19:25') (854) terminated with exit code None
[2026-03-23T00:30:51.453+0000] {taskinstance.py:1159} INFO - Dependencies all met for dep_context=non-requeueable deps ti=<TaskInstance: dynamic_spark_pipeline.run_pipeline scheduled__2026-03-21T02:00:00+00:00 [queued]>
[2026-03-23T00:30:51.462+0000] {taskinstance.py:1159} INFO - Dependencies all met for dep_context=requeueable deps ti=<TaskInstance: dynamic_spark_pipeline.run_pipeline scheduled__2026-03-21T02:00:00+00:00 [queued]>
[2026-03-23T00:30:51.463+0000] {taskinstance.py:1361} INFO - Starting attempt 2 of 3
[2026-03-23T00:30:51.477+0000] {taskinstance.py:1382} INFO - Executing <Task(BashOperator): run_pipeline> on 2026-03-21 02:00:00+00:00
[2026-03-23T00:30:51.484+0000] {standard_task_runner.py:57} INFO - Started process 170 to run task
[2026-03-23T00:30:51.488+0000] {standard_task_runner.py:84} INFO - Running: ['***', 'tasks', 'run', 'dynamic_spark_pipeline', 'run_pipeline', 'scheduled__2026-03-21T02:00:00+00:00', '--job-id', '16', '--raw', '--subdir', 'DAGS_FOLDER/dynamic_spark_pipeline_dag.py', '--cfg-path', '/tmp/tmpomiy1_56']
[2026-03-23T00:30:51.490+0000] {standard_task_runner.py:85} INFO - Job 16: Subtask run_pipeline
[2026-03-23T00:30:51.567+0000] {task_command.py:416} INFO - Running <TaskInstance: dynamic_spark_pipeline.run_pipeline scheduled__2026-03-21T02:00:00+00:00 [running]> on host a582b8378278
[2026-03-23T00:30:51.700+0000] {taskinstance.py:1662} INFO - Exporting env vars: AIRFLOW_CTX_DAG_OWNER='Nasredine Ouelseti' AIRFLOW_CTX_DAG_ID='dynamic_spark_pipeline' AIRFLOW_CTX_TASK_ID='run_pipeline' AIRFLOW_CTX_EXECUTION_DATE='2026-03-21T02:00:00+00:00' AIRFLOW_CTX_TRY_NUMBER='2' AIRFLOW_CTX_DAG_RUN_ID='scheduled__2026-03-21T02:00:00+00:00'
[2026-03-23T00:30:51.701+0000] {subprocess.py:63} INFO - Tmp dir root location: /tmp
[2026-03-23T00:30:51.702+0000] {subprocess.py:75} INFO - Running command: ['/bin/bash', '-c', '\nset -e\n\necho "Starting Spark pipeline execution..."\necho "Configuration: /app/metadata/config.json"\necho "Data path: /app/data"\necho "Script: /app/src/main.py"\necho "Log path: /app/***/logs/pipeline"\n\n# Pre-create critical directories with proper error handling\necho "Preparing directories..."\nLOG_DIR_BACKUP="/tmp/***_logs"\n\n# Try to create log directory with primary path\nif mkdir -p "/app/***/logs/pipeline" 2>/dev/null && touch "/app/***/logs/pipeline/.write_test" 2>/dev/null; then\n    echo "✓ Using primary log path: /app/***/logs/pipeline"\n    rm -f "/app/***/logs/pipeline/.write_test"\nelse\n    echo "⚠ Primary log path not writable, using backup: $LOG_DIR_BACKUP"\n    mkdir -p "$LOG_DIR_BACKUP"\n    mkdir -p "/app/data/output" 2>/dev/null || true\nfi\n\n# Create data output directory (non-critical)\nmkdir -p "/app/data/output" 2>/dev/null || echo "⚠ Warning: Could not create data output directory"\n\n# Clean up old output files to prevent Spark OVERWRITE permission issues\necho "Cleaning previous output..."\nfind "/app/data/output" -type d -name "events" -o -name "discards" 2>/dev/null | while read dir; do\n    if [ -d "$dir" ]; then\n        rm -rf "$dir" 2>/dev/null && echo "  ✓ Removed $dir" || echo "  ⚠ Could not remove $dir (will retry if writable)"\n    fi\ndone\nmkdir -p "/app/data/output/events" 2>/dev/null || true\nmkdir -p "/app/data/output/discards" 2>/dev/null || true\n\n# Set effective log path for the script\nexport LOG_PATH_EFFECTIVE="/app/***/logs/pipeline"\nif [ ! -w "/app/***/logs/pipeline" ]; then\n    export LOG_PATH_EFFECTIVE="$LOG_DIR_BACKUP"\nfi\n\necho "Effective log path: $LOG_PATH_EFFECTIVE"\n\n# Change to application home directory\nif [ -d "/app" ]; then\n    cd "/app"\n    echo "✓ Changed to: /app"\nelse\n    echo "✗ Application directory not found: /app"\n    exit 1\nfi\n\n# Run the pipeline script\necho "Executing pipeline script..."\npython "/app/src/main.py" 2>&1 | tee -a "$LOG_PATH_EFFECTIVE/pipeline.log" || true\n\n# Capture exit code\nEXIT_CODE=${PIPESTATUS[0]}\n\n# Report results\necho ""\necho "Pipeline execution completed with exit code: $EXIT_CODE"\n\nif [ $EXIT_CODE -eq 0 ]; then\n    echo "✓ Pipeline executed successfully"\n    exit 0\nelse\n    echo "✗ Pipeline failed with errors (see logs above)"\n    exit $EXIT_CODE\nfi\n        ']
[2026-03-23T00:30:51.714+0000] {subprocess.py:86} INFO - Output:
[2026-03-23T00:30:51.718+0000] {subprocess.py:93} INFO - Starting Spark pipeline execution...
[2026-03-23T00:30:51.719+0000] {subprocess.py:93} INFO - Configuration: /app/metadata/config.json
[2026-03-23T00:30:51.719+0000] {subprocess.py:93} INFO - Data path: /app/data
[2026-03-23T00:30:51.719+0000] {subprocess.py:93} INFO - Script: /app/src/main.py
[2026-03-23T00:30:51.719+0000] {subprocess.py:93} INFO - Log path: /app/***/logs/pipeline
[2026-03-23T00:30:51.719+0000] {subprocess.py:93} INFO - Preparing directories...
[2026-03-23T00:30:51.723+0000] {subprocess.py:93} INFO - ✓ Using primary log path: /app/***/logs/pipeline
[2026-03-23T00:30:51.727+0000] {subprocess.py:93} INFO - Cleaning previous output...
[2026-03-23T00:30:51.737+0000] {subprocess.py:93} INFO -   ⚠ Could not remove /app/data/output/discards (will retry if writable)
[2026-03-23T00:30:51.739+0000] {subprocess.py:93} INFO -   ⚠ Could not remove /app/data/output/events (will retry if writable)
[2026-03-23T00:30:51.744+0000] {subprocess.py:93} INFO - Effective log path: /app/***/logs/pipeline
[2026-03-23T00:30:51.748+0000] {subprocess.py:93} INFO - ✓ Changed to: /app
[2026-03-23T00:30:51.748+0000] {subprocess.py:93} INFO - Executing pipeline script...
[2026-03-23T00:30:52.610+0000] {subprocess.py:93} INFO - 2026-03-23 00:30:52,610 - __main__ - INFO - Starting Dynamic Spark Pipeline...
[2026-03-23T00:30:52.612+0000] {subprocess.py:93} INFO - 2026-03-23 00:30:52,612 - __main__ - INFO - Loading config from metadata/config.json
[2026-03-23T00:30:52.612+0000] {subprocess.py:93} INFO - 2026-03-23 00:30:52,612 - __main__ - INFO - Creating Spark session...
[2026-03-23T00:30:53.075+0000] {subprocess.py:93} INFO - WARNING: Using incubator modules: jdk.incubator.vector
[2026-03-23T00:30:55.703+0000] {subprocess.py:93} INFO - Using Spark's default log4j profile: org/apache/spark/log4j2-defaults.properties
[2026-03-23T00:30:55.704+0000] {subprocess.py:93} INFO - Setting default log level to "WARN".
[2026-03-23T00:30:55.704+0000] {subprocess.py:93} INFO - To adjust logging level use sc.setLogLevel(newLevel). For SparkR, use setLogLevel(newLevel).
[2026-03-23T00:30:58.292+0000] {subprocess.py:93} INFO - 26/03/23 00:30:58 WARN NativeCodeLoader: Unable to load native-hadoop library for your platform... using builtin-java classes where applicable
[2026-03-23T00:31:02.985+0000] {subprocess.py:93} INFO - 2026-03-23 00:31:02,985 - __main__ - INFO - Executing 1 dataflow(s)...
[2026-03-23T00:31:06.819+0000] {subprocess.py:93} INFO - [Stage 0:>                                                          (0 + 1) / 1][Stage 0:===========================================================(1 + 0) / 1]                                                                                26/03/23 00:31:06 WARN FileUtil: Failed to delete file or dir [/app/data/output/events/motor_policy/_SUCCESS]: it still exists.
[2026-03-23T00:31:06.819+0000] {subprocess.py:93} INFO - 26/03/23 00:31:06 WARN FileUtil: Failed to delete file or dir [/app/data/output/events/motor_policy/._SUCCESS.crc]: it still exists.
[2026-03-23T00:31:06.820+0000] {subprocess.py:93} INFO - 26/03/23 00:31:06 WARN FileUtil: Failed to delete file or dir [/app/data/output/events/motor_policy/part-00000-b78ac4d7-b1a9-45ed-8a83-22bb8cbb1034-c000.json]: it still exists.
[2026-03-23T00:31:06.820+0000] {subprocess.py:93} INFO - 26/03/23 00:31:06 WARN FileUtil: Failed to delete file or dir [/app/data/output/events/motor_policy/.part-00000-b78ac4d7-b1a9-45ed-8a83-22bb8cbb1034-c000.json.crc]: it still exists.
[2026-03-23T00:31:06.983+0000] {subprocess.py:93} INFO - 26/03/23 00:31:06 WARN FileUtil: Failed to delete file or dir [/app/data/output/events/motor_policy/_SUCCESS]: it still exists.
[2026-03-23T00:31:06.984+0000] {subprocess.py:93} INFO - 26/03/23 00:31:06 WARN FileUtil: Failed to delete file or dir [/app/data/output/events/motor_policy/._SUCCESS.crc]: it still exists.
[2026-03-23T00:31:06.984+0000] {subprocess.py:93} INFO - 26/03/23 00:31:06 WARN FileUtil: Failed to delete file or dir [/app/data/output/events/motor_policy/part-00000-b78ac4d7-b1a9-45ed-8a83-22bb8cbb1034-c000.json]: it still exists.
[2026-03-23T00:31:06.984+0000] {subprocess.py:93} INFO - 26/03/23 00:31:06 WARN FileUtil: Failed to delete file or dir [/app/data/output/events/motor_policy/.part-00000-b78ac4d7-b1a9-45ed-8a83-22bb8cbb1034-c000.json.crc]: it still exists.
[2026-03-23T00:31:07.140+0000] {subprocess.py:93} INFO - [raw-ok] Cleaning output directory before write: data/output/events/motor_policy
[2026-03-23T00:31:07.141+0000] {subprocess.py:93} INFO - [raw-ok] Attempting aggressive cleanup of data/output/events/motor_policy
[2026-03-23T00:31:07.141+0000] {subprocess.py:93} INFO - 2026-03-23 00:31:07,054 - __main__ - ERROR - Pipeline execution failed: Failed writing sink 'raw-ok' to path 'data/output/events/motor_policy' (even after cleanup). Format: 'JSON', Mode: 'OVERWRITE'. Original error: An error occurred while calling o70.save.
[2026-03-23T00:31:07.141+0000] {subprocess.py:93} INFO - : org.apache.spark.SparkException: Unable to clear output directory file:/app/data/output/events/motor_policy prior to writing to it.
[2026-03-23T00:31:07.141+0000] {subprocess.py:93} INFO - 	at org.apache.spark.sql.errors.QueryExecutionErrors$.cannotClearOutputDirectoryError(QueryExecutionErrors.scala:786)
[2026-03-23T00:31:07.141+0000] {subprocess.py:93} INFO - 	at org.apache.spark.sql.execution.datasources.InsertIntoHadoopFsRelationCommand.deleteMatchingPartitions(InsertIntoHadoopFsRelationCommand.scala:244)
[2026-03-23T00:31:07.141+0000] {subprocess.py:93} INFO - 	at org.apache.spark.sql.execution.datasources.InsertIntoHadoopFsRelationCommand.run(InsertIntoHadoopFsRelationCommand.scala:136)
[2026-03-23T00:31:07.142+0000] {subprocess.py:93} INFO - 	at org.apache.spark.sql.execution.command.DataWritingCommandExec.sideEffectResult$lzycompute(commands.scala:117)
[2026-03-23T00:31:07.142+0000] {subprocess.py:93} INFO - 	at org.apache.spark.sql.execution.command.DataWritingCommandExec.sideEffectResult(commands.scala:115)
[2026-03-23T00:31:07.142+0000] {subprocess.py:93} INFO - 	at org.apache.spark.sql.execution.command.DataWritingCommandExec.executeCollect(commands.scala:129)
[2026-03-23T00:31:07.142+0000] {subprocess.py:93} INFO - 	at org.apache.spark.sql.execution.QueryExecution.$anonfun$eagerlyExecuteCommands$2(QueryExecution.scala:155)
[2026-03-23T00:31:07.142+0000] {subprocess.py:93} INFO - 	at org.apache.spark.sql.execution.SQLExecution$.$anonfun$withNewExecutionId0$8(SQLExecution.scala:163)
[2026-03-23T00:31:07.142+0000] {subprocess.py:93} INFO - 	at org.apache.spark.sql.execution.SQLExecution$.withSessionTagsApplied(SQLExecution.scala:272)
[2026-03-23T00:31:07.142+0000] {subprocess.py:93} INFO - 	at org.apache.spark.sql.execution.SQLExecution$.$anonfun$withNewExecutionId0$7(SQLExecution.scala:125)
[2026-03-23T00:31:07.142+0000] {subprocess.py:93} INFO - 	at org.apache.spark.JobArtifactSet$.withActiveJobArtifactState(JobArtifactSet.scala:94)
[2026-03-23T00:31:07.142+0000] {subprocess.py:93} INFO - 	at org.apache.spark.sql.artifact.ArtifactManager.$anonfun$withResources$1(ArtifactManager.scala:112)
[2026-03-23T00:31:07.143+0000] {subprocess.py:93} INFO - 	at org.apache.spark.sql.artifact.ArtifactManager.withClassLoaderIfNeeded(ArtifactManager.scala:106)
[2026-03-23T00:31:07.143+0000] {subprocess.py:93} INFO - 	at org.apache.spark.sql.artifact.ArtifactManager.withResources(ArtifactManager.scala:111)
[2026-03-23T00:31:07.143+0000] {subprocess.py:93} INFO - 	at org.apache.spark.sql.execution.SQLExecution$.$anonfun$withNewExecutionId0$6(SQLExecution.scala:125)
[2026-03-23T00:31:07.143+0000] {subprocess.py:93} INFO - 	at org.apache.spark.sql.execution.SQLExecution$.withSQLConfPropagated(SQLExecution.scala:295)
[2026-03-23T00:31:07.143+0000] {subprocess.py:93} INFO - 	at org.apache.spark.sql.execution.SQLExecution$.$anonfun$withNewExecutionId0$1(SQLExecution.scala:124)
[2026-03-23T00:31:07.143+0000] {subprocess.py:93} INFO - 	at org.apache.spark.sql.SparkSession.withActive(SparkSession.scala:804)
[2026-03-23T00:31:07.143+0000] {subprocess.py:93} INFO - 	at org.apache.spark.sql.execution.SQLExecution$.withNewExecutionId0(SQLExecution.scala:78)
[2026-03-23T00:31:07.143+0000] {subprocess.py:93} INFO - 	at org.apache.spark.sql.execution.SQLExecution$.withNewExecutionId(SQLExecution.scala:237)
[2026-03-23T00:31:07.144+0000] {subprocess.py:93} INFO - 	at org.apache.spark.sql.execution.QueryExecution.$anonfun$eagerlyExecuteCommands$1(QueryExecution.scala:155)
[2026-03-23T00:31:07.144+0000] {subprocess.py:93} INFO - 	at org.apache.spark.sql.execution.QueryExecution$.withInternalError(QueryExecution.scala:654)
[2026-03-23T00:31:07.144+0000] {subprocess.py:93} INFO - 	at org.apache.spark.sql.execution.QueryExecution.org$apache$spark$sql$execution$QueryExecution$$eagerlyExecute$1(QueryExecution.scala:154)
[2026-03-23T00:31:07.144+0000] {subprocess.py:93} INFO - 	at org.apache.spark.sql.execution.QueryExecution$$anonfun$eagerlyExecuteCommands$3.applyOrElse(QueryExecution.scala:169)
[2026-03-23T00:31:07.144+0000] {subprocess.py:93} INFO - 	at org.apache.spark.sql.execution.QueryExecution$$anonfun$eagerlyExecuteCommands$3.applyOrElse(QueryExecution.scala:164)
[2026-03-23T00:31:07.144+0000] {subprocess.py:93} INFO - 	at org.apache.spark.sql.catalyst.trees.TreeNode.$anonfun$transformDownWithPruning$1(TreeNode.scala:470)
[2026-03-23T00:31:07.144+0000] {subprocess.py:93} INFO - 	at org.apache.spark.sql.catalyst.trees.CurrentOrigin$.withOrigin(origin.scala:86)
[2026-03-23T00:31:07.144+0000] {subprocess.py:93} INFO - 	at org.apache.spark.sql.catalyst.trees.TreeNode.transformDownWithPruning(TreeNode.scala:470)
[2026-03-23T00:31:07.145+0000] {subprocess.py:93} INFO - 	at org.apache.spark.sql.catalyst.plans.logical.LogicalPlan.org$apache$spark$sql$catalyst$plans$logical$AnalysisHelper$$super$transformDownWithPruning(LogicalPlan.scala:37)
[2026-03-23T00:31:07.145+0000] {subprocess.py:93} INFO - 	at org.apache.spark.sql.catalyst.plans.logical.AnalysisHelper.transformDownWithPruning(AnalysisHelper.scala:360)
[2026-03-23T00:31:07.145+0000] {subprocess.py:93} INFO - 	at org.apache.spark.sql.catalyst.plans.logical.AnalysisHelper.transformDownWithPruning$(AnalysisHelper.scala:356)
[2026-03-23T00:31:07.146+0000] {subprocess.py:93} INFO - 	at org.apache.spark.sql.catalyst.plans.logical.LogicalPlan.transformDownWithPruning(LogicalPlan.scala:37)
[2026-03-23T00:31:07.146+0000] {subprocess.py:93} INFO - 	at org.apache.spark.sql.catalyst.plans.logical.LogicalPlan.transformDownWithPruning(LogicalPlan.scala:37)
[2026-03-23T00:31:07.146+0000] {subprocess.py:93} INFO - 	at org.apache.spark.sql.catalyst.trees.TreeNode.transformDown(TreeNode.scala:446)
[2026-03-23T00:31:07.146+0000] {subprocess.py:93} INFO - 	at org.apache.spark.sql.execution.QueryExecution.eagerlyExecuteCommands(QueryExecution.scala:164)
[2026-03-23T00:31:07.146+0000] {subprocess.py:93} INFO - 	at org.apache.spark.sql.execution.QueryExecution.$anonfun$lazyCommandExecuted$1(QueryExecution.scala:126)
[2026-03-23T00:31:07.146+0000] {subprocess.py:93} INFO - 	at scala.util.Try$.apply(Try.scala:217)
[2026-03-23T00:31:07.147+0000] {subprocess.py:93} INFO - 	at org.apache.spark.util.Utils$.doTryWithCallerStacktrace(Utils.scala:1378)
[2026-03-23T00:31:07.147+0000] {subprocess.py:93} INFO - 	at org.apache.spark.util.Utils$.getTryWithCallerStacktrace(Utils.scala:1439)
[2026-03-23T00:31:07.147+0000] {subprocess.py:93} INFO - 	at org.apache.spark.util.LazyTry.get(LazyTry.scala:58)
[2026-03-23T00:31:07.147+0000] {subprocess.py:93} INFO - 	at org.apache.spark.sql.execution.QueryExecution.commandExecuted(QueryExecution.scala:131)
[2026-03-23T00:31:07.147+0000] {subprocess.py:93} INFO - 	at org.apache.spark.sql.execution.QueryExecution.assertCommandExecuted(QueryExecution.scala:192)
[2026-03-23T00:31:07.148+0000] {subprocess.py:93} INFO - 	at org.apache.spark.sql.classic.DataFrameWriter.runCommand(DataFrameWriter.scala:622)
[2026-03-23T00:31:07.148+0000] {subprocess.py:93} INFO - 	at org.apache.spark.sql.classic.DataFrameWriter.saveToV1Source(DataFrameWriter.scala:273)
[2026-03-23T00:31:07.148+0000] {subprocess.py:93} INFO - 	at org.apache.spark.sql.classic.DataFrameWriter.saveInternal(DataFrameWriter.scala:241)
[2026-03-23T00:31:07.148+0000] {subprocess.py:93} INFO - 	at org.apache.spark.sql.classic.DataFrameWriter.save(DataFrameWriter.scala:118)
[2026-03-23T00:31:07.148+0000] {subprocess.py:93} INFO - 	at java.base/jdk.internal.reflect.NativeMethodAccessorImpl.invoke0(Native Method)
[2026-03-23T00:31:07.149+0000] {subprocess.py:93} INFO - 	at java.base/jdk.internal.reflect.NativeMethodAccessorImpl.invoke(NativeMethodAccessorImpl.java:77)
[2026-03-23T00:31:07.149+0000] {subprocess.py:93} INFO - 	at java.base/jdk.internal.reflect.DelegatingMethodAccessorImpl.invoke(DelegatingMethodAccessorImpl.java:43)
[2026-03-23T00:31:07.149+0000] {subprocess.py:93} INFO - 	at java.base/java.lang.reflect.Method.invoke(Method.java:569)
[2026-03-23T00:31:07.149+0000] {subprocess.py:93} INFO - 	at py4j.reflection.MethodInvoker.invoke(MethodInvoker.java:244)
[2026-03-23T00:31:07.149+0000] {subprocess.py:93} INFO - 	at py4j.reflection.ReflectionEngine.invoke(ReflectionEngine.java:374)
[2026-03-23T00:31:07.149+0000] {subprocess.py:93} INFO - 	at py4j.Gateway.invoke(Gateway.java:282)
[2026-03-23T00:31:07.150+0000] {subprocess.py:93} INFO - 	at py4j.commands.AbstractCommand.invokeMethod(AbstractCommand.java:132)
[2026-03-23T00:31:07.150+0000] {subprocess.py:93} INFO - 	at py4j.commands.CallCommand.execute(CallCommand.java:79)
[2026-03-23T00:31:07.150+0000] {subprocess.py:93} INFO - 	at py4j.ClientServerConnection.waitForCommands(ClientServerConnection.java:184)
[2026-03-23T00:31:07.150+0000] {subprocess.py:93} INFO - 	at py4j.ClientServerConnection.run(ClientServerConnection.java:108)
[2026-03-23T00:31:07.150+0000] {subprocess.py:93} INFO - 	at java.base/java.lang.Thread.run(Thread.java:840)
[2026-03-23T00:31:07.150+0000] {subprocess.py:93} INFO - 	Suppressed: org.apache.spark.util.Utils$OriginalTryStackTraceException: Full stacktrace of original doTryWithCallerStacktrace caller
[2026-03-23T00:31:07.150+0000] {subprocess.py:93} INFO - 		at org.apache.spark.sql.errors.QueryExecutionErrors$.cannotClearOutputDirectoryError(QueryExecutionErrors.scala:786)
[2026-03-23T00:31:07.150+0000] {subprocess.py:93} INFO - 		at org.apache.spark.sql.execution.datasources.InsertIntoHadoopFsRelationCommand.deleteMatchingPartitions(InsertIntoHadoopFsRelationCommand.scala:244)
[2026-03-23T00:31:07.150+0000] {subprocess.py:93} INFO - 		at org.apache.spark.sql.execution.datasources.InsertIntoHadoopFsRelationCommand.run(InsertIntoHadoopFsRelationCommand.scala:136)
[2026-03-23T00:31:07.151+0000] {subprocess.py:93} INFO - 		at org.apache.spark.sql.execution.command.DataWritingCommandExec.sideEffectResult$lzycompute(commands.scala:117)
[2026-03-23T00:31:07.151+0000] {subprocess.py:93} INFO - 		at org.apache.spark.sql.execution.command.DataWritingCommandExec.sideEffectResult(commands.scala:115)
[2026-03-23T00:31:07.151+0000] {subprocess.py:93} INFO - 		at org.apache.spark.sql.execution.command.DataWritingCommandExec.executeCollect(commands.scala:129)
[2026-03-23T00:31:07.151+0000] {subprocess.py:93} INFO - 		at org.apache.spark.sql.execution.QueryExecution.$anonfun$eagerlyExecuteCommands$2(QueryExecution.scala:155)
[2026-03-23T00:31:07.151+0000] {subprocess.py:93} INFO - 		at org.apache.spark.sql.execution.SQLExecution$.$anonfun$withNewExecutionId0$8(SQLExecution.scala:163)
[2026-03-23T00:31:07.151+0000] {subprocess.py:93} INFO - 		at org.apache.spark.sql.execution.SQLExecution$.withSessionTagsApplied(SQLExecution.scala:272)
[2026-03-23T00:31:07.151+0000] {subprocess.py:93} INFO - 		at org.apache.spark.sql.execution.SQLExecution$.$anonfun$withNewExecutionId0$7(SQLExecution.scala:125)
[2026-03-23T00:31:07.152+0000] {subprocess.py:93} INFO - 		at org.apache.spark.JobArtifactSet$.withActiveJobArtifactState(JobArtifactSet.scala:94)
[2026-03-23T00:31:07.152+0000] {subprocess.py:93} INFO - 		at org.apache.spark.sql.artifact.ArtifactManager.$anonfun$withResources$1(ArtifactManager.scala:112)
[2026-03-23T00:31:07.152+0000] {subprocess.py:93} INFO - 		at org.apache.spark.sql.artifact.ArtifactManager.withClassLoaderIfNeeded(ArtifactManager.scala:106)
[2026-03-23T00:31:07.152+0000] {subprocess.py:93} INFO - 		at org.apache.spark.sql.artifact.ArtifactManager.withResources(ArtifactManager.scala:111)
[2026-03-23T00:31:07.152+0000] {subprocess.py:93} INFO - 		at org.apache.spark.sql.execution.SQLExecution$.$anonfun$withNewExecutionId0$6(SQLExecution.scala:125)
[2026-03-23T00:31:07.152+0000] {subprocess.py:93} INFO - 		at org.apache.spark.sql.execution.SQLExecution$.withSQLConfPropagated(SQLExecution.scala:295)
[2026-03-23T00:31:07.152+0000] {subprocess.py:93} INFO - 		at org.apache.spark.sql.execution.SQLExecution$.$anonfun$withNewExecutionId0$1(SQLExecution.scala:124)
[2026-03-23T00:31:07.152+0000] {subprocess.py:93} INFO - 		at org.apache.spark.sql.SparkSession.withActive(SparkSession.scala:804)
[2026-03-23T00:31:07.152+0000] {subprocess.py:93} INFO - 		at org.apache.spark.sql.execution.SQLExecution$.withNewExecutionId0(SQLExecution.scala:78)
[2026-03-23T00:31:07.153+0000] {subprocess.py:93} INFO - 		at org.apache.spark.sql.execution.SQLExecution$.withNewExecutionId(SQLExecution.scala:237)
[2026-03-23T00:31:07.153+0000] {subprocess.py:93} INFO - 		at org.apache.spark.sql.execution.QueryExecution.$anonfun$eagerlyExecuteCommands$1(QueryExecution.scala:155)
[2026-03-23T00:31:07.153+0000] {subprocess.py:93} INFO - 		at org.apache.spark.sql.execution.QueryExecution$.withInternalError(QueryExecution.scala:654)
[2026-03-23T00:31:07.153+0000] {subprocess.py:93} INFO - 		at org.apache.spark.sql.execution.QueryExecution.org$apache$spark$sql$execution$QueryExecution$$eagerlyExecute$1(QueryExecution.scala:154)
[2026-03-23T00:31:07.153+0000] {subprocess.py:93} INFO - 		at org.apache.spark.sql.execution.QueryExecution$$anonfun$eagerlyExecuteCommands$3.applyOrElse(QueryExecution.scala:169)
[2026-03-23T00:31:07.153+0000] {subprocess.py:93} INFO - 		at org.apache.spark.sql.execution.QueryExecution$$anonfun$eagerlyExecuteCommands$3.applyOrElse(QueryExecution.scala:164)
[2026-03-23T00:31:07.153+0000] {subprocess.py:93} INFO - 		at org.apache.spark.sql.catalyst.trees.TreeNode.$anonfun$transformDownWithPruning$1(TreeNode.scala:470)
[2026-03-23T00:31:07.153+0000] {subprocess.py:93} INFO - 		at org.apache.spark.sql.catalyst.trees.CurrentOrigin$.withOrigin(origin.scala:86)
[2026-03-23T00:31:07.154+0000] {subprocess.py:93} INFO - 		at org.apache.spark.sql.catalyst.trees.TreeNode.transformDownWithPruning(TreeNode.scala:470)
[2026-03-23T00:31:07.154+0000] {subprocess.py:93} INFO - 		at org.apache.spark.sql.catalyst.plans.logical.LogicalPlan.org$apache$spark$sql$catalyst$plans$logical$AnalysisHelper$$super$transformDownWithPruning(LogicalPlan.scala:37)
[2026-03-23T00:31:07.154+0000] {subprocess.py:93} INFO - 		at org.apache.spark.sql.catalyst.plans.logical.AnalysisHelper.transformDownWithPruning(AnalysisHelper.scala:360)
[2026-03-23T00:31:07.154+0000] {subprocess.py:93} INFO - 		at org.apache.spark.sql.catalyst.plans.logical.AnalysisHelper.transformDownWithPruning$(AnalysisHelper.scala:356)
[2026-03-23T00:31:07.154+0000] {subprocess.py:93} INFO - 		at org.apache.spark.sql.catalyst.plans.logical.LogicalPlan.transformDownWithPruning(LogicalPlan.scala:37)
[2026-03-23T00:31:07.154+0000] {subprocess.py:93} INFO - 		at org.apache.spark.sql.catalyst.plans.logical.LogicalPlan.transformDownWithPruning(LogicalPlan.scala:37)
[2026-03-23T00:31:07.154+0000] {subprocess.py:93} INFO - 		at org.apache.spark.sql.catalyst.trees.TreeNode.transformDown(TreeNode.scala:446)
[2026-03-23T00:31:07.154+0000] {subprocess.py:93} INFO - 		at org.apache.spark.sql.execution.QueryExecution.eagerlyExecuteCommands(QueryExecution.scala:164)
[2026-03-23T00:31:07.154+0000] {subprocess.py:93} INFO - 		at org.apache.spark.sql.execution.QueryExecution.$anonfun$lazyCommandExecuted$1(QueryExecution.scala:126)
[2026-03-23T00:31:07.155+0000] {subprocess.py:93} INFO - 		at scala.util.Try$.apply(Try.scala:217)
[2026-03-23T00:31:07.155+0000] {subprocess.py:93} INFO - 		at org.apache.spark.util.Utils$.doTryWithCallerStacktrace(Utils.scala:1378)
[2026-03-23T00:31:07.155+0000] {subprocess.py:93} INFO - 		at org.apache.spark.util.LazyTry.tryT$lzycompute(LazyTry.scala:46)
[2026-03-23T00:31:07.155+0000] {subprocess.py:93} INFO - 		at org.apache.spark.util.LazyTry.tryT(LazyTry.scala:46)
[2026-03-23T00:31:07.155+0000] {subprocess.py:93} INFO - 		... 19 more
[2026-03-23T00:31:07.155+0000] {subprocess.py:93} INFO - Traceback (most recent call last):
[2026-03-23T00:31:07.155+0000] {subprocess.py:93} INFO -   File "/app/src/writer.py", line 49, in write_output
[2026-03-23T00:31:07.155+0000] {subprocess.py:93} INFO -     df.write.mode(sink_mode).format(sink_format).save(path)
[2026-03-23T00:31:07.155+0000] {subprocess.py:93} INFO -   File "/home/***/.local/lib/python3.9/site-packages/pyspark/sql/readwriter.py", line 1745, in save
[2026-03-23T00:31:07.156+0000] {subprocess.py:93} INFO -     self._jwrite.save(path)
[2026-03-23T00:31:07.156+0000] {subprocess.py:93} INFO -   File "/home/***/.local/lib/python3.9/site-packages/py4j/java_gateway.py", line 1362, in __call__
[2026-03-23T00:31:07.156+0000] {subprocess.py:93} INFO -     return_value = get_return_value(
[2026-03-23T00:31:07.156+0000] {subprocess.py:93} INFO -   File "/home/***/.local/lib/python3.9/site-packages/pyspark/errors/exceptions/captured.py", line 282, in deco
[2026-03-23T00:31:07.156+0000] {subprocess.py:93} INFO -     return f(*a, **kw)
[2026-03-23T00:31:07.156+0000] {subprocess.py:93} INFO -   File "/home/***/.local/lib/python3.9/site-packages/py4j/protocol.py", line 327, in get_return_value
[2026-03-23T00:31:07.156+0000] {subprocess.py:93} INFO -     raise Py4JJavaError(
[2026-03-23T00:31:07.157+0000] {subprocess.py:93} INFO - py4j.protocol.Py4JJavaError: An error occurred while calling o70.save.
[2026-03-23T00:31:07.157+0000] {subprocess.py:93} INFO - : org.apache.spark.SparkException: Unable to clear output directory file:/app/data/output/events/motor_policy prior to writing to it.
[2026-03-23T00:31:07.157+0000] {subprocess.py:93} INFO - 	at org.apache.spark.sql.errors.QueryExecutionErrors$.cannotClearOutputDirectoryError(QueryExecutionErrors.scala:786)
[2026-03-23T00:31:07.157+0000] {subprocess.py:93} INFO - 	at org.apache.spark.sql.execution.datasources.InsertIntoHadoopFsRelationCommand.deleteMatchingPartitions(InsertIntoHadoopFsRelationCommand.scala:244)
[2026-03-23T00:31:07.157+0000] {subprocess.py:93} INFO - 	at org.apache.spark.sql.execution.datasources.InsertIntoHadoopFsRelationCommand.run(InsertIntoHadoopFsRelationCommand.scala:136)
[2026-03-23T00:31:07.157+0000] {subprocess.py:93} INFO - 	at org.apache.spark.sql.execution.command.DataWritingCommandExec.sideEffectResult$lzycompute(commands.scala:117)
[2026-03-23T00:31:07.157+0000] {subprocess.py:93} INFO - 	at org.apache.spark.sql.execution.command.DataWritingCommandExec.sideEffectResult(commands.scala:115)
[2026-03-23T00:31:07.158+0000] {subprocess.py:93} INFO - 	at org.apache.spark.sql.execution.command.DataWritingCommandExec.executeCollect(commands.scala:129)
[2026-03-23T00:31:07.158+0000] {subprocess.py:93} INFO - 	at org.apache.spark.sql.execution.QueryExecution.$anonfun$eagerlyExecuteCommands$2(QueryExecution.scala:155)
[2026-03-23T00:31:07.158+0000] {subprocess.py:93} INFO - 	at org.apache.spark.sql.execution.SQLExecution$.$anonfun$withNewExecutionId0$8(SQLExecution.scala:163)
[2026-03-23T00:31:07.158+0000] {subprocess.py:93} INFO - 	at org.apache.spark.sql.execution.SQLExecution$.withSessionTagsApplied(SQLExecution.scala:272)
[2026-03-23T00:31:07.158+0000] {subprocess.py:93} INFO - 	at org.apache.spark.sql.execution.SQLExecution$.$anonfun$withNewExecutionId0$7(SQLExecution.scala:125)
[2026-03-23T00:31:07.158+0000] {subprocess.py:93} INFO - 	at org.apache.spark.JobArtifactSet$.withActiveJobArtifactState(JobArtifactSet.scala:94)
[2026-03-23T00:31:07.159+0000] {subprocess.py:93} INFO - 	at org.apache.spark.sql.artifact.ArtifactManager.$anonfun$withResources$1(ArtifactManager.scala:112)
[2026-03-23T00:31:07.159+0000] {subprocess.py:93} INFO - 	at org.apache.spark.sql.artifact.ArtifactManager.withClassLoaderIfNeeded(ArtifactManager.scala:106)
[2026-03-23T00:31:07.159+0000] {subprocess.py:93} INFO - 	at org.apache.spark.sql.artifact.ArtifactManager.withResources(ArtifactManager.scala:111)
[2026-03-23T00:31:07.159+0000] {subprocess.py:93} INFO - 	at org.apache.spark.sql.execution.SQLExecution$.$anonfun$withNewExecutionId0$6(SQLExecution.scala:125)
[2026-03-23T00:31:07.159+0000] {subprocess.py:93} INFO - 	at org.apache.spark.sql.execution.SQLExecution$.withSQLConfPropagated(SQLExecution.scala:295)
[2026-03-23T00:31:07.160+0000] {subprocess.py:93} INFO - 	at org.apache.spark.sql.execution.SQLExecution$.$anonfun$withNewExecutionId0$1(SQLExecution.scala:124)
[2026-03-23T00:31:07.160+0000] {subprocess.py:93} INFO - 	at org.apache.spark.sql.SparkSession.withActive(SparkSession.scala:804)
[2026-03-23T00:31:07.160+0000] {subprocess.py:93} INFO - 	at org.apache.spark.sql.execution.SQLExecution$.withNewExecutionId0(SQLExecution.scala:78)
[2026-03-23T00:31:07.160+0000] {subprocess.py:93} INFO - 	at org.apache.spark.sql.execution.SQLExecution$.withNewExecutionId(SQLExecution.scala:237)
[2026-03-23T00:31:07.160+0000] {subprocess.py:93} INFO - 	at org.apache.spark.sql.execution.QueryExecution.$anonfun$eagerlyExecuteCommands$1(QueryExecution.scala:155)
[2026-03-23T00:31:07.160+0000] {subprocess.py:93} INFO - 	at org.apache.spark.sql.execution.QueryExecution$.withInternalError(QueryExecution.scala:654)
[2026-03-23T00:31:07.160+0000] {subprocess.py:93} INFO - 	at org.apache.spark.sql.execution.QueryExecution.org$apache$spark$sql$execution$QueryExecution$$eagerlyExecute$1(QueryExecution.scala:154)
[2026-03-23T00:31:07.161+0000] {subprocess.py:93} INFO - 	at org.apache.spark.sql.execution.QueryExecution$$anonfun$eagerlyExecuteCommands$3.applyOrElse(QueryExecution.scala:169)
[2026-03-23T00:31:07.161+0000] {subprocess.py:93} INFO - 	at org.apache.spark.sql.execution.QueryExecution$$anonfun$eagerlyExecuteCommands$3.applyOrElse(QueryExecution.scala:164)
[2026-03-23T00:31:07.161+0000] {subprocess.py:93} INFO - 	at org.apache.spark.sql.catalyst.trees.TreeNode.$anonfun$transformDownWithPruning$1(TreeNode.scala:470)
[2026-03-23T00:31:07.161+0000] {subprocess.py:93} INFO - 	at org.apache.spark.sql.catalyst.trees.CurrentOrigin$.withOrigin(origin.scala:86)
[2026-03-23T00:31:07.161+0000] {subprocess.py:93} INFO - 	at org.apache.spark.sql.catalyst.trees.TreeNode.transformDownWithPruning(TreeNode.scala:470)
[2026-03-23T00:31:07.161+0000] {subprocess.py:93} INFO - 	at org.apache.spark.sql.catalyst.plans.logical.LogicalPlan.org$apache$spark$sql$catalyst$plans$logical$AnalysisHelper$$super$transformDownWithPruning(LogicalPlan.scala:37)
[2026-03-23T00:31:07.161+0000] {subprocess.py:93} INFO - 	at org.apache.spark.sql.catalyst.plans.logical.AnalysisHelper.transformDownWithPruning(AnalysisHelper.scala:360)
[2026-03-23T00:31:07.162+0000] {subprocess.py:93} INFO - 	at org.apache.spark.sql.catalyst.plans.logical.AnalysisHelper.transformDownWithPruning$(AnalysisHelper.scala:356)
[2026-03-23T00:31:07.162+0000] {subprocess.py:93} INFO - 	at org.apache.spark.sql.catalyst.plans.logical.LogicalPlan.transformDownWithPruning(LogicalPlan.scala:37)
[2026-03-23T00:31:07.162+0000] {subprocess.py:93} INFO - 	at org.apache.spark.sql.catalyst.plans.logical.LogicalPlan.transformDownWithPruning(LogicalPlan.scala:37)
[2026-03-23T00:31:07.162+0000] {subprocess.py:93} INFO - 	at org.apache.spark.sql.catalyst.trees.TreeNode.transformDown(TreeNode.scala:446)
[2026-03-23T00:31:07.162+0000] {subprocess.py:93} INFO - 	at org.apache.spark.sql.execution.QueryExecution.eagerlyExecuteCommands(QueryExecution.scala:164)
[2026-03-23T00:31:07.163+0000] {subprocess.py:93} INFO - 	at org.apache.spark.sql.execution.QueryExecution.$anonfun$lazyCommandExecuted$1(QueryExecution.scala:126)
[2026-03-23T00:31:07.163+0000] {subprocess.py:93} INFO - 	at scala.util.Try$.apply(Try.scala:217)
[2026-03-23T00:31:07.163+0000] {subprocess.py:93} INFO - 	at org.apache.spark.util.Utils$.doTryWithCallerStacktrace(Utils.scala:1378)
[2026-03-23T00:31:07.163+0000] {subprocess.py:93} INFO - 	at org.apache.spark.util.Utils$.getTryWithCallerStacktrace(Utils.scala:1439)
[2026-03-23T00:31:07.164+0000] {subprocess.py:93} INFO - 	at org.apache.spark.util.LazyTry.get(LazyTry.scala:58)
[2026-03-23T00:31:07.164+0000] {subprocess.py:93} INFO - 	at org.apache.spark.sql.execution.QueryExecution.commandExecuted(QueryExecution.scala:131)
[2026-03-23T00:31:07.164+0000] {subprocess.py:93} INFO - 	at org.apache.spark.sql.execution.QueryExecution.assertCommandExecuted(QueryExecution.scala:192)
[2026-03-23T00:31:07.164+0000] {subprocess.py:93} INFO - 	at org.apache.spark.sql.classic.DataFrameWriter.runCommand(DataFrameWriter.scala:622)
[2026-03-23T00:31:07.164+0000] {subprocess.py:93} INFO - 	at org.apache.spark.sql.classic.DataFrameWriter.saveToV1Source(DataFrameWriter.scala:273)
[2026-03-23T00:31:07.165+0000] {subprocess.py:93} INFO - 	at org.apache.spark.sql.classic.DataFrameWriter.saveInternal(DataFrameWriter.scala:241)
[2026-03-23T00:31:07.165+0000] {subprocess.py:93} INFO - 	at org.apache.spark.sql.classic.DataFrameWriter.save(DataFrameWriter.scala:118)
[2026-03-23T00:31:07.165+0000] {subprocess.py:93} INFO - 	at java.base/jdk.internal.reflect.NativeMethodAccessorImpl.invoke0(Native Method)
[2026-03-23T00:31:07.165+0000] {subprocess.py:93} INFO - 	at java.base/jdk.internal.reflect.NativeMethodAccessorImpl.invoke(NativeMethodAccessorImpl.java:77)
[2026-03-23T00:31:07.165+0000] {subprocess.py:93} INFO - 	at java.base/jdk.internal.reflect.DelegatingMethodAccessorImpl.invoke(DelegatingMethodAccessorImpl.java:43)
[2026-03-23T00:31:07.165+0000] {subprocess.py:93} INFO - 	at java.base/java.lang.reflect.Method.invoke(Method.java:569)
[2026-03-23T00:31:07.165+0000] {subprocess.py:93} INFO - 	at py4j.reflection.MethodInvoker.invoke(MethodInvoker.java:244)
[2026-03-23T00:31:07.166+0000] {subprocess.py:93} INFO - 	at py4j.reflection.ReflectionEngine.invoke(ReflectionEngine.java:374)
[2026-03-23T00:31:07.166+0000] {subprocess.py:93} INFO - 	at py4j.Gateway.invoke(Gateway.java:282)
[2026-03-23T00:31:07.166+0000] {subprocess.py:93} INFO - 	at py4j.commands.AbstractCommand.invokeMethod(AbstractCommand.java:132)
[2026-03-23T00:31:07.166+0000] {subprocess.py:93} INFO - 	at py4j.commands.CallCommand.execute(CallCommand.java:79)
[2026-03-23T00:31:07.166+0000] {subprocess.py:93} INFO - 	at py4j.ClientServerConnection.waitForCommands(ClientServerConnection.java:184)
[2026-03-23T00:31:07.166+0000] {subprocess.py:93} INFO - 	at py4j.ClientServerConnection.run(ClientServerConnection.java:108)
[2026-03-23T00:31:07.167+0000] {subprocess.py:93} INFO - 	at java.base/java.lang.Thread.run(Thread.java:840)
[2026-03-23T00:31:07.167+0000] {subprocess.py:93} INFO - 	Suppressed: org.apache.spark.util.Utils$OriginalTryStackTraceException: Full stacktrace of original doTryWithCallerStacktrace caller
[2026-03-23T00:31:07.167+0000] {subprocess.py:93} INFO - 		at org.apache.spark.sql.errors.QueryExecutionErrors$.cannotClearOutputDirectoryError(QueryExecutionErrors.scala:786)
[2026-03-23T00:31:07.167+0000] {subprocess.py:93} INFO - 		at org.apache.spark.sql.execution.datasources.InsertIntoHadoopFsRelationCommand.deleteMatchingPartitions(InsertIntoHadoopFsRelationCommand.scala:244)
[2026-03-23T00:31:07.167+0000] {subprocess.py:93} INFO - 		at org.apache.spark.sql.execution.datasources.InsertIntoHadoopFsRelationCommand.run(InsertIntoHadoopFsRelationCommand.scala:136)
[2026-03-23T00:31:07.167+0000] {subprocess.py:93} INFO - 		at org.apache.spark.sql.execution.command.DataWritingCommandExec.sideEffectResult$lzycompute(commands.scala:117)
[2026-03-23T00:31:07.168+0000] {subprocess.py:93} INFO - 		at org.apache.spark.sql.execution.command.DataWritingCommandExec.sideEffectResult(commands.scala:115)
[2026-03-23T00:31:07.168+0000] {subprocess.py:93} INFO - 		at org.apache.spark.sql.execution.command.DataWritingCommandExec.executeCollect(commands.scala:129)
[2026-03-23T00:31:07.168+0000] {subprocess.py:93} INFO - 		at org.apache.spark.sql.execution.QueryExecution.$anonfun$eagerlyExecuteCommands$2(QueryExecution.scala:155)
[2026-03-23T00:31:07.168+0000] {subprocess.py:93} INFO - 		at org.apache.spark.sql.execution.SQLExecution$.$anonfun$withNewExecutionId0$8(SQLExecution.scala:163)
[2026-03-23T00:31:07.168+0000] {subprocess.py:93} INFO - 		at org.apache.spark.sql.execution.SQLExecution$.withSessionTagsApplied(SQLExecution.scala:272)
[2026-03-23T00:31:07.169+0000] {subprocess.py:93} INFO - 		at org.apache.spark.sql.execution.SQLExecution$.$anonfun$withNewExecutionId0$7(SQLExecution.scala:125)
[2026-03-23T00:31:07.169+0000] {subprocess.py:93} INFO - 		at org.apache.spark.JobArtifactSet$.withActiveJobArtifactState(JobArtifactSet.scala:94)
[2026-03-23T00:31:07.169+0000] {subprocess.py:93} INFO - 		at org.apache.spark.sql.artifact.ArtifactManager.$anonfun$withResources$1(ArtifactManager.scala:112)
[2026-03-23T00:31:07.169+0000] {subprocess.py:93} INFO - 		at org.apache.spark.sql.artifact.ArtifactManager.withClassLoaderIfNeeded(ArtifactManager.scala:106)
[2026-03-23T00:31:07.169+0000] {subprocess.py:93} INFO - 		at org.apache.spark.sql.artifact.ArtifactManager.withResources(ArtifactManager.scala:111)
[2026-03-23T00:31:07.170+0000] {subprocess.py:93} INFO - 		at org.apache.spark.sql.execution.SQLExecution$.$anonfun$withNewExecutionId0$6(SQLExecution.scala:125)
[2026-03-23T00:31:07.170+0000] {subprocess.py:93} INFO - 		at org.apache.spark.sql.execution.SQLExecution$.withSQLConfPropagated(SQLExecution.scala:295)
[2026-03-23T00:31:07.170+0000] {subprocess.py:93} INFO - 		at org.apache.spark.sql.execution.SQLExecution$.$anonfun$withNewExecutionId0$1(SQLExecution.scala:124)
[2026-03-23T00:31:07.170+0000] {subprocess.py:93} INFO - 		at org.apache.spark.sql.SparkSession.withActive(SparkSession.scala:804)
[2026-03-23T00:31:07.171+0000] {subprocess.py:93} INFO - 		at org.apache.spark.sql.execution.SQLExecution$.withNewExecutionId0(SQLExecution.scala:78)
[2026-03-23T00:31:07.171+0000] {subprocess.py:93} INFO - 		at org.apache.spark.sql.execution.SQLExecution$.withNewExecutionId(SQLExecution.scala:237)
[2026-03-23T00:31:07.171+0000] {subprocess.py:93} INFO - 		at org.apache.spark.sql.execution.QueryExecution.$anonfun$eagerlyExecuteCommands$1(QueryExecution.scala:155)
[2026-03-23T00:31:07.171+0000] {subprocess.py:93} INFO - 		at org.apache.spark.sql.execution.QueryExecution$.withInternalError(QueryExecution.scala:654)
[2026-03-23T00:31:07.172+0000] {subprocess.py:93} INFO - 		at org.apache.spark.sql.execution.QueryExecution.org$apache$spark$sql$execution$QueryExecution$$eagerlyExecute$1(QueryExecution.scala:154)
[2026-03-23T00:31:07.172+0000] {subprocess.py:93} INFO - 		at org.apache.spark.sql.execution.QueryExecution$$anonfun$eagerlyExecuteCommands$3.applyOrElse(QueryExecution.scala:169)
[2026-03-23T00:31:07.172+0000] {subprocess.py:93} INFO - 		at org.apache.spark.sql.execution.QueryExecution$$anonfun$eagerlyExecuteCommands$3.applyOrElse(QueryExecution.scala:164)
[2026-03-23T00:31:07.172+0000] {subprocess.py:93} INFO - 		at org.apache.spark.sql.catalyst.trees.TreeNode.$anonfun$transformDownWithPruning$1(TreeNode.scala:470)
[2026-03-23T00:31:07.172+0000] {subprocess.py:93} INFO - 		at org.apache.spark.sql.catalyst.trees.CurrentOrigin$.withOrigin(origin.scala:86)
[2026-03-23T00:31:07.173+0000] {subprocess.py:93} INFO - 		at org.apache.spark.sql.catalyst.trees.TreeNode.transformDownWithPruning(TreeNode.scala:470)
[2026-03-23T00:31:07.173+0000] {subprocess.py:93} INFO - 		at org.apache.spark.sql.catalyst.plans.logical.LogicalPlan.org$apache$spark$sql$catalyst$plans$logical$AnalysisHelper$$super$transformDownWithPruning(LogicalPlan.scala:37)
[2026-03-23T00:31:07.173+0000] {subprocess.py:93} INFO - 		at org.apache.spark.sql.catalyst.plans.logical.AnalysisHelper.transformDownWithPruning(AnalysisHelper.scala:360)
[2026-03-23T00:31:07.173+0000] {subprocess.py:93} INFO - 		at org.apache.spark.sql.catalyst.plans.logical.AnalysisHelper.transformDownWithPruning$(AnalysisHelper.scala:356)
[2026-03-23T00:31:07.174+0000] {subprocess.py:93} INFO - 		at org.apache.spark.sql.catalyst.plans.logical.LogicalPlan.transformDownWithPruning(LogicalPlan.scala:37)
[2026-03-23T00:31:07.174+0000] {subprocess.py:93} INFO - 		at org.apache.spark.sql.catalyst.plans.logical.LogicalPlan.transformDownWithPruning(LogicalPlan.scala:37)
[2026-03-23T00:31:07.174+0000] {subprocess.py:93} INFO - 		at org.apache.spark.sql.catalyst.trees.TreeNode.transformDown(TreeNode.scala:446)
[2026-03-23T00:31:07.174+0000] {subprocess.py:93} INFO - 		at org.apache.spark.sql.execution.QueryExecution.eagerlyExecuteCommands(QueryExecution.scala:164)
[2026-03-23T00:31:07.174+0000] {subprocess.py:93} INFO - 		at org.apache.spark.sql.execution.QueryExecution.$anonfun$lazyCommandExecuted$1(QueryExecution.scala:126)
[2026-03-23T00:31:07.175+0000] {subprocess.py:93} INFO - 		at scala.util.Try$.apply(Try.scala:217)
[2026-03-23T00:31:07.175+0000] {subprocess.py:93} INFO - 		at org.apache.spark.util.Utils$.doTryWithCallerStacktrace(Utils.scala:1378)
[2026-03-23T00:31:07.175+0000] {subprocess.py:93} INFO - 		at org.apache.spark.util.LazyTry.tryT$lzycompute(LazyTry.scala:46)
[2026-03-23T00:31:07.175+0000] {subprocess.py:93} INFO - 		at org.apache.spark.util.LazyTry.tryT(LazyTry.scala:46)
[2026-03-23T00:31:07.176+0000] {subprocess.py:93} INFO - 		... 19 more
[2026-03-23T00:31:07.176+0000] {subprocess.py:93} INFO - 
[2026-03-23T00:31:07.176+0000] {subprocess.py:93} INFO - 
[2026-03-23T00:31:07.176+0000] {subprocess.py:93} INFO - During handling of the above exception, another exception occurred:
[2026-03-23T00:31:07.176+0000] {subprocess.py:93} INFO - 
[2026-03-23T00:31:07.177+0000] {subprocess.py:93} INFO - Traceback (most recent call last):
[2026-03-23T00:31:07.177+0000] {subprocess.py:93} INFO -   File "/app/src/writer.py", line 63, in write_output
[2026-03-23T00:31:07.177+0000] {subprocess.py:93} INFO -     df.write.mode(sink_mode).format(sink_format).save(path)
[2026-03-23T00:31:07.177+0000] {subprocess.py:93} INFO -   File "/home/***/.local/lib/python3.9/site-packages/pyspark/sql/readwriter.py", line 1745, in save
[2026-03-23T00:31:07.178+0000] {subprocess.py:93} INFO -     self._jwrite.save(path)
[2026-03-23T00:31:07.178+0000] {subprocess.py:93} INFO -   File "/home/***/.local/lib/python3.9/site-packages/py4j/java_gateway.py", line 1362, in __call__
[2026-03-23T00:31:07.178+0000] {subprocess.py:93} INFO -     return_value = get_return_value(
[2026-03-23T00:31:07.178+0000] {subprocess.py:93} INFO -   File "/home/***/.local/lib/python3.9/site-packages/pyspark/errors/exceptions/captured.py", line 282, in deco
[2026-03-23T00:31:07.179+0000] {subprocess.py:93} INFO -     return f(*a, **kw)
[2026-03-23T00:31:07.179+0000] {subprocess.py:93} INFO -   File "/home/***/.local/lib/python3.9/site-packages/py4j/protocol.py", line 327, in get_return_value
[2026-03-23T00:31:07.179+0000] {subprocess.py:93} INFO -     raise Py4JJavaError(
[2026-03-23T00:31:07.180+0000] {subprocess.py:93} INFO - py4j.protocol.Py4JJavaError: An error occurred while calling o74.save.
[2026-03-23T00:31:07.180+0000] {subprocess.py:93} INFO - : org.apache.spark.SparkException: Unable to clear output directory file:/app/data/output/events/motor_policy prior to writing to it.
[2026-03-23T00:31:07.180+0000] {subprocess.py:93} INFO - 	at org.apache.spark.sql.errors.QueryExecutionErrors$.cannotClearOutputDirectoryError(QueryExecutionErrors.scala:786)
[2026-03-23T00:31:07.180+0000] {subprocess.py:93} INFO - 	at org.apache.spark.sql.execution.datasources.InsertIntoHadoopFsRelationCommand.deleteMatchingPartitions(InsertIntoHadoopFsRelationCommand.scala:244)
[2026-03-23T00:31:07.181+0000] {subprocess.py:93} INFO - 	at org.apache.spark.sql.execution.datasources.InsertIntoHadoopFsRelationCommand.run(InsertIntoHadoopFsRelationCommand.scala:136)
[2026-03-23T00:31:07.181+0000] {subprocess.py:93} INFO - 	at org.apache.spark.sql.execution.command.DataWritingCommandExec.sideEffectResult$lzycompute(commands.scala:117)
[2026-03-23T00:31:07.181+0000] {subprocess.py:93} INFO - 	at org.apache.spark.sql.execution.command.DataWritingCommandExec.sideEffectResult(commands.scala:115)
[2026-03-23T00:31:07.181+0000] {subprocess.py:93} INFO - 	at org.apache.spark.sql.execution.command.DataWritingCommandExec.executeCollect(commands.scala:129)
[2026-03-23T00:31:07.182+0000] {subprocess.py:93} INFO - 	at org.apache.spark.sql.execution.QueryExecution.$anonfun$eagerlyExecuteCommands$2(QueryExecution.scala:155)
[2026-03-23T00:31:07.182+0000] {subprocess.py:93} INFO - 	at org.apache.spark.sql.execution.SQLExecution$.$anonfun$withNewExecutionId0$8(SQLExecution.scala:163)
[2026-03-23T00:31:07.182+0000] {subprocess.py:93} INFO - 	at org.apache.spark.sql.execution.SQLExecution$.withSessionTagsApplied(SQLExecution.scala:272)
[2026-03-23T00:31:07.182+0000] {subprocess.py:93} INFO - 	at org.apache.spark.sql.execution.SQLExecution$.$anonfun$withNewExecutionId0$7(SQLExecution.scala:125)
[2026-03-23T00:31:07.183+0000] {subprocess.py:93} INFO - 	at org.apache.spark.JobArtifactSet$.withActiveJobArtifactState(JobArtifactSet.scala:94)
[2026-03-23T00:31:07.183+0000] {subprocess.py:93} INFO - 	at org.apache.spark.sql.artifact.ArtifactManager.$anonfun$withResources$1(ArtifactManager.scala:112)
[2026-03-23T00:31:07.183+0000] {subprocess.py:93} INFO - 	at org.apache.spark.sql.artifact.ArtifactManager.withClassLoaderIfNeeded(ArtifactManager.scala:106)
[2026-03-23T00:31:07.184+0000] {subprocess.py:93} INFO - 	at org.apache.spark.sql.artifact.ArtifactManager.withResources(ArtifactManager.scala:111)
[2026-03-23T00:31:07.184+0000] {subprocess.py:93} INFO - 	at org.apache.spark.sql.execution.SQLExecution$.$anonfun$withNewExecutionId0$6(SQLExecution.scala:125)
[2026-03-23T00:31:07.184+0000] {subprocess.py:93} INFO - 	at org.apache.spark.sql.execution.SQLExecution$.withSQLConfPropagated(SQLExecution.scala:295)
[2026-03-23T00:31:07.184+0000] {subprocess.py:93} INFO - 	at org.apache.spark.sql.execution.SQLExecution$.$anonfun$withNewExecutionId0$1(SQLExecution.scala:124)
[2026-03-23T00:31:07.184+0000] {subprocess.py:93} INFO - 	at org.apache.spark.sql.SparkSession.withActive(SparkSession.scala:804)
[2026-03-23T00:31:07.185+0000] {subprocess.py:93} INFO - 	at org.apache.spark.sql.execution.SQLExecution$.withNewExecutionId0(SQLExecution.scala:78)
[2026-03-23T00:31:07.185+0000] {subprocess.py:93} INFO - 	at org.apache.spark.sql.execution.SQLExecution$.withNewExecutionId(SQLExecution.scala:237)
[2026-03-23T00:31:07.185+0000] {subprocess.py:93} INFO - 	at org.apache.spark.sql.execution.QueryExecution.$anonfun$eagerlyExecuteCommands$1(QueryExecution.scala:155)
[2026-03-23T00:31:07.185+0000] {subprocess.py:93} INFO - 	at org.apache.spark.sql.execution.QueryExecution$.withInternalError(QueryExecution.scala:654)
[2026-03-23T00:31:07.185+0000] {subprocess.py:93} INFO - 	at org.apache.spark.sql.execution.QueryExecution.org$apache$spark$sql$execution$QueryExecution$$eagerlyExecute$1(QueryExecution.scala:154)
[2026-03-23T00:31:07.186+0000] {subprocess.py:93} INFO - 	at org.apache.spark.sql.execution.QueryExecution$$anonfun$eagerlyExecuteCommands$3.applyOrElse(QueryExecution.scala:169)
[2026-03-23T00:31:07.186+0000] {subprocess.py:93} INFO - 	at org.apache.spark.sql.execution.QueryExecution$$anonfun$eagerlyExecuteCommands$3.applyOrElse(QueryExecution.scala:164)
[2026-03-23T00:31:07.186+0000] {subprocess.py:93} INFO - 	at org.apache.spark.sql.catalyst.trees.TreeNode.$anonfun$transformDownWithPruning$1(TreeNode.scala:470)
[2026-03-23T00:31:07.187+0000] {subprocess.py:93} INFO - 	at org.apache.spark.sql.catalyst.trees.CurrentOrigin$.withOrigin(origin.scala:86)
[2026-03-23T00:31:07.187+0000] {subprocess.py:93} INFO - 	at org.apache.spark.sql.catalyst.trees.TreeNode.transformDownWithPruning(TreeNode.scala:470)
[2026-03-23T00:31:07.187+0000] {subprocess.py:93} INFO - 	at org.apache.spark.sql.catalyst.plans.logical.LogicalPlan.org$apache$spark$sql$catalyst$plans$logical$AnalysisHelper$$super$transformDownWithPruning(LogicalPlan.scala:37)
[2026-03-23T00:31:07.187+0000] {subprocess.py:93} INFO - 	at org.apache.spark.sql.catalyst.plans.logical.AnalysisHelper.transformDownWithPruning(AnalysisHelper.scala:360)
[2026-03-23T00:31:07.187+0000] {subprocess.py:93} INFO - 	at org.apache.spark.sql.catalyst.plans.logical.AnalysisHelper.transformDownWithPruning$(AnalysisHelper.scala:356)
[2026-03-23T00:31:07.188+0000] {subprocess.py:93} INFO - 	at org.apache.spark.sql.catalyst.plans.logical.LogicalPlan.transformDownWithPruning(LogicalPlan.scala:37)
[2026-03-23T00:31:07.188+0000] {subprocess.py:93} INFO - 	at org.apache.spark.sql.catalyst.plans.logical.LogicalPlan.transformDownWithPruning(LogicalPlan.scala:37)
[2026-03-23T00:31:07.188+0000] {subprocess.py:93} INFO - 	at org.apache.spark.sql.catalyst.trees.TreeNode.transformDown(TreeNode.scala:446)
[2026-03-23T00:31:07.188+0000] {subprocess.py:93} INFO - 	at org.apache.spark.sql.execution.QueryExecution.eagerlyExecuteCommands(QueryExecution.scala:164)
[2026-03-23T00:31:07.188+0000] {subprocess.py:93} INFO - 	at org.apache.spark.sql.execution.QueryExecution.$anonfun$lazyCommandExecuted$1(QueryExecution.scala:126)
[2026-03-23T00:31:07.188+0000] {subprocess.py:93} INFO - 	at scala.util.Try$.apply(Try.scala:217)
[2026-03-23T00:31:07.189+0000] {subprocess.py:93} INFO - 	at org.apache.spark.util.Utils$.doTryWithCallerStacktrace(Utils.scala:1378)
[2026-03-23T00:31:07.189+0000] {subprocess.py:93} INFO - 	at org.apache.spark.util.Utils$.getTryWithCallerStacktrace(Utils.scala:1439)
[2026-03-23T00:31:07.189+0000] {subprocess.py:93} INFO - 	at org.apache.spark.util.LazyTry.get(LazyTry.scala:58)
[2026-03-23T00:31:07.189+0000] {subprocess.py:93} INFO - 	at org.apache.spark.sql.execution.QueryExecution.commandExecuted(QueryExecution.scala:131)
[2026-03-23T00:31:07.189+0000] {subprocess.py:93} INFO - 	at org.apache.spark.sql.execution.QueryExecution.assertCommandExecuted(QueryExecution.scala:192)
[2026-03-23T00:31:07.189+0000] {subprocess.py:93} INFO - 	at org.apache.spark.sql.classic.DataFrameWriter.runCommand(DataFrameWriter.scala:622)
[2026-03-23T00:31:07.190+0000] {subprocess.py:93} INFO - 	at org.apache.spark.sql.classic.DataFrameWriter.saveToV1Source(DataFrameWriter.scala:273)
[2026-03-23T00:31:07.190+0000] {subprocess.py:93} INFO - 	at org.apache.spark.sql.classic.DataFrameWriter.saveInternal(DataFrameWriter.scala:241)
[2026-03-23T00:31:07.190+0000] {subprocess.py:93} INFO - 	at org.apache.spark.sql.classic.DataFrameWriter.save(DataFrameWriter.scala:118)
[2026-03-23T00:31:07.190+0000] {subprocess.py:93} INFO - 	at java.base/jdk.internal.reflect.NativeMethodAccessorImpl.invoke0(Native Method)
[2026-03-23T00:31:07.190+0000] {subprocess.py:93} INFO - 	at java.base/jdk.internal.reflect.NativeMethodAccessorImpl.invoke(NativeMethodAccessorImpl.java:77)
[2026-03-23T00:31:07.190+0000] {subprocess.py:93} INFO - 	at java.base/jdk.internal.reflect.DelegatingMethodAccessorImpl.invoke(DelegatingMethodAccessorImpl.java:43)
[2026-03-23T00:31:07.190+0000] {subprocess.py:93} INFO - 	at java.base/java.lang.reflect.Method.invoke(Method.java:569)
[2026-03-23T00:31:07.190+0000] {subprocess.py:93} INFO - 	at py4j.reflection.MethodInvoker.invoke(MethodInvoker.java:244)
[2026-03-23T00:31:07.191+0000] {subprocess.py:93} INFO - 	at py4j.reflection.ReflectionEngine.invoke(ReflectionEngine.java:374)
[2026-03-23T00:31:07.191+0000] {subprocess.py:93} INFO - 	at py4j.Gateway.invoke(Gateway.java:282)
[2026-03-23T00:31:07.191+0000] {subprocess.py:93} INFO - 	at py4j.commands.AbstractCommand.invokeMethod(AbstractCommand.java:132)
[2026-03-23T00:31:07.191+0000] {subprocess.py:93} INFO - 	at py4j.commands.CallCommand.execute(CallCommand.java:79)
[2026-03-23T00:31:07.191+0000] {subprocess.py:93} INFO - 	at py4j.ClientServerConnection.waitForCommands(ClientServerConnection.java:184)
[2026-03-23T00:31:07.191+0000] {subprocess.py:93} INFO - 	at py4j.ClientServerConnection.run(ClientServerConnection.java:108)
[2026-03-23T00:31:07.191+0000] {subprocess.py:93} INFO - 	at java.base/java.lang.Thread.run(Thread.java:840)
[2026-03-23T00:31:07.191+0000] {subprocess.py:93} INFO - 	Suppressed: org.apache.spark.util.Utils$OriginalTryStackTraceException: Full stacktrace of original doTryWithCallerStacktrace caller
[2026-03-23T00:31:07.192+0000] {subprocess.py:93} INFO - 		at org.apache.spark.sql.errors.QueryExecutionErrors$.cannotClearOutputDirectoryError(QueryExecutionErrors.scala:786)
[2026-03-23T00:31:07.192+0000] {subprocess.py:93} INFO - 		at org.apache.spark.sql.execution.datasources.InsertIntoHadoopFsRelationCommand.deleteMatchingPartitions(InsertIntoHadoopFsRelationCommand.scala:244)
[2026-03-23T00:31:07.192+0000] {subprocess.py:93} INFO - 		at org.apache.spark.sql.execution.datasources.InsertIntoHadoopFsRelationCommand.run(InsertIntoHadoopFsRelationCommand.scala:136)
[2026-03-23T00:31:07.192+0000] {subprocess.py:93} INFO - 		at org.apache.spark.sql.execution.command.DataWritingCommandExec.sideEffectResult$lzycompute(commands.scala:117)
[2026-03-23T00:31:07.192+0000] {subprocess.py:93} INFO - 		at org.apache.spark.sql.execution.command.DataWritingCommandExec.sideEffectResult(commands.scala:115)
[2026-03-23T00:31:07.193+0000] {subprocess.py:93} INFO - 		at org.apache.spark.sql.execution.command.DataWritingCommandExec.executeCollect(commands.scala:129)
[2026-03-23T00:31:07.193+0000] {subprocess.py:93} INFO - 		at org.apache.spark.sql.execution.QueryExecution.$anonfun$eagerlyExecuteCommands$2(QueryExecution.scala:155)
[2026-03-23T00:31:07.193+0000] {subprocess.py:93} INFO - 		at org.apache.spark.sql.execution.SQLExecution$.$anonfun$withNewExecutionId0$8(SQLExecution.scala:163)
[2026-03-23T00:31:07.193+0000] {subprocess.py:93} INFO - 		at org.apache.spark.sql.execution.SQLExecution$.withSessionTagsApplied(SQLExecution.scala:272)
[2026-03-23T00:31:07.194+0000] {subprocess.py:93} INFO - 		at org.apache.spark.sql.execution.SQLExecution$.$anonfun$withNewExecutionId0$7(SQLExecution.scala:125)
[2026-03-23T00:31:07.194+0000] {subprocess.py:93} INFO - 		at org.apache.spark.JobArtifactSet$.withActiveJobArtifactState(JobArtifactSet.scala:94)
[2026-03-23T00:31:07.194+0000] {subprocess.py:93} INFO - 		at org.apache.spark.sql.artifact.ArtifactManager.$anonfun$withResources$1(ArtifactManager.scala:112)
[2026-03-23T00:31:07.194+0000] {subprocess.py:93} INFO - 		at org.apache.spark.sql.artifact.ArtifactManager.withClassLoaderIfNeeded(ArtifactManager.scala:106)
[2026-03-23T00:31:07.194+0000] {subprocess.py:93} INFO - 		at org.apache.spark.sql.artifact.ArtifactManager.withResources(ArtifactManager.scala:111)
[2026-03-23T00:31:07.195+0000] {subprocess.py:93} INFO - 		at org.apache.spark.sql.execution.SQLExecution$.$anonfun$withNewExecutionId0$6(SQLExecution.scala:125)
[2026-03-23T00:31:07.195+0000] {subprocess.py:93} INFO - 		at org.apache.spark.sql.execution.SQLExecution$.withSQLConfPropagated(SQLExecution.scala:295)
[2026-03-23T00:31:07.195+0000] {subprocess.py:93} INFO - 		at org.apache.spark.sql.execution.SQLExecution$.$anonfun$withNewExecutionId0$1(SQLExecution.scala:124)
[2026-03-23T00:31:07.195+0000] {subprocess.py:93} INFO - 		at org.apache.spark.sql.SparkSession.withActive(SparkSession.scala:804)
[2026-03-23T00:31:07.196+0000] {subprocess.py:93} INFO - 		at org.apache.spark.sql.execution.SQLExecution$.withNewExecutionId0(SQLExecution.scala:78)
[2026-03-23T00:31:07.196+0000] {subprocess.py:93} INFO - 		at org.apache.spark.sql.execution.SQLExecution$.withNewExecutionId(SQLExecution.scala:237)
[2026-03-23T00:31:07.196+0000] {subprocess.py:93} INFO - 		at org.apache.spark.sql.execution.QueryExecution.$anonfun$eagerlyExecuteCommands$1(QueryExecution.scala:155)
[2026-03-23T00:31:07.197+0000] {subprocess.py:93} INFO - 		at org.apache.spark.sql.execution.QueryExecution$.withInternalError(QueryExecution.scala:654)
[2026-03-23T00:31:07.197+0000] {subprocess.py:93} INFO - 		at org.apache.spark.sql.execution.QueryExecution.org$apache$spark$sql$execution$QueryExecution$$eagerlyExecute$1(QueryExecution.scala:154)
[2026-03-23T00:31:07.197+0000] {subprocess.py:93} INFO - 		at org.apache.spark.sql.execution.QueryExecution$$anonfun$eagerlyExecuteCommands$3.applyOrElse(QueryExecution.scala:169)
[2026-03-23T00:31:07.197+0000] {subprocess.py:93} INFO - 		at org.apache.spark.sql.execution.QueryExecution$$anonfun$eagerlyExecuteCommands$3.applyOrElse(QueryExecution.scala:164)
[2026-03-23T00:31:07.197+0000] {subprocess.py:93} INFO - 		at org.apache.spark.sql.catalyst.trees.TreeNode.$anonfun$transformDownWithPruning$1(TreeNode.scala:470)
[2026-03-23T00:31:07.198+0000] {subprocess.py:93} INFO - 		at org.apache.spark.sql.catalyst.trees.CurrentOrigin$.withOrigin(origin.scala:86)
[2026-03-23T00:31:07.198+0000] {subprocess.py:93} INFO - 		at org.apache.spark.sql.catalyst.trees.TreeNode.transformDownWithPruning(TreeNode.scala:470)
[2026-03-23T00:31:07.198+0000] {subprocess.py:93} INFO - 		at org.apache.spark.sql.catalyst.plans.logical.LogicalPlan.org$apache$spark$sql$catalyst$plans$logical$AnalysisHelper$$super$transformDownWithPruning(LogicalPlan.scala:37)
[2026-03-23T00:31:07.198+0000] {subprocess.py:93} INFO - 		at org.apache.spark.sql.catalyst.plans.logical.AnalysisHelper.transformDownWithPruning(AnalysisHelper.scala:360)
[2026-03-23T00:31:07.199+0000] {subprocess.py:93} INFO - 		at org.apache.spark.sql.catalyst.plans.logical.AnalysisHelper.transformDownWithPruning$(AnalysisHelper.scala:356)
[2026-03-23T00:31:07.199+0000] {subprocess.py:93} INFO - 		at org.apache.spark.sql.catalyst.plans.logical.LogicalPlan.transformDownWithPruning(LogicalPlan.scala:37)
[2026-03-23T00:31:07.199+0000] {subprocess.py:93} INFO - 		at org.apache.spark.sql.catalyst.plans.logical.LogicalPlan.transformDownWithPruning(LogicalPlan.scala:37)
[2026-03-23T00:31:07.199+0000] {subprocess.py:93} INFO - 		at org.apache.spark.sql.catalyst.trees.TreeNode.transformDown(TreeNode.scala:446)
[2026-03-23T00:31:07.199+0000] {subprocess.py:93} INFO - 		at org.apache.spark.sql.execution.QueryExecution.eagerlyExecuteCommands(QueryExecution.scala:164)
[2026-03-23T00:31:07.200+0000] {subprocess.py:93} INFO - 		at org.apache.spark.sql.execution.QueryExecution.$anonfun$lazyCommandExecuted$1(QueryExecution.scala:126)
[2026-03-23T00:31:07.200+0000] {subprocess.py:93} INFO - 		at scala.util.Try$.apply(Try.scala:217)
[2026-03-23T00:31:07.200+0000] {subprocess.py:93} INFO - 		at org.apache.spark.util.Utils$.doTryWithCallerStacktrace(Utils.scala:1378)
[2026-03-23T00:31:07.200+0000] {subprocess.py:93} INFO - 		at org.apache.spark.util.LazyTry.tryT$lzycompute(LazyTry.scala:46)
[2026-03-23T00:31:07.200+0000] {subprocess.py:93} INFO - 		at org.apache.spark.util.LazyTry.tryT(LazyTry.scala:46)
[2026-03-23T00:31:07.200+0000] {subprocess.py:93} INFO - 		... 19 more
[2026-03-23T00:31:07.201+0000] {subprocess.py:93} INFO - 
[2026-03-23T00:31:07.201+0000] {subprocess.py:93} INFO - 
[2026-03-23T00:31:07.201+0000] {subprocess.py:93} INFO - The above exception was the direct cause of the following exception:
[2026-03-23T00:31:07.201+0000] {subprocess.py:93} INFO - 
[2026-03-23T00:31:07.201+0000] {subprocess.py:93} INFO - Traceback (most recent call last):
[2026-03-23T00:31:07.201+0000] {subprocess.py:93} INFO -   File "/app/src/main.py", line 29, in main
[2026-03-23T00:31:07.202+0000] {subprocess.py:93} INFO -     engine.run()
[2026-03-23T00:31:07.202+0000] {subprocess.py:93} INFO -   File "/app/src/engine.py", line 70, in run
[2026-03-23T00:31:07.202+0000] {subprocess.py:93} INFO -     write_output(self.dataframes[sink_input], sink)
[2026-03-23T00:31:07.202+0000] {subprocess.py:93} INFO -   File "/app/src/writer.py", line 67, in write_output
[2026-03-23T00:31:07.202+0000] {subprocess.py:93} INFO -     raise RuntimeError(
[2026-03-23T00:31:07.203+0000] {subprocess.py:93} INFO - RuntimeError: Failed writing sink 'raw-ok' to path 'data/output/events/motor_policy' (even after cleanup). Format: 'JSON', Mode: 'OVERWRITE'. Original error: An error occurred while calling o70.save.
[2026-03-23T00:31:07.203+0000] {subprocess.py:93} INFO - : org.apache.spark.SparkException: Unable to clear output directory file:/app/data/output/events/motor_policy prior to writing to it.
[2026-03-23T00:31:07.203+0000] {subprocess.py:93} INFO - 	at org.apache.spark.sql.errors.QueryExecutionErrors$.cannotClearOutputDirectoryError(QueryExecutionErrors.scala:786)
[2026-03-23T00:31:07.203+0000] {subprocess.py:93} INFO - 	at org.apache.spark.sql.execution.datasources.InsertIntoHadoopFsRelationCommand.deleteMatchingPartitions(InsertIntoHadoopFsRelationCommand.scala:244)
[2026-03-23T00:31:07.204+0000] {subprocess.py:93} INFO - 	at org.apache.spark.sql.execution.datasources.InsertIntoHadoopFsRelationCommand.run(InsertIntoHadoopFsRelationCommand.scala:136)
[2026-03-23T00:31:07.204+0000] {subprocess.py:93} INFO - 	at org.apache.spark.sql.execution.command.DataWritingCommandExec.sideEffectResult$lzycompute(commands.scala:117)
[2026-03-23T00:31:07.204+0000] {subprocess.py:93} INFO - 	at org.apache.spark.sql.execution.command.DataWritingCommandExec.sideEffectResult(commands.scala:115)
[2026-03-23T00:31:07.204+0000] {subprocess.py:93} INFO - 	at org.apache.spark.sql.execution.command.DataWritingCommandExec.executeCollect(commands.scala:129)
[2026-03-23T00:31:07.204+0000] {subprocess.py:93} INFO - 	at org.apache.spark.sql.execution.QueryExecution.$anonfun$eagerlyExecuteCommands$2(QueryExecution.scala:155)
[2026-03-23T00:31:07.205+0000] {subprocess.py:93} INFO - 	at org.apache.spark.sql.execution.SQLExecution$.$anonfun$withNewExecutionId0$8(SQLExecution.scala:163)
[2026-03-23T00:31:07.205+0000] {subprocess.py:93} INFO - 	at org.apache.spark.sql.execution.SQLExecution$.withSessionTagsApplied(SQLExecution.scala:272)
[2026-03-23T00:31:07.205+0000] {subprocess.py:93} INFO - 	at org.apache.spark.sql.execution.SQLExecution$.$anonfun$withNewExecutionId0$7(SQLExecution.scala:125)
[2026-03-23T00:31:07.205+0000] {subprocess.py:93} INFO - 	at org.apache.spark.JobArtifactSet$.withActiveJobArtifactState(JobArtifactSet.scala:94)
[2026-03-23T00:31:07.206+0000] {subprocess.py:93} INFO - 	at org.apache.spark.sql.artifact.ArtifactManager.$anonfun$withResources$1(ArtifactManager.scala:112)
[2026-03-23T00:31:07.206+0000] {subprocess.py:93} INFO - 	at org.apache.spark.sql.artifact.ArtifactManager.withClassLoaderIfNeeded(ArtifactManager.scala:106)
[2026-03-23T00:31:07.206+0000] {subprocess.py:93} INFO - 	at org.apache.spark.sql.artifact.ArtifactManager.withResources(ArtifactManager.scala:111)
[2026-03-23T00:31:07.206+0000] {subprocess.py:93} INFO - 	at org.apache.spark.sql.execution.SQLExecution$.$anonfun$withNewExecutionId0$6(SQLExecution.scala:125)
[2026-03-23T00:31:07.206+0000] {subprocess.py:93} INFO - 	at org.apache.spark.sql.execution.SQLExecution$.withSQLConfPropagated(SQLExecution.scala:295)
[2026-03-23T00:31:07.207+0000] {subprocess.py:93} INFO - 	at org.apache.spark.sql.execution.SQLExecution$.$anonfun$withNewExecutionId0$1(SQLExecution.scala:124)
[2026-03-23T00:31:07.207+0000] {subprocess.py:93} INFO - 	at org.apache.spark.sql.SparkSession.withActive(SparkSession.scala:804)
[2026-03-23T00:31:07.207+0000] {subprocess.py:93} INFO - 	at org.apache.spark.sql.execution.SQLExecution$.withNewExecutionId0(SQLExecution.scala:78)
[2026-03-23T00:31:07.207+0000] {subprocess.py:93} INFO - 	at org.apache.spark.sql.execution.SQLExecution$.withNewExecutionId(SQLExecution.scala:237)
[2026-03-23T00:31:07.207+0000] {subprocess.py:93} INFO - 	at org.apache.spark.sql.execution.QueryExecution.$anonfun$eagerlyExecuteCommands$1(QueryExecution.scala:155)
[2026-03-23T00:31:07.207+0000] {subprocess.py:93} INFO - 	at org.apache.spark.sql.execution.QueryExecution$.withInternalError(QueryExecution.scala:654)
[2026-03-23T00:31:07.208+0000] {subprocess.py:93} INFO - 	at org.apache.spark.sql.execution.QueryExecution.org$apache$spark$sql$execution$QueryExecution$$eagerlyExecute$1(QueryExecution.scala:154)
[2026-03-23T00:31:07.208+0000] {subprocess.py:93} INFO - 	at org.apache.spark.sql.execution.QueryExecution$$anonfun$eagerlyExecuteCommands$3.applyOrElse(QueryExecution.scala:169)
[2026-03-23T00:31:07.208+0000] {subprocess.py:93} INFO - 	at org.apache.spark.sql.execution.QueryExecution$$anonfun$eagerlyExecuteCommands$3.applyOrElse(QueryExecution.scala:164)
[2026-03-23T00:31:07.208+0000] {subprocess.py:93} INFO - 	at org.apache.spark.sql.catalyst.trees.TreeNode.$anonfun$transformDownWithPruning$1(TreeNode.scala:470)
[2026-03-23T00:31:07.208+0000] {subprocess.py:93} INFO - 	at org.apache.spark.sql.catalyst.trees.CurrentOrigin$.withOrigin(origin.scala:86)
[2026-03-23T00:31:07.208+0000] {subprocess.py:93} INFO - 	at org.apache.spark.sql.catalyst.trees.TreeNode.transformDownWithPruning(TreeNode.scala:470)
[2026-03-23T00:31:07.209+0000] {subprocess.py:93} INFO - 	at org.apache.spark.sql.catalyst.plans.logical.LogicalPlan.org$apache$spark$sql$catalyst$plans$logical$AnalysisHelper$$super$transformDownWithPruning(LogicalPlan.scala:37)
[2026-03-23T00:31:07.209+0000] {subprocess.py:93} INFO - 	at org.apache.spark.sql.catalyst.plans.logical.AnalysisHelper.transformDownWithPruning(AnalysisHelper.scala:360)
[2026-03-23T00:31:07.209+0000] {subprocess.py:93} INFO - 	at org.apache.spark.sql.catalyst.plans.logical.AnalysisHelper.transformDownWithPruning$(AnalysisHelper.scala:356)
[2026-03-23T00:31:07.209+0000] {subprocess.py:93} INFO - 	at org.apache.spark.sql.catalyst.plans.logical.LogicalPlan.transformDownWithPruning(LogicalPlan.scala:37)
[2026-03-23T00:31:07.209+0000] {subprocess.py:93} INFO - 	at org.apache.spark.sql.catalyst.plans.logical.LogicalPlan.transformDownWithPruning(LogicalPlan.scala:37)
[2026-03-23T00:31:07.209+0000] {subprocess.py:93} INFO - 	at org.apache.spark.sql.catalyst.trees.TreeNode.transformDown(TreeNode.scala:446)
[2026-03-23T00:31:07.210+0000] {subprocess.py:93} INFO - 	at org.apache.spark.sql.execution.QueryExecution.eagerlyExecuteCommands(QueryExecution.scala:164)
[2026-03-23T00:31:07.210+0000] {subprocess.py:93} INFO - 	at org.apache.spark.sql.execution.QueryExecution.$anonfun$lazyCommandExecuted$1(QueryExecution.scala:126)
[2026-03-23T00:31:07.210+0000] {subprocess.py:93} INFO - 	at scala.util.Try$.apply(Try.scala:217)
[2026-03-23T00:31:07.210+0000] {subprocess.py:93} INFO - 	at org.apache.spark.util.Utils$.doTryWithCallerStacktrace(Utils.scala:1378)
[2026-03-23T00:31:07.210+0000] {subprocess.py:93} INFO - 	at org.apache.spark.util.Utils$.getTryWithCallerStacktrace(Utils.scala:1439)
[2026-03-23T00:31:07.210+0000] {subprocess.py:93} INFO - 	at org.apache.spark.util.LazyTry.get(LazyTry.scala:58)
[2026-03-23T00:31:07.210+0000] {subprocess.py:93} INFO - 	at org.apache.spark.sql.execution.QueryExecution.commandExecuted(QueryExecution.scala:131)
[2026-03-23T00:31:07.210+0000] {subprocess.py:93} INFO - 	at org.apache.spark.sql.execution.QueryExecution.assertCommandExecuted(QueryExecution.scala:192)
[2026-03-23T00:31:07.211+0000] {subprocess.py:93} INFO - 	at org.apache.spark.sql.classic.DataFrameWriter.runCommand(DataFrameWriter.scala:622)
[2026-03-23T00:31:07.211+0000] {subprocess.py:93} INFO - 	at org.apache.spark.sql.classic.DataFrameWriter.saveToV1Source(DataFrameWriter.scala:273)
[2026-03-23T00:31:07.211+0000] {subprocess.py:93} INFO - 	at org.apache.spark.sql.classic.DataFrameWriter.saveInternal(DataFrameWriter.scala:241)
[2026-03-23T00:31:07.211+0000] {subprocess.py:93} INFO - 	at org.apache.spark.sql.classic.DataFrameWriter.save(DataFrameWriter.scala:118)
[2026-03-23T00:31:07.211+0000] {subprocess.py:93} INFO - 	at java.base/jdk.internal.reflect.NativeMethodAccessorImpl.invoke0(Native Method)
[2026-03-23T00:31:07.212+0000] {subprocess.py:93} INFO - 	at java.base/jdk.internal.reflect.NativeMethodAccessorImpl.invoke(NativeMethodAccessorImpl.java:77)
[2026-03-23T00:31:07.212+0000] {subprocess.py:93} INFO - 	at java.base/jdk.internal.reflect.DelegatingMethodAccessorImpl.invoke(DelegatingMethodAccessorImpl.java:43)
[2026-03-23T00:31:07.212+0000] {subprocess.py:93} INFO - 	at java.base/java.lang.reflect.Method.invoke(Method.java:569)
[2026-03-23T00:31:07.213+0000] {subprocess.py:93} INFO - 	at py4j.reflection.MethodInvoker.invoke(MethodInvoker.java:244)
[2026-03-23T00:31:07.213+0000] {subprocess.py:93} INFO - 	at py4j.reflection.ReflectionEngine.invoke(ReflectionEngine.java:374)
[2026-03-23T00:31:07.213+0000] {subprocess.py:93} INFO - 	at py4j.Gateway.invoke(Gateway.java:282)
[2026-03-23T00:31:07.213+0000] {subprocess.py:93} INFO - 	at py4j.commands.AbstractCommand.invokeMethod(AbstractCommand.java:132)
[2026-03-23T00:31:07.213+0000] {subprocess.py:93} INFO - 	at py4j.commands.CallCommand.execute(CallCommand.java:79)
[2026-03-23T00:31:07.213+0000] {subprocess.py:93} INFO - 	at py4j.ClientServerConnection.waitForCommands(ClientServerConnection.java:184)
[2026-03-23T00:31:07.214+0000] {subprocess.py:93} INFO - 	at py4j.ClientServerConnection.run(ClientServerConnection.java:108)
[2026-03-23T00:31:07.214+0000] {subprocess.py:93} INFO - 	at java.base/java.lang.Thread.run(Thread.java:840)
[2026-03-23T00:31:07.214+0000] {subprocess.py:93} INFO - 	Suppressed: org.apache.spark.util.Utils$OriginalTryStackTraceException: Full stacktrace of original doTryWithCallerStacktrace caller
[2026-03-23T00:31:07.214+0000] {subprocess.py:93} INFO - 		at org.apache.spark.sql.errors.QueryExecutionErrors$.cannotClearOutputDirectoryError(QueryExecutionErrors.scala:786)
[2026-03-23T00:31:07.214+0000] {subprocess.py:93} INFO - 		at org.apache.spark.sql.execution.datasources.InsertIntoHadoopFsRelationCommand.deleteMatchingPartitions(InsertIntoHadoopFsRelationCommand.scala:244)
[2026-03-23T00:31:07.214+0000] {subprocess.py:93} INFO - 		at org.apache.spark.sql.execution.datasources.InsertIntoHadoopFsRelationCommand.run(InsertIntoHadoopFsRelationCommand.scala:136)
[2026-03-23T00:31:07.214+0000] {subprocess.py:93} INFO - 		at org.apache.spark.sql.execution.command.DataWritingCommandExec.sideEffectResult$lzycompute(commands.scala:117)
[2026-03-23T00:31:07.215+0000] {subprocess.py:93} INFO - 		at org.apache.spark.sql.execution.command.DataWritingCommandExec.sideEffectResult(commands.scala:115)
[2026-03-23T00:31:07.215+0000] {subprocess.py:93} INFO - 		at org.apache.spark.sql.execution.command.DataWritingCommandExec.executeCollect(commands.scala:129)
[2026-03-23T00:31:07.215+0000] {subprocess.py:93} INFO - 		at org.apache.spark.sql.execution.QueryExecution.$anonfun$eagerlyExecuteCommands$2(QueryExecution.scala:155)
[2026-03-23T00:31:07.215+0000] {subprocess.py:93} INFO - 		at org.apache.spark.sql.execution.SQLExecution$.$anonfun$withNewExecutionId0$8(SQLExecution.scala:163)
[2026-03-23T00:31:07.215+0000] {subprocess.py:93} INFO - 		at org.apache.spark.sql.execution.SQLExecution$.withSessionTagsApplied(SQLExecution.scala:272)
[2026-03-23T00:31:07.215+0000] {subprocess.py:93} INFO - 		at org.apache.spark.sql.execution.SQLExecution$.$anonfun$withNewExecutionId0$7(SQLExecution.scala:125)
[2026-03-23T00:31:07.216+0000] {subprocess.py:93} INFO - 		at org.apache.spark.JobArtifactSet$.withActiveJobArtifactState(JobArtifactSet.scala:94)
[2026-03-23T00:31:07.216+0000] {subprocess.py:93} INFO - 		at org.apache.spark.sql.artifact.ArtifactManager.$anonfun$withResources$1(ArtifactManager.scala:112)
[2026-03-23T00:31:07.216+0000] {subprocess.py:93} INFO - 		at org.apache.spark.sql.artifact.ArtifactManager.withClassLoaderIfNeeded(ArtifactManager.scala:106)
[2026-03-23T00:31:07.216+0000] {subprocess.py:93} INFO - 		at org.apache.spark.sql.artifact.ArtifactManager.withResources(ArtifactManager.scala:111)
[2026-03-23T00:31:07.216+0000] {subprocess.py:93} INFO - 		at org.apache.spark.sql.execution.SQLExecution$.$anonfun$withNewExecutionId0$6(SQLExecution.scala:125)
[2026-03-23T00:31:07.216+0000] {subprocess.py:93} INFO - 		at org.apache.spark.sql.execution.SQLExecution$.withSQLConfPropagated(SQLExecution.scala:295)
[2026-03-23T00:31:07.217+0000] {subprocess.py:93} INFO - 		at org.apache.spark.sql.execution.SQLExecution$.$anonfun$withNewExecutionId0$1(SQLExecution.scala:124)
[2026-03-23T00:31:07.217+0000] {subprocess.py:93} INFO - 		at org.apache.spark.sql.SparkSession.withActive(SparkSession.scala:804)
[2026-03-23T00:31:07.217+0000] {subprocess.py:93} INFO - 		at org.apache.spark.sql.execution.SQLExecution$.withNewExecutionId0(SQLExecution.scala:78)
[2026-03-23T00:31:07.217+0000] {subprocess.py:93} INFO - 		at org.apache.spark.sql.execution.SQLExecution$.withNewExecutionId(SQLExecution.scala:237)
[2026-03-23T00:31:07.217+0000] {subprocess.py:93} INFO - 		at org.apache.spark.sql.execution.QueryExecution.$anonfun$eagerlyExecuteCommands$1(QueryExecution.scala:155)
[2026-03-23T00:31:07.217+0000] {subprocess.py:93} INFO - 		at org.apache.spark.sql.execution.QueryExecution$.withInternalError(QueryExecution.scala:654)
[2026-03-23T00:31:07.218+0000] {subprocess.py:93} INFO - 		at org.apache.spark.sql.execution.QueryExecution.org$apache$spark$sql$execution$QueryExecution$$eagerlyExecute$1(QueryExecution.scala:154)
[2026-03-23T00:31:07.218+0000] {subprocess.py:93} INFO - 		at org.apache.spark.sql.execution.QueryExecution$$anonfun$eagerlyExecuteCommands$3.applyOrElse(QueryExecution.scala:169)
[2026-03-23T00:31:07.218+0000] {subprocess.py:93} INFO - 		at org.apache.spark.sql.execution.QueryExecution$$anonfun$eagerlyExecuteCommands$3.applyOrElse(QueryExecution.scala:164)
[2026-03-23T00:31:07.218+0000] {subprocess.py:93} INFO - 		at org.apache.spark.sql.catalyst.trees.TreeNode.$anonfun$transformDownWithPruning$1(TreeNode.scala:470)
[2026-03-23T00:31:07.218+0000] {subprocess.py:93} INFO - 		at org.apache.spark.sql.catalyst.trees.CurrentOrigin$.withOrigin(origin.scala:86)
[2026-03-23T00:31:07.218+0000] {subprocess.py:93} INFO - 		at org.apache.spark.sql.catalyst.trees.TreeNode.transformDownWithPruning(TreeNode.scala:470)
[2026-03-23T00:31:07.218+0000] {subprocess.py:93} INFO - 		at org.apache.spark.sql.catalyst.plans.logical.LogicalPlan.org$apache$spark$sql$catalyst$plans$logical$AnalysisHelper$$super$transformDownWithPruning(LogicalPlan.scala:37)
[2026-03-23T00:31:07.219+0000] {subprocess.py:93} INFO - 		at org.apache.spark.sql.catalyst.plans.logical.AnalysisHelper.transformDownWithPruning(AnalysisHelper.scala:360)
[2026-03-23T00:31:07.219+0000] {subprocess.py:93} INFO - 		at org.apache.spark.sql.catalyst.plans.logical.AnalysisHelper.transformDownWithPruning$(AnalysisHelper.scala:356)
[2026-03-23T00:31:07.219+0000] {subprocess.py:93} INFO - 		at org.apache.spark.sql.catalyst.plans.logical.LogicalPlan.transformDownWithPruning(LogicalPlan.scala:37)
[2026-03-23T00:31:07.219+0000] {subprocess.py:93} INFO - 		at org.apache.spark.sql.catalyst.plans.logical.LogicalPlan.transformDownWithPruning(LogicalPlan.scala:37)
[2026-03-23T00:31:07.219+0000] {subprocess.py:93} INFO - 		at org.apache.spark.sql.catalyst.trees.TreeNode.transformDown(TreeNode.scala:446)
[2026-03-23T00:31:07.219+0000] {subprocess.py:93} INFO - 		at org.apache.spark.sql.execution.QueryExecution.eagerlyExecuteCommands(QueryExecution.scala:164)
[2026-03-23T00:31:07.220+0000] {subprocess.py:93} INFO - 		at org.apache.spark.sql.execution.QueryExecution.$anonfun$lazyCommandExecuted$1(QueryExecution.scala:126)
[2026-03-23T00:31:07.220+0000] {subprocess.py:93} INFO - 		at scala.util.Try$.apply(Try.scala:217)
[2026-03-23T00:31:07.220+0000] {subprocess.py:93} INFO - 		at org.apache.spark.util.Utils$.doTryWithCallerStacktrace(Utils.scala:1378)
[2026-03-23T00:31:07.220+0000] {subprocess.py:93} INFO - 		at org.apache.spark.util.LazyTry.tryT$lzycompute(LazyTry.scala:46)
[2026-03-23T00:31:07.221+0000] {subprocess.py:93} INFO - 		at org.apache.spark.util.LazyTry.tryT(LazyTry.scala:46)
[2026-03-23T00:31:07.221+0000] {subprocess.py:93} INFO - 		... 19 more
[2026-03-23T00:31:07.221+0000] {subprocess.py:93} INFO - 
[2026-03-23T00:31:07.221+0000] {subprocess.py:93} INFO - 2026-03-23 00:31:07,140 - __main__ - INFO - Stopping Spark session...
[2026-03-23T00:31:07.435+0000] {subprocess.py:93} INFO - 2026-03-23 00:31:07,434 - __main__ - CRITICAL - Fatal error: Failed writing sink 'raw-ok' to path 'data/output/events/motor_policy' (even after cleanup). Format: 'JSON', Mode: 'OVERWRITE'. Original error: An error occurred while calling o70.save.
[2026-03-23T00:31:07.435+0000] {subprocess.py:93} INFO - : org.apache.spark.SparkException: Unable to clear output directory file:/app/data/output/events/motor_policy prior to writing to it.
[2026-03-23T00:31:07.435+0000] {subprocess.py:93} INFO - 	at org.apache.spark.sql.errors.QueryExecutionErrors$.cannotClearOutputDirectoryError(QueryExecutionErrors.scala:786)
[2026-03-23T00:31:07.435+0000] {subprocess.py:93} INFO - 	at org.apache.spark.sql.execution.datasources.InsertIntoHadoopFsRelationCommand.deleteMatchingPartitions(InsertIntoHadoopFsRelationCommand.scala:244)
[2026-03-23T00:31:07.435+0000] {subprocess.py:93} INFO - 	at org.apache.spark.sql.execution.datasources.InsertIntoHadoopFsRelationCommand.run(InsertIntoHadoopFsRelationCommand.scala:136)
[2026-03-23T00:31:07.435+0000] {subprocess.py:93} INFO - 	at org.apache.spark.sql.execution.command.DataWritingCommandExec.sideEffectResult$lzycompute(commands.scala:117)
[2026-03-23T00:31:07.435+0000] {subprocess.py:93} INFO - 	at org.apache.spark.sql.execution.command.DataWritingCommandExec.sideEffectResult(commands.scala:115)
[2026-03-23T00:31:07.436+0000] {subprocess.py:93} INFO - 	at org.apache.spark.sql.execution.command.DataWritingCommandExec.executeCollect(commands.scala:129)
[2026-03-23T00:31:07.436+0000] {subprocess.py:93} INFO - 	at org.apache.spark.sql.execution.QueryExecution.$anonfun$eagerlyExecuteCommands$2(QueryExecution.scala:155)
[2026-03-23T00:31:07.436+0000] {subprocess.py:93} INFO - 	at org.apache.spark.sql.execution.SQLExecution$.$anonfun$withNewExecutionId0$8(SQLExecution.scala:163)
[2026-03-23T00:31:07.436+0000] {subprocess.py:93} INFO - 	at org.apache.spark.sql.execution.SQLExecution$.withSessionTagsApplied(SQLExecution.scala:272)
[2026-03-23T00:31:07.436+0000] {subprocess.py:93} INFO - 	at org.apache.spark.sql.execution.SQLExecution$.$anonfun$withNewExecutionId0$7(SQLExecution.scala:125)
[2026-03-23T00:31:07.436+0000] {subprocess.py:93} INFO - 	at org.apache.spark.JobArtifactSet$.withActiveJobArtifactState(JobArtifactSet.scala:94)
[2026-03-23T00:31:07.436+0000] {subprocess.py:93} INFO - 	at org.apache.spark.sql.artifact.ArtifactManager.$anonfun$withResources$1(ArtifactManager.scala:112)
[2026-03-23T00:31:07.436+0000] {subprocess.py:93} INFO - 	at org.apache.spark.sql.artifact.ArtifactManager.withClassLoaderIfNeeded(ArtifactManager.scala:106)
[2026-03-23T00:31:07.437+0000] {subprocess.py:93} INFO - 	at org.apache.spark.sql.artifact.ArtifactManager.withResources(ArtifactManager.scala:111)
[2026-03-23T00:31:07.437+0000] {subprocess.py:93} INFO - 	at org.apache.spark.sql.execution.SQLExecution$.$anonfun$withNewExecutionId0$6(SQLExecution.scala:125)
[2026-03-23T00:31:07.437+0000] {subprocess.py:93} INFO - 	at org.apache.spark.sql.execution.SQLExecution$.withSQLConfPropagated(SQLExecution.scala:295)
[2026-03-23T00:31:07.437+0000] {subprocess.py:93} INFO - 	at org.apache.spark.sql.execution.SQLExecution$.$anonfun$withNewExecutionId0$1(SQLExecution.scala:124)
[2026-03-23T00:31:07.437+0000] {subprocess.py:93} INFO - 	at org.apache.spark.sql.SparkSession.withActive(SparkSession.scala:804)
[2026-03-23T00:31:07.437+0000] {subprocess.py:93} INFO - 	at org.apache.spark.sql.execution.SQLExecution$.withNewExecutionId0(SQLExecution.scala:78)
[2026-03-23T00:31:07.437+0000] {subprocess.py:93} INFO - 	at org.apache.spark.sql.execution.SQLExecution$.withNewExecutionId(SQLExecution.scala:237)
[2026-03-23T00:31:07.437+0000] {subprocess.py:93} INFO - 	at org.apache.spark.sql.execution.QueryExecution.$anonfun$eagerlyExecuteCommands$1(QueryExecution.scala:155)
[2026-03-23T00:31:07.437+0000] {subprocess.py:93} INFO - 	at org.apache.spark.sql.execution.QueryExecution$.withInternalError(QueryExecution.scala:654)
[2026-03-23T00:31:07.438+0000] {subprocess.py:93} INFO - 	at org.apache.spark.sql.execution.QueryExecution.org$apache$spark$sql$execution$QueryExecution$$eagerlyExecute$1(QueryExecution.scala:154)
[2026-03-23T00:31:07.438+0000] {subprocess.py:93} INFO - 	at org.apache.spark.sql.execution.QueryExecution$$anonfun$eagerlyExecuteCommands$3.applyOrElse(QueryExecution.scala:169)
[2026-03-23T00:31:07.438+0000] {subprocess.py:93} INFO - 	at org.apache.spark.sql.execution.QueryExecution$$anonfun$eagerlyExecuteCommands$3.applyOrElse(QueryExecution.scala:164)
[2026-03-23T00:31:07.438+0000] {subprocess.py:93} INFO - 	at org.apache.spark.sql.catalyst.trees.TreeNode.$anonfun$transformDownWithPruning$1(TreeNode.scala:470)
[2026-03-23T00:31:07.438+0000] {subprocess.py:93} INFO - 	at org.apache.spark.sql.catalyst.trees.CurrentOrigin$.withOrigin(origin.scala:86)
[2026-03-23T00:31:07.438+0000] {subprocess.py:93} INFO - 	at org.apache.spark.sql.catalyst.trees.TreeNode.transformDownWithPruning(TreeNode.scala:470)
[2026-03-23T00:31:07.438+0000] {subprocess.py:93} INFO - 	at org.apache.spark.sql.catalyst.plans.logical.LogicalPlan.org$apache$spark$sql$catalyst$plans$logical$AnalysisHelper$$super$transformDownWithPruning(LogicalPlan.scala:37)
[2026-03-23T00:31:07.438+0000] {subprocess.py:93} INFO - 	at org.apache.spark.sql.catalyst.plans.logical.AnalysisHelper.transformDownWithPruning(AnalysisHelper.scala:360)
[2026-03-23T00:31:07.438+0000] {subprocess.py:93} INFO - 	at org.apache.spark.sql.catalyst.plans.logical.AnalysisHelper.transformDownWithPruning$(AnalysisHelper.scala:356)
[2026-03-23T00:31:07.439+0000] {subprocess.py:93} INFO - 	at org.apache.spark.sql.catalyst.plans.logical.LogicalPlan.transformDownWithPruning(LogicalPlan.scala:37)
[2026-03-23T00:31:07.439+0000] {subprocess.py:93} INFO - 	at org.apache.spark.sql.catalyst.plans.logical.LogicalPlan.transformDownWithPruning(LogicalPlan.scala:37)
[2026-03-23T00:31:07.439+0000] {subprocess.py:93} INFO - 	at org.apache.spark.sql.catalyst.trees.TreeNode.transformDown(TreeNode.scala:446)
[2026-03-23T00:31:07.439+0000] {subprocess.py:93} INFO - 	at org.apache.spark.sql.execution.QueryExecution.eagerlyExecuteCommands(QueryExecution.scala:164)
[2026-03-23T00:31:07.439+0000] {subprocess.py:93} INFO - 	at org.apache.spark.sql.execution.QueryExecution.$anonfun$lazyCommandExecuted$1(QueryExecution.scala:126)
[2026-03-23T00:31:07.439+0000] {subprocess.py:93} INFO - 	at scala.util.Try$.apply(Try.scala:217)
[2026-03-23T00:31:07.439+0000] {subprocess.py:93} INFO - 	at org.apache.spark.util.Utils$.doTryWithCallerStacktrace(Utils.scala:1378)
[2026-03-23T00:31:07.439+0000] {subprocess.py:93} INFO - 	at org.apache.spark.util.Utils$.getTryWithCallerStacktrace(Utils.scala:1439)
[2026-03-23T00:31:07.439+0000] {subprocess.py:93} INFO - 	at org.apache.spark.util.LazyTry.get(LazyTry.scala:58)
[2026-03-23T00:31:07.440+0000] {subprocess.py:93} INFO - 	at org.apache.spark.sql.execution.QueryExecution.commandExecuted(QueryExecution.scala:131)
[2026-03-23T00:31:07.440+0000] {subprocess.py:93} INFO - 	at org.apache.spark.sql.execution.QueryExecution.assertCommandExecuted(QueryExecution.scala:192)
[2026-03-23T00:31:07.440+0000] {subprocess.py:93} INFO - 	at org.apache.spark.sql.classic.DataFrameWriter.runCommand(DataFrameWriter.scala:622)
[2026-03-23T00:31:07.440+0000] {subprocess.py:93} INFO - 	at org.apache.spark.sql.classic.DataFrameWriter.saveToV1Source(DataFrameWriter.scala:273)
[2026-03-23T00:31:07.440+0000] {subprocess.py:93} INFO - 	at org.apache.spark.sql.classic.DataFrameWriter.saveInternal(DataFrameWriter.scala:241)
[2026-03-23T00:31:07.440+0000] {subprocess.py:93} INFO - 	at org.apache.spark.sql.classic.DataFrameWriter.save(DataFrameWriter.scala:118)
[2026-03-23T00:31:07.440+0000] {subprocess.py:93} INFO - 	at java.base/jdk.internal.reflect.NativeMethodAccessorImpl.invoke0(Native Method)
[2026-03-23T00:31:07.440+0000] {subprocess.py:93} INFO - 	at java.base/jdk.internal.reflect.NativeMethodAccessorImpl.invoke(NativeMethodAccessorImpl.java:77)
[2026-03-23T00:31:07.441+0000] {subprocess.py:93} INFO - 	at java.base/jdk.internal.reflect.DelegatingMethodAccessorImpl.invoke(DelegatingMethodAccessorImpl.java:43)
[2026-03-23T00:31:07.441+0000] {subprocess.py:93} INFO - 	at java.base/java.lang.reflect.Method.invoke(Method.java:569)
[2026-03-23T00:31:07.441+0000] {subprocess.py:93} INFO - 	at py4j.reflection.MethodInvoker.invoke(MethodInvoker.java:244)
[2026-03-23T00:31:07.441+0000] {subprocess.py:93} INFO - 	at py4j.reflection.ReflectionEngine.invoke(ReflectionEngine.java:374)
[2026-03-23T00:31:07.441+0000] {subprocess.py:93} INFO - 	at py4j.Gateway.invoke(Gateway.java:282)
[2026-03-23T00:31:07.441+0000] {subprocess.py:93} INFO - 	at py4j.commands.AbstractCommand.invokeMethod(AbstractCommand.java:132)
[2026-03-23T00:31:07.441+0000] {subprocess.py:93} INFO - 	at py4j.commands.CallCommand.execute(CallCommand.java:79)
[2026-03-23T00:31:07.441+0000] {subprocess.py:93} INFO - 	at py4j.ClientServerConnection.waitForCommands(ClientServerConnection.java:184)
[2026-03-23T00:31:07.441+0000] {subprocess.py:93} INFO - 	at py4j.ClientServerConnection.run(ClientServerConnection.java:108)
[2026-03-23T00:31:07.442+0000] {subprocess.py:93} INFO - 	at java.base/java.lang.Thread.run(Thread.java:840)
[2026-03-23T00:31:07.442+0000] {subprocess.py:93} INFO - 	Suppressed: org.apache.spark.util.Utils$OriginalTryStackTraceException: Full stacktrace of original doTryWithCallerStacktrace caller
[2026-03-23T00:31:07.442+0000] {subprocess.py:93} INFO - 		at org.apache.spark.sql.errors.QueryExecutionErrors$.cannotClearOutputDirectoryError(QueryExecutionErrors.scala:786)
[2026-03-23T00:31:07.442+0000] {subprocess.py:93} INFO - 		at org.apache.spark.sql.execution.datasources.InsertIntoHadoopFsRelationCommand.deleteMatchingPartitions(InsertIntoHadoopFsRelationCommand.scala:244)
[2026-03-23T00:31:07.442+0000] {subprocess.py:93} INFO - 		at org.apache.spark.sql.execution.datasources.InsertIntoHadoopFsRelationCommand.run(InsertIntoHadoopFsRelationCommand.scala:136)
[2026-03-23T00:31:07.442+0000] {subprocess.py:93} INFO - 		at org.apache.spark.sql.execution.command.DataWritingCommandExec.sideEffectResult$lzycompute(commands.scala:117)
[2026-03-23T00:31:07.442+0000] {subprocess.py:93} INFO - 		at org.apache.spark.sql.execution.command.DataWritingCommandExec.sideEffectResult(commands.scala:115)
[2026-03-23T00:31:07.442+0000] {subprocess.py:93} INFO - 		at org.apache.spark.sql.execution.command.DataWritingCommandExec.executeCollect(commands.scala:129)
[2026-03-23T00:31:07.443+0000] {subprocess.py:93} INFO - 		at org.apache.spark.sql.execution.QueryExecution.$anonfun$eagerlyExecuteCommands$2(QueryExecution.scala:155)
[2026-03-23T00:31:07.443+0000] {subprocess.py:93} INFO - 		at org.apache.spark.sql.execution.SQLExecution$.$anonfun$withNewExecutionId0$8(SQLExecution.scala:163)
[2026-03-23T00:31:07.443+0000] {subprocess.py:93} INFO - 		at org.apache.spark.sql.execution.SQLExecution$.withSessionTagsApplied(SQLExecution.scala:272)
[2026-03-23T00:31:07.443+0000] {subprocess.py:93} INFO - 		at org.apache.spark.sql.execution.SQLExecution$.$anonfun$withNewExecutionId0$7(SQLExecution.scala:125)
[2026-03-23T00:31:07.443+0000] {subprocess.py:93} INFO - 		at org.apache.spark.JobArtifactSet$.withActiveJobArtifactState(JobArtifactSet.scala:94)
[2026-03-23T00:31:07.443+0000] {subprocess.py:93} INFO - 		at org.apache.spark.sql.artifact.ArtifactManager.$anonfun$withResources$1(ArtifactManager.scala:112)
[2026-03-23T00:31:07.443+0000] {subprocess.py:93} INFO - 		at org.apache.spark.sql.artifact.ArtifactManager.withClassLoaderIfNeeded(ArtifactManager.scala:106)
[2026-03-23T00:31:07.443+0000] {subprocess.py:93} INFO - 		at org.apache.spark.sql.artifact.ArtifactManager.withResources(ArtifactManager.scala:111)
[2026-03-23T00:31:07.444+0000] {subprocess.py:93} INFO - 		at org.apache.spark.sql.execution.SQLExecution$.$anonfun$withNewExecutionId0$6(SQLExecution.scala:125)
[2026-03-23T00:31:07.444+0000] {subprocess.py:93} INFO - 		at org.apache.spark.sql.execution.SQLExecution$.withSQLConfPropagated(SQLExecution.scala:295)
[2026-03-23T00:31:07.444+0000] {subprocess.py:93} INFO - 		at org.apache.spark.sql.execution.SQLExecution$.$anonfun$withNewExecutionId0$1(SQLExecution.scala:124)
[2026-03-23T00:31:07.444+0000] {subprocess.py:93} INFO - 		at org.apache.spark.sql.SparkSession.withActive(SparkSession.scala:804)
[2026-03-23T00:31:07.444+0000] {subprocess.py:93} INFO - 		at org.apache.spark.sql.execution.SQLExecution$.withNewExecutionId0(SQLExecution.scala:78)
[2026-03-23T00:31:07.444+0000] {subprocess.py:93} INFO - 		at org.apache.spark.sql.execution.SQLExecution$.withNewExecutionId(SQLExecution.scala:237)
[2026-03-23T00:31:07.444+0000] {subprocess.py:93} INFO - 		at org.apache.spark.sql.execution.QueryExecution.$anonfun$eagerlyExecuteCommands$1(QueryExecution.scala:155)
[2026-03-23T00:31:07.444+0000] {subprocess.py:93} INFO - 		at org.apache.spark.sql.execution.QueryExecution$.withInternalError(QueryExecution.scala:654)
[2026-03-23T00:31:07.445+0000] {subprocess.py:93} INFO - 		at org.apache.spark.sql.execution.QueryExecution.org$apache$spark$sql$execution$QueryExecution$$eagerlyExecute$1(QueryExecution.scala:154)
[2026-03-23T00:31:07.445+0000] {subprocess.py:93} INFO - 		at org.apache.spark.sql.execution.QueryExecution$$anonfun$eagerlyExecuteCommands$3.applyOrElse(QueryExecution.scala:169)
[2026-03-23T00:31:07.445+0000] {subprocess.py:93} INFO - 		at org.apache.spark.sql.execution.QueryExecution$$anonfun$eagerlyExecuteCommands$3.applyOrElse(QueryExecution.scala:164)
[2026-03-23T00:31:07.445+0000] {subprocess.py:93} INFO - 		at org.apache.spark.sql.catalyst.trees.TreeNode.$anonfun$transformDownWithPruning$1(TreeNode.scala:470)
[2026-03-23T00:31:07.445+0000] {subprocess.py:93} INFO - 		at org.apache.spark.sql.catalyst.trees.CurrentOrigin$.withOrigin(origin.scala:86)
[2026-03-23T00:31:07.445+0000] {subprocess.py:93} INFO - 		at org.apache.spark.sql.catalyst.trees.TreeNode.transformDownWithPruning(TreeNode.scala:470)
[2026-03-23T00:31:07.445+0000] {subprocess.py:93} INFO - 		at org.apache.spark.sql.catalyst.plans.logical.LogicalPlan.org$apache$spark$sql$catalyst$plans$logical$AnalysisHelper$$super$transformDownWithPruning(LogicalPlan.scala:37)
[2026-03-23T00:31:07.446+0000] {subprocess.py:93} INFO - 		at org.apache.spark.sql.catalyst.plans.logical.AnalysisHelper.transformDownWithPruning(AnalysisHelper.scala:360)
[2026-03-23T00:31:07.446+0000] {subprocess.py:93} INFO - 		at org.apache.spark.sql.catalyst.plans.logical.AnalysisHelper.transformDownWithPruning$(AnalysisHelper.scala:356)
[2026-03-23T00:31:07.446+0000] {subprocess.py:93} INFO - 		at org.apache.spark.sql.catalyst.plans.logical.LogicalPlan.transformDownWithPruning(LogicalPlan.scala:37)
[2026-03-23T00:31:07.446+0000] {subprocess.py:93} INFO - 		at org.apache.spark.sql.catalyst.plans.logical.LogicalPlan.transformDownWithPruning(LogicalPlan.scala:37)
[2026-03-23T00:31:07.446+0000] {subprocess.py:93} INFO - 		at org.apache.spark.sql.catalyst.trees.TreeNode.transformDown(TreeNode.scala:446)
[2026-03-23T00:31:07.446+0000] {subprocess.py:93} INFO - 		at org.apache.spark.sql.execution.QueryExecution.eagerlyExecuteCommands(QueryExecution.scala:164)
[2026-03-23T00:31:07.447+0000] {subprocess.py:93} INFO - 		at org.apache.spark.sql.execution.QueryExecution.$anonfun$lazyCommandExecuted$1(QueryExecution.scala:126)
[2026-03-23T00:31:07.447+0000] {subprocess.py:93} INFO - 		at scala.util.Try$.apply(Try.scala:217)
[2026-03-23T00:31:07.447+0000] {subprocess.py:93} INFO - 		at org.apache.spark.util.Utils$.doTryWithCallerStacktrace(Utils.scala:1378)
[2026-03-23T00:31:07.447+0000] {subprocess.py:93} INFO - 		at org.apache.spark.util.LazyTry.tryT$lzycompute(LazyTry.scala:46)
[2026-03-23T00:31:07.447+0000] {subprocess.py:93} INFO - 		at org.apache.spark.util.LazyTry.tryT(LazyTry.scala:46)
[2026-03-23T00:31:07.447+0000] {subprocess.py:93} INFO - 		... 19 more
[2026-03-23T00:31:07.448+0000] {subprocess.py:93} INFO - 
[2026-03-23T00:31:07.448+0000] {subprocess.py:93} INFO - Pipeline execution failed: Failed writing sink 'raw-ok' to path 'data/output/events/motor_policy' (even after cleanup). Format: 'JSON', Mode: 'OVERWRITE'. Original error: An error occurred while calling o70.save.
[2026-03-23T00:31:07.448+0000] {subprocess.py:93} INFO - : org.apache.spark.SparkException: Unable to clear output directory file:/app/data/output/events/motor_policy prior to writing to it.
[2026-03-23T00:31:07.448+0000] {subprocess.py:93} INFO - 	at org.apache.spark.sql.errors.QueryExecutionErrors$.cannotClearOutputDirectoryError(QueryExecutionErrors.scala:786)
[2026-03-23T00:31:07.448+0000] {subprocess.py:93} INFO - 	at org.apache.spark.sql.execution.datasources.InsertIntoHadoopFsRelationCommand.deleteMatchingPartitions(InsertIntoHadoopFsRelationCommand.scala:244)
[2026-03-23T00:31:07.448+0000] {subprocess.py:93} INFO - 	at org.apache.spark.sql.execution.datasources.InsertIntoHadoopFsRelationCommand.run(InsertIntoHadoopFsRelationCommand.scala:136)
[2026-03-23T00:31:07.448+0000] {subprocess.py:93} INFO - 	at org.apache.spark.sql.execution.command.DataWritingCommandExec.sideEffectResult$lzycompute(commands.scala:117)
[2026-03-23T00:31:07.449+0000] {subprocess.py:93} INFO - 	at org.apache.spark.sql.execution.command.DataWritingCommandExec.sideEffectResult(commands.scala:115)
[2026-03-23T00:31:07.449+0000] {subprocess.py:93} INFO - 	at org.apache.spark.sql.execution.command.DataWritingCommandExec.executeCollect(commands.scala:129)
[2026-03-23T00:31:07.449+0000] {subprocess.py:93} INFO - 	at org.apache.spark.sql.execution.QueryExecution.$anonfun$eagerlyExecuteCommands$2(QueryExecution.scala:155)
[2026-03-23T00:31:07.449+0000] {subprocess.py:93} INFO - 	at org.apache.spark.sql.execution.SQLExecution$.$anonfun$withNewExecutionId0$8(SQLExecution.scala:163)
[2026-03-23T00:31:07.449+0000] {subprocess.py:93} INFO - 	at org.apache.spark.sql.execution.SQLExecution$.withSessionTagsApplied(SQLExecution.scala:272)
[2026-03-23T00:31:07.449+0000] {subprocess.py:93} INFO - 	at org.apache.spark.sql.execution.SQLExecution$.$anonfun$withNewExecutionId0$7(SQLExecution.scala:125)
[2026-03-23T00:31:07.449+0000] {subprocess.py:93} INFO - 	at org.apache.spark.JobArtifactSet$.withActiveJobArtifactState(JobArtifactSet.scala:94)
[2026-03-23T00:31:07.449+0000] {subprocess.py:93} INFO - 	at org.apache.spark.sql.artifact.ArtifactManager.$anonfun$withResources$1(ArtifactManager.scala:112)
[2026-03-23T00:31:07.449+0000] {subprocess.py:93} INFO - 	at org.apache.spark.sql.artifact.ArtifactManager.withClassLoaderIfNeeded(ArtifactManager.scala:106)
[2026-03-23T00:31:07.450+0000] {subprocess.py:93} INFO - 	at org.apache.spark.sql.artifact.ArtifactManager.withResources(ArtifactManager.scala:111)
[2026-03-23T00:31:07.450+0000] {subprocess.py:93} INFO - 	at org.apache.spark.sql.execution.SQLExecution$.$anonfun$withNewExecutionId0$6(SQLExecution.scala:125)
[2026-03-23T00:31:07.450+0000] {subprocess.py:93} INFO - 	at org.apache.spark.sql.execution.SQLExecution$.withSQLConfPropagated(SQLExecution.scala:295)
[2026-03-23T00:31:07.450+0000] {subprocess.py:93} INFO - 	at org.apache.spark.sql.execution.SQLExecution$.$anonfun$withNewExecutionId0$1(SQLExecution.scala:124)
[2026-03-23T00:31:07.450+0000] {subprocess.py:93} INFO - 	at org.apache.spark.sql.SparkSession.withActive(SparkSession.scala:804)
[2026-03-23T00:31:07.450+0000] {subprocess.py:93} INFO - 	at org.apache.spark.sql.execution.SQLExecution$.withNewExecutionId0(SQLExecution.scala:78)
[2026-03-23T00:31:07.450+0000] {subprocess.py:93} INFO - 	at org.apache.spark.sql.execution.SQLExecution$.withNewExecutionId(SQLExecution.scala:237)
[2026-03-23T00:31:07.450+0000] {subprocess.py:93} INFO - 	at org.apache.spark.sql.execution.QueryExecution.$anonfun$eagerlyExecuteCommands$1(QueryExecution.scala:155)
[2026-03-23T00:31:07.451+0000] {subprocess.py:93} INFO - 	at org.apache.spark.sql.execution.QueryExecution$.withInternalError(QueryExecution.scala:654)
[2026-03-23T00:31:07.451+0000] {subprocess.py:93} INFO - 	at org.apache.spark.sql.execution.QueryExecution.org$apache$spark$sql$execution$QueryExecution$$eagerlyExecute$1(QueryExecution.scala:154)
[2026-03-23T00:31:07.451+0000] {subprocess.py:93} INFO - 	at org.apache.spark.sql.execution.QueryExecution$$anonfun$eagerlyExecuteCommands$3.applyOrElse(QueryExecution.scala:169)
[2026-03-23T00:31:07.451+0000] {subprocess.py:93} INFO - 	at org.apache.spark.sql.execution.QueryExecution$$anonfun$eagerlyExecuteCommands$3.applyOrElse(QueryExecution.scala:164)
[2026-03-23T00:31:07.451+0000] {subprocess.py:93} INFO - 	at org.apache.spark.sql.catalyst.trees.TreeNode.$anonfun$transformDownWithPruning$1(TreeNode.scala:470)
[2026-03-23T00:31:07.451+0000] {subprocess.py:93} INFO - 	at org.apache.spark.sql.catalyst.trees.CurrentOrigin$.withOrigin(origin.scala:86)
[2026-03-23T00:31:07.451+0000] {subprocess.py:93} INFO - 	at org.apache.spark.sql.catalyst.trees.TreeNode.transformDownWithPruning(TreeNode.scala:470)
[2026-03-23T00:31:07.451+0000] {subprocess.py:93} INFO - 	at org.apache.spark.sql.catalyst.plans.logical.LogicalPlan.org$apache$spark$sql$catalyst$plans$logical$AnalysisHelper$$super$transformDownWithPruning(LogicalPlan.scala:37)
[2026-03-23T00:31:07.451+0000] {subprocess.py:93} INFO - 	at org.apache.spark.sql.catalyst.plans.logical.AnalysisHelper.transformDownWithPruning(AnalysisHelper.scala:360)
[2026-03-23T00:31:07.452+0000] {subprocess.py:93} INFO - 	at org.apache.spark.sql.catalyst.plans.logical.AnalysisHelper.transformDownWithPruning$(AnalysisHelper.scala:356)
[2026-03-23T00:31:07.452+0000] {subprocess.py:93} INFO - 	at org.apache.spark.sql.catalyst.plans.logical.LogicalPlan.transformDownWithPruning(LogicalPlan.scala:37)
[2026-03-23T00:31:07.452+0000] {subprocess.py:93} INFO - 	at org.apache.spark.sql.catalyst.plans.logical.LogicalPlan.transformDownWithPruning(LogicalPlan.scala:37)
[2026-03-23T00:31:07.452+0000] {subprocess.py:93} INFO - 	at org.apache.spark.sql.catalyst.trees.TreeNode.transformDown(TreeNode.scala:446)
[2026-03-23T00:31:07.452+0000] {subprocess.py:93} INFO - 	at org.apache.spark.sql.execution.QueryExecution.eagerlyExecuteCommands(QueryExecution.scala:164)
[2026-03-23T00:31:07.452+0000] {subprocess.py:93} INFO - 	at org.apache.spark.sql.execution.QueryExecution.$anonfun$lazyCommandExecuted$1(QueryExecution.scala:126)
[2026-03-23T00:31:07.452+0000] {subprocess.py:93} INFO - 	at scala.util.Try$.apply(Try.scala:217)
[2026-03-23T00:31:07.452+0000] {subprocess.py:93} INFO - 	at org.apache.spark.util.Utils$.doTryWithCallerStacktrace(Utils.scala:1378)
[2026-03-23T00:31:07.453+0000] {subprocess.py:93} INFO - 	at org.apache.spark.util.Utils$.getTryWithCallerStacktrace(Utils.scala:1439)
[2026-03-23T00:31:07.453+0000] {subprocess.py:93} INFO - 	at org.apache.spark.util.LazyTry.get(LazyTry.scala:58)
[2026-03-23T00:31:07.453+0000] {subprocess.py:93} INFO - 	at org.apache.spark.sql.execution.QueryExecution.commandExecuted(QueryExecution.scala:131)
[2026-03-23T00:31:07.453+0000] {subprocess.py:93} INFO - 	at org.apache.spark.sql.execution.QueryExecution.assertCommandExecuted(QueryExecution.scala:192)
[2026-03-23T00:31:07.453+0000] {subprocess.py:93} INFO - 	at org.apache.spark.sql.classic.DataFrameWriter.runCommand(DataFrameWriter.scala:622)
[2026-03-23T00:31:07.453+0000] {subprocess.py:93} INFO - 	at org.apache.spark.sql.classic.DataFrameWriter.saveToV1Source(DataFrameWriter.scala:273)
[2026-03-23T00:31:07.453+0000] {subprocess.py:93} INFO - 	at org.apache.spark.sql.classic.DataFrameWriter.saveInternal(DataFrameWriter.scala:241)
[2026-03-23T00:31:07.453+0000] {subprocess.py:93} INFO - 	at org.apache.spark.sql.classic.DataFrameWriter.save(DataFrameWriter.scala:118)
[2026-03-23T00:31:07.453+0000] {subprocess.py:93} INFO - 	at java.base/jdk.internal.reflect.NativeMethodAccessorImpl.invoke0(Native Method)
[2026-03-23T00:31:07.454+0000] {subprocess.py:93} INFO - 	at java.base/jdk.internal.reflect.NativeMethodAccessorImpl.invoke(NativeMethodAccessorImpl.java:77)
[2026-03-23T00:31:07.454+0000] {subprocess.py:93} INFO - 	at java.base/jdk.internal.reflect.DelegatingMethodAccessorImpl.invoke(DelegatingMethodAccessorImpl.java:43)
[2026-03-23T00:31:07.454+0000] {subprocess.py:93} INFO - 	at java.base/java.lang.reflect.Method.invoke(Method.java:569)
[2026-03-23T00:31:07.454+0000] {subprocess.py:93} INFO - 	at py4j.reflection.MethodInvoker.invoke(MethodInvoker.java:244)
[2026-03-23T00:31:07.454+0000] {subprocess.py:93} INFO - 	at py4j.reflection.ReflectionEngine.invoke(ReflectionEngine.java:374)
[2026-03-23T00:31:07.454+0000] {subprocess.py:93} INFO - 	at py4j.Gateway.invoke(Gateway.java:282)
[2026-03-23T00:31:07.454+0000] {subprocess.py:93} INFO - 	at py4j.commands.AbstractCommand.invokeMethod(AbstractCommand.java:132)
[2026-03-23T00:31:07.454+0000] {subprocess.py:93} INFO - 	at py4j.commands.CallCommand.execute(CallCommand.java:79)
[2026-03-23T00:31:07.454+0000] {subprocess.py:93} INFO - 	at py4j.ClientServerConnection.waitForCommands(ClientServerConnection.java:184)
[2026-03-23T00:31:07.455+0000] {subprocess.py:93} INFO - 	at py4j.ClientServerConnection.run(ClientServerConnection.java:108)
[2026-03-23T00:31:07.455+0000] {subprocess.py:93} INFO - 	at java.base/java.lang.Thread.run(Thread.java:840)
[2026-03-23T00:31:07.455+0000] {subprocess.py:93} INFO - 	Suppressed: org.apache.spark.util.Utils$OriginalTryStackTraceException: Full stacktrace of original doTryWithCallerStacktrace caller
[2026-03-23T00:31:07.455+0000] {subprocess.py:93} INFO - 		at org.apache.spark.sql.errors.QueryExecutionErrors$.cannotClearOutputDirectoryError(QueryExecutionErrors.scala:786)
[2026-03-23T00:31:07.455+0000] {subprocess.py:93} INFO - 		at org.apache.spark.sql.execution.datasources.InsertIntoHadoopFsRelationCommand.deleteMatchingPartitions(InsertIntoHadoopFsRelationCommand.scala:244)
[2026-03-23T00:31:07.455+0000] {subprocess.py:93} INFO - 		at org.apache.spark.sql.execution.datasources.InsertIntoHadoopFsRelationCommand.run(InsertIntoHadoopFsRelationCommand.scala:136)
[2026-03-23T00:31:07.455+0000] {subprocess.py:93} INFO - 		at org.apache.spark.sql.execution.command.DataWritingCommandExec.sideEffectResult$lzycompute(commands.scala:117)
[2026-03-23T00:31:07.455+0000] {subprocess.py:93} INFO - 		at org.apache.spark.sql.execution.command.DataWritingCommandExec.sideEffectResult(commands.scala:115)
[2026-03-23T00:31:07.455+0000] {subprocess.py:93} INFO - 		at org.apache.spark.sql.execution.command.DataWritingCommandExec.executeCollect(commands.scala:129)
[2026-03-23T00:31:07.456+0000] {subprocess.py:93} INFO - 		at org.apache.spark.sql.execution.QueryExecution.$anonfun$eagerlyExecuteCommands$2(QueryExecution.scala:155)
[2026-03-23T00:31:07.456+0000] {subprocess.py:93} INFO - 		at org.apache.spark.sql.execution.SQLExecution$.$anonfun$withNewExecutionId0$8(SQLExecution.scala:163)
[2026-03-23T00:31:07.456+0000] {subprocess.py:93} INFO - 		at org.apache.spark.sql.execution.SQLExecution$.withSessionTagsApplied(SQLExecution.scala:272)
[2026-03-23T00:31:07.456+0000] {subprocess.py:93} INFO - 		at org.apache.spark.sql.execution.SQLExecution$.$anonfun$withNewExecutionId0$7(SQLExecution.scala:125)
[2026-03-23T00:31:07.456+0000] {subprocess.py:93} INFO - 		at org.apache.spark.JobArtifactSet$.withActiveJobArtifactState(JobArtifactSet.scala:94)
[2026-03-23T00:31:07.456+0000] {subprocess.py:93} INFO - 		at org.apache.spark.sql.artifact.ArtifactManager.$anonfun$withResources$1(ArtifactManager.scala:112)
[2026-03-23T00:31:07.456+0000] {subprocess.py:93} INFO - 		at org.apache.spark.sql.artifact.ArtifactManager.withClassLoaderIfNeeded(ArtifactManager.scala:106)
[2026-03-23T00:31:07.456+0000] {subprocess.py:93} INFO - 		at org.apache.spark.sql.artifact.ArtifactManager.withResources(ArtifactManager.scala:111)
[2026-03-23T00:31:07.456+0000] {subprocess.py:93} INFO - 		at org.apache.spark.sql.execution.SQLExecution$.$anonfun$withNewExecutionId0$6(SQLExecution.scala:125)
[2026-03-23T00:31:07.457+0000] {subprocess.py:93} INFO - 		at org.apache.spark.sql.execution.SQLExecution$.withSQLConfPropagated(SQLExecution.scala:295)
[2026-03-23T00:31:07.457+0000] {subprocess.py:93} INFO - 		at org.apache.spark.sql.execution.SQLExecution$.$anonfun$withNewExecutionId0$1(SQLExecution.scala:124)
[2026-03-23T00:31:07.457+0000] {subprocess.py:93} INFO - 		at org.apache.spark.sql.SparkSession.withActive(SparkSession.scala:804)
[2026-03-23T00:31:07.457+0000] {subprocess.py:93} INFO - 		at org.apache.spark.sql.execution.SQLExecution$.withNewExecutionId0(SQLExecution.scala:78)
[2026-03-23T00:31:07.457+0000] {subprocess.py:93} INFO - 		at org.apache.spark.sql.execution.SQLExecution$.withNewExecutionId(SQLExecution.scala:237)
[2026-03-23T00:31:07.457+0000] {subprocess.py:93} INFO - 		at org.apache.spark.sql.execution.QueryExecution.$anonfun$eagerlyExecuteCommands$1(QueryExecution.scala:155)
[2026-03-23T00:31:07.457+0000] {subprocess.py:93} INFO - 		at org.apache.spark.sql.execution.QueryExecution$.withInternalError(QueryExecution.scala:654)
[2026-03-23T00:31:07.457+0000] {subprocess.py:93} INFO - 		at org.apache.spark.sql.execution.QueryExecution.org$apache$spark$sql$execution$QueryExecution$$eagerlyExecute$1(QueryExecution.scala:154)
[2026-03-23T00:31:07.457+0000] {subprocess.py:93} INFO - 		at org.apache.spark.sql.execution.QueryExecution$$anonfun$eagerlyExecuteCommands$3.applyOrElse(QueryExecution.scala:169)
[2026-03-23T00:31:07.458+0000] {subprocess.py:93} INFO - 		at org.apache.spark.sql.execution.QueryExecution$$anonfun$eagerlyExecuteCommands$3.applyOrElse(QueryExecution.scala:164)
[2026-03-23T00:31:07.458+0000] {subprocess.py:93} INFO - 		at org.apache.spark.sql.catalyst.trees.TreeNode.$anonfun$transformDownWithPruning$1(TreeNode.scala:470)
[2026-03-23T00:31:07.458+0000] {subprocess.py:93} INFO - 		at org.apache.spark.sql.catalyst.trees.CurrentOrigin$.withOrigin(origin.scala:86)
[2026-03-23T00:31:07.458+0000] {subprocess.py:93} INFO - 		at org.apache.spark.sql.catalyst.trees.TreeNode.transformDownWithPruning(TreeNode.scala:470)
[2026-03-23T00:31:07.458+0000] {subprocess.py:93} INFO - 		at org.apache.spark.sql.catalyst.plans.logical.LogicalPlan.org$apache$spark$sql$catalyst$plans$logical$AnalysisHelper$$super$transformDownWithPruning(LogicalPlan.scala:37)
[2026-03-23T00:31:07.458+0000] {subprocess.py:93} INFO - 		at org.apache.spark.sql.catalyst.plans.logical.AnalysisHelper.transformDownWithPruning(AnalysisHelper.scala:360)
[2026-03-23T00:31:07.458+0000] {subprocess.py:93} INFO - 		at org.apache.spark.sql.catalyst.plans.logical.AnalysisHelper.transformDownWithPruning$(AnalysisHelper.scala:356)
[2026-03-23T00:31:07.458+0000] {subprocess.py:93} INFO - 		at org.apache.spark.sql.catalyst.plans.logical.LogicalPlan.transformDownWithPruning(LogicalPlan.scala:37)
[2026-03-23T00:31:07.458+0000] {subprocess.py:93} INFO - 		at org.apache.spark.sql.catalyst.plans.logical.LogicalPlan.transformDownWithPruning(LogicalPlan.scala:37)
[2026-03-23T00:31:07.459+0000] {subprocess.py:93} INFO - 		at org.apache.spark.sql.catalyst.trees.TreeNode.transformDown(TreeNode.scala:446)
[2026-03-23T00:31:07.459+0000] {subprocess.py:93} INFO - 		at org.apache.spark.sql.execution.QueryExecution.eagerlyExecuteCommands(QueryExecution.scala:164)
[2026-03-23T00:31:07.459+0000] {subprocess.py:93} INFO - 		at org.apache.spark.sql.execution.QueryExecution.$anonfun$lazyCommandExecuted$1(QueryExecution.scala:126)
[2026-03-23T00:31:07.459+0000] {subprocess.py:93} INFO - 		at scala.util.Try$.apply(Try.scala:217)
[2026-03-23T00:31:07.459+0000] {subprocess.py:93} INFO - 		at org.apache.spark.util.Utils$.doTryWithCallerStacktrace(Utils.scala:1378)
[2026-03-23T00:31:07.459+0000] {subprocess.py:93} INFO - 		at org.apache.spark.util.LazyTry.tryT$lzycompute(LazyTry.scala:46)
[2026-03-23T00:31:07.459+0000] {subprocess.py:93} INFO - 		at org.apache.spark.util.LazyTry.tryT(LazyTry.scala:46)
[2026-03-23T00:31:07.459+0000] {subprocess.py:93} INFO - 		... 19 more
[2026-03-23T00:31:07.459+0000] {subprocess.py:93} INFO - 
[2026-03-23T00:31:07.997+0000] {subprocess.py:93} INFO - 
[2026-03-23T00:31:07.997+0000] {subprocess.py:93} INFO - Pipeline execution completed with exit code: 1
[2026-03-23T00:31:07.998+0000] {subprocess.py:93} INFO - ✗ Pipeline failed with errors (see logs above)
[2026-03-23T00:31:07.999+0000] {subprocess.py:97} INFO - Command exited with return code 1
[2026-03-23T00:31:08.024+0000] {taskinstance.py:1937} ERROR - Task failed with exception
Traceback (most recent call last):
  File "/home/airflow/.local/lib/python3.9/site-packages/airflow/operators/bash.py", line 210, in execute
    raise AirflowException(
airflow.exceptions.AirflowException: Bash command failed. The command returned a non-zero exit code 1.
[2026-03-23T00:31:08.030+0000] {taskinstance.py:1400} INFO - Marking task as UP_FOR_RETRY. dag_id=dynamic_spark_pipeline, task_id=run_pipeline, execution_date=20260321T020000, start_date=20260323T003051, end_date=20260323T003108
[2026-03-23T00:31:08.056+0000] {standard_task_runner.py:104} ERROR - Failed to execute job 16 for task run_pipeline (Bash command failed. The command returned a non-zero exit code 1.; 170)
[2026-03-23T00:31:08.076+0000] {local_task_job_runner.py:228} INFO - Task exited with return code 1
[2026-03-23T00:31:08.113+0000] {taskinstance.py:2778} INFO - 0 downstream tasks scheduled from follow-on schedule check
[2026-03-23T01:10:27.095+0000] {taskinstance.py:1159} INFO - Dependencies all met for dep_context=non-requeueable deps ti=<TaskInstance: dynamic_spark_pipeline.run_pipeline scheduled__2026-03-21T02:00:00+00:00 [queued]>
[2026-03-23T01:10:27.105+0000] {taskinstance.py:1159} INFO - Dependencies all met for dep_context=requeueable deps ti=<TaskInstance: dynamic_spark_pipeline.run_pipeline scheduled__2026-03-21T02:00:00+00:00 [queued]>
[2026-03-23T01:10:27.106+0000] {taskinstance.py:1361} INFO - Starting attempt 2 of 3
[2026-03-23T01:10:27.119+0000] {taskinstance.py:1382} INFO - Executing <Task(BashOperator): run_pipeline> on 2026-03-21 02:00:00+00:00
[2026-03-23T01:10:27.124+0000] {standard_task_runner.py:57} INFO - Started process 1286 to run task
[2026-03-23T01:10:27.127+0000] {standard_task_runner.py:84} INFO - Running: ['***', 'tasks', 'run', 'dynamic_spark_pipeline', 'run_pipeline', 'scheduled__2026-03-21T02:00:00+00:00', '--job-id', '12', '--raw', '--subdir', 'DAGS_FOLDER/dynamic_spark_pipeline_dag.py', '--cfg-path', '/tmp/tmp6tcdhjth']
[2026-03-23T01:10:27.130+0000] {standard_task_runner.py:85} INFO - Job 12: Subtask run_pipeline
[2026-03-23T01:10:27.210+0000] {task_command.py:416} INFO - Running <TaskInstance: dynamic_spark_pipeline.run_pipeline scheduled__2026-03-21T02:00:00+00:00 [running]> on host d3aa02c6c3fd
[2026-03-23T01:10:27.335+0000] {taskinstance.py:1662} INFO - Exporting env vars: AIRFLOW_CTX_DAG_OWNER='Nasredine Ouelseti' AIRFLOW_CTX_DAG_ID='dynamic_spark_pipeline' AIRFLOW_CTX_TASK_ID='run_pipeline' AIRFLOW_CTX_EXECUTION_DATE='2026-03-21T02:00:00+00:00' AIRFLOW_CTX_TRY_NUMBER='2' AIRFLOW_CTX_DAG_RUN_ID='scheduled__2026-03-21T02:00:00+00:00'
[2026-03-23T01:10:27.336+0000] {subprocess.py:63} INFO - Tmp dir root location: /tmp
[2026-03-23T01:10:27.336+0000] {subprocess.py:75} INFO - Running command: ['/bin/bash', '-c', '\nset -e\n\necho "Starting Spark pipeline execution..."\necho "Configuration: /app/metadata/config.json"\necho "Data path: /app/data"\necho "Script: /app/src/main.py"\necho "Log path: /app/***/logs/pipeline"\n\n# Pre-create critical directories with proper error handling\necho "Preparing directories..."\nLOG_DIR_BACKUP="/tmp/***_logs"\n\n# Try to create log directory with primary path\nif mkdir -p "/app/***/logs/pipeline" 2>/dev/null && touch "/app/***/logs/pipeline/.write_test" 2>/dev/null; then\n    echo "✓ Using primary log path: /app/***/logs/pipeline"\n    rm -f "/app/***/logs/pipeline/.write_test"\nelse\n    echo "⚠ Primary log path not writable, using backup: $LOG_DIR_BACKUP"\n    mkdir -p "$LOG_DIR_BACKUP"\n    mkdir -p "/app/data/output" 2>/dev/null || true\nfi\n\n# Create data output directory (non-critical)\nmkdir -p "/app/data/output" 2>/dev/null || echo "⚠ Warning: Could not create data output directory"\n\n# Clean up old output files to prevent Spark OVERWRITE permission issues\necho "Cleaning previous output..."\nif [ -d "/app/data/output" ]; then\n    # Ensure we can delete all files by fixing permissions first\n    chmod -R 777 "/app/data/output" 2>/dev/null || true\n    # Remove entire output tree and recreate\n    rm -rf "/app/data/output" 2>/dev/null && echo "  ✓ Cleaned /app/data/output" || echo "  ⚠ Partial cleanup of /app/data/output"\nfi\n# Recreate clean output directory structure\nmkdir -p "/app/data/output/events" 2>/dev/null || true\nmkdir -p "/app/data/output/discards" 2>/dev/null || true\nchmod -R 777 "/app/data/output" 2>/dev/null || true\n\n# Set effective log path for the script\nexport LOG_PATH_EFFECTIVE="/app/***/logs/pipeline"\nif [ ! -w "/app/***/logs/pipeline" ]; then\n    export LOG_PATH_EFFECTIVE="$LOG_DIR_BACKUP"\nfi\n\necho "Effective log path: $LOG_PATH_EFFECTIVE"\n\n# Change to application home directory\nif [ -d "/app" ]; then\n    cd "/app"\n    echo "✓ Changed to: /app"\nelse\n    echo "✗ Application directory not found: /app"\n    exit 1\nfi\n\n# Run the pipeline script\necho "Executing pipeline script..."\npython "/app/src/main.py" 2>&1 | tee -a "$LOG_PATH_EFFECTIVE/pipeline.log" || true\n\n# Capture exit code\nEXIT_CODE=${PIPESTATUS[0]}\n\n# Report results\necho ""\necho "Pipeline execution completed with exit code: $EXIT_CODE"\n\nif [ $EXIT_CODE -eq 0 ]; then\n    echo "✓ Pipeline executed successfully"\n    exit 0\nelse\n    echo "✗ Pipeline failed with errors (see logs above)"\n    exit $EXIT_CODE\nfi\n        ']
[2026-03-23T01:10:27.347+0000] {subprocess.py:86} INFO - Output:
[2026-03-23T01:10:27.349+0000] {subprocess.py:93} INFO - Starting Spark pipeline execution...
[2026-03-23T01:10:27.349+0000] {subprocess.py:93} INFO - Configuration: /app/metadata/config.json
[2026-03-23T01:10:27.349+0000] {subprocess.py:93} INFO - Data path: /app/data
[2026-03-23T01:10:27.349+0000] {subprocess.py:93} INFO - Script: /app/src/main.py
[2026-03-23T01:10:27.349+0000] {subprocess.py:93} INFO - Log path: /app/***/logs/pipeline
[2026-03-23T01:10:27.350+0000] {subprocess.py:93} INFO - Preparing directories...
[2026-03-23T01:10:27.353+0000] {subprocess.py:93} INFO - ✓ Using primary log path: /app/***/logs/pipeline
[2026-03-23T01:10:27.357+0000] {subprocess.py:93} INFO - Cleaning previous output...
[2026-03-23T01:10:27.363+0000] {subprocess.py:93} INFO -   ⚠ Partial cleanup of /app/data/output
[2026-03-23T01:10:27.372+0000] {subprocess.py:93} INFO - Effective log path: /app/***/logs/pipeline
[2026-03-23T01:10:27.372+0000] {subprocess.py:93} INFO - ✓ Changed to: /app
[2026-03-23T01:10:27.373+0000] {subprocess.py:93} INFO - Executing pipeline script...
[2026-03-23T01:10:28.054+0000] {subprocess.py:93} INFO - 2026-03-23 01:10:28,053 - __main__ - INFO - Starting Dynamic Spark Pipeline...
[2026-03-23T01:10:28.055+0000] {subprocess.py:93} INFO - 2026-03-23 01:10:28,054 - __main__ - INFO - Loading config from metadata/config.json
[2026-03-23T01:10:28.055+0000] {subprocess.py:93} INFO - 2026-03-23 01:10:28,055 - __main__ - INFO - Creating Spark session...
[2026-03-23T01:10:28.602+0000] {subprocess.py:93} INFO - WARNING: Using incubator modules: jdk.incubator.vector
[2026-03-23T01:10:30.049+0000] {subprocess.py:93} INFO - Using Spark's default log4j profile: org/apache/spark/log4j2-defaults.properties
[2026-03-23T01:10:30.050+0000] {subprocess.py:93} INFO - Setting default log level to "WARN".
[2026-03-23T01:10:30.051+0000] {subprocess.py:93} INFO - To adjust logging level use sc.setLogLevel(newLevel). For SparkR, use setLogLevel(newLevel).
[2026-03-23T01:10:31.032+0000] {subprocess.py:93} INFO - 26/03/23 01:10:31 WARN NativeCodeLoader: Unable to load native-hadoop library for your platform... using builtin-java classes where applicable
[2026-03-23T01:10:34.517+0000] {subprocess.py:93} INFO - 2026-03-23 01:10:34,517 - __main__ - INFO - Executing 1 dataflow(s)...
[2026-03-23T01:10:39.558+0000] {subprocess.py:93} INFO - [Stage 0:>                                                          (0 + 1) / 1]                                                                                26/03/23 01:10:39 WARN FileUtil: Failed to delete file or dir [/app/data/output/events/motor_policy/_SUCCESS]: it still exists.
[2026-03-23T01:10:39.558+0000] {subprocess.py:93} INFO - 26/03/23 01:10:39 WARN FileUtil: Failed to delete file or dir [/app/data/output/events/motor_policy/._SUCCESS.crc]: it still exists.
[2026-03-23T01:10:39.558+0000] {subprocess.py:93} INFO - 26/03/23 01:10:39 WARN FileUtil: Failed to delete file or dir [/app/data/output/events/motor_policy/part-00000-b78ac4d7-b1a9-45ed-8a83-22bb8cbb1034-c000.json]: it still exists.
[2026-03-23T01:10:39.558+0000] {subprocess.py:93} INFO - 26/03/23 01:10:39 WARN FileUtil: Failed to delete file or dir [/app/data/output/events/motor_policy/.part-00000-b78ac4d7-b1a9-45ed-8a83-22bb8cbb1034-c000.json.crc]: it still exists.
[2026-03-23T01:10:41.827+0000] {subprocess.py:93} INFO - [raw-ok] Pre-emptively cleaning output directory: data/output/events/motor_policy
[2026-03-23T01:10:41.828+0000] {subprocess.py:93} INFO - [raw-ok] Attempt 1/3: chmod via find on data/output/events/motor_policy
[2026-03-23T01:10:41.828+0000] {subprocess.py:93} INFO - [raw-ok] rm -rf failed with code 1
[2026-03-23T01:10:41.828+0000] {subprocess.py:93} INFO - [raw-ok] shutil.rmtree strict mode failed: [Errno 13] Permission denied: '_SUCCESS'
[2026-03-23T01:10:41.828+0000] {subprocess.py:93} INFO - [raw-ok] Retrying with ignore_errors=True...
[2026-03-23T01:10:41.828+0000] {subprocess.py:93} INFO - [raw-ok] Attempt 2/3: chmod via find on data/output/events/motor_policy
[2026-03-23T01:10:41.829+0000] {subprocess.py:93} INFO - [raw-ok] rm -rf failed with code 1
[2026-03-23T01:10:41.829+0000] {subprocess.py:93} INFO - [raw-ok] shutil.rmtree strict mode failed: [Errno 13] Permission denied: '_SUCCESS'
[2026-03-23T01:10:41.829+0000] {subprocess.py:93} INFO - [raw-ok] Retrying with ignore_errors=True...
[2026-03-23T01:10:41.829+0000] {subprocess.py:93} INFO - [raw-ok] Attempt 3/3: chmod via find on data/output/events/motor_policy
[2026-03-23T01:10:41.829+0000] {subprocess.py:93} INFO - [raw-ok] rm -rf failed with code 1
[2026-03-23T01:10:41.829+0000] {subprocess.py:93} INFO - [raw-ok] shutil.rmtree strict mode failed: [Errno 13] Permission denied: '_SUCCESS'
[2026-03-23T01:10:41.830+0000] {subprocess.py:93} INFO - [raw-ok] Retrying with ignore_errors=True...
[2026-03-23T01:10:41.830+0000] {subprocess.py:93} INFO - [raw-ok] Write failed with directory clear error. Attempting aggressive cleanup...
[2026-03-23T01:10:41.830+0000] {subprocess.py:93} INFO - [raw-ok] Attempt 1/3: chmod via find on data/output/events/motor_policy
[2026-03-23T01:10:41.830+0000] {subprocess.py:93} INFO - [raw-ok] rm -rf failed with code 1
[2026-03-23T01:10:41.830+0000] {subprocess.py:93} INFO - [raw-ok] shutil.rmtree strict mode failed: [Errno 13] Permission denied: '_SUCCESS'
[2026-03-23T01:10:41.830+0000] {subprocess.py:93} INFO - [raw-ok] Retrying with ignore_errors=True...
[2026-03-23T01:10:41.831+0000] {subprocess.py:93} INFO - [raw-ok] Attempt 2/3: chmod via find on data/output/events/motor_policy
[2026-03-23T01:10:41.831+0000] {subprocess.py:93} INFO - [raw-ok] rm -rf failed with code 1
[2026-03-23T01:10:41.831+0000] {subprocess.py:93} INFO - [raw-ok] shutil.rmtree strict mode failed: [Errno 13] Permission denied: '_SUCCESS'
[2026-03-23T01:10:41.831+0000] {subprocess.py:93} INFO - [raw-ok] Retrying with ignore_errors=True...
[2026-03-23T01:10:41.831+0000] {subprocess.py:93} INFO - [raw-ok] Attempt 3/3: chmod via find on data/output/events/motor_policy
[2026-03-23T01:10:41.831+0000] {subprocess.py:93} INFO - [raw-ok] rm -rf failed with code 1
[2026-03-23T01:10:41.832+0000] {subprocess.py:93} INFO - [raw-ok] shutil.rmtree strict mode failed: [Errno 13] Permission denied: '_SUCCESS'
[2026-03-23T01:10:41.832+0000] {subprocess.py:93} INFO - [raw-ok] Retrying with ignore_errors=True...
[2026-03-23T01:10:41.832+0000] {subprocess.py:93} INFO - 2026-03-23 01:10:41,823 - __main__ - ERROR - Pipeline execution failed: Could not clean output directory 'data/output/events/motor_policy' for sink 'raw-ok'. Original error: An error occurred while calling o70.save.
[2026-03-23T01:10:41.832+0000] {subprocess.py:93} INFO - : org.apache.spark.SparkException: Unable to clear output directory file:/app/data/output/events/motor_policy prior to writing to it.
[2026-03-23T01:10:41.832+0000] {subprocess.py:93} INFO - 	at org.apache.spark.sql.errors.QueryExecutionErrors$.cannotClearOutputDirectoryError(QueryExecutionErrors.scala:786)
[2026-03-23T01:10:41.832+0000] {subprocess.py:93} INFO - 	at org.apache.spark.sql.execution.datasources.InsertIntoHadoopFsRelationCommand.deleteMatchingPartitions(InsertIntoHadoopFsRelationCommand.scala:244)
[2026-03-23T01:10:41.832+0000] {subprocess.py:93} INFO - 	at org.apache.spark.sql.execution.datasources.InsertIntoHadoopFsRelationCommand.run(InsertIntoHadoopFsRelationCommand.scala:136)
[2026-03-23T01:10:41.833+0000] {subprocess.py:93} INFO - 	at org.apache.spark.sql.execution.command.DataWritingCommandExec.sideEffectResult$lzycompute(commands.scala:117)
[2026-03-23T01:10:41.833+0000] {subprocess.py:93} INFO - 	at org.apache.spark.sql.execution.command.DataWritingCommandExec.sideEffectResult(commands.scala:115)
[2026-03-23T01:10:41.833+0000] {subprocess.py:93} INFO - 	at org.apache.spark.sql.execution.command.DataWritingCommandExec.executeCollect(commands.scala:129)
[2026-03-23T01:10:41.833+0000] {subprocess.py:93} INFO - 	at org.apache.spark.sql.execution.QueryExecution.$anonfun$eagerlyExecuteCommands$2(QueryExecution.scala:155)
[2026-03-23T01:10:41.833+0000] {subprocess.py:93} INFO - 	at org.apache.spark.sql.execution.SQLExecution$.$anonfun$withNewExecutionId0$8(SQLExecution.scala:163)
[2026-03-23T01:10:41.833+0000] {subprocess.py:93} INFO - 	at org.apache.spark.sql.execution.SQLExecution$.withSessionTagsApplied(SQLExecution.scala:272)
[2026-03-23T01:10:41.833+0000] {subprocess.py:93} INFO - 	at org.apache.spark.sql.execution.SQLExecution$.$anonfun$withNewExecutionId0$7(SQLExecution.scala:125)
[2026-03-23T01:10:41.834+0000] {subprocess.py:93} INFO - 	at org.apache.spark.JobArtifactSet$.withActiveJobArtifactState(JobArtifactSet.scala:94)
[2026-03-23T01:10:41.834+0000] {subprocess.py:93} INFO - 	at org.apache.spark.sql.artifact.ArtifactManager.$anonfun$withResources$1(ArtifactManager.scala:112)
[2026-03-23T01:10:41.834+0000] {subprocess.py:93} INFO - 	at org.apache.spark.sql.artifact.ArtifactManager.withClassLoaderIfNeeded(ArtifactManager.scala:106)
[2026-03-23T01:10:41.834+0000] {subprocess.py:93} INFO - 	at org.apache.spark.sql.artifact.ArtifactManager.withResources(ArtifactManager.scala:111)
[2026-03-23T01:10:41.834+0000] {subprocess.py:93} INFO - 	at org.apache.spark.sql.execution.SQLExecution$.$anonfun$withNewExecutionId0$6(SQLExecution.scala:125)
[2026-03-23T01:10:41.834+0000] {subprocess.py:93} INFO - 	at org.apache.spark.sql.execution.SQLExecution$.withSQLConfPropagated(SQLExecution.scala:295)
[2026-03-23T01:10:41.834+0000] {subprocess.py:93} INFO - 	at org.apache.spark.sql.execution.SQLExecution$.$anonfun$withNewExecutionId0$1(SQLExecution.scala:124)
[2026-03-23T01:10:41.834+0000] {subprocess.py:93} INFO - 	at org.apache.spark.sql.SparkSession.withActive(SparkSession.scala:804)
[2026-03-23T01:10:41.835+0000] {subprocess.py:93} INFO - 	at org.apache.spark.sql.execution.SQLExecution$.withNewExecutionId0(SQLExecution.scala:78)
[2026-03-23T01:10:41.835+0000] {subprocess.py:93} INFO - 	at org.apache.spark.sql.execution.SQLExecution$.withNewExecutionId(SQLExecution.scala:237)
[2026-03-23T01:10:41.835+0000] {subprocess.py:93} INFO - 	at org.apache.spark.sql.execution.QueryExecution.$anonfun$eagerlyExecuteCommands$1(QueryExecution.scala:155)
[2026-03-23T01:10:41.835+0000] {subprocess.py:93} INFO - 	at org.apache.spark.sql.execution.QueryExecution$.withInternalError(QueryExecution.scala:654)
[2026-03-23T01:10:41.835+0000] {subprocess.py:93} INFO - 	at org.apache.spark.sql.execution.QueryExecution.org$apache$spark$sql$execution$QueryExecution$$eagerlyExecute$1(QueryExecution.scala:154)
[2026-03-23T01:10:41.836+0000] {subprocess.py:93} INFO - 	at org.apache.spark.sql.execution.QueryExecution$$anonfun$eagerlyExecuteCommands$3.applyOrElse(QueryExecution.scala:169)
[2026-03-23T01:10:41.836+0000] {subprocess.py:93} INFO - 	at org.apache.spark.sql.execution.QueryExecution$$anonfun$eagerlyExecuteCommands$3.applyOrElse(QueryExecution.scala:164)
[2026-03-23T01:10:41.836+0000] {subprocess.py:93} INFO - 	at org.apache.spark.sql.catalyst.trees.TreeNode.$anonfun$transformDownWithPruning$1(TreeNode.scala:470)
[2026-03-23T01:10:41.836+0000] {subprocess.py:93} INFO - 	at org.apache.spark.sql.catalyst.trees.CurrentOrigin$.withOrigin(origin.scala:86)
[2026-03-23T01:10:41.836+0000] {subprocess.py:93} INFO - 	at org.apache.spark.sql.catalyst.trees.TreeNode.transformDownWithPruning(TreeNode.scala:470)
[2026-03-23T01:10:41.837+0000] {subprocess.py:93} INFO - 	at org.apache.spark.sql.catalyst.plans.logical.LogicalPlan.org$apache$spark$sql$catalyst$plans$logical$AnalysisHelper$$super$transformDownWithPruning(LogicalPlan.scala:37)
[2026-03-23T01:10:41.837+0000] {subprocess.py:93} INFO - 	at org.apache.spark.sql.catalyst.plans.logical.AnalysisHelper.transformDownWithPruning(AnalysisHelper.scala:360)
[2026-03-23T01:10:41.837+0000] {subprocess.py:93} INFO - 	at org.apache.spark.sql.catalyst.plans.logical.AnalysisHelper.transformDownWithPruning$(AnalysisHelper.scala:356)
[2026-03-23T01:10:41.837+0000] {subprocess.py:93} INFO - 	at org.apache.spark.sql.catalyst.plans.logical.LogicalPlan.transformDownWithPruning(LogicalPlan.scala:37)
[2026-03-23T01:10:41.838+0000] {subprocess.py:93} INFO - 	at org.apache.spark.sql.catalyst.plans.logical.LogicalPlan.transformDownWithPruning(LogicalPlan.scala:37)
[2026-03-23T01:10:41.838+0000] {subprocess.py:93} INFO - 	at org.apache.spark.sql.catalyst.trees.TreeNode.transformDown(TreeNode.scala:446)
[2026-03-23T01:10:41.838+0000] {subprocess.py:93} INFO - 	at org.apache.spark.sql.execution.QueryExecution.eagerlyExecuteCommands(QueryExecution.scala:164)
[2026-03-23T01:10:41.838+0000] {subprocess.py:93} INFO - 	at org.apache.spark.sql.execution.QueryExecution.$anonfun$lazyCommandExecuted$1(QueryExecution.scala:126)
[2026-03-23T01:10:41.838+0000] {subprocess.py:93} INFO - 	at scala.util.Try$.apply(Try.scala:217)
[2026-03-23T01:10:41.838+0000] {subprocess.py:93} INFO - 	at org.apache.spark.util.Utils$.doTryWithCallerStacktrace(Utils.scala:1378)
[2026-03-23T01:10:41.838+0000] {subprocess.py:93} INFO - 	at org.apache.spark.util.Utils$.getTryWithCallerStacktrace(Utils.scala:1439)
[2026-03-23T01:10:41.838+0000] {subprocess.py:93} INFO - 	at org.apache.spark.util.LazyTry.get(LazyTry.scala:58)
[2026-03-23T01:10:41.839+0000] {subprocess.py:93} INFO - 	at org.apache.spark.sql.execution.QueryExecution.commandExecuted(QueryExecution.scala:131)
[2026-03-23T01:10:41.839+0000] {subprocess.py:93} INFO - 	at org.apache.spark.sql.execution.QueryExecution.assertCommandExecuted(QueryExecution.scala:192)
[2026-03-23T01:10:41.839+0000] {subprocess.py:93} INFO - 	at org.apache.spark.sql.classic.DataFrameWriter.runCommand(DataFrameWriter.scala:622)
[2026-03-23T01:10:41.839+0000] {subprocess.py:93} INFO - 	at org.apache.spark.sql.classic.DataFrameWriter.saveToV1Source(DataFrameWriter.scala:273)
[2026-03-23T01:10:41.839+0000] {subprocess.py:93} INFO - 	at org.apache.spark.sql.classic.DataFrameWriter.saveInternal(DataFrameWriter.scala:241)
[2026-03-23T01:10:41.839+0000] {subprocess.py:93} INFO - 	at org.apache.spark.sql.classic.DataFrameWriter.save(DataFrameWriter.scala:118)
[2026-03-23T01:10:41.840+0000] {subprocess.py:93} INFO - 	at java.base/jdk.internal.reflect.NativeMethodAccessorImpl.invoke0(Native Method)
[2026-03-23T01:10:41.840+0000] {subprocess.py:93} INFO - 	at java.base/jdk.internal.reflect.NativeMethodAccessorImpl.invoke(NativeMethodAccessorImpl.java:77)
[2026-03-23T01:10:41.840+0000] {subprocess.py:93} INFO - 	at java.base/jdk.internal.reflect.DelegatingMethodAccessorImpl.invoke(DelegatingMethodAccessorImpl.java:43)
[2026-03-23T01:10:41.840+0000] {subprocess.py:93} INFO - 	at java.base/java.lang.reflect.Method.invoke(Method.java:569)
[2026-03-23T01:10:41.840+0000] {subprocess.py:93} INFO - 	at py4j.reflection.MethodInvoker.invoke(MethodInvoker.java:244)
[2026-03-23T01:10:41.840+0000] {subprocess.py:93} INFO - 	at py4j.reflection.ReflectionEngine.invoke(ReflectionEngine.java:374)
[2026-03-23T01:10:41.840+0000] {subprocess.py:93} INFO - 	at py4j.Gateway.invoke(Gateway.java:282)
[2026-03-23T01:10:41.841+0000] {subprocess.py:93} INFO - 	at py4j.commands.AbstractCommand.invokeMethod(AbstractCommand.java:132)
[2026-03-23T01:10:41.841+0000] {subprocess.py:93} INFO - 	at py4j.commands.CallCommand.execute(CallCommand.java:79)
[2026-03-23T01:10:41.841+0000] {subprocess.py:93} INFO - 	at py4j.ClientServerConnection.waitForCommands(ClientServerConnection.java:184)
[2026-03-23T01:10:41.841+0000] {subprocess.py:93} INFO - 	at py4j.ClientServerConnection.run(ClientServerConnection.java:108)
[2026-03-23T01:10:41.841+0000] {subprocess.py:93} INFO - 	at java.base/java.lang.Thread.run(Thread.java:840)
[2026-03-23T01:10:41.841+0000] {subprocess.py:93} INFO - 	Suppressed: org.apache.spark.util.Utils$OriginalTryStackTraceException: Full stacktrace of original doTryWithCallerStacktrace caller
[2026-03-23T01:10:41.841+0000] {subprocess.py:93} INFO - 		at org.apache.spark.sql.errors.QueryExecutionErrors$.cannotClearOutputDirectoryError(QueryExecutionErrors.scala:786)
[2026-03-23T01:10:41.841+0000] {subprocess.py:93} INFO - 		at org.apache.spark.sql.execution.datasources.InsertIntoHadoopFsRelationCommand.deleteMatchingPartitions(InsertIntoHadoopFsRelationCommand.scala:244)
[2026-03-23T01:10:41.842+0000] {subprocess.py:93} INFO - 		at org.apache.spark.sql.execution.datasources.InsertIntoHadoopFsRelationCommand.run(InsertIntoHadoopFsRelationCommand.scala:136)
[2026-03-23T01:10:41.842+0000] {subprocess.py:93} INFO - 		at org.apache.spark.sql.execution.command.DataWritingCommandExec.sideEffectResult$lzycompute(commands.scala:117)
[2026-03-23T01:10:41.842+0000] {subprocess.py:93} INFO - 		at org.apache.spark.sql.execution.command.DataWritingCommandExec.sideEffectResult(commands.scala:115)
[2026-03-23T01:10:41.842+0000] {subprocess.py:93} INFO - 		at org.apache.spark.sql.execution.command.DataWritingCommandExec.executeCollect(commands.scala:129)
[2026-03-23T01:10:41.842+0000] {subprocess.py:93} INFO - 		at org.apache.spark.sql.execution.QueryExecution.$anonfun$eagerlyExecuteCommands$2(QueryExecution.scala:155)
[2026-03-23T01:10:41.842+0000] {subprocess.py:93} INFO - 		at org.apache.spark.sql.execution.SQLExecution$.$anonfun$withNewExecutionId0$8(SQLExecution.scala:163)
[2026-03-23T01:10:41.842+0000] {subprocess.py:93} INFO - 		at org.apache.spark.sql.execution.SQLExecution$.withSessionTagsApplied(SQLExecution.scala:272)
[2026-03-23T01:10:41.843+0000] {subprocess.py:93} INFO - 		at org.apache.spark.sql.execution.SQLExecution$.$anonfun$withNewExecutionId0$7(SQLExecution.scala:125)
[2026-03-23T01:10:41.843+0000] {subprocess.py:93} INFO - 		at org.apache.spark.JobArtifactSet$.withActiveJobArtifactState(JobArtifactSet.scala:94)
[2026-03-23T01:10:41.843+0000] {subprocess.py:93} INFO - 		at org.apache.spark.sql.artifact.ArtifactManager.$anonfun$withResources$1(ArtifactManager.scala:112)
[2026-03-23T01:10:41.843+0000] {subprocess.py:93} INFO - 		at org.apache.spark.sql.artifact.ArtifactManager.withClassLoaderIfNeeded(ArtifactManager.scala:106)
[2026-03-23T01:10:41.843+0000] {subprocess.py:93} INFO - 		at org.apache.spark.sql.artifact.ArtifactManager.withResources(ArtifactManager.scala:111)
[2026-03-23T01:10:41.844+0000] {subprocess.py:93} INFO - 		at org.apache.spark.sql.execution.SQLExecution$.$anonfun$withNewExecutionId0$6(SQLExecution.scala:125)
[2026-03-23T01:10:41.844+0000] {subprocess.py:93} INFO - 		at org.apache.spark.sql.execution.SQLExecution$.withSQLConfPropagated(SQLExecution.scala:295)
[2026-03-23T01:10:41.844+0000] {subprocess.py:93} INFO - 		at org.apache.spark.sql.execution.SQLExecution$.$anonfun$withNewExecutionId0$1(SQLExecution.scala:124)
[2026-03-23T01:10:41.845+0000] {subprocess.py:93} INFO - 		at org.apache.spark.sql.SparkSession.withActive(SparkSession.scala:804)
[2026-03-23T01:10:41.845+0000] {subprocess.py:93} INFO - 		at org.apache.spark.sql.execution.SQLExecution$.withNewExecutionId0(SQLExecution.scala:78)
[2026-03-23T01:10:41.845+0000] {subprocess.py:93} INFO - 		at org.apache.spark.sql.execution.SQLExecution$.withNewExecutionId(SQLExecution.scala:237)
[2026-03-23T01:10:41.845+0000] {subprocess.py:93} INFO - 		at org.apache.spark.sql.execution.QueryExecution.$anonfun$eagerlyExecuteCommands$1(QueryExecution.scala:155)
[2026-03-23T01:10:41.845+0000] {subprocess.py:93} INFO - 		at org.apache.spark.sql.execution.QueryExecution$.withInternalError(QueryExecution.scala:654)
[2026-03-23T01:10:41.845+0000] {subprocess.py:93} INFO - 		at org.apache.spark.sql.execution.QueryExecution.org$apache$spark$sql$execution$QueryExecution$$eagerlyExecute$1(QueryExecution.scala:154)
[2026-03-23T01:10:41.846+0000] {subprocess.py:93} INFO - 		at org.apache.spark.sql.execution.QueryExecution$$anonfun$eagerlyExecuteCommands$3.applyOrElse(QueryExecution.scala:169)
[2026-03-23T01:10:41.846+0000] {subprocess.py:93} INFO - 		at org.apache.spark.sql.execution.QueryExecution$$anonfun$eagerlyExecuteCommands$3.applyOrElse(QueryExecution.scala:164)
[2026-03-23T01:10:41.846+0000] {subprocess.py:93} INFO - 		at org.apache.spark.sql.catalyst.trees.TreeNode.$anonfun$transformDownWithPruning$1(TreeNode.scala:470)
[2026-03-23T01:10:41.846+0000] {subprocess.py:93} INFO - 		at org.apache.spark.sql.catalyst.trees.CurrentOrigin$.withOrigin(origin.scala:86)
[2026-03-23T01:10:41.847+0000] {subprocess.py:93} INFO - 		at org.apache.spark.sql.catalyst.trees.TreeNode.transformDownWithPruning(TreeNode.scala:470)
[2026-03-23T01:10:41.847+0000] {subprocess.py:93} INFO - 		at org.apache.spark.sql.catalyst.plans.logical.LogicalPlan.org$apache$spark$sql$catalyst$plans$logical$AnalysisHelper$$super$transformDownWithPruning(LogicalPlan.scala:37)
[2026-03-23T01:10:41.848+0000] {subprocess.py:93} INFO - 		at org.apache.spark.sql.catalyst.plans.logical.AnalysisHelper.transformDownWithPruning(AnalysisHelper.scala:360)
[2026-03-23T01:10:41.848+0000] {subprocess.py:93} INFO - 		at org.apache.spark.sql.catalyst.plans.logical.AnalysisHelper.transformDownWithPruning$(AnalysisHelper.scala:356)
[2026-03-23T01:10:41.848+0000] {subprocess.py:93} INFO - 		at org.apache.spark.sql.catalyst.plans.logical.LogicalPlan.transformDownWithPruning(LogicalPlan.scala:37)
[2026-03-23T01:10:41.849+0000] {subprocess.py:93} INFO - 		at org.apache.spark.sql.catalyst.plans.logical.LogicalPlan.transformDownWithPruning(LogicalPlan.scala:37)
[2026-03-23T01:10:41.849+0000] {subprocess.py:93} INFO - 		at org.apache.spark.sql.catalyst.trees.TreeNode.transformDown(TreeNode.scala:446)
[2026-03-23T01:10:41.849+0000] {subprocess.py:93} INFO - 		at org.apache.spark.sql.execution.QueryExecution.eagerlyExecuteCommands(QueryExecution.scala:164)
[2026-03-23T01:10:41.850+0000] {subprocess.py:93} INFO - 		at org.apache.spark.sql.execution.QueryExecution.$anonfun$lazyCommandExecuted$1(QueryExecution.scala:126)
[2026-03-23T01:10:41.850+0000] {subprocess.py:93} INFO - 		at scala.util.Try$.apply(Try.scala:217)
[2026-03-23T01:10:41.850+0000] {subprocess.py:93} INFO - 		at org.apache.spark.util.Utils$.doTryWithCallerStacktrace(Utils.scala:1378)
[2026-03-23T01:10:41.850+0000] {subprocess.py:93} INFO - 		at org.apache.spark.util.LazyTry.tryT$lzycompute(LazyTry.scala:46)
[2026-03-23T01:10:41.850+0000] {subprocess.py:93} INFO - 		at org.apache.spark.util.LazyTry.tryT(LazyTry.scala:46)
[2026-03-23T01:10:41.851+0000] {subprocess.py:93} INFO - 		... 19 more
[2026-03-23T01:10:41.851+0000] {subprocess.py:93} INFO - Traceback (most recent call last):
[2026-03-23T01:10:41.851+0000] {subprocess.py:93} INFO -   File "/app/src/writer.py", line 131, in write_output
[2026-03-23T01:10:41.851+0000] {subprocess.py:93} INFO -     df.write.mode(sink_mode).format(sink_format).save(path)
[2026-03-23T01:10:41.851+0000] {subprocess.py:93} INFO -   File "/home/***/.local/lib/python3.9/site-packages/pyspark/sql/readwriter.py", line 1745, in save
[2026-03-23T01:10:41.851+0000] {subprocess.py:93} INFO -     self._jwrite.save(path)
[2026-03-23T01:10:41.851+0000] {subprocess.py:93} INFO -   File "/home/***/.local/lib/python3.9/site-packages/py4j/java_gateway.py", line 1362, in __call__
[2026-03-23T01:10:41.852+0000] {subprocess.py:93} INFO -     return_value = get_return_value(
[2026-03-23T01:10:41.852+0000] {subprocess.py:93} INFO -   File "/home/***/.local/lib/python3.9/site-packages/pyspark/errors/exceptions/captured.py", line 282, in deco
[2026-03-23T01:10:41.852+0000] {subprocess.py:93} INFO -     return f(*a, **kw)
[2026-03-23T01:10:41.852+0000] {subprocess.py:93} INFO -   File "/home/***/.local/lib/python3.9/site-packages/py4j/protocol.py", line 327, in get_return_value
[2026-03-23T01:10:41.852+0000] {subprocess.py:93} INFO -     raise Py4JJavaError(
[2026-03-23T01:10:41.852+0000] {subprocess.py:93} INFO - py4j.protocol.Py4JJavaError: An error occurred while calling o70.save.
[2026-03-23T01:10:41.852+0000] {subprocess.py:93} INFO - : org.apache.spark.SparkException: Unable to clear output directory file:/app/data/output/events/motor_policy prior to writing to it.
[2026-03-23T01:10:41.852+0000] {subprocess.py:93} INFO - 	at org.apache.spark.sql.errors.QueryExecutionErrors$.cannotClearOutputDirectoryError(QueryExecutionErrors.scala:786)
[2026-03-23T01:10:41.853+0000] {subprocess.py:93} INFO - 	at org.apache.spark.sql.execution.datasources.InsertIntoHadoopFsRelationCommand.deleteMatchingPartitions(InsertIntoHadoopFsRelationCommand.scala:244)
[2026-03-23T01:10:41.853+0000] {subprocess.py:93} INFO - 	at org.apache.spark.sql.execution.datasources.InsertIntoHadoopFsRelationCommand.run(InsertIntoHadoopFsRelationCommand.scala:136)
[2026-03-23T01:10:41.853+0000] {subprocess.py:93} INFO - 	at org.apache.spark.sql.execution.command.DataWritingCommandExec.sideEffectResult$lzycompute(commands.scala:117)
[2026-03-23T01:10:41.853+0000] {subprocess.py:93} INFO - 	at org.apache.spark.sql.execution.command.DataWritingCommandExec.sideEffectResult(commands.scala:115)
[2026-03-23T01:10:41.853+0000] {subprocess.py:93} INFO - 	at org.apache.spark.sql.execution.command.DataWritingCommandExec.executeCollect(commands.scala:129)
[2026-03-23T01:10:41.853+0000] {subprocess.py:93} INFO - 	at org.apache.spark.sql.execution.QueryExecution.$anonfun$eagerlyExecuteCommands$2(QueryExecution.scala:155)
[2026-03-23T01:10:41.853+0000] {subprocess.py:93} INFO - 	at org.apache.spark.sql.execution.SQLExecution$.$anonfun$withNewExecutionId0$8(SQLExecution.scala:163)
[2026-03-23T01:10:41.853+0000] {subprocess.py:93} INFO - 	at org.apache.spark.sql.execution.SQLExecution$.withSessionTagsApplied(SQLExecution.scala:272)
[2026-03-23T01:10:41.853+0000] {subprocess.py:93} INFO - 	at org.apache.spark.sql.execution.SQLExecution$.$anonfun$withNewExecutionId0$7(SQLExecution.scala:125)
[2026-03-23T01:10:41.854+0000] {subprocess.py:93} INFO - 	at org.apache.spark.JobArtifactSet$.withActiveJobArtifactState(JobArtifactSet.scala:94)
[2026-03-23T01:10:41.854+0000] {subprocess.py:93} INFO - 	at org.apache.spark.sql.artifact.ArtifactManager.$anonfun$withResources$1(ArtifactManager.scala:112)
[2026-03-23T01:10:41.854+0000] {subprocess.py:93} INFO - 	at org.apache.spark.sql.artifact.ArtifactManager.withClassLoaderIfNeeded(ArtifactManager.scala:106)
[2026-03-23T01:10:41.854+0000] {subprocess.py:93} INFO - 	at org.apache.spark.sql.artifact.ArtifactManager.withResources(ArtifactManager.scala:111)
[2026-03-23T01:10:41.854+0000] {subprocess.py:93} INFO - 	at org.apache.spark.sql.execution.SQLExecution$.$anonfun$withNewExecutionId0$6(SQLExecution.scala:125)
[2026-03-23T01:10:41.854+0000] {subprocess.py:93} INFO - 	at org.apache.spark.sql.execution.SQLExecution$.withSQLConfPropagated(SQLExecution.scala:295)
[2026-03-23T01:10:41.854+0000] {subprocess.py:93} INFO - 	at org.apache.spark.sql.execution.SQLExecution$.$anonfun$withNewExecutionId0$1(SQLExecution.scala:124)
[2026-03-23T01:10:41.855+0000] {subprocess.py:93} INFO - 	at org.apache.spark.sql.SparkSession.withActive(SparkSession.scala:804)
[2026-03-23T01:10:41.855+0000] {subprocess.py:93} INFO - 	at org.apache.spark.sql.execution.SQLExecution$.withNewExecutionId0(SQLExecution.scala:78)
[2026-03-23T01:10:41.855+0000] {subprocess.py:93} INFO - 	at org.apache.spark.sql.execution.SQLExecution$.withNewExecutionId(SQLExecution.scala:237)
[2026-03-23T01:10:41.855+0000] {subprocess.py:93} INFO - 	at org.apache.spark.sql.execution.QueryExecution.$anonfun$eagerlyExecuteCommands$1(QueryExecution.scala:155)
[2026-03-23T01:10:41.855+0000] {subprocess.py:93} INFO - 	at org.apache.spark.sql.execution.QueryExecution$.withInternalError(QueryExecution.scala:654)
[2026-03-23T01:10:41.855+0000] {subprocess.py:93} INFO - 	at org.apache.spark.sql.execution.QueryExecution.org$apache$spark$sql$execution$QueryExecution$$eagerlyExecute$1(QueryExecution.scala:154)
[2026-03-23T01:10:41.856+0000] {subprocess.py:93} INFO - 	at org.apache.spark.sql.execution.QueryExecution$$anonfun$eagerlyExecuteCommands$3.applyOrElse(QueryExecution.scala:169)
[2026-03-23T01:10:41.856+0000] {subprocess.py:93} INFO - 	at org.apache.spark.sql.execution.QueryExecution$$anonfun$eagerlyExecuteCommands$3.applyOrElse(QueryExecution.scala:164)
[2026-03-23T01:10:41.856+0000] {subprocess.py:93} INFO - 	at org.apache.spark.sql.catalyst.trees.TreeNode.$anonfun$transformDownWithPruning$1(TreeNode.scala:470)
[2026-03-23T01:10:41.856+0000] {subprocess.py:93} INFO - 	at org.apache.spark.sql.catalyst.trees.CurrentOrigin$.withOrigin(origin.scala:86)
[2026-03-23T01:10:41.857+0000] {subprocess.py:93} INFO - 	at org.apache.spark.sql.catalyst.trees.TreeNode.transformDownWithPruning(TreeNode.scala:470)
[2026-03-23T01:10:41.857+0000] {subprocess.py:93} INFO - 	at org.apache.spark.sql.catalyst.plans.logical.LogicalPlan.org$apache$spark$sql$catalyst$plans$logical$AnalysisHelper$$super$transformDownWithPruning(LogicalPlan.scala:37)
[2026-03-23T01:10:41.857+0000] {subprocess.py:93} INFO - 	at org.apache.spark.sql.catalyst.plans.logical.AnalysisHelper.transformDownWithPruning(AnalysisHelper.scala:360)
[2026-03-23T01:10:41.857+0000] {subprocess.py:93} INFO - 	at org.apache.spark.sql.catalyst.plans.logical.AnalysisHelper.transformDownWithPruning$(AnalysisHelper.scala:356)
[2026-03-23T01:10:41.857+0000] {subprocess.py:93} INFO - 	at org.apache.spark.sql.catalyst.plans.logical.LogicalPlan.transformDownWithPruning(LogicalPlan.scala:37)
[2026-03-23T01:10:41.857+0000] {subprocess.py:93} INFO - 	at org.apache.spark.sql.catalyst.plans.logical.LogicalPlan.transformDownWithPruning(LogicalPlan.scala:37)
[2026-03-23T01:10:41.857+0000] {subprocess.py:93} INFO - 	at org.apache.spark.sql.catalyst.trees.TreeNode.transformDown(TreeNode.scala:446)
[2026-03-23T01:10:41.858+0000] {subprocess.py:93} INFO - 	at org.apache.spark.sql.execution.QueryExecution.eagerlyExecuteCommands(QueryExecution.scala:164)
[2026-03-23T01:10:41.858+0000] {subprocess.py:93} INFO - 	at org.apache.spark.sql.execution.QueryExecution.$anonfun$lazyCommandExecuted$1(QueryExecution.scala:126)
[2026-03-23T01:10:41.858+0000] {subprocess.py:93} INFO - 	at scala.util.Try$.apply(Try.scala:217)
[2026-03-23T01:10:41.858+0000] {subprocess.py:93} INFO - 	at org.apache.spark.util.Utils$.doTryWithCallerStacktrace(Utils.scala:1378)
[2026-03-23T01:10:41.858+0000] {subprocess.py:93} INFO - 	at org.apache.spark.util.Utils$.getTryWithCallerStacktrace(Utils.scala:1439)
[2026-03-23T01:10:41.858+0000] {subprocess.py:93} INFO - 	at org.apache.spark.util.LazyTry.get(LazyTry.scala:58)
[2026-03-23T01:10:41.858+0000] {subprocess.py:93} INFO - 	at org.apache.spark.sql.execution.QueryExecution.commandExecuted(QueryExecution.scala:131)
[2026-03-23T01:10:41.858+0000] {subprocess.py:93} INFO - 	at org.apache.spark.sql.execution.QueryExecution.assertCommandExecuted(QueryExecution.scala:192)
[2026-03-23T01:10:41.859+0000] {subprocess.py:93} INFO - 	at org.apache.spark.sql.classic.DataFrameWriter.runCommand(DataFrameWriter.scala:622)
[2026-03-23T01:10:41.859+0000] {subprocess.py:93} INFO - 	at org.apache.spark.sql.classic.DataFrameWriter.saveToV1Source(DataFrameWriter.scala:273)
[2026-03-23T01:10:41.859+0000] {subprocess.py:93} INFO - 	at org.apache.spark.sql.classic.DataFrameWriter.saveInternal(DataFrameWriter.scala:241)
[2026-03-23T01:10:41.859+0000] {subprocess.py:93} INFO - 	at org.apache.spark.sql.classic.DataFrameWriter.save(DataFrameWriter.scala:118)
[2026-03-23T01:10:41.859+0000] {subprocess.py:93} INFO - 	at java.base/jdk.internal.reflect.NativeMethodAccessorImpl.invoke0(Native Method)
[2026-03-23T01:10:41.859+0000] {subprocess.py:93} INFO - 	at java.base/jdk.internal.reflect.NativeMethodAccessorImpl.invoke(NativeMethodAccessorImpl.java:77)
[2026-03-23T01:10:41.859+0000] {subprocess.py:93} INFO - 	at java.base/jdk.internal.reflect.DelegatingMethodAccessorImpl.invoke(DelegatingMethodAccessorImpl.java:43)
[2026-03-23T01:10:41.859+0000] {subprocess.py:93} INFO - 	at java.base/java.lang.reflect.Method.invoke(Method.java:569)
[2026-03-23T01:10:41.859+0000] {subprocess.py:93} INFO - 	at py4j.reflection.MethodInvoker.invoke(MethodInvoker.java:244)
[2026-03-23T01:10:41.860+0000] {subprocess.py:93} INFO - 	at py4j.reflection.ReflectionEngine.invoke(ReflectionEngine.java:374)
[2026-03-23T01:10:41.860+0000] {subprocess.py:93} INFO - 	at py4j.Gateway.invoke(Gateway.java:282)
[2026-03-23T01:10:41.860+0000] {subprocess.py:93} INFO - 	at py4j.commands.AbstractCommand.invokeMethod(AbstractCommand.java:132)
[2026-03-23T01:10:41.860+0000] {subprocess.py:93} INFO - 	at py4j.commands.CallCommand.execute(CallCommand.java:79)
[2026-03-23T01:10:41.860+0000] {subprocess.py:93} INFO - 	at py4j.ClientServerConnection.waitForCommands(ClientServerConnection.java:184)
[2026-03-23T01:10:41.861+0000] {subprocess.py:93} INFO - 	at py4j.ClientServerConnection.run(ClientServerConnection.java:108)
[2026-03-23T01:10:41.861+0000] {subprocess.py:93} INFO - 	at java.base/java.lang.Thread.run(Thread.java:840)
[2026-03-23T01:10:41.861+0000] {subprocess.py:93} INFO - 	Suppressed: org.apache.spark.util.Utils$OriginalTryStackTraceException: Full stacktrace of original doTryWithCallerStacktrace caller
[2026-03-23T01:10:41.861+0000] {subprocess.py:93} INFO - 		at org.apache.spark.sql.errors.QueryExecutionErrors$.cannotClearOutputDirectoryError(QueryExecutionErrors.scala:786)
[2026-03-23T01:10:41.861+0000] {subprocess.py:93} INFO - 		at org.apache.spark.sql.execution.datasources.InsertIntoHadoopFsRelationCommand.deleteMatchingPartitions(InsertIntoHadoopFsRelationCommand.scala:244)
[2026-03-23T01:10:41.862+0000] {subprocess.py:93} INFO - 		at org.apache.spark.sql.execution.datasources.InsertIntoHadoopFsRelationCommand.run(InsertIntoHadoopFsRelationCommand.scala:136)
[2026-03-23T01:10:41.862+0000] {subprocess.py:93} INFO - 		at org.apache.spark.sql.execution.command.DataWritingCommandExec.sideEffectResult$lzycompute(commands.scala:117)
[2026-03-23T01:10:41.862+0000] {subprocess.py:93} INFO - 		at org.apache.spark.sql.execution.command.DataWritingCommandExec.sideEffectResult(commands.scala:115)
[2026-03-23T01:10:41.862+0000] {subprocess.py:93} INFO - 		at org.apache.spark.sql.execution.command.DataWritingCommandExec.executeCollect(commands.scala:129)
[2026-03-23T01:10:41.862+0000] {subprocess.py:93} INFO - 		at org.apache.spark.sql.execution.QueryExecution.$anonfun$eagerlyExecuteCommands$2(QueryExecution.scala:155)
[2026-03-23T01:10:41.863+0000] {subprocess.py:93} INFO - 		at org.apache.spark.sql.execution.SQLExecution$.$anonfun$withNewExecutionId0$8(SQLExecution.scala:163)
[2026-03-23T01:10:41.863+0000] {subprocess.py:93} INFO - 		at org.apache.spark.sql.execution.SQLExecution$.withSessionTagsApplied(SQLExecution.scala:272)
[2026-03-23T01:10:41.863+0000] {subprocess.py:93} INFO - 		at org.apache.spark.sql.execution.SQLExecution$.$anonfun$withNewExecutionId0$7(SQLExecution.scala:125)
[2026-03-23T01:10:41.863+0000] {subprocess.py:93} INFO - 		at org.apache.spark.JobArtifactSet$.withActiveJobArtifactState(JobArtifactSet.scala:94)
[2026-03-23T01:10:41.863+0000] {subprocess.py:93} INFO - 		at org.apache.spark.sql.artifact.ArtifactManager.$anonfun$withResources$1(ArtifactManager.scala:112)
[2026-03-23T01:10:41.864+0000] {subprocess.py:93} INFO - 		at org.apache.spark.sql.artifact.ArtifactManager.withClassLoaderIfNeeded(ArtifactManager.scala:106)
[2026-03-23T01:10:41.864+0000] {subprocess.py:93} INFO - 		at org.apache.spark.sql.artifact.ArtifactManager.withResources(ArtifactManager.scala:111)
[2026-03-23T01:10:41.864+0000] {subprocess.py:93} INFO - 		at org.apache.spark.sql.execution.SQLExecution$.$anonfun$withNewExecutionId0$6(SQLExecution.scala:125)
[2026-03-23T01:10:41.865+0000] {subprocess.py:93} INFO - 		at org.apache.spark.sql.execution.SQLExecution$.withSQLConfPropagated(SQLExecution.scala:295)
[2026-03-23T01:10:41.865+0000] {subprocess.py:93} INFO - 		at org.apache.spark.sql.execution.SQLExecution$.$anonfun$withNewExecutionId0$1(SQLExecution.scala:124)
[2026-03-23T01:10:41.865+0000] {subprocess.py:93} INFO - 		at org.apache.spark.sql.SparkSession.withActive(SparkSession.scala:804)
[2026-03-23T01:10:41.866+0000] {subprocess.py:93} INFO - 		at org.apache.spark.sql.execution.SQLExecution$.withNewExecutionId0(SQLExecution.scala:78)
[2026-03-23T01:10:41.866+0000] {subprocess.py:93} INFO - 		at org.apache.spark.sql.execution.SQLExecution$.withNewExecutionId(SQLExecution.scala:237)
[2026-03-23T01:10:41.866+0000] {subprocess.py:93} INFO - 		at org.apache.spark.sql.execution.QueryExecution.$anonfun$eagerlyExecuteCommands$1(QueryExecution.scala:155)
[2026-03-23T01:10:41.867+0000] {subprocess.py:93} INFO - 		at org.apache.spark.sql.execution.QueryExecution$.withInternalError(QueryExecution.scala:654)
[2026-03-23T01:10:41.867+0000] {subprocess.py:93} INFO - 		at org.apache.spark.sql.execution.QueryExecution.org$apache$spark$sql$execution$QueryExecution$$eagerlyExecute$1(QueryExecution.scala:154)
[2026-03-23T01:10:41.867+0000] {subprocess.py:93} INFO - 		at org.apache.spark.sql.execution.QueryExecution$$anonfun$eagerlyExecuteCommands$3.applyOrElse(QueryExecution.scala:169)
[2026-03-23T01:10:41.867+0000] {subprocess.py:93} INFO - 		at org.apache.spark.sql.execution.QueryExecution$$anonfun$eagerlyExecuteCommands$3.applyOrElse(QueryExecution.scala:164)
[2026-03-23T01:10:41.867+0000] {subprocess.py:93} INFO - 		at org.apache.spark.sql.catalyst.trees.TreeNode.$anonfun$transformDownWithPruning$1(TreeNode.scala:470)
[2026-03-23T01:10:41.867+0000] {subprocess.py:93} INFO - 		at org.apache.spark.sql.catalyst.trees.CurrentOrigin$.withOrigin(origin.scala:86)
[2026-03-23T01:10:41.868+0000] {subprocess.py:93} INFO - 		at org.apache.spark.sql.catalyst.trees.TreeNode.transformDownWithPruning(TreeNode.scala:470)
[2026-03-23T01:10:41.868+0000] {subprocess.py:93} INFO - 		at org.apache.spark.sql.catalyst.plans.logical.LogicalPlan.org$apache$spark$sql$catalyst$plans$logical$AnalysisHelper$$super$transformDownWithPruning(LogicalPlan.scala:37)
[2026-03-23T01:10:41.868+0000] {subprocess.py:93} INFO - 		at org.apache.spark.sql.catalyst.plans.logical.AnalysisHelper.transformDownWithPruning(AnalysisHelper.scala:360)
[2026-03-23T01:10:41.868+0000] {subprocess.py:93} INFO - 		at org.apache.spark.sql.catalyst.plans.logical.AnalysisHelper.transformDownWithPruning$(AnalysisHelper.scala:356)
[2026-03-23T01:10:41.868+0000] {subprocess.py:93} INFO - 		at org.apache.spark.sql.catalyst.plans.logical.LogicalPlan.transformDownWithPruning(LogicalPlan.scala:37)
[2026-03-23T01:10:41.868+0000] {subprocess.py:93} INFO - 		at org.apache.spark.sql.catalyst.plans.logical.LogicalPlan.transformDownWithPruning(LogicalPlan.scala:37)
[2026-03-23T01:10:41.869+0000] {subprocess.py:93} INFO - 		at org.apache.spark.sql.catalyst.trees.TreeNode.transformDown(TreeNode.scala:446)
[2026-03-23T01:10:41.869+0000] {subprocess.py:93} INFO - 		at org.apache.spark.sql.execution.QueryExecution.eagerlyExecuteCommands(QueryExecution.scala:164)
[2026-03-23T01:10:41.869+0000] {subprocess.py:93} INFO - 		at org.apache.spark.sql.execution.QueryExecution.$anonfun$lazyCommandExecuted$1(QueryExecution.scala:126)
[2026-03-23T01:10:41.869+0000] {subprocess.py:93} INFO - 		at scala.util.Try$.apply(Try.scala:217)
[2026-03-23T01:10:41.869+0000] {subprocess.py:93} INFO - 		at org.apache.spark.util.Utils$.doTryWithCallerStacktrace(Utils.scala:1378)
[2026-03-23T01:10:41.869+0000] {subprocess.py:93} INFO - 		at org.apache.spark.util.LazyTry.tryT$lzycompute(LazyTry.scala:46)
[2026-03-23T01:10:41.869+0000] {subprocess.py:93} INFO - 		at org.apache.spark.util.LazyTry.tryT(LazyTry.scala:46)
[2026-03-23T01:10:41.870+0000] {subprocess.py:93} INFO - 		... 19 more
[2026-03-23T01:10:41.870+0000] {subprocess.py:93} INFO - 
[2026-03-23T01:10:41.870+0000] {subprocess.py:93} INFO - 
[2026-03-23T01:10:41.870+0000] {subprocess.py:93} INFO - The above exception was the direct cause of the following exception:
[2026-03-23T01:10:41.870+0000] {subprocess.py:93} INFO - 
[2026-03-23T01:10:41.870+0000] {subprocess.py:93} INFO - Traceback (most recent call last):
[2026-03-23T01:10:41.870+0000] {subprocess.py:93} INFO -   File "/app/src/main.py", line 29, in main
[2026-03-23T01:10:41.871+0000] {subprocess.py:93} INFO -     engine.run()
[2026-03-23T01:10:41.871+0000] {subprocess.py:93} INFO -   File "/app/src/engine.py", line 70, in run
[2026-03-23T01:10:41.871+0000] {subprocess.py:93} INFO -     write_output(self.dataframes[sink_input], sink)
[2026-03-23T01:10:41.871+0000] {subprocess.py:93} INFO -   File "/app/src/writer.py", line 153, in write_output
[2026-03-23T01:10:41.871+0000] {subprocess.py:93} INFO -     raise RuntimeError(
[2026-03-23T01:10:41.871+0000] {subprocess.py:93} INFO - RuntimeError: Could not clean output directory 'data/output/events/motor_policy' for sink 'raw-ok'. Original error: An error occurred while calling o70.save.
[2026-03-23T01:10:41.871+0000] {subprocess.py:93} INFO - : org.apache.spark.SparkException: Unable to clear output directory file:/app/data/output/events/motor_policy prior to writing to it.
[2026-03-23T01:10:41.871+0000] {subprocess.py:93} INFO - 	at org.apache.spark.sql.errors.QueryExecutionErrors$.cannotClearOutputDirectoryError(QueryExecutionErrors.scala:786)
[2026-03-23T01:10:41.872+0000] {subprocess.py:93} INFO - 	at org.apache.spark.sql.execution.datasources.InsertIntoHadoopFsRelationCommand.deleteMatchingPartitions(InsertIntoHadoopFsRelationCommand.scala:244)
[2026-03-23T01:10:41.872+0000] {subprocess.py:93} INFO - 	at org.apache.spark.sql.execution.datasources.InsertIntoHadoopFsRelationCommand.run(InsertIntoHadoopFsRelationCommand.scala:136)
[2026-03-23T01:10:41.872+0000] {subprocess.py:93} INFO - 	at org.apache.spark.sql.execution.command.DataWritingCommandExec.sideEffectResult$lzycompute(commands.scala:117)
[2026-03-23T01:10:41.872+0000] {subprocess.py:93} INFO - 	at org.apache.spark.sql.execution.command.DataWritingCommandExec.sideEffectResult(commands.scala:115)
[2026-03-23T01:10:41.872+0000] {subprocess.py:93} INFO - 	at org.apache.spark.sql.execution.command.DataWritingCommandExec.executeCollect(commands.scala:129)
[2026-03-23T01:10:41.872+0000] {subprocess.py:93} INFO - 	at org.apache.spark.sql.execution.QueryExecution.$anonfun$eagerlyExecuteCommands$2(QueryExecution.scala:155)
[2026-03-23T01:10:41.872+0000] {subprocess.py:93} INFO - 	at org.apache.spark.sql.execution.SQLExecution$.$anonfun$withNewExecutionId0$8(SQLExecution.scala:163)
[2026-03-23T01:10:41.873+0000] {subprocess.py:93} INFO - 	at org.apache.spark.sql.execution.SQLExecution$.withSessionTagsApplied(SQLExecution.scala:272)
[2026-03-23T01:10:41.873+0000] {subprocess.py:93} INFO - 	at org.apache.spark.sql.execution.SQLExecution$.$anonfun$withNewExecutionId0$7(SQLExecution.scala:125)
[2026-03-23T01:10:41.873+0000] {subprocess.py:93} INFO - 	at org.apache.spark.JobArtifactSet$.withActiveJobArtifactState(JobArtifactSet.scala:94)
[2026-03-23T01:10:41.873+0000] {subprocess.py:93} INFO - 	at org.apache.spark.sql.artifact.ArtifactManager.$anonfun$withResources$1(ArtifactManager.scala:112)
[2026-03-23T01:10:41.873+0000] {subprocess.py:93} INFO - 	at org.apache.spark.sql.artifact.ArtifactManager.withClassLoaderIfNeeded(ArtifactManager.scala:106)
[2026-03-23T01:10:41.873+0000] {subprocess.py:93} INFO - 	at org.apache.spark.sql.artifact.ArtifactManager.withResources(ArtifactManager.scala:111)
[2026-03-23T01:10:41.873+0000] {subprocess.py:93} INFO - 	at org.apache.spark.sql.execution.SQLExecution$.$anonfun$withNewExecutionId0$6(SQLExecution.scala:125)
[2026-03-23T01:10:41.874+0000] {subprocess.py:93} INFO - 	at org.apache.spark.sql.execution.SQLExecution$.withSQLConfPropagated(SQLExecution.scala:295)
[2026-03-23T01:10:41.874+0000] {subprocess.py:93} INFO - 	at org.apache.spark.sql.execution.SQLExecution$.$anonfun$withNewExecutionId0$1(SQLExecution.scala:124)
[2026-03-23T01:10:41.874+0000] {subprocess.py:93} INFO - 	at org.apache.spark.sql.SparkSession.withActive(SparkSession.scala:804)
[2026-03-23T01:10:41.874+0000] {subprocess.py:93} INFO - 	at org.apache.spark.sql.execution.SQLExecution$.withNewExecutionId0(SQLExecution.scala:78)
[2026-03-23T01:10:41.874+0000] {subprocess.py:93} INFO - 	at org.apache.spark.sql.execution.SQLExecution$.withNewExecutionId(SQLExecution.scala:237)
[2026-03-23T01:10:41.874+0000] {subprocess.py:93} INFO - 	at org.apache.spark.sql.execution.QueryExecution.$anonfun$eagerlyExecuteCommands$1(QueryExecution.scala:155)
[2026-03-23T01:10:41.874+0000] {subprocess.py:93} INFO - 	at org.apache.spark.sql.execution.QueryExecution$.withInternalError(QueryExecution.scala:654)
[2026-03-23T01:10:41.875+0000] {subprocess.py:93} INFO - 	at org.apache.spark.sql.execution.QueryExecution.org$apache$spark$sql$execution$QueryExecution$$eagerlyExecute$1(QueryExecution.scala:154)
[2026-03-23T01:10:41.875+0000] {subprocess.py:93} INFO - 	at org.apache.spark.sql.execution.QueryExecution$$anonfun$eagerlyExecuteCommands$3.applyOrElse(QueryExecution.scala:169)
[2026-03-23T01:10:41.875+0000] {subprocess.py:93} INFO - 	at org.apache.spark.sql.execution.QueryExecution$$anonfun$eagerlyExecuteCommands$3.applyOrElse(QueryExecution.scala:164)
[2026-03-23T01:10:41.875+0000] {subprocess.py:93} INFO - 	at org.apache.spark.sql.catalyst.trees.TreeNode.$anonfun$transformDownWithPruning$1(TreeNode.scala:470)
[2026-03-23T01:10:41.876+0000] {subprocess.py:93} INFO - 	at org.apache.spark.sql.catalyst.trees.CurrentOrigin$.withOrigin(origin.scala:86)
[2026-03-23T01:10:41.876+0000] {subprocess.py:93} INFO - 	at org.apache.spark.sql.catalyst.trees.TreeNode.transformDownWithPruning(TreeNode.scala:470)
[2026-03-23T01:10:41.876+0000] {subprocess.py:93} INFO - 	at org.apache.spark.sql.catalyst.plans.logical.LogicalPlan.org$apache$spark$sql$catalyst$plans$logical$AnalysisHelper$$super$transformDownWithPruning(LogicalPlan.scala:37)
[2026-03-23T01:10:41.876+0000] {subprocess.py:93} INFO - 	at org.apache.spark.sql.catalyst.plans.logical.AnalysisHelper.transformDownWithPruning(AnalysisHelper.scala:360)
[2026-03-23T01:10:41.877+0000] {subprocess.py:93} INFO - 	at org.apache.spark.sql.catalyst.plans.logical.AnalysisHelper.transformDownWithPruning$(AnalysisHelper.scala:356)
[2026-03-23T01:10:41.877+0000] {subprocess.py:93} INFO - 	at org.apache.spark.sql.catalyst.plans.logical.LogicalPlan.transformDownWithPruning(LogicalPlan.scala:37)
[2026-03-23T01:10:41.877+0000] {subprocess.py:93} INFO - 	at org.apache.spark.sql.catalyst.plans.logical.LogicalPlan.transformDownWithPruning(LogicalPlan.scala:37)
[2026-03-23T01:10:41.878+0000] {subprocess.py:93} INFO - 	at org.apache.spark.sql.catalyst.trees.TreeNode.transformDown(TreeNode.scala:446)
[2026-03-23T01:10:41.878+0000] {subprocess.py:93} INFO - 	at org.apache.spark.sql.execution.QueryExecution.eagerlyExecuteCommands(QueryExecution.scala:164)
[2026-03-23T01:10:41.878+0000] {subprocess.py:93} INFO - 	at org.apache.spark.sql.execution.QueryExecution.$anonfun$lazyCommandExecuted$1(QueryExecution.scala:126)
[2026-03-23T01:10:41.878+0000] {subprocess.py:93} INFO - 	at scala.util.Try$.apply(Try.scala:217)
[2026-03-23T01:10:41.878+0000] {subprocess.py:93} INFO - 	at org.apache.spark.util.Utils$.doTryWithCallerStacktrace(Utils.scala:1378)
[2026-03-23T01:10:41.879+0000] {subprocess.py:93} INFO - 	at org.apache.spark.util.Utils$.getTryWithCallerStacktrace(Utils.scala:1439)
[2026-03-23T01:10:41.879+0000] {subprocess.py:93} INFO - 	at org.apache.spark.util.LazyTry.get(LazyTry.scala:58)
[2026-03-23T01:10:41.879+0000] {subprocess.py:93} INFO - 	at org.apache.spark.sql.execution.QueryExecution.commandExecuted(QueryExecution.scala:131)
[2026-03-23T01:10:41.879+0000] {subprocess.py:93} INFO - 	at org.apache.spark.sql.execution.QueryExecution.assertCommandExecuted(QueryExecution.scala:192)
[2026-03-23T01:10:41.879+0000] {subprocess.py:93} INFO - 	at org.apache.spark.sql.classic.DataFrameWriter.runCommand(DataFrameWriter.scala:622)
[2026-03-23T01:10:41.880+0000] {subprocess.py:93} INFO - 	at org.apache.spark.sql.classic.DataFrameWriter.saveToV1Source(DataFrameWriter.scala:273)
[2026-03-23T01:10:41.880+0000] {subprocess.py:93} INFO - 	at org.apache.spark.sql.classic.DataFrameWriter.saveInternal(DataFrameWriter.scala:241)
[2026-03-23T01:10:41.880+0000] {subprocess.py:93} INFO - 	at org.apache.spark.sql.classic.DataFrameWriter.save(DataFrameWriter.scala:118)
[2026-03-23T01:10:41.880+0000] {subprocess.py:93} INFO - 	at java.base/jdk.internal.reflect.NativeMethodAccessorImpl.invoke0(Native Method)
[2026-03-23T01:10:41.881+0000] {subprocess.py:93} INFO - 	at java.base/jdk.internal.reflect.NativeMethodAccessorImpl.invoke(NativeMethodAccessorImpl.java:77)
[2026-03-23T01:10:41.881+0000] {subprocess.py:93} INFO - 	at java.base/jdk.internal.reflect.DelegatingMethodAccessorImpl.invoke(DelegatingMethodAccessorImpl.java:43)
[2026-03-23T01:10:41.881+0000] {subprocess.py:93} INFO - 	at java.base/java.lang.reflect.Method.invoke(Method.java:569)
[2026-03-23T01:10:41.882+0000] {subprocess.py:93} INFO - 	at py4j.reflection.MethodInvoker.invoke(MethodInvoker.java:244)
[2026-03-23T01:10:41.882+0000] {subprocess.py:93} INFO - 	at py4j.reflection.ReflectionEngine.invoke(ReflectionEngine.java:374)
[2026-03-23T01:10:41.882+0000] {subprocess.py:93} INFO - 	at py4j.Gateway.invoke(Gateway.java:282)
[2026-03-23T01:10:41.882+0000] {subprocess.py:93} INFO - 	at py4j.commands.AbstractCommand.invokeMethod(AbstractCommand.java:132)
[2026-03-23T01:10:41.883+0000] {subprocess.py:93} INFO - 	at py4j.commands.CallCommand.execute(CallCommand.java:79)
[2026-03-23T01:10:41.883+0000] {subprocess.py:93} INFO - 	at py4j.ClientServerConnection.waitForCommands(ClientServerConnection.java:184)
[2026-03-23T01:10:41.883+0000] {subprocess.py:93} INFO - 	at py4j.ClientServerConnection.run(ClientServerConnection.java:108)
[2026-03-23T01:10:41.883+0000] {subprocess.py:93} INFO - 	at java.base/java.lang.Thread.run(Thread.java:840)
[2026-03-23T01:10:41.884+0000] {subprocess.py:93} INFO - 	Suppressed: org.apache.spark.util.Utils$OriginalTryStackTraceException: Full stacktrace of original doTryWithCallerStacktrace caller
[2026-03-23T01:10:41.884+0000] {subprocess.py:93} INFO - 		at org.apache.spark.sql.errors.QueryExecutionErrors$.cannotClearOutputDirectoryError(QueryExecutionErrors.scala:786)
[2026-03-23T01:10:41.884+0000] {subprocess.py:93} INFO - 		at org.apache.spark.sql.execution.datasources.InsertIntoHadoopFsRelationCommand.deleteMatchingPartitions(InsertIntoHadoopFsRelationCommand.scala:244)
[2026-03-23T01:10:41.884+0000] {subprocess.py:93} INFO - 		at org.apache.spark.sql.execution.datasources.InsertIntoHadoopFsRelationCommand.run(InsertIntoHadoopFsRelationCommand.scala:136)
[2026-03-23T01:10:41.884+0000] {subprocess.py:93} INFO - 		at org.apache.spark.sql.execution.command.DataWritingCommandExec.sideEffectResult$lzycompute(commands.scala:117)
[2026-03-23T01:10:41.884+0000] {subprocess.py:93} INFO - 		at org.apache.spark.sql.execution.command.DataWritingCommandExec.sideEffectResult(commands.scala:115)
[2026-03-23T01:10:41.885+0000] {subprocess.py:93} INFO - 		at org.apache.spark.sql.execution.command.DataWritingCommandExec.executeCollect(commands.scala:129)
[2026-03-23T01:10:41.885+0000] {subprocess.py:93} INFO - 		at org.apache.spark.sql.execution.QueryExecution.$anonfun$eagerlyExecuteCommands$2(QueryExecution.scala:155)
[2026-03-23T01:10:41.885+0000] {subprocess.py:93} INFO - 		at org.apache.spark.sql.execution.SQLExecution$.$anonfun$withNewExecutionId0$8(SQLExecution.scala:163)
[2026-03-23T01:10:41.885+0000] {subprocess.py:93} INFO - 		at org.apache.spark.sql.execution.SQLExecution$.withSessionTagsApplied(SQLExecution.scala:272)
[2026-03-23T01:10:41.885+0000] {subprocess.py:93} INFO - 		at org.apache.spark.sql.execution.SQLExecution$.$anonfun$withNewExecutionId0$7(SQLExecution.scala:125)
[2026-03-23T01:10:41.885+0000] {subprocess.py:93} INFO - 		at org.apache.spark.JobArtifactSet$.withActiveJobArtifactState(JobArtifactSet.scala:94)
[2026-03-23T01:10:41.885+0000] {subprocess.py:93} INFO - 		at org.apache.spark.sql.artifact.ArtifactManager.$anonfun$withResources$1(ArtifactManager.scala:112)
[2026-03-23T01:10:41.885+0000] {subprocess.py:93} INFO - 		at org.apache.spark.sql.artifact.ArtifactManager.withClassLoaderIfNeeded(ArtifactManager.scala:106)
[2026-03-23T01:10:41.886+0000] {subprocess.py:93} INFO - 		at org.apache.spark.sql.artifact.ArtifactManager.withResources(ArtifactManager.scala:111)
[2026-03-23T01:10:41.886+0000] {subprocess.py:93} INFO - 		at org.apache.spark.sql.execution.SQLExecution$.$anonfun$withNewExecutionId0$6(SQLExecution.scala:125)
[2026-03-23T01:10:41.886+0000] {subprocess.py:93} INFO - 		at org.apache.spark.sql.execution.SQLExecution$.withSQLConfPropagated(SQLExecution.scala:295)
[2026-03-23T01:10:41.886+0000] {subprocess.py:93} INFO - 		at org.apache.spark.sql.execution.SQLExecution$.$anonfun$withNewExecutionId0$1(SQLExecution.scala:124)
[2026-03-23T01:10:41.886+0000] {subprocess.py:93} INFO - 		at org.apache.spark.sql.SparkSession.withActive(SparkSession.scala:804)
[2026-03-23T01:10:41.886+0000] {subprocess.py:93} INFO - 		at org.apache.spark.sql.execution.SQLExecution$.withNewExecutionId0(SQLExecution.scala:78)
[2026-03-23T01:10:41.886+0000] {subprocess.py:93} INFO - 		at org.apache.spark.sql.execution.SQLExecution$.withNewExecutionId(SQLExecution.scala:237)
[2026-03-23T01:10:41.886+0000] {subprocess.py:93} INFO - 		at org.apache.spark.sql.execution.QueryExecution.$anonfun$eagerlyExecuteCommands$1(QueryExecution.scala:155)
[2026-03-23T01:10:41.887+0000] {subprocess.py:93} INFO - 		at org.apache.spark.sql.execution.QueryExecution$.withInternalError(QueryExecution.scala:654)
[2026-03-23T01:10:41.887+0000] {subprocess.py:93} INFO - 		at org.apache.spark.sql.execution.QueryExecution.org$apache$spark$sql$execution$QueryExecution$$eagerlyExecute$1(QueryExecution.scala:154)
[2026-03-23T01:10:41.887+0000] {subprocess.py:93} INFO - 		at org.apache.spark.sql.execution.QueryExecution$$anonfun$eagerlyExecuteCommands$3.applyOrElse(QueryExecution.scala:169)
[2026-03-23T01:10:41.887+0000] {subprocess.py:93} INFO - 		at org.apache.spark.sql.execution.QueryExecution$$anonfun$eagerlyExecuteCommands$3.applyOrElse(QueryExecution.scala:164)
[2026-03-23T01:10:41.887+0000] {subprocess.py:93} INFO - 		at org.apache.spark.sql.catalyst.trees.TreeNode.$anonfun$transformDownWithPruning$1(TreeNode.scala:470)
[2026-03-23T01:10:41.888+0000] {subprocess.py:93} INFO - 		at org.apache.spark.sql.catalyst.trees.CurrentOrigin$.withOrigin(origin.scala:86)
[2026-03-23T01:10:41.888+0000] {subprocess.py:93} INFO - 		at org.apache.spark.sql.catalyst.trees.TreeNode.transformDownWithPruning(TreeNode.scala:470)
[2026-03-23T01:10:41.888+0000] {subprocess.py:93} INFO - 		at org.apache.spark.sql.catalyst.plans.logical.LogicalPlan.org$apache$spark$sql$catalyst$plans$logical$AnalysisHelper$$super$transformDownWithPruning(LogicalPlan.scala:37)
[2026-03-23T01:10:41.888+0000] {subprocess.py:93} INFO - 		at org.apache.spark.sql.catalyst.plans.logical.AnalysisHelper.transformDownWithPruning(AnalysisHelper.scala:360)
[2026-03-23T01:10:41.888+0000] {subprocess.py:93} INFO - 		at org.apache.spark.sql.catalyst.plans.logical.AnalysisHelper.transformDownWithPruning$(AnalysisHelper.scala:356)
[2026-03-23T01:10:41.889+0000] {subprocess.py:93} INFO - 		at org.apache.spark.sql.catalyst.plans.logical.LogicalPlan.transformDownWithPruning(LogicalPlan.scala:37)
[2026-03-23T01:10:41.889+0000] {subprocess.py:93} INFO - 		at org.apache.spark.sql.catalyst.plans.logical.LogicalPlan.transformDownWithPruning(LogicalPlan.scala:37)
[2026-03-23T01:10:41.889+0000] {subprocess.py:93} INFO - 		at org.apache.spark.sql.catalyst.trees.TreeNode.transformDown(TreeNode.scala:446)
[2026-03-23T01:10:41.889+0000] {subprocess.py:93} INFO - 		at org.apache.spark.sql.execution.QueryExecution.eagerlyExecuteCommands(QueryExecution.scala:164)
[2026-03-23T01:10:41.889+0000] {subprocess.py:93} INFO - 		at org.apache.spark.sql.execution.QueryExecution.$anonfun$lazyCommandExecuted$1(QueryExecution.scala:126)
[2026-03-23T01:10:41.890+0000] {subprocess.py:93} INFO - 		at scala.util.Try$.apply(Try.scala:217)
[2026-03-23T01:10:41.890+0000] {subprocess.py:93} INFO - 		at org.apache.spark.util.Utils$.doTryWithCallerStacktrace(Utils.scala:1378)
[2026-03-23T01:10:41.890+0000] {subprocess.py:93} INFO - 		at org.apache.spark.util.LazyTry.tryT$lzycompute(LazyTry.scala:46)
[2026-03-23T01:10:41.890+0000] {subprocess.py:93} INFO - 		at org.apache.spark.util.LazyTry.tryT(LazyTry.scala:46)
[2026-03-23T01:10:41.890+0000] {subprocess.py:93} INFO - 		... 19 more
[2026-03-23T01:10:41.891+0000] {subprocess.py:93} INFO - 
[2026-03-23T01:10:41.891+0000] {subprocess.py:93} INFO - 2026-03-23 01:10:41,828 - __main__ - INFO - Stopping Spark session...
[2026-03-23T01:10:41.906+0000] {subprocess.py:93} INFO - 2026-03-23 01:10:41,906 - __main__ - CRITICAL - Fatal error: Could not clean output directory 'data/output/events/motor_policy' for sink 'raw-ok'. Original error: An error occurred while calling o70.save.
[2026-03-23T01:10:41.907+0000] {subprocess.py:93} INFO - : org.apache.spark.SparkException: Unable to clear output directory file:/app/data/output/events/motor_policy prior to writing to it.
[2026-03-23T01:10:41.907+0000] {subprocess.py:93} INFO - 	at org.apache.spark.sql.errors.QueryExecutionErrors$.cannotClearOutputDirectoryError(QueryExecutionErrors.scala:786)
[2026-03-23T01:10:41.907+0000] {subprocess.py:93} INFO - 	at org.apache.spark.sql.execution.datasources.InsertIntoHadoopFsRelationCommand.deleteMatchingPartitions(InsertIntoHadoopFsRelationCommand.scala:244)
[2026-03-23T01:10:41.907+0000] {subprocess.py:93} INFO - 	at org.apache.spark.sql.execution.datasources.InsertIntoHadoopFsRelationCommand.run(InsertIntoHadoopFsRelationCommand.scala:136)
[2026-03-23T01:10:41.908+0000] {subprocess.py:93} INFO - 	at org.apache.spark.sql.execution.command.DataWritingCommandExec.sideEffectResult$lzycompute(commands.scala:117)
[2026-03-23T01:10:41.908+0000] {subprocess.py:93} INFO - 	at org.apache.spark.sql.execution.command.DataWritingCommandExec.sideEffectResult(commands.scala:115)
[2026-03-23T01:10:41.908+0000] {subprocess.py:93} INFO - 	at org.apache.spark.sql.execution.command.DataWritingCommandExec.executeCollect(commands.scala:129)
[2026-03-23T01:10:41.908+0000] {subprocess.py:93} INFO - 	at org.apache.spark.sql.execution.QueryExecution.$anonfun$eagerlyExecuteCommands$2(QueryExecution.scala:155)
[2026-03-23T01:10:41.908+0000] {subprocess.py:93} INFO - 	at org.apache.spark.sql.execution.SQLExecution$.$anonfun$withNewExecutionId0$8(SQLExecution.scala:163)
[2026-03-23T01:10:41.908+0000] {subprocess.py:93} INFO - 	at org.apache.spark.sql.execution.SQLExecution$.withSessionTagsApplied(SQLExecution.scala:272)
[2026-03-23T01:10:41.908+0000] {subprocess.py:93} INFO - 	at org.apache.spark.sql.execution.SQLExecution$.$anonfun$withNewExecutionId0$7(SQLExecution.scala:125)
[2026-03-23T01:10:41.909+0000] {subprocess.py:93} INFO - 	at org.apache.spark.JobArtifactSet$.withActiveJobArtifactState(JobArtifactSet.scala:94)
[2026-03-23T01:10:41.909+0000] {subprocess.py:93} INFO - 	at org.apache.spark.sql.artifact.ArtifactManager.$anonfun$withResources$1(ArtifactManager.scala:112)
[2026-03-23T01:10:41.909+0000] {subprocess.py:93} INFO - 	at org.apache.spark.sql.artifact.ArtifactManager.withClassLoaderIfNeeded(ArtifactManager.scala:106)
[2026-03-23T01:10:41.909+0000] {subprocess.py:93} INFO - 	at org.apache.spark.sql.artifact.ArtifactManager.withResources(ArtifactManager.scala:111)
[2026-03-23T01:10:41.909+0000] {subprocess.py:93} INFO - 	at org.apache.spark.sql.execution.SQLExecution$.$anonfun$withNewExecutionId0$6(SQLExecution.scala:125)
[2026-03-23T01:10:41.909+0000] {subprocess.py:93} INFO - 	at org.apache.spark.sql.execution.SQLExecution$.withSQLConfPropagated(SQLExecution.scala:295)
[2026-03-23T01:10:41.909+0000] {subprocess.py:93} INFO - 	at org.apache.spark.sql.execution.SQLExecution$.$anonfun$withNewExecutionId0$1(SQLExecution.scala:124)
[2026-03-23T01:10:41.910+0000] {subprocess.py:93} INFO - 	at org.apache.spark.sql.SparkSession.withActive(SparkSession.scala:804)
[2026-03-23T01:10:41.910+0000] {subprocess.py:93} INFO - 	at org.apache.spark.sql.execution.SQLExecution$.withNewExecutionId0(SQLExecution.scala:78)
[2026-03-23T01:10:41.910+0000] {subprocess.py:93} INFO - 	at org.apache.spark.sql.execution.SQLExecution$.withNewExecutionId(SQLExecution.scala:237)
[2026-03-23T01:10:41.910+0000] {subprocess.py:93} INFO - 	at org.apache.spark.sql.execution.QueryExecution.$anonfun$eagerlyExecuteCommands$1(QueryExecution.scala:155)
[2026-03-23T01:10:41.910+0000] {subprocess.py:93} INFO - 	at org.apache.spark.sql.execution.QueryExecution$.withInternalError(QueryExecution.scala:654)
[2026-03-23T01:10:41.910+0000] {subprocess.py:93} INFO - 	at org.apache.spark.sql.execution.QueryExecution.org$apache$spark$sql$execution$QueryExecution$$eagerlyExecute$1(QueryExecution.scala:154)
[2026-03-23T01:10:41.910+0000] {subprocess.py:93} INFO - 	at org.apache.spark.sql.execution.QueryExecution$$anonfun$eagerlyExecuteCommands$3.applyOrElse(QueryExecution.scala:169)
[2026-03-23T01:10:41.911+0000] {subprocess.py:93} INFO - 	at org.apache.spark.sql.execution.QueryExecution$$anonfun$eagerlyExecuteCommands$3.applyOrElse(QueryExecution.scala:164)
[2026-03-23T01:10:41.911+0000] {subprocess.py:93} INFO - 	at org.apache.spark.sql.catalyst.trees.TreeNode.$anonfun$transformDownWithPruning$1(TreeNode.scala:470)
[2026-03-23T01:10:41.911+0000] {subprocess.py:93} INFO - 	at org.apache.spark.sql.catalyst.trees.CurrentOrigin$.withOrigin(origin.scala:86)
[2026-03-23T01:10:41.911+0000] {subprocess.py:93} INFO - 	at org.apache.spark.sql.catalyst.trees.TreeNode.transformDownWithPruning(TreeNode.scala:470)
[2026-03-23T01:10:41.911+0000] {subprocess.py:93} INFO - 	at org.apache.spark.sql.catalyst.plans.logical.LogicalPlan.org$apache$spark$sql$catalyst$plans$logical$AnalysisHelper$$super$transformDownWithPruning(LogicalPlan.scala:37)
[2026-03-23T01:10:41.911+0000] {subprocess.py:93} INFO - 	at org.apache.spark.sql.catalyst.plans.logical.AnalysisHelper.transformDownWithPruning(AnalysisHelper.scala:360)
[2026-03-23T01:10:41.911+0000] {subprocess.py:93} INFO - 	at org.apache.spark.sql.catalyst.plans.logical.AnalysisHelper.transformDownWithPruning$(AnalysisHelper.scala:356)
[2026-03-23T01:10:41.912+0000] {subprocess.py:93} INFO - 	at org.apache.spark.sql.catalyst.plans.logical.LogicalPlan.transformDownWithPruning(LogicalPlan.scala:37)
[2026-03-23T01:10:41.912+0000] {subprocess.py:93} INFO - 	at org.apache.spark.sql.catalyst.plans.logical.LogicalPlan.transformDownWithPruning(LogicalPlan.scala:37)
[2026-03-23T01:10:41.912+0000] {subprocess.py:93} INFO - 	at org.apache.spark.sql.catalyst.trees.TreeNode.transformDown(TreeNode.scala:446)
[2026-03-23T01:10:41.912+0000] {subprocess.py:93} INFO - 	at org.apache.spark.sql.execution.QueryExecution.eagerlyExecuteCommands(QueryExecution.scala:164)
[2026-03-23T01:10:41.912+0000] {subprocess.py:93} INFO - 	at org.apache.spark.sql.execution.QueryExecution.$anonfun$lazyCommandExecuted$1(QueryExecution.scala:126)
[2026-03-23T01:10:41.912+0000] {subprocess.py:93} INFO - 	at scala.util.Try$.apply(Try.scala:217)
[2026-03-23T01:10:41.912+0000] {subprocess.py:93} INFO - 	at org.apache.spark.util.Utils$.doTryWithCallerStacktrace(Utils.scala:1378)
[2026-03-23T01:10:41.912+0000] {subprocess.py:93} INFO - 	at org.apache.spark.util.Utils$.getTryWithCallerStacktrace(Utils.scala:1439)
[2026-03-23T01:10:41.913+0000] {subprocess.py:93} INFO - 	at org.apache.spark.util.LazyTry.get(LazyTry.scala:58)
[2026-03-23T01:10:41.913+0000] {subprocess.py:93} INFO - 	at org.apache.spark.sql.execution.QueryExecution.commandExecuted(QueryExecution.scala:131)
[2026-03-23T01:10:41.913+0000] {subprocess.py:93} INFO - 	at org.apache.spark.sql.execution.QueryExecution.assertCommandExecuted(QueryExecution.scala:192)
[2026-03-23T01:10:41.913+0000] {subprocess.py:93} INFO - 	at org.apache.spark.sql.classic.DataFrameWriter.runCommand(DataFrameWriter.scala:622)
[2026-03-23T01:10:41.913+0000] {subprocess.py:93} INFO - 	at org.apache.spark.sql.classic.DataFrameWriter.saveToV1Source(DataFrameWriter.scala:273)
[2026-03-23T01:10:41.914+0000] {subprocess.py:93} INFO - 	at org.apache.spark.sql.classic.DataFrameWriter.saveInternal(DataFrameWriter.scala:241)
[2026-03-23T01:10:41.914+0000] {subprocess.py:93} INFO - 	at org.apache.spark.sql.classic.DataFrameWriter.save(DataFrameWriter.scala:118)
[2026-03-23T01:10:41.914+0000] {subprocess.py:93} INFO - 	at java.base/jdk.internal.reflect.NativeMethodAccessorImpl.invoke0(Native Method)
[2026-03-23T01:10:41.914+0000] {subprocess.py:93} INFO - 	at java.base/jdk.internal.reflect.NativeMethodAccessorImpl.invoke(NativeMethodAccessorImpl.java:77)
[2026-03-23T01:10:41.914+0000] {subprocess.py:93} INFO - 	at java.base/jdk.internal.reflect.DelegatingMethodAccessorImpl.invoke(DelegatingMethodAccessorImpl.java:43)
[2026-03-23T01:10:41.915+0000] {subprocess.py:93} INFO - 	at java.base/java.lang.reflect.Method.invoke(Method.java:569)
[2026-03-23T01:10:41.915+0000] {subprocess.py:93} INFO - 	at py4j.reflection.MethodInvoker.invoke(MethodInvoker.java:244)
[2026-03-23T01:10:41.915+0000] {subprocess.py:93} INFO - 	at py4j.reflection.ReflectionEngine.invoke(ReflectionEngine.java:374)
[2026-03-23T01:10:41.915+0000] {subprocess.py:93} INFO - 	at py4j.Gateway.invoke(Gateway.java:282)
[2026-03-23T01:10:41.915+0000] {subprocess.py:93} INFO - 	at py4j.commands.AbstractCommand.invokeMethod(AbstractCommand.java:132)
[2026-03-23T01:10:41.915+0000] {subprocess.py:93} INFO - 	at py4j.commands.CallCommand.execute(CallCommand.java:79)
[2026-03-23T01:10:41.916+0000] {subprocess.py:93} INFO - 	at py4j.ClientServerConnection.waitForCommands(ClientServerConnection.java:184)
[2026-03-23T01:10:41.916+0000] {subprocess.py:93} INFO - 	at py4j.ClientServerConnection.run(ClientServerConnection.java:108)
[2026-03-23T01:10:41.916+0000] {subprocess.py:93} INFO - 	at java.base/java.lang.Thread.run(Thread.java:840)
[2026-03-23T01:10:41.916+0000] {subprocess.py:93} INFO - 	Suppressed: org.apache.spark.util.Utils$OriginalTryStackTraceException: Full stacktrace of original doTryWithCallerStacktrace caller
[2026-03-23T01:10:41.916+0000] {subprocess.py:93} INFO - 		at org.apache.spark.sql.errors.QueryExecutionErrors$.cannotClearOutputDirectoryError(QueryExecutionErrors.scala:786)
[2026-03-23T01:10:41.917+0000] {subprocess.py:93} INFO - 		at org.apache.spark.sql.execution.datasources.InsertIntoHadoopFsRelationCommand.deleteMatchingPartitions(InsertIntoHadoopFsRelationCommand.scala:244)
[2026-03-23T01:10:41.917+0000] {subprocess.py:93} INFO - 		at org.apache.spark.sql.execution.datasources.InsertIntoHadoopFsRelationCommand.run(InsertIntoHadoopFsRelationCommand.scala:136)
[2026-03-23T01:10:41.917+0000] {subprocess.py:93} INFO - 		at org.apache.spark.sql.execution.command.DataWritingCommandExec.sideEffectResult$lzycompute(commands.scala:117)
[2026-03-23T01:10:41.917+0000] {subprocess.py:93} INFO - 		at org.apache.spark.sql.execution.command.DataWritingCommandExec.sideEffectResult(commands.scala:115)
[2026-03-23T01:10:41.917+0000] {subprocess.py:93} INFO - 		at org.apache.spark.sql.execution.command.DataWritingCommandExec.executeCollect(commands.scala:129)
[2026-03-23T01:10:41.917+0000] {subprocess.py:93} INFO - 		at org.apache.spark.sql.execution.QueryExecution.$anonfun$eagerlyExecuteCommands$2(QueryExecution.scala:155)
[2026-03-23T01:10:41.917+0000] {subprocess.py:93} INFO - 		at org.apache.spark.sql.execution.SQLExecution$.$anonfun$withNewExecutionId0$8(SQLExecution.scala:163)
[2026-03-23T01:10:41.918+0000] {subprocess.py:93} INFO - 		at org.apache.spark.sql.execution.SQLExecution$.withSessionTagsApplied(SQLExecution.scala:272)
[2026-03-23T01:10:41.918+0000] {subprocess.py:93} INFO - 		at org.apache.spark.sql.execution.SQLExecution$.$anonfun$withNewExecutionId0$7(SQLExecution.scala:125)
[2026-03-23T01:10:41.918+0000] {subprocess.py:93} INFO - 		at org.apache.spark.JobArtifactSet$.withActiveJobArtifactState(JobArtifactSet.scala:94)
[2026-03-23T01:10:41.918+0000] {subprocess.py:93} INFO - 		at org.apache.spark.sql.artifact.ArtifactManager.$anonfun$withResources$1(ArtifactManager.scala:112)
[2026-03-23T01:10:41.918+0000] {subprocess.py:93} INFO - 		at org.apache.spark.sql.artifact.ArtifactManager.withClassLoaderIfNeeded(ArtifactManager.scala:106)
[2026-03-23T01:10:41.918+0000] {subprocess.py:93} INFO - 		at org.apache.spark.sql.artifact.ArtifactManager.withResources(ArtifactManager.scala:111)
[2026-03-23T01:10:41.918+0000] {subprocess.py:93} INFO - 		at org.apache.spark.sql.execution.SQLExecution$.$anonfun$withNewExecutionId0$6(SQLExecution.scala:125)
[2026-03-23T01:10:41.918+0000] {subprocess.py:93} INFO - 		at org.apache.spark.sql.execution.SQLExecution$.withSQLConfPropagated(SQLExecution.scala:295)
[2026-03-23T01:10:41.919+0000] {subprocess.py:93} INFO - 		at org.apache.spark.sql.execution.SQLExecution$.$anonfun$withNewExecutionId0$1(SQLExecution.scala:124)
[2026-03-23T01:10:41.919+0000] {subprocess.py:93} INFO - 		at org.apache.spark.sql.SparkSession.withActive(SparkSession.scala:804)
[2026-03-23T01:10:41.919+0000] {subprocess.py:93} INFO - 		at org.apache.spark.sql.execution.SQLExecution$.withNewExecutionId0(SQLExecution.scala:78)
[2026-03-23T01:10:41.919+0000] {subprocess.py:93} INFO - 		at org.apache.spark.sql.execution.SQLExecution$.withNewExecutionId(SQLExecution.scala:237)
[2026-03-23T01:10:41.919+0000] {subprocess.py:93} INFO - 		at org.apache.spark.sql.execution.QueryExecution.$anonfun$eagerlyExecuteCommands$1(QueryExecution.scala:155)
[2026-03-23T01:10:41.919+0000] {subprocess.py:93} INFO - 		at org.apache.spark.sql.execution.QueryExecution$.withInternalError(QueryExecution.scala:654)
[2026-03-23T01:10:41.919+0000] {subprocess.py:93} INFO - 		at org.apache.spark.sql.execution.QueryExecution.org$apache$spark$sql$execution$QueryExecution$$eagerlyExecute$1(QueryExecution.scala:154)
[2026-03-23T01:10:41.920+0000] {subprocess.py:93} INFO - 		at org.apache.spark.sql.execution.QueryExecution$$anonfun$eagerlyExecuteCommands$3.applyOrElse(QueryExecution.scala:169)
[2026-03-23T01:10:41.920+0000] {subprocess.py:93} INFO - 		at org.apache.spark.sql.execution.QueryExecution$$anonfun$eagerlyExecuteCommands$3.applyOrElse(QueryExecution.scala:164)
[2026-03-23T01:10:41.920+0000] {subprocess.py:93} INFO - 		at org.apache.spark.sql.catalyst.trees.TreeNode.$anonfun$transformDownWithPruning$1(TreeNode.scala:470)
[2026-03-23T01:10:41.920+0000] {subprocess.py:93} INFO - 		at org.apache.spark.sql.catalyst.trees.CurrentOrigin$.withOrigin(origin.scala:86)
[2026-03-23T01:10:41.920+0000] {subprocess.py:93} INFO - 		at org.apache.spark.sql.catalyst.trees.TreeNode.transformDownWithPruning(TreeNode.scala:470)
[2026-03-23T01:10:41.920+0000] {subprocess.py:93} INFO - 		at org.apache.spark.sql.catalyst.plans.logical.LogicalPlan.org$apache$spark$sql$catalyst$plans$logical$AnalysisHelper$$super$transformDownWithPruning(LogicalPlan.scala:37)
[2026-03-23T01:10:41.920+0000] {subprocess.py:93} INFO - 		at org.apache.spark.sql.catalyst.plans.logical.AnalysisHelper.transformDownWithPruning(AnalysisHelper.scala:360)
[2026-03-23T01:10:41.921+0000] {subprocess.py:93} INFO - 		at org.apache.spark.sql.catalyst.plans.logical.AnalysisHelper.transformDownWithPruning$(AnalysisHelper.scala:356)
[2026-03-23T01:10:41.921+0000] {subprocess.py:93} INFO - 		at org.apache.spark.sql.catalyst.plans.logical.LogicalPlan.transformDownWithPruning(LogicalPlan.scala:37)
[2026-03-23T01:10:41.921+0000] {subprocess.py:93} INFO - 		at org.apache.spark.sql.catalyst.plans.logical.LogicalPlan.transformDownWithPruning(LogicalPlan.scala:37)
[2026-03-23T01:10:41.921+0000] {subprocess.py:93} INFO - 		at org.apache.spark.sql.catalyst.trees.TreeNode.transformDown(TreeNode.scala:446)
[2026-03-23T01:10:41.921+0000] {subprocess.py:93} INFO - 		at org.apache.spark.sql.execution.QueryExecution.eagerlyExecuteCommands(QueryExecution.scala:164)
[2026-03-23T01:10:41.921+0000] {subprocess.py:93} INFO - 		at org.apache.spark.sql.execution.QueryExecution.$anonfun$lazyCommandExecuted$1(QueryExecution.scala:126)
[2026-03-23T01:10:41.921+0000] {subprocess.py:93} INFO - 		at scala.util.Try$.apply(Try.scala:217)
[2026-03-23T01:10:41.921+0000] {subprocess.py:93} INFO - 		at org.apache.spark.util.Utils$.doTryWithCallerStacktrace(Utils.scala:1378)
[2026-03-23T01:10:41.922+0000] {subprocess.py:93} INFO - 		at org.apache.spark.util.LazyTry.tryT$lzycompute(LazyTry.scala:46)
[2026-03-23T01:10:41.922+0000] {subprocess.py:93} INFO - 		at org.apache.spark.util.LazyTry.tryT(LazyTry.scala:46)
[2026-03-23T01:10:41.922+0000] {subprocess.py:93} INFO - 		... 19 more
[2026-03-23T01:10:41.922+0000] {subprocess.py:93} INFO - 
[2026-03-23T01:10:41.922+0000] {subprocess.py:93} INFO - Pipeline execution failed: Could not clean output directory 'data/output/events/motor_policy' for sink 'raw-ok'. Original error: An error occurred while calling o70.save.
[2026-03-23T01:10:41.922+0000] {subprocess.py:93} INFO - : org.apache.spark.SparkException: Unable to clear output directory file:/app/data/output/events/motor_policy prior to writing to it.
[2026-03-23T01:10:41.922+0000] {subprocess.py:93} INFO - 	at org.apache.spark.sql.errors.QueryExecutionErrors$.cannotClearOutputDirectoryError(QueryExecutionErrors.scala:786)
[2026-03-23T01:10:41.922+0000] {subprocess.py:93} INFO - 	at org.apache.spark.sql.execution.datasources.InsertIntoHadoopFsRelationCommand.deleteMatchingPartitions(InsertIntoHadoopFsRelationCommand.scala:244)
[2026-03-23T01:10:41.923+0000] {subprocess.py:93} INFO - 	at org.apache.spark.sql.execution.datasources.InsertIntoHadoopFsRelationCommand.run(InsertIntoHadoopFsRelationCommand.scala:136)
[2026-03-23T01:10:41.923+0000] {subprocess.py:93} INFO - 	at org.apache.spark.sql.execution.command.DataWritingCommandExec.sideEffectResult$lzycompute(commands.scala:117)
[2026-03-23T01:10:41.923+0000] {subprocess.py:93} INFO - 	at org.apache.spark.sql.execution.command.DataWritingCommandExec.sideEffectResult(commands.scala:115)
[2026-03-23T01:10:41.923+0000] {subprocess.py:93} INFO - 	at org.apache.spark.sql.execution.command.DataWritingCommandExec.executeCollect(commands.scala:129)
[2026-03-23T01:10:41.923+0000] {subprocess.py:93} INFO - 	at org.apache.spark.sql.execution.QueryExecution.$anonfun$eagerlyExecuteCommands$2(QueryExecution.scala:155)
[2026-03-23T01:10:41.923+0000] {subprocess.py:93} INFO - 	at org.apache.spark.sql.execution.SQLExecution$.$anonfun$withNewExecutionId0$8(SQLExecution.scala:163)
[2026-03-23T01:10:41.923+0000] {subprocess.py:93} INFO - 	at org.apache.spark.sql.execution.SQLExecution$.withSessionTagsApplied(SQLExecution.scala:272)
[2026-03-23T01:10:41.924+0000] {subprocess.py:93} INFO - 	at org.apache.spark.sql.execution.SQLExecution$.$anonfun$withNewExecutionId0$7(SQLExecution.scala:125)
[2026-03-23T01:10:41.924+0000] {subprocess.py:93} INFO - 	at org.apache.spark.JobArtifactSet$.withActiveJobArtifactState(JobArtifactSet.scala:94)
[2026-03-23T01:10:41.924+0000] {subprocess.py:93} INFO - 	at org.apache.spark.sql.artifact.ArtifactManager.$anonfun$withResources$1(ArtifactManager.scala:112)
[2026-03-23T01:10:41.924+0000] {subprocess.py:93} INFO - 	at org.apache.spark.sql.artifact.ArtifactManager.withClassLoaderIfNeeded(ArtifactManager.scala:106)
[2026-03-23T01:10:41.924+0000] {subprocess.py:93} INFO - 	at org.apache.spark.sql.artifact.ArtifactManager.withResources(ArtifactManager.scala:111)
[2026-03-23T01:10:41.924+0000] {subprocess.py:93} INFO - 	at org.apache.spark.sql.execution.SQLExecution$.$anonfun$withNewExecutionId0$6(SQLExecution.scala:125)
[2026-03-23T01:10:41.924+0000] {subprocess.py:93} INFO - 	at org.apache.spark.sql.execution.SQLExecution$.withSQLConfPropagated(SQLExecution.scala:295)
[2026-03-23T01:10:41.924+0000] {subprocess.py:93} INFO - 	at org.apache.spark.sql.execution.SQLExecution$.$anonfun$withNewExecutionId0$1(SQLExecution.scala:124)
[2026-03-23T01:10:41.925+0000] {subprocess.py:93} INFO - 	at org.apache.spark.sql.SparkSession.withActive(SparkSession.scala:804)
[2026-03-23T01:10:41.925+0000] {subprocess.py:93} INFO - 	at org.apache.spark.sql.execution.SQLExecution$.withNewExecutionId0(SQLExecution.scala:78)
[2026-03-23T01:10:41.925+0000] {subprocess.py:93} INFO - 	at org.apache.spark.sql.execution.SQLExecution$.withNewExecutionId(SQLExecution.scala:237)
[2026-03-23T01:10:41.925+0000] {subprocess.py:93} INFO - 	at org.apache.spark.sql.execution.QueryExecution.$anonfun$eagerlyExecuteCommands$1(QueryExecution.scala:155)
[2026-03-23T01:10:41.925+0000] {subprocess.py:93} INFO - 	at org.apache.spark.sql.execution.QueryExecution$.withInternalError(QueryExecution.scala:654)
[2026-03-23T01:10:41.925+0000] {subprocess.py:93} INFO - 	at org.apache.spark.sql.execution.QueryExecution.org$apache$spark$sql$execution$QueryExecution$$eagerlyExecute$1(QueryExecution.scala:154)
[2026-03-23T01:10:41.925+0000] {subprocess.py:93} INFO - 	at org.apache.spark.sql.execution.QueryExecution$$anonfun$eagerlyExecuteCommands$3.applyOrElse(QueryExecution.scala:169)
[2026-03-23T01:10:41.925+0000] {subprocess.py:93} INFO - 	at org.apache.spark.sql.execution.QueryExecution$$anonfun$eagerlyExecuteCommands$3.applyOrElse(QueryExecution.scala:164)
[2026-03-23T01:10:41.926+0000] {subprocess.py:93} INFO - 	at org.apache.spark.sql.catalyst.trees.TreeNode.$anonfun$transformDownWithPruning$1(TreeNode.scala:470)
[2026-03-23T01:10:41.926+0000] {subprocess.py:93} INFO - 	at org.apache.spark.sql.catalyst.trees.CurrentOrigin$.withOrigin(origin.scala:86)
[2026-03-23T01:10:41.926+0000] {subprocess.py:93} INFO - 	at org.apache.spark.sql.catalyst.trees.TreeNode.transformDownWithPruning(TreeNode.scala:470)
[2026-03-23T01:10:41.926+0000] {subprocess.py:93} INFO - 	at org.apache.spark.sql.catalyst.plans.logical.LogicalPlan.org$apache$spark$sql$catalyst$plans$logical$AnalysisHelper$$super$transformDownWithPruning(LogicalPlan.scala:37)
[2026-03-23T01:10:41.926+0000] {subprocess.py:93} INFO - 	at org.apache.spark.sql.catalyst.plans.logical.AnalysisHelper.transformDownWithPruning(AnalysisHelper.scala:360)
[2026-03-23T01:10:41.926+0000] {subprocess.py:93} INFO - 	at org.apache.spark.sql.catalyst.plans.logical.AnalysisHelper.transformDownWithPruning$(AnalysisHelper.scala:356)
[2026-03-23T01:10:41.926+0000] {subprocess.py:93} INFO - 	at org.apache.spark.sql.catalyst.plans.logical.LogicalPlan.transformDownWithPruning(LogicalPlan.scala:37)
[2026-03-23T01:10:41.927+0000] {subprocess.py:93} INFO - 	at org.apache.spark.sql.catalyst.plans.logical.LogicalPlan.transformDownWithPruning(LogicalPlan.scala:37)
[2026-03-23T01:10:41.927+0000] {subprocess.py:93} INFO - 	at org.apache.spark.sql.catalyst.trees.TreeNode.transformDown(TreeNode.scala:446)
[2026-03-23T01:10:41.927+0000] {subprocess.py:93} INFO - 	at org.apache.spark.sql.execution.QueryExecution.eagerlyExecuteCommands(QueryExecution.scala:164)
[2026-03-23T01:10:41.927+0000] {subprocess.py:93} INFO - 	at org.apache.spark.sql.execution.QueryExecution.$anonfun$lazyCommandExecuted$1(QueryExecution.scala:126)
[2026-03-23T01:10:41.927+0000] {subprocess.py:93} INFO - 	at scala.util.Try$.apply(Try.scala:217)
[2026-03-23T01:10:41.927+0000] {subprocess.py:93} INFO - 	at org.apache.spark.util.Utils$.doTryWithCallerStacktrace(Utils.scala:1378)
[2026-03-23T01:10:41.927+0000] {subprocess.py:93} INFO - 	at org.apache.spark.util.Utils$.getTryWithCallerStacktrace(Utils.scala:1439)
[2026-03-23T01:10:41.927+0000] {subprocess.py:93} INFO - 	at org.apache.spark.util.LazyTry.get(LazyTry.scala:58)
[2026-03-23T01:10:41.928+0000] {subprocess.py:93} INFO - 	at org.apache.spark.sql.execution.QueryExecution.commandExecuted(QueryExecution.scala:131)
[2026-03-23T01:10:41.928+0000] {subprocess.py:93} INFO - 	at org.apache.spark.sql.execution.QueryExecution.assertCommandExecuted(QueryExecution.scala:192)
[2026-03-23T01:10:41.928+0000] {subprocess.py:93} INFO - 	at org.apache.spark.sql.classic.DataFrameWriter.runCommand(DataFrameWriter.scala:622)
[2026-03-23T01:10:41.928+0000] {subprocess.py:93} INFO - 	at org.apache.spark.sql.classic.DataFrameWriter.saveToV1Source(DataFrameWriter.scala:273)
[2026-03-23T01:10:41.928+0000] {subprocess.py:93} INFO - 	at org.apache.spark.sql.classic.DataFrameWriter.saveInternal(DataFrameWriter.scala:241)
[2026-03-23T01:10:41.928+0000] {subprocess.py:93} INFO - 	at org.apache.spark.sql.classic.DataFrameWriter.save(DataFrameWriter.scala:118)
[2026-03-23T01:10:41.928+0000] {subprocess.py:93} INFO - 	at java.base/jdk.internal.reflect.NativeMethodAccessorImpl.invoke0(Native Method)
[2026-03-23T01:10:41.928+0000] {subprocess.py:93} INFO - 	at java.base/jdk.internal.reflect.NativeMethodAccessorImpl.invoke(NativeMethodAccessorImpl.java:77)
[2026-03-23T01:10:41.928+0000] {subprocess.py:93} INFO - 	at java.base/jdk.internal.reflect.DelegatingMethodAccessorImpl.invoke(DelegatingMethodAccessorImpl.java:43)
[2026-03-23T01:10:41.929+0000] {subprocess.py:93} INFO - 	at java.base/java.lang.reflect.Method.invoke(Method.java:569)
[2026-03-23T01:10:41.929+0000] {subprocess.py:93} INFO - 	at py4j.reflection.MethodInvoker.invoke(MethodInvoker.java:244)
[2026-03-23T01:10:41.929+0000] {subprocess.py:93} INFO - 	at py4j.reflection.ReflectionEngine.invoke(ReflectionEngine.java:374)
[2026-03-23T01:10:41.929+0000] {subprocess.py:93} INFO - 	at py4j.Gateway.invoke(Gateway.java:282)
[2026-03-23T01:10:41.929+0000] {subprocess.py:93} INFO - 	at py4j.commands.AbstractCommand.invokeMethod(AbstractCommand.java:132)
[2026-03-23T01:10:41.929+0000] {subprocess.py:93} INFO - 	at py4j.commands.CallCommand.execute(CallCommand.java:79)
[2026-03-23T01:10:41.929+0000] {subprocess.py:93} INFO - 	at py4j.ClientServerConnection.waitForCommands(ClientServerConnection.java:184)
[2026-03-23T01:10:41.929+0000] {subprocess.py:93} INFO - 	at py4j.ClientServerConnection.run(ClientServerConnection.java:108)
[2026-03-23T01:10:41.929+0000] {subprocess.py:93} INFO - 	at java.base/java.lang.Thread.run(Thread.java:840)
[2026-03-23T01:10:41.930+0000] {subprocess.py:93} INFO - 	Suppressed: org.apache.spark.util.Utils$OriginalTryStackTraceException: Full stacktrace of original doTryWithCallerStacktrace caller
[2026-03-23T01:10:41.930+0000] {subprocess.py:93} INFO - 		at org.apache.spark.sql.errors.QueryExecutionErrors$.cannotClearOutputDirectoryError(QueryExecutionErrors.scala:786)
[2026-03-23T01:10:41.930+0000] {subprocess.py:93} INFO - 		at org.apache.spark.sql.execution.datasources.InsertIntoHadoopFsRelationCommand.deleteMatchingPartitions(InsertIntoHadoopFsRelationCommand.scala:244)
[2026-03-23T01:10:41.930+0000] {subprocess.py:93} INFO - 		at org.apache.spark.sql.execution.datasources.InsertIntoHadoopFsRelationCommand.run(InsertIntoHadoopFsRelationCommand.scala:136)
[2026-03-23T01:10:41.930+0000] {subprocess.py:93} INFO - 		at org.apache.spark.sql.execution.command.DataWritingCommandExec.sideEffectResult$lzycompute(commands.scala:117)
[2026-03-23T01:10:41.930+0000] {subprocess.py:93} INFO - 		at org.apache.spark.sql.execution.command.DataWritingCommandExec.sideEffectResult(commands.scala:115)
[2026-03-23T01:10:41.930+0000] {subprocess.py:93} INFO - 		at org.apache.spark.sql.execution.command.DataWritingCommandExec.executeCollect(commands.scala:129)
[2026-03-23T01:10:41.930+0000] {subprocess.py:93} INFO - 		at org.apache.spark.sql.execution.QueryExecution.$anonfun$eagerlyExecuteCommands$2(QueryExecution.scala:155)
[2026-03-23T01:10:41.930+0000] {subprocess.py:93} INFO - 		at org.apache.spark.sql.execution.SQLExecution$.$anonfun$withNewExecutionId0$8(SQLExecution.scala:163)
[2026-03-23T01:10:41.931+0000] {subprocess.py:93} INFO - 		at org.apache.spark.sql.execution.SQLExecution$.withSessionTagsApplied(SQLExecution.scala:272)
[2026-03-23T01:10:41.931+0000] {subprocess.py:93} INFO - 		at org.apache.spark.sql.execution.SQLExecution$.$anonfun$withNewExecutionId0$7(SQLExecution.scala:125)
[2026-03-23T01:10:41.931+0000] {subprocess.py:93} INFO - 		at org.apache.spark.JobArtifactSet$.withActiveJobArtifactState(JobArtifactSet.scala:94)
[2026-03-23T01:10:41.931+0000] {subprocess.py:93} INFO - 		at org.apache.spark.sql.artifact.ArtifactManager.$anonfun$withResources$1(ArtifactManager.scala:112)
[2026-03-23T01:10:41.931+0000] {subprocess.py:93} INFO - 		at org.apache.spark.sql.artifact.ArtifactManager.withClassLoaderIfNeeded(ArtifactManager.scala:106)
[2026-03-23T01:10:41.931+0000] {subprocess.py:93} INFO - 		at org.apache.spark.sql.artifact.ArtifactManager.withResources(ArtifactManager.scala:111)
[2026-03-23T01:10:41.931+0000] {subprocess.py:93} INFO - 		at org.apache.spark.sql.execution.SQLExecution$.$anonfun$withNewExecutionId0$6(SQLExecution.scala:125)
[2026-03-23T01:10:41.931+0000] {subprocess.py:93} INFO - 		at org.apache.spark.sql.execution.SQLExecution$.withSQLConfPropagated(SQLExecution.scala:295)
[2026-03-23T01:10:41.931+0000] {subprocess.py:93} INFO - 		at org.apache.spark.sql.execution.SQLExecution$.$anonfun$withNewExecutionId0$1(SQLExecution.scala:124)
[2026-03-23T01:10:41.932+0000] {subprocess.py:93} INFO - 		at org.apache.spark.sql.SparkSession.withActive(SparkSession.scala:804)
[2026-03-23T01:10:41.932+0000] {subprocess.py:93} INFO - 		at org.apache.spark.sql.execution.SQLExecution$.withNewExecutionId0(SQLExecution.scala:78)
[2026-03-23T01:10:41.932+0000] {subprocess.py:93} INFO - 		at org.apache.spark.sql.execution.SQLExecution$.withNewExecutionId(SQLExecution.scala:237)
[2026-03-23T01:10:41.932+0000] {subprocess.py:93} INFO - 		at org.apache.spark.sql.execution.QueryExecution.$anonfun$eagerlyExecuteCommands$1(QueryExecution.scala:155)
[2026-03-23T01:10:41.932+0000] {subprocess.py:93} INFO - 		at org.apache.spark.sql.execution.QueryExecution$.withInternalError(QueryExecution.scala:654)
[2026-03-23T01:10:41.932+0000] {subprocess.py:93} INFO - 		at org.apache.spark.sql.execution.QueryExecution.org$apache$spark$sql$execution$QueryExecution$$eagerlyExecute$1(QueryExecution.scala:154)
[2026-03-23T01:10:41.932+0000] {subprocess.py:93} INFO - 		at org.apache.spark.sql.execution.QueryExecution$$anonfun$eagerlyExecuteCommands$3.applyOrElse(QueryExecution.scala:169)
[2026-03-23T01:10:41.932+0000] {subprocess.py:93} INFO - 		at org.apache.spark.sql.execution.QueryExecution$$anonfun$eagerlyExecuteCommands$3.applyOrElse(QueryExecution.scala:164)
[2026-03-23T01:10:41.932+0000] {subprocess.py:93} INFO - 		at org.apache.spark.sql.catalyst.trees.TreeNode.$anonfun$transformDownWithPruning$1(TreeNode.scala:470)
[2026-03-23T01:10:41.933+0000] {subprocess.py:93} INFO - 		at org.apache.spark.sql.catalyst.trees.CurrentOrigin$.withOrigin(origin.scala:86)
[2026-03-23T01:10:41.933+0000] {subprocess.py:93} INFO - 		at org.apache.spark.sql.catalyst.trees.TreeNode.transformDownWithPruning(TreeNode.scala:470)
[2026-03-23T01:10:41.933+0000] {subprocess.py:93} INFO - 		at org.apache.spark.sql.catalyst.plans.logical.LogicalPlan.org$apache$spark$sql$catalyst$plans$logical$AnalysisHelper$$super$transformDownWithPruning(LogicalPlan.scala:37)
[2026-03-23T01:10:41.933+0000] {subprocess.py:93} INFO - 		at org.apache.spark.sql.catalyst.plans.logical.AnalysisHelper.transformDownWithPruning(AnalysisHelper.scala:360)
[2026-03-23T01:10:41.933+0000] {subprocess.py:93} INFO - 		at org.apache.spark.sql.catalyst.plans.logical.AnalysisHelper.transformDownWithPruning$(AnalysisHelper.scala:356)
[2026-03-23T01:10:41.933+0000] {subprocess.py:93} INFO - 		at org.apache.spark.sql.catalyst.plans.logical.LogicalPlan.transformDownWithPruning(LogicalPlan.scala:37)
[2026-03-23T01:10:41.933+0000] {subprocess.py:93} INFO - 		at org.apache.spark.sql.catalyst.plans.logical.LogicalPlan.transformDownWithPruning(LogicalPlan.scala:37)
[2026-03-23T01:10:41.933+0000] {subprocess.py:93} INFO - 		at org.apache.spark.sql.catalyst.trees.TreeNode.transformDown(TreeNode.scala:446)
[2026-03-23T01:10:41.933+0000] {subprocess.py:93} INFO - 		at org.apache.spark.sql.execution.QueryExecution.eagerlyExecuteCommands(QueryExecution.scala:164)
[2026-03-23T01:10:41.934+0000] {subprocess.py:93} INFO - 		at org.apache.spark.sql.execution.QueryExecution.$anonfun$lazyCommandExecuted$1(QueryExecution.scala:126)
[2026-03-23T01:10:41.934+0000] {subprocess.py:93} INFO - 		at scala.util.Try$.apply(Try.scala:217)
[2026-03-23T01:10:41.934+0000] {subprocess.py:93} INFO - 		at org.apache.spark.util.Utils$.doTryWithCallerStacktrace(Utils.scala:1378)
[2026-03-23T01:10:41.934+0000] {subprocess.py:93} INFO - 		at org.apache.spark.util.LazyTry.tryT$lzycompute(LazyTry.scala:46)
[2026-03-23T01:10:41.934+0000] {subprocess.py:93} INFO - 		at org.apache.spark.util.LazyTry.tryT(LazyTry.scala:46)
[2026-03-23T01:10:41.934+0000] {subprocess.py:93} INFO - 		... 19 more
[2026-03-23T01:10:41.934+0000] {subprocess.py:93} INFO - 
[2026-03-23T01:10:42.466+0000] {subprocess.py:93} INFO - 
[2026-03-23T01:10:42.466+0000] {subprocess.py:93} INFO - Pipeline execution completed with exit code: 1
[2026-03-23T01:10:42.466+0000] {subprocess.py:93} INFO - ✗ Pipeline failed with errors (see logs above)
[2026-03-23T01:10:42.467+0000] {subprocess.py:97} INFO - Command exited with return code 1
[2026-03-23T01:10:42.486+0000] {taskinstance.py:1937} ERROR - Task failed with exception
Traceback (most recent call last):
  File "/home/airflow/.local/lib/python3.9/site-packages/airflow/operators/bash.py", line 210, in execute
    raise AirflowException(
airflow.exceptions.AirflowException: Bash command failed. The command returned a non-zero exit code 1.
[2026-03-23T01:10:42.490+0000] {taskinstance.py:1400} INFO - Marking task as UP_FOR_RETRY. dag_id=dynamic_spark_pipeline, task_id=run_pipeline, execution_date=20260321T020000, start_date=20260323T011027, end_date=20260323T011042
[2026-03-23T01:10:42.507+0000] {standard_task_runner.py:104} ERROR - Failed to execute job 12 for task run_pipeline (Bash command failed. The command returned a non-zero exit code 1.; 1286)
[2026-03-23T01:10:42.535+0000] {local_task_job_runner.py:228} INFO - Task exited with return code 1
[2026-03-23T01:10:42.572+0000] {taskinstance.py:2778} INFO - 0 downstream tasks scheduled from follow-on schedule check
