[2026-03-22T19:18:26.426+0000] {manager.py:487} INFO - Processing files using up to 2 processes at a time 
[2026-03-22T19:18:26.426+0000] {manager.py:488} INFO - Process each file at most once every 30 seconds
[2026-03-22T19:18:26.427+0000] {manager.py:489} INFO - Checking for new files in /app/dags every 300 seconds
[2026-03-22T19:18:26.427+0000] {manager.py:755} INFO - Searching for files in /app/dags
[2026-03-22T19:18:26.428+0000] {manager.py:758} INFO - There are 1 files in /app/dags
[2026-03-22T19:18:26.550+0000] {manager.py:887} INFO - 
================================================================================
DAG File Processing Stats

File Path                                  PID  Runtime      # DAGs    # Errors  Last Runtime    Last Run
---------------------------------------  -----  ---------  --------  ----------  --------------  ----------
/app/dags/dynamic_spark_pipeline_dag.py    162  0.05s             0           0
================================================================================
[2026-03-22T19:18:56.662+0000] {manager.py:887} INFO - 
================================================================================
DAG File Processing Stats

File Path                                PID    Runtime      # DAGs    # Errors  Last Runtime    Last Run
---------------------------------------  -----  ---------  --------  ----------  --------------  -------------------
/app/dags/dynamic_spark_pipeline_dag.py                           1           0  0.20s           2026-03-22T19:18:26
================================================================================
[2026-03-22T19:19:27.003+0000] {manager.py:887} INFO - 
================================================================================
DAG File Processing Stats

File Path                                  PID  Runtime      # DAGs    # Errors  Last Runtime    Last Run
---------------------------------------  -----  ---------  --------  ----------  --------------  -------------------
/app/dags/dynamic_spark_pipeline_dag.py    199  0.01s             1           0  0.14s           2026-03-22T19:18:56
================================================================================
[2026-03-22T19:19:57.102+0000] {manager.py:887} INFO - 
================================================================================
DAG File Processing Stats

File Path                                PID    Runtime      # DAGs    # Errors  Last Runtime    Last Run
---------------------------------------  -----  ---------  --------  ----------  --------------  -------------------
/app/dags/dynamic_spark_pipeline_dag.py                           1           0  0.95s           2026-03-22T19:19:27
================================================================================
[2026-03-22T19:20:27.482+0000] {manager.py:887} INFO - 
================================================================================
DAG File Processing Stats

File Path                                PID    Runtime      # DAGs    # Errors  Last Runtime    Last Run
---------------------------------------  -----  ---------  --------  ----------  --------------  -------------------
/app/dags/dynamic_spark_pipeline_dag.py                           1           0  0.19s           2026-03-22T19:19:58
================================================================================
[2026-03-22T19:20:57.701+0000] {manager.py:887} INFO - 
================================================================================
DAG File Processing Stats

File Path                                PID    Runtime      # DAGs    # Errors  Last Runtime    Last Run
---------------------------------------  -----  ---------  --------  ----------  --------------  -------------------
/app/dags/dynamic_spark_pipeline_dag.py                           1           0  0.14s           2026-03-22T19:20:28
================================================================================
[2026-03-22T19:21:28.027+0000] {manager.py:887} INFO - 
================================================================================
DAG File Processing Stats

File Path                                PID    Runtime      # DAGs    # Errors  Last Runtime    Last Run
---------------------------------------  -----  ---------  --------  ----------  --------------  -------------------
/app/dags/dynamic_spark_pipeline_dag.py                           1           0  0.18s           2026-03-22T19:20:58
================================================================================
[2026-03-22T19:21:58.286+0000] {manager.py:887} INFO - 
================================================================================
DAG File Processing Stats

File Path                                PID    Runtime      # DAGs    # Errors  Last Runtime    Last Run
---------------------------------------  -----  ---------  --------  ----------  --------------  -------------------
/app/dags/dynamic_spark_pipeline_dag.py                           1           0  0.16s           2026-03-22T19:21:29
================================================================================
[2026-03-22T19:22:28.584+0000] {manager.py:887} INFO - 
================================================================================
DAG File Processing Stats

File Path                                PID    Runtime      # DAGs    # Errors  Last Runtime    Last Run
---------------------------------------  -----  ---------  --------  ----------  --------------  -------------------
/app/dags/dynamic_spark_pipeline_dag.py                           1           0  0.16s           2026-03-22T19:21:59
================================================================================
[2026-03-22T19:22:58.805+0000] {manager.py:887} INFO - 
================================================================================
DAG File Processing Stats

File Path                                PID    Runtime      # DAGs    # Errors  Last Runtime    Last Run
---------------------------------------  -----  ---------  --------  ----------  --------------  -------------------
/app/dags/dynamic_spark_pipeline_dag.py                           1           0  0.16s           2026-03-22T19:22:29
================================================================================
[2026-03-22T19:23:27.112+0000] {manager.py:755} INFO - Searching for files in /app/dags
[2026-03-22T19:23:27.116+0000] {manager.py:758} INFO - There are 1 files in /app/dags
[2026-03-22T19:23:29.148+0000] {manager.py:887} INFO - 
================================================================================
DAG File Processing Stats

File Path                                PID    Runtime      # DAGs    # Errors  Last Runtime    Last Run
---------------------------------------  -----  ---------  --------  ----------  --------------  -------------------
/app/dags/dynamic_spark_pipeline_dag.py                           1           0  0.16s           2026-03-22T19:22:59
================================================================================
[2026-03-22T19:23:59.346+0000] {manager.py:887} INFO - 
================================================================================
DAG File Processing Stats

File Path                                PID    Runtime      # DAGs    # Errors  Last Runtime    Last Run
---------------------------------------  -----  ---------  --------  ----------  --------------  -------------------
/app/dags/dynamic_spark_pipeline_dag.py                           1           0  0.22s           2026-03-22T19:23:30
================================================================================
[2026-03-22T19:24:29.738+0000] {manager.py:887} INFO - 
================================================================================
DAG File Processing Stats

File Path                                PID    Runtime      # DAGs    # Errors  Last Runtime    Last Run
---------------------------------------  -----  ---------  --------  ----------  --------------  -------------------
/app/dags/dynamic_spark_pipeline_dag.py                           1           0  0.15s           2026-03-22T19:24:00
================================================================================
[2026-03-22T19:25:00.051+0000] {manager.py:887} INFO - 
================================================================================
DAG File Processing Stats

File Path                                PID    Runtime      # DAGs    # Errors  Last Runtime    Last Run
---------------------------------------  -----  ---------  --------  ----------  --------------  -------------------
/app/dags/dynamic_spark_pipeline_dag.py                           1           0  0.16s           2026-03-22T19:24:30
================================================================================
[2026-03-22T19:25:30.263+0000] {manager.py:887} INFO - 
================================================================================
DAG File Processing Stats

File Path                                PID    Runtime      # DAGs    # Errors  Last Runtime    Last Run
---------------------------------------  -----  ---------  --------  ----------  --------------  -------------------
/app/dags/dynamic_spark_pipeline_dag.py                           1           0  0.16s           2026-03-22T19:25:01
================================================================================
[2026-03-22T19:26:00.567+0000] {manager.py:887} INFO - 
================================================================================
DAG File Processing Stats

File Path                                PID    Runtime      # DAGs    # Errors  Last Runtime    Last Run
---------------------------------------  -----  ---------  --------  ----------  --------------  -------------------
/app/dags/dynamic_spark_pipeline_dag.py                           1           0  0.14s           2026-03-22T19:25:31
================================================================================
[2026-03-22T19:26:30.771+0000] {manager.py:887} INFO - 
================================================================================
DAG File Processing Stats

File Path                                PID    Runtime      # DAGs    # Errors  Last Runtime    Last Run
---------------------------------------  -----  ---------  --------  ----------  --------------  -------------------
/app/dags/dynamic_spark_pipeline_dag.py                           1           0  0.15s           2026-03-22T19:26:01
================================================================================
[2026-03-22T19:27:01.052+0000] {manager.py:887} INFO - 
================================================================================
DAG File Processing Stats

File Path                                PID    Runtime      # DAGs    # Errors  Last Runtime    Last Run
---------------------------------------  -----  ---------  --------  ----------  --------------  -------------------
/app/dags/dynamic_spark_pipeline_dag.py                           1           0  0.13s           2026-03-22T19:26:31
================================================================================
[2026-03-22T19:27:31.288+0000] {manager.py:887} INFO - 
================================================================================
DAG File Processing Stats

File Path                                PID    Runtime      # DAGs    # Errors  Last Runtime    Last Run
---------------------------------------  -----  ---------  --------  ----------  --------------  -------------------
/app/dags/dynamic_spark_pipeline_dag.py                           1           0  0.14s           2026-03-22T19:27:02
================================================================================
[2026-03-22T19:28:01.572+0000] {manager.py:887} INFO - 
================================================================================
DAG File Processing Stats

File Path                                PID    Runtime      # DAGs    # Errors  Last Runtime    Last Run
---------------------------------------  -----  ---------  --------  ----------  --------------  -------------------
/app/dags/dynamic_spark_pipeline_dag.py                           1           0  0.14s           2026-03-22T19:27:32
================================================================================
[2026-03-22T19:28:27.763+0000] {manager.py:755} INFO - Searching for files in /app/dags
[2026-03-22T19:28:27.764+0000] {manager.py:758} INFO - There are 1 files in /app/dags
[2026-03-22T19:28:31.808+0000] {manager.py:887} INFO - 
================================================================================
DAG File Processing Stats

File Path                                PID    Runtime      # DAGs    # Errors  Last Runtime    Last Run
---------------------------------------  -----  ---------  --------  ----------  --------------  -------------------
/app/dags/dynamic_spark_pipeline_dag.py                           1           0  0.13s           2026-03-22T19:28:02
================================================================================
[2026-03-22T19:29:02.064+0000] {manager.py:887} INFO - 
================================================================================
DAG File Processing Stats

File Path                                PID    Runtime      # DAGs    # Errors  Last Runtime    Last Run
---------------------------------------  -----  ---------  --------  ----------  --------------  -------------------
/app/dags/dynamic_spark_pipeline_dag.py                           1           0  0.13s           2026-03-22T19:28:32
================================================================================
[2026-03-22T19:29:32.289+0000] {manager.py:887} INFO - 
================================================================================
DAG File Processing Stats

File Path                                PID    Runtime      # DAGs    # Errors  Last Runtime    Last Run
---------------------------------------  -----  ---------  --------  ----------  --------------  -------------------
/app/dags/dynamic_spark_pipeline_dag.py                           1           0  0.13s           2026-03-22T19:29:03
================================================================================
[2026-03-22T19:30:02.544+0000] {manager.py:887} INFO - 
================================================================================
DAG File Processing Stats

File Path                                PID    Runtime      # DAGs    # Errors  Last Runtime    Last Run
---------------------------------------  -----  ---------  --------  ----------  --------------  -------------------
/app/dags/dynamic_spark_pipeline_dag.py                           1           0  0.15s           2026-03-22T19:29:33
================================================================================
[2026-03-22T19:30:32.833+0000] {manager.py:887} INFO - 
================================================================================
DAG File Processing Stats

File Path                                PID    Runtime      # DAGs    # Errors  Last Runtime    Last Run
---------------------------------------  -----  ---------  --------  ----------  --------------  -------------------
/app/dags/dynamic_spark_pipeline_dag.py                           1           0  0.13s           2026-03-22T19:30:03
================================================================================
[2026-03-22T19:31:03.071+0000] {manager.py:887} INFO - 
================================================================================
DAG File Processing Stats

File Path                                PID    Runtime      # DAGs    # Errors  Last Runtime    Last Run
---------------------------------------  -----  ---------  --------  ----------  --------------  -------------------
/app/dags/dynamic_spark_pipeline_dag.py                           1           0  0.14s           2026-03-22T19:30:33
================================================================================
[2026-03-22T19:31:33.380+0000] {manager.py:887} INFO - 
================================================================================
DAG File Processing Stats

File Path                                PID    Runtime      # DAGs    # Errors  Last Runtime    Last Run
---------------------------------------  -----  ---------  --------  ----------  --------------  -------------------
/app/dags/dynamic_spark_pipeline_dag.py                           1           0  0.14s           2026-03-22T19:31:04
================================================================================
[2026-03-22T19:32:03.590+0000] {manager.py:887} INFO - 
================================================================================
DAG File Processing Stats

File Path                                PID    Runtime      # DAGs    # Errors  Last Runtime    Last Run
---------------------------------------  -----  ---------  --------  ----------  --------------  -------------------
/app/dags/dynamic_spark_pipeline_dag.py                           1           0  0.14s           2026-03-22T19:31:34
================================================================================
[2026-03-22T19:32:33.897+0000] {manager.py:887} INFO - 
================================================================================
DAG File Processing Stats

File Path                                PID    Runtime      # DAGs    # Errors  Last Runtime    Last Run
---------------------------------------  -----  ---------  --------  ----------  --------------  -------------------
/app/dags/dynamic_spark_pipeline_dag.py                           1           0  0.20s           2026-03-22T19:32:04
================================================================================
[2026-03-22T19:33:04.146+0000] {manager.py:887} INFO - 
================================================================================
DAG File Processing Stats

File Path                                PID    Runtime      # DAGs    # Errors  Last Runtime    Last Run
---------------------------------------  -----  ---------  --------  ----------  --------------  -------------------
/app/dags/dynamic_spark_pipeline_dag.py                           1           0  0.14s           2026-03-22T19:32:35
================================================================================
[2026-03-22T19:33:28.382+0000] {manager.py:755} INFO - Searching for files in /app/dags
[2026-03-22T19:33:28.386+0000] {manager.py:758} INFO - There are 1 files in /app/dags
[2026-03-22T19:33:34.455+0000] {manager.py:887} INFO - 
================================================================================
DAG File Processing Stats

File Path                                PID    Runtime      # DAGs    # Errors  Last Runtime    Last Run
---------------------------------------  -----  ---------  --------  ----------  --------------  -------------------
/app/dags/dynamic_spark_pipeline_dag.py                           1           0  0.13s           2026-03-22T19:33:05
================================================================================
[2026-03-22T19:34:04.672+0000] {manager.py:887} INFO - 
================================================================================
DAG File Processing Stats

File Path                                PID    Runtime      # DAGs    # Errors  Last Runtime    Last Run
---------------------------------------  -----  ---------  --------  ----------  --------------  -------------------
/app/dags/dynamic_spark_pipeline_dag.py                           1           0  0.15s           2026-03-22T19:33:35
================================================================================
[2026-03-22T19:34:34.979+0000] {manager.py:887} INFO - 
================================================================================
DAG File Processing Stats

File Path                                PID    Runtime      # DAGs    # Errors  Last Runtime    Last Run
---------------------------------------  -----  ---------  --------  ----------  --------------  -------------------
/app/dags/dynamic_spark_pipeline_dag.py                           1           0  0.13s           2026-03-22T19:34:05
================================================================================
[2026-03-22T19:35:05.220+0000] {manager.py:887} INFO - 
================================================================================
DAG File Processing Stats

File Path                                PID    Runtime      # DAGs    # Errors  Last Runtime    Last Run
---------------------------------------  -----  ---------  --------  ----------  --------------  -------------------
/app/dags/dynamic_spark_pipeline_dag.py                           1           0  0.13s           2026-03-22T19:34:36
================================================================================
[2026-03-22T19:35:35.488+0000] {manager.py:887} INFO - 
================================================================================
DAG File Processing Stats

File Path                                PID    Runtime      # DAGs    # Errors  Last Runtime    Last Run
---------------------------------------  -----  ---------  --------  ----------  --------------  -------------------
/app/dags/dynamic_spark_pipeline_dag.py                           1           0  0.14s           2026-03-22T19:35:06
================================================================================
[2026-03-22T19:36:05.715+0000] {manager.py:887} INFO - 
================================================================================
DAG File Processing Stats

File Path                                PID    Runtime      # DAGs    # Errors  Last Runtime    Last Run
---------------------------------------  -----  ---------  --------  ----------  --------------  -------------------
/app/dags/dynamic_spark_pipeline_dag.py                           1           0  0.14s           2026-03-22T19:35:36
================================================================================
[2026-03-22T19:36:36.010+0000] {manager.py:887} INFO - 
================================================================================
DAG File Processing Stats

File Path                                PID    Runtime      # DAGs    # Errors  Last Runtime    Last Run
---------------------------------------  -----  ---------  --------  ----------  --------------  -------------------
/app/dags/dynamic_spark_pipeline_dag.py                           1           0  0.13s           2026-03-22T19:36:06
================================================================================
[2026-03-22T19:37:06.249+0000] {manager.py:887} INFO - 
================================================================================
DAG File Processing Stats

File Path                                PID    Runtime      # DAGs    # Errors  Last Runtime    Last Run
---------------------------------------  -----  ---------  --------  ----------  --------------  -------------------
/app/dags/dynamic_spark_pipeline_dag.py                           1           0  0.14s           2026-03-22T19:36:37
================================================================================
[2026-03-22T19:37:36.544+0000] {manager.py:887} INFO - 
================================================================================
DAG File Processing Stats

File Path                                PID    Runtime      # DAGs    # Errors  Last Runtime    Last Run
---------------------------------------  -----  ---------  --------  ----------  --------------  -------------------
/app/dags/dynamic_spark_pipeline_dag.py                           1           0  0.13s           2026-03-22T19:37:07
================================================================================
[2026-03-22T19:38:06.760+0000] {manager.py:887} INFO - 
================================================================================
DAG File Processing Stats

File Path                                PID    Runtime      # DAGs    # Errors  Last Runtime    Last Run
---------------------------------------  -----  ---------  --------  ----------  --------------  -------------------
/app/dags/dynamic_spark_pipeline_dag.py                           1           0  0.13s           2026-03-22T19:37:37
================================================================================
[2026-03-22T19:38:28.976+0000] {manager.py:755} INFO - Searching for files in /app/dags
[2026-03-22T19:38:28.978+0000] {manager.py:758} INFO - There are 1 files in /app/dags
[2026-03-22T19:38:37.050+0000] {manager.py:887} INFO - 
================================================================================
DAG File Processing Stats

File Path                                PID    Runtime      # DAGs    # Errors  Last Runtime    Last Run
---------------------------------------  -----  ---------  --------  ----------  --------------  -------------------
/app/dags/dynamic_spark_pipeline_dag.py                           1           0  0.13s           2026-03-22T19:38:07
================================================================================
[2026-03-22T19:39:07.290+0000] {manager.py:887} INFO - 
================================================================================
DAG File Processing Stats

File Path                                PID    Runtime      # DAGs    # Errors  Last Runtime    Last Run
---------------------------------------  -----  ---------  --------  ----------  --------------  -------------------
/app/dags/dynamic_spark_pipeline_dag.py                           1           0  0.14s           2026-03-22T19:38:38
================================================================================
[2026-03-22T19:39:37.618+0000] {manager.py:887} INFO - 
================================================================================
DAG File Processing Stats

File Path                                PID    Runtime      # DAGs    # Errors  Last Runtime    Last Run
---------------------------------------  -----  ---------  --------  ----------  --------------  -------------------
/app/dags/dynamic_spark_pipeline_dag.py                           1           0  0.17s           2026-03-22T19:39:08
================================================================================
[2026-03-22T19:40:07.873+0000] {manager.py:887} INFO - 
================================================================================
DAG File Processing Stats

File Path                                PID    Runtime      # DAGs    # Errors  Last Runtime    Last Run
---------------------------------------  -----  ---------  --------  ----------  --------------  -------------------
/app/dags/dynamic_spark_pipeline_dag.py                           1           0  0.13s           2026-03-22T19:39:38
================================================================================
[2026-03-22T19:40:38.155+0000] {manager.py:887} INFO - 
================================================================================
DAG File Processing Stats

File Path                                PID    Runtime      # DAGs    # Errors  Last Runtime    Last Run
---------------------------------------  -----  ---------  --------  ----------  --------------  -------------------
/app/dags/dynamic_spark_pipeline_dag.py                           1           0  0.14s           2026-03-22T19:40:09
================================================================================
[2026-03-22T19:41:08.432+0000] {manager.py:887} INFO - 
================================================================================
DAG File Processing Stats

File Path                                PID    Runtime      # DAGs    # Errors  Last Runtime    Last Run
---------------------------------------  -----  ---------  --------  ----------  --------------  -------------------
/app/dags/dynamic_spark_pipeline_dag.py                           1           0  0.15s           2026-03-22T19:40:39
================================================================================
[2026-03-22T19:41:38.692+0000] {manager.py:887} INFO - 
================================================================================
DAG File Processing Stats

File Path                                PID    Runtime      # DAGs    # Errors  Last Runtime    Last Run
---------------------------------------  -----  ---------  --------  ----------  --------------  -------------------
/app/dags/dynamic_spark_pipeline_dag.py                           1           0  0.14s           2026-03-22T19:41:09
================================================================================
[2026-03-22T19:42:08.901+0000] {manager.py:887} INFO - 
================================================================================
DAG File Processing Stats

File Path                                PID    Runtime      # DAGs    # Errors  Last Runtime    Last Run
---------------------------------------  -----  ---------  --------  ----------  --------------  -------------------
/app/dags/dynamic_spark_pipeline_dag.py                           1           0  0.13s           2026-03-22T19:41:39
================================================================================
[2026-03-22T19:42:39.175+0000] {manager.py:887} INFO - 
================================================================================
DAG File Processing Stats

File Path                                PID    Runtime      # DAGs    # Errors  Last Runtime    Last Run
---------------------------------------  -----  ---------  --------  ----------  --------------  -------------------
/app/dags/dynamic_spark_pipeline_dag.py                           1           0  0.13s           2026-03-22T19:42:10
================================================================================
[2026-03-22T19:43:09.407+0000] {manager.py:887} INFO - 
================================================================================
DAG File Processing Stats

File Path                                PID    Runtime      # DAGs    # Errors  Last Runtime    Last Run
---------------------------------------  -----  ---------  --------  ----------  --------------  -------------------
/app/dags/dynamic_spark_pipeline_dag.py                           1           0  0.15s           2026-03-22T19:42:40
================================================================================
[2026-03-22T19:43:29.654+0000] {manager.py:755} INFO - Searching for files in /app/dags
[2026-03-22T19:43:29.658+0000] {manager.py:758} INFO - There are 1 files in /app/dags
[2026-03-22T19:43:39.754+0000] {manager.py:887} INFO - 
================================================================================
DAG File Processing Stats

File Path                                PID    Runtime      # DAGs    # Errors  Last Runtime    Last Run
---------------------------------------  -----  ---------  --------  ----------  --------------  -------------------
/app/dags/dynamic_spark_pipeline_dag.py                           1           0  0.15s           2026-03-22T19:43:10
================================================================================
[2026-03-22T19:44:09.968+0000] {manager.py:887} INFO - 
================================================================================
DAG File Processing Stats

File Path                                PID    Runtime      # DAGs    # Errors  Last Runtime    Last Run
---------------------------------------  -----  ---------  --------  ----------  --------------  -------------------
/app/dags/dynamic_spark_pipeline_dag.py                           1           0  0.13s           2026-03-22T19:43:40
================================================================================
[2026-03-22T19:44:40.289+0000] {manager.py:887} INFO - 
================================================================================
DAG File Processing Stats

File Path                                PID    Runtime      # DAGs    # Errors  Last Runtime    Last Run
---------------------------------------  -----  ---------  --------  ----------  --------------  -------------------
/app/dags/dynamic_spark_pipeline_dag.py                           1           0  0.13s           2026-03-22T19:44:11
================================================================================
[2026-03-22T19:45:10.500+0000] {manager.py:887} INFO - 
================================================================================
DAG File Processing Stats

File Path                                PID    Runtime      # DAGs    # Errors  Last Runtime    Last Run
---------------------------------------  -----  ---------  --------  ----------  --------------  -------------------
/app/dags/dynamic_spark_pipeline_dag.py                           1           0  0.14s           2026-03-22T19:44:41
================================================================================
[2026-03-22T19:45:40.795+0000] {manager.py:887} INFO - 
================================================================================
DAG File Processing Stats

File Path                                PID    Runtime      # DAGs    # Errors  Last Runtime    Last Run
---------------------------------------  -----  ---------  --------  ----------  --------------  -------------------
/app/dags/dynamic_spark_pipeline_dag.py                           1           0  0.14s           2026-03-22T19:45:11
================================================================================
[2026-03-22T19:46:11.095+0000] {manager.py:887} INFO - 
================================================================================
DAG File Processing Stats

File Path                                PID    Runtime      # DAGs    # Errors  Last Runtime    Last Run
---------------------------------------  -----  ---------  --------  ----------  --------------  -------------------
/app/dags/dynamic_spark_pipeline_dag.py                           1           0  0.42s           2026-03-22T19:46:01
================================================================================
[2026-03-22T19:46:36.886+0000] {manager.py:469} INFO - Exiting gracefully upon receiving signal 15
[2026-03-22T20:08:56.180+0000] {manager.py:487} INFO - Processing files using up to 2 processes at a time 
[2026-03-22T20:08:56.181+0000] {manager.py:488} INFO - Process each file at most once every 30 seconds
[2026-03-22T20:08:56.181+0000] {manager.py:489} INFO - Checking for new files in /app/dags every 300 seconds
[2026-03-22T20:08:56.181+0000] {manager.py:755} INFO - Searching for files in /app/dags
[2026-03-22T20:08:56.182+0000] {manager.py:758} INFO - There are 1 files in /app/dags
[2026-03-22T20:08:56.271+0000] {manager.py:887} INFO - 
================================================================================
DAG File Processing Stats

File Path                                  PID  Runtime      # DAGs    # Errors  Last Runtime    Last Run
---------------------------------------  -----  ---------  --------  ----------  --------------  ----------
/app/dags/dynamic_spark_pipeline_dag.py    162  0.03s             0           0
================================================================================
[2026-03-22T20:09:26.407+0000] {manager.py:887} INFO - 
================================================================================
DAG File Processing Stats

File Path                                PID    Runtime      # DAGs    # Errors  Last Runtime    Last Run
---------------------------------------  -----  ---------  --------  ----------  --------------  -------------------
/app/dags/dynamic_spark_pipeline_dag.py                           1           0  0.18s           2026-03-22T20:08:56
================================================================================
[2026-03-22T20:09:56.682+0000] {manager.py:887} INFO - 
================================================================================
DAG File Processing Stats

File Path                                  PID  Runtime      # DAGs    # Errors  Last Runtime    Last Run
---------------------------------------  -----  ---------  --------  ----------  --------------  -------------------
/app/dags/dynamic_spark_pipeline_dag.py    187  0.00s             1           0  0.11s           2026-03-22T20:09:26
================================================================================
[2026-03-22T20:10:26.917+0000] {manager.py:887} INFO - 
================================================================================
DAG File Processing Stats

File Path                                  PID  Runtime      # DAGs    # Errors  Last Runtime    Last Run
---------------------------------------  -----  ---------  --------  ----------  --------------  -------------------
/app/dags/dynamic_spark_pipeline_dag.py    198  0.01s             1           0  0.12s           2026-03-22T20:09:56
================================================================================
[2026-03-22T20:10:57.055+0000] {manager.py:887} INFO - 
================================================================================
DAG File Processing Stats

File Path                                  PID  Runtime      # DAGs    # Errors  Last Runtime    Last Run
---------------------------------------  -----  ---------  --------  ----------  --------------  -------------------
/app/dags/dynamic_spark_pipeline_dag.py    209  0.00s             1           0  0.13s           2026-03-22T20:10:27
================================================================================
[2026-03-22T20:11:27.282+0000] {manager.py:887} INFO - 
================================================================================
DAG File Processing Stats

File Path                                  PID  Runtime      # DAGs    # Errors  Last Runtime    Last Run
---------------------------------------  -----  ---------  --------  ----------  --------------  -------------------
/app/dags/dynamic_spark_pipeline_dag.py    220  0.00s             1           0  0.12s           2026-03-22T20:10:57
================================================================================
[2026-03-22T20:11:57.424+0000] {manager.py:887} INFO - 
================================================================================
DAG File Processing Stats

File Path                                  PID  Runtime      # DAGs    # Errors  Last Runtime    Last Run
---------------------------------------  -----  ---------  --------  ----------  --------------  -------------------
/app/dags/dynamic_spark_pipeline_dag.py    231  0.00s             1           0  0.11s           2026-03-22T20:11:27
================================================================================
[2026-03-22T20:12:27.635+0000] {manager.py:887} INFO - 
================================================================================
DAG File Processing Stats

File Path                                  PID  Runtime      # DAGs    # Errors  Last Runtime    Last Run
---------------------------------------  -----  ---------  --------  ----------  --------------  -------------------
/app/dags/dynamic_spark_pipeline_dag.py    242  0.00s             1           0  0.12s           2026-03-22T20:11:57
================================================================================
[2026-03-22T20:12:57.772+0000] {manager.py:887} INFO - 
================================================================================
DAG File Processing Stats

File Path                                  PID  Runtime      # DAGs    # Errors  Last Runtime    Last Run
---------------------------------------  -----  ---------  --------  ----------  --------------  -------------------
/app/dags/dynamic_spark_pipeline_dag.py    253  0.00s             1           0  0.12s           2026-03-22T20:12:27
================================================================================
[2026-03-22T20:13:27.974+0000] {manager.py:887} INFO - 
================================================================================
DAG File Processing Stats

File Path                                  PID  Runtime      # DAGs    # Errors  Last Runtime    Last Run
---------------------------------------  -----  ---------  --------  ----------  --------------  -------------------
/app/dags/dynamic_spark_pipeline_dag.py    264  0.00s             1           0  0.12s           2026-03-22T20:12:57
================================================================================
[2026-03-22T20:13:57.100+0000] {manager.py:755} INFO - Searching for files in /app/dags
[2026-03-22T20:13:57.101+0000] {manager.py:758} INFO - There are 1 files in /app/dags
[2026-03-22T20:13:58.136+0000] {manager.py:887} INFO - 
================================================================================
DAG File Processing Stats

File Path                                  PID  Runtime      # DAGs    # Errors  Last Runtime    Last Run
---------------------------------------  -----  ---------  --------  ----------  --------------  -------------------
/app/dags/dynamic_spark_pipeline_dag.py    271  0.01s             1           0  0.12s           2026-03-22T20:13:28
================================================================================
[2026-03-22T20:14:28.325+0000] {manager.py:887} INFO - 
================================================================================
DAG File Processing Stats

File Path                                  PID  Runtime      # DAGs    # Errors  Last Runtime    Last Run
---------------------------------------  -----  ---------  --------  ----------  --------------  -------------------
/app/dags/dynamic_spark_pipeline_dag.py    282  0.00s             1           0  0.12s           2026-03-22T20:13:58
================================================================================
[2026-03-22T20:14:58.475+0000] {manager.py:887} INFO - 
================================================================================
DAG File Processing Stats

File Path                                  PID  Runtime      # DAGs    # Errors  Last Runtime    Last Run
---------------------------------------  -----  ---------  --------  ----------  --------------  -------------------
/app/dags/dynamic_spark_pipeline_dag.py    293  0.00s             1           0  0.14s           2026-03-22T20:14:28
================================================================================
[2026-03-22T20:15:28.690+0000] {manager.py:887} INFO - 
================================================================================
DAG File Processing Stats

File Path                                  PID  Runtime      # DAGs    # Errors  Last Runtime    Last Run
---------------------------------------  -----  ---------  --------  ----------  --------------  -------------------
/app/dags/dynamic_spark_pipeline_dag.py    304  0.00s             1           0  0.13s           2026-03-22T20:14:58
================================================================================
[2026-03-22T20:15:58.843+0000] {manager.py:887} INFO - 
================================================================================
DAG File Processing Stats

File Path                                  PID  Runtime      # DAGs    # Errors  Last Runtime    Last Run
---------------------------------------  -----  ---------  --------  ----------  --------------  -------------------
/app/dags/dynamic_spark_pipeline_dag.py    315  0.00s             1           0  0.12s           2026-03-22T20:15:28
================================================================================
[2026-03-22T20:16:29.046+0000] {manager.py:887} INFO - 
================================================================================
DAG File Processing Stats

File Path                                  PID  Runtime      # DAGs    # Errors  Last Runtime    Last Run
---------------------------------------  -----  ---------  --------  ----------  --------------  -------------------
/app/dags/dynamic_spark_pipeline_dag.py    326  0.00s             1           0  0.11s           2026-03-22T20:15:58
================================================================================
[2026-03-22T20:16:59.192+0000] {manager.py:887} INFO - 
================================================================================
DAG File Processing Stats

File Path                                  PID  Runtime      # DAGs    # Errors  Last Runtime    Last Run
---------------------------------------  -----  ---------  --------  ----------  --------------  -------------------
/app/dags/dynamic_spark_pipeline_dag.py    337  0.00s             1           0  0.12s           2026-03-22T20:16:29
================================================================================
[2026-03-22T20:17:29.396+0000] {manager.py:887} INFO - 
================================================================================
DAG File Processing Stats

File Path                                  PID  Runtime      # DAGs    # Errors  Last Runtime    Last Run
---------------------------------------  -----  ---------  --------  ----------  --------------  -------------------
/app/dags/dynamic_spark_pipeline_dag.py    348  0.00s             1           0  0.11s           2026-03-22T20:16:59
================================================================================
[2026-03-22T20:17:59.541+0000] {manager.py:887} INFO - 
================================================================================
DAG File Processing Stats

File Path                                  PID  Runtime      # DAGs    # Errors  Last Runtime    Last Run
---------------------------------------  -----  ---------  --------  ----------  --------------  -------------------
/app/dags/dynamic_spark_pipeline_dag.py    359  0.00s             1           0  0.11s           2026-03-22T20:17:29
================================================================================
[2026-03-22T20:18:29.736+0000] {manager.py:887} INFO - 
================================================================================
DAG File Processing Stats

File Path                                  PID  Runtime      # DAGs    # Errors  Last Runtime    Last Run
---------------------------------------  -----  ---------  --------  ----------  --------------  -------------------
/app/dags/dynamic_spark_pipeline_dag.py    370  0.00s             1           0  0.12s           2026-03-22T20:17:59
================================================================================
[2026-03-22T20:18:57.861+0000] {manager.py:755} INFO - Searching for files in /app/dags
[2026-03-22T20:18:57.862+0000] {manager.py:758} INFO - There are 1 files in /app/dags
[2026-03-22T20:18:59.889+0000] {manager.py:887} INFO - 
================================================================================
DAG File Processing Stats

File Path                                  PID  Runtime      # DAGs    # Errors  Last Runtime    Last Run
---------------------------------------  -----  ---------  --------  ----------  --------------  -------------------
/app/dags/dynamic_spark_pipeline_dag.py    381  0.00s             1           0  0.12s           2026-03-22T20:18:29
================================================================================
[2026-03-22T20:19:30.093+0000] {manager.py:887} INFO - 
================================================================================
DAG File Processing Stats

File Path                                  PID  Runtime      # DAGs    # Errors  Last Runtime    Last Run
---------------------------------------  -----  ---------  --------  ----------  --------------  -------------------
/app/dags/dynamic_spark_pipeline_dag.py    392  0.00s             1           0  0.11s           2026-03-22T20:18:59
================================================================================
[2026-03-22T20:20:00.230+0000] {manager.py:887} INFO - 
================================================================================
DAG File Processing Stats

File Path                                  PID  Runtime      # DAGs    # Errors  Last Runtime    Last Run
---------------------------------------  -----  ---------  --------  ----------  --------------  -------------------
/app/dags/dynamic_spark_pipeline_dag.py    403  0.00s             1           0  0.12s           2026-03-22T20:19:30
================================================================================
[2026-03-22T20:20:30.444+0000] {manager.py:887} INFO - 
================================================================================
DAG File Processing Stats

File Path                                  PID  Runtime      # DAGs    # Errors  Last Runtime    Last Run
---------------------------------------  -----  ---------  --------  ----------  --------------  -------------------
/app/dags/dynamic_spark_pipeline_dag.py    414  0.00s             1           0  0.12s           2026-03-22T20:20:00
================================================================================
[2026-03-22T20:21:00.607+0000] {manager.py:887} INFO - 
================================================================================
DAG File Processing Stats

File Path                                  PID  Runtime      # DAGs    # Errors  Last Runtime    Last Run
---------------------------------------  -----  ---------  --------  ----------  --------------  -------------------
/app/dags/dynamic_spark_pipeline_dag.py    425  0.01s             1           0  0.12s           2026-03-22T20:20:30
================================================================================
[2026-03-22T20:21:30.803+0000] {manager.py:887} INFO - 
================================================================================
DAG File Processing Stats

File Path                                PID    Runtime      # DAGs    # Errors  Last Runtime    Last Run
---------------------------------------  -----  ---------  --------  ----------  --------------  -------------------
/app/dags/dynamic_spark_pipeline_dag.py                           1           0  0.21s           2026-03-22T20:21:00
================================================================================
[2026-03-22T20:22:01.125+0000] {manager.py:887} INFO - 
================================================================================
DAG File Processing Stats

File Path                                  PID  Runtime      # DAGs    # Errors  Last Runtime    Last Run
---------------------------------------  -----  ---------  --------  ----------  --------------  -------------------
/app/dags/dynamic_spark_pipeline_dag.py    447  0.01s             1           0  0.13s           2026-03-22T20:21:31
================================================================================
[2026-03-22T20:22:31.432+0000] {manager.py:887} INFO - 
================================================================================
DAG File Processing Stats

File Path                                  PID  Runtime      # DAGs    # Errors  Last Runtime    Last Run
---------------------------------------  -----  ---------  --------  ----------  --------------  -------------------
/app/dags/dynamic_spark_pipeline_dag.py    458  0.01s             1           0  0.13s           2026-03-22T20:22:01
================================================================================
[2026-03-22T20:23:01.646+0000] {manager.py:887} INFO - 
================================================================================
DAG File Processing Stats

File Path                                  PID  Runtime      # DAGs    # Errors  Last Runtime    Last Run
---------------------------------------  -----  ---------  --------  ----------  --------------  -------------------
/app/dags/dynamic_spark_pipeline_dag.py    469  0.00s             1           0  0.15s           2026-03-22T20:22:31
================================================================================
[2026-03-22T20:23:31.896+0000] {manager.py:887} INFO - 
================================================================================
DAG File Processing Stats

File Path                                  PID  Runtime      # DAGs    # Errors  Last Runtime    Last Run
---------------------------------------  -----  ---------  --------  ----------  --------------  -------------------
/app/dags/dynamic_spark_pipeline_dag.py    480  0.01s             1           0  0.12s           2026-03-22T20:23:01
================================================================================
[2026-03-22T20:23:58.079+0000] {manager.py:755} INFO - Searching for files in /app/dags
[2026-03-22T20:23:58.080+0000] {manager.py:758} INFO - There are 1 files in /app/dags
[2026-03-22T20:24:02.117+0000] {manager.py:887} INFO - 
================================================================================
DAG File Processing Stats

File Path                                  PID  Runtime      # DAGs    # Errors  Last Runtime    Last Run
---------------------------------------  -----  ---------  --------  ----------  --------------  -------------------
/app/dags/dynamic_spark_pipeline_dag.py    491  0.01s             1           0  0.15s           2026-03-22T20:23:32
================================================================================
[2026-03-22T20:50:56.533+0000] {manager.py:487} INFO - Processing files using up to 2 processes at a time 
[2026-03-22T20:50:56.534+0000] {manager.py:488} INFO - Process each file at most once every 30 seconds
[2026-03-22T20:50:56.534+0000] {manager.py:489} INFO - Checking for new files in /app/dags every 300 seconds
[2026-03-22T20:50:56.534+0000] {manager.py:755} INFO - Searching for files in /app/dags
[2026-03-22T20:50:56.535+0000] {manager.py:758} INFO - There are 1 files in /app/dags
[2026-03-22T20:50:56.623+0000] {manager.py:887} INFO - 
================================================================================
DAG File Processing Stats

File Path                                  PID  Runtime      # DAGs    # Errors  Last Runtime    Last Run
---------------------------------------  -----  ---------  --------  ----------  --------------  ----------
/app/dags/dynamic_spark_pipeline_dag.py    162  0.03s             0           0
================================================================================
[2026-03-22T20:51:26.766+0000] {manager.py:887} INFO - 
================================================================================
DAG File Processing Stats

File Path                                  PID  Runtime      # DAGs    # Errors  Last Runtime    Last Run
---------------------------------------  -----  ---------  --------  ----------  --------------  -------------------
/app/dags/dynamic_spark_pipeline_dag.py    174  0.00s             1           0  0.16s           2026-03-22T20:50:56
================================================================================
[2026-03-22T20:51:57.033+0000] {manager.py:887} INFO - 
================================================================================
DAG File Processing Stats

File Path                                  PID  Runtime      # DAGs    # Errors  Last Runtime    Last Run
---------------------------------------  -----  ---------  --------  ----------  --------------  -------------------
/app/dags/dynamic_spark_pipeline_dag.py    202  0.00s             1           0  0.13s           2026-03-22T20:51:26
================================================================================
[2026-03-22T20:52:27.184+0000] {manager.py:887} INFO - 
================================================================================
DAG File Processing Stats

File Path                                  PID  Runtime      # DAGs    # Errors  Last Runtime    Last Run
---------------------------------------  -----  ---------  --------  ----------  --------------  -------------------
/app/dags/dynamic_spark_pipeline_dag.py    213  0.01s             1           0  0.13s           2026-03-22T20:51:57
================================================================================
[2026-03-22T20:52:57.396+0000] {manager.py:887} INFO - 
================================================================================
DAG File Processing Stats

File Path                                  PID  Runtime      # DAGs    # Errors  Last Runtime    Last Run
---------------------------------------  -----  ---------  --------  ----------  --------------  -------------------
/app/dags/dynamic_spark_pipeline_dag.py    224  0.00s             1           0  0.14s           2026-03-22T20:52:27
================================================================================
[2026-03-22T20:53:27.594+0000] {manager.py:887} INFO - 
================================================================================
DAG File Processing Stats

File Path                                  PID  Runtime      # DAGs    # Errors  Last Runtime    Last Run
---------------------------------------  -----  ---------  --------  ----------  --------------  -------------------
/app/dags/dynamic_spark_pipeline_dag.py    235  0.00s             1           0  0.13s           2026-03-22T20:52:57
================================================================================
[2026-03-22T20:53:57.792+0000] {manager.py:887} INFO - 
================================================================================
DAG File Processing Stats

File Path                                  PID  Runtime      # DAGs    # Errors  Last Runtime    Last Run
---------------------------------------  -----  ---------  --------  ----------  --------------  -------------------
/app/dags/dynamic_spark_pipeline_dag.py    246  0.01s             1           0  0.13s           2026-03-22T20:53:27
================================================================================
[2026-03-22T20:54:28.310+0000] {manager.py:887} INFO - 
================================================================================
DAG File Processing Stats

File Path                                PID    Runtime      # DAGs    # Errors  Last Runtime    Last Run
---------------------------------------  -----  ---------  --------  ----------  --------------  -------------------
/app/dags/dynamic_spark_pipeline_dag.py                           1           0  0.23s           2026-03-22T20:54:16
================================================================================
[2026-03-22T20:54:37.231+0000] {manager.py:469} INFO - Exiting gracefully upon receiving signal 15
[2026-03-22T20:54:45.157+0000] {manager.py:487} INFO - Processing files using up to 2 processes at a time 
[2026-03-22T20:54:45.158+0000] {manager.py:488} INFO - Process each file at most once every 30 seconds
[2026-03-22T20:54:45.158+0000] {manager.py:489} INFO - Checking for new files in /app/dags every 300 seconds
[2026-03-22T20:54:45.158+0000] {manager.py:755} INFO - Searching for files in /app/dags
[2026-03-22T20:54:45.160+0000] {manager.py:758} INFO - There are 1 files in /app/dags
[2026-03-22T20:54:45.293+0000] {manager.py:887} INFO - 
================================================================================
DAG File Processing Stats

File Path                                  PID  Runtime      # DAGs    # Errors  Last Runtime    Last Run
---------------------------------------  -----  ---------  --------  ----------  --------------  ----------
/app/dags/dynamic_spark_pipeline_dag.py    162  0.05s             0           0
================================================================================
[2026-03-22T20:55:15.426+0000] {manager.py:887} INFO - 
================================================================================
DAG File Processing Stats

File Path                                PID    Runtime      # DAGs    # Errors  Last Runtime    Last Run
---------------------------------------  -----  ---------  --------  ----------  --------------  -------------------
/app/dags/dynamic_spark_pipeline_dag.py                           1           0  0.20s           2026-03-22T20:54:45
================================================================================
[2026-03-22T20:55:45.725+0000] {manager.py:887} INFO - 
================================================================================
DAG File Processing Stats

File Path                                  PID  Runtime      # DAGs    # Errors  Last Runtime    Last Run
---------------------------------------  -----  ---------  --------  ----------  --------------  -------------------
/app/dags/dynamic_spark_pipeline_dag.py    185  0.00s             1           0  0.13s           2026-03-22T20:55:15
================================================================================
[2026-03-22T20:56:15.967+0000] {manager.py:887} INFO - 
================================================================================
DAG File Processing Stats

File Path                                  PID  Runtime      # DAGs    # Errors  Last Runtime    Last Run
---------------------------------------  -----  ---------  --------  ----------  --------------  -------------------
/app/dags/dynamic_spark_pipeline_dag.py    196  0.01s             1           0  0.15s           2026-03-22T20:55:45
================================================================================
[2026-03-22T20:56:46.155+0000] {manager.py:887} INFO - 
================================================================================
DAG File Processing Stats

File Path                                  PID  Runtime      # DAGs    # Errors  Last Runtime    Last Run
---------------------------------------  -----  ---------  --------  ----------  --------------  -------------------
/app/dags/dynamic_spark_pipeline_dag.py    211  0.01s             1           0  0.15s           2026-03-22T20:56:16
================================================================================
[2026-03-22T20:57:16.362+0000] {manager.py:887} INFO - 
================================================================================
DAG File Processing Stats

File Path                                  PID  Runtime      # DAGs    # Errors  Last Runtime    Last Run
---------------------------------------  -----  ---------  --------  ----------  --------------  -------------------
/app/dags/dynamic_spark_pipeline_dag.py    222  0.00s             1           0  0.13s           2026-03-22T20:56:46
================================================================================
[2026-03-22T20:57:46.522+0000] {manager.py:887} INFO - 
================================================================================
DAG File Processing Stats

File Path                                  PID  Runtime      # DAGs    # Errors  Last Runtime    Last Run
---------------------------------------  -----  ---------  --------  ----------  --------------  -------------------
/app/dags/dynamic_spark_pipeline_dag.py    227  0.00s             1           0  0.12s           2026-03-22T20:57:16
================================================================================
[2026-03-22T20:58:16.703+0000] {manager.py:887} INFO - 
================================================================================
DAG File Processing Stats

File Path                                  PID  Runtime      # DAGs    # Errors  Last Runtime    Last Run
---------------------------------------  -----  ---------  --------  ----------  --------------  -------------------
/app/dags/dynamic_spark_pipeline_dag.py    238  0.01s             1           0  0.13s           2026-03-22T20:57:46
================================================================================
[2026-03-22T20:58:46.868+0000] {manager.py:887} INFO - 
================================================================================
DAG File Processing Stats

File Path                                  PID  Runtime      # DAGs    # Errors  Last Runtime    Last Run
---------------------------------------  -----  ---------  --------  ----------  --------------  -------------------
/app/dags/dynamic_spark_pipeline_dag.py    249  0.00s             1           0  0.13s           2026-03-22T20:58:16
================================================================================
[2026-03-22T20:59:17.067+0000] {manager.py:887} INFO - 
================================================================================
DAG File Processing Stats

File Path                                  PID  Runtime      # DAGs    # Errors  Last Runtime    Last Run
---------------------------------------  -----  ---------  --------  ----------  --------------  -------------------
/app/dags/dynamic_spark_pipeline_dag.py    260  0.00s             1           0  0.12s           2026-03-22T20:58:46
================================================================================
[2026-03-22T20:59:45.213+0000] {manager.py:755} INFO - Searching for files in /app/dags
[2026-03-22T20:59:45.214+0000] {manager.py:758} INFO - There are 1 files in /app/dags
[2026-03-22T20:59:47.238+0000] {manager.py:887} INFO - 
================================================================================
DAG File Processing Stats

File Path                                  PID  Runtime      # DAGs    # Errors  Last Runtime    Last Run
---------------------------------------  -----  ---------  --------  ----------  --------------  -------------------
/app/dags/dynamic_spark_pipeline_dag.py    271  0.00s             1           0  0.13s           2026-03-22T20:59:17
================================================================================
[2026-03-22T21:00:17.429+0000] {manager.py:887} INFO - 
================================================================================
DAG File Processing Stats

File Path                                  PID  Runtime      # DAGs    # Errors  Last Runtime    Last Run
---------------------------------------  -----  ---------  --------  ----------  --------------  -------------------
/app/dags/dynamic_spark_pipeline_dag.py    282  0.01s             1           0  0.12s           2026-03-22T20:59:47
================================================================================
[2026-03-22T21:00:47.607+0000] {manager.py:887} INFO - 
================================================================================
DAG File Processing Stats

File Path                                  PID  Runtime      # DAGs    # Errors  Last Runtime    Last Run
---------------------------------------  -----  ---------  --------  ----------  --------------  -------------------
/app/dags/dynamic_spark_pipeline_dag.py    293  0.00s             1           0  0.12s           2026-03-22T21:00:17
================================================================================
[2026-03-22T21:01:17.770+0000] {manager.py:887} INFO - 
================================================================================
DAG File Processing Stats

File Path                                  PID  Runtime      # DAGs    # Errors  Last Runtime    Last Run
---------------------------------------  -----  ---------  --------  ----------  --------------  -------------------
/app/dags/dynamic_spark_pipeline_dag.py    304  0.00s             1           0  0.13s           2026-03-22T21:00:47
================================================================================
[2026-03-22T21:01:47.964+0000] {manager.py:887} INFO - 
================================================================================
DAG File Processing Stats

File Path                                  PID  Runtime      # DAGs    # Errors  Last Runtime    Last Run
---------------------------------------  -----  ---------  --------  ----------  --------------  -------------------
/app/dags/dynamic_spark_pipeline_dag.py    315  0.00s             1           0  0.13s           2026-03-22T21:01:17
================================================================================
[2026-03-22T21:02:18.121+0000] {manager.py:887} INFO - 
================================================================================
DAG File Processing Stats

File Path                                  PID  Runtime      # DAGs    # Errors  Last Runtime    Last Run
---------------------------------------  -----  ---------  --------  ----------  --------------  -------------------
/app/dags/dynamic_spark_pipeline_dag.py    326  0.00s             1           0  0.12s           2026-03-22T21:01:48
================================================================================
[2026-03-22T21:02:48.348+0000] {manager.py:887} INFO - 
================================================================================
DAG File Processing Stats

File Path                                  PID  Runtime      # DAGs    # Errors  Last Runtime    Last Run
---------------------------------------  -----  ---------  --------  ----------  --------------  -------------------
/app/dags/dynamic_spark_pipeline_dag.py    337  0.01s             1           0  0.12s           2026-03-22T21:02:18
================================================================================
[2026-03-22T21:03:18.576+0000] {manager.py:887} INFO - 
================================================================================
DAG File Processing Stats

File Path                                  PID  Runtime      # DAGs    # Errors  Last Runtime    Last Run
---------------------------------------  -----  ---------  --------  ----------  --------------  -------------------
/app/dags/dynamic_spark_pipeline_dag.py    348  0.00s             1           0  0.15s           2026-03-22T21:02:48
================================================================================
[2026-03-22T21:03:48.886+0000] {manager.py:887} INFO - 
================================================================================
DAG File Processing Stats

File Path                                  PID  Runtime      # DAGs    # Errors  Last Runtime    Last Run
---------------------------------------  -----  ---------  --------  ----------  --------------  -------------------
/app/dags/dynamic_spark_pipeline_dag.py    359  0.01s             1           0  0.12s           2026-03-22T21:03:18
================================================================================
[2026-03-22T21:04:19.109+0000] {manager.py:887} INFO - 
================================================================================
DAG File Processing Stats

File Path                                  PID  Runtime      # DAGs    # Errors  Last Runtime    Last Run
---------------------------------------  -----  ---------  --------  ----------  --------------  -------------------
/app/dags/dynamic_spark_pipeline_dag.py    370  0.01s             1           0  0.15s           2026-03-22T21:03:49
================================================================================
[2026-03-22T21:04:45.371+0000] {manager.py:755} INFO - Searching for files in /app/dags
[2026-03-22T21:04:45.374+0000] {manager.py:758} INFO - There are 1 files in /app/dags
[2026-03-22T21:04:49.450+0000] {manager.py:887} INFO - 
================================================================================
DAG File Processing Stats

File Path                                  PID  Runtime      # DAGs    # Errors  Last Runtime    Last Run
---------------------------------------  -----  ---------  --------  ----------  --------------  -------------------
/app/dags/dynamic_spark_pipeline_dag.py    381  0.01s             1           0  0.15s           2026-03-22T21:04:19
================================================================================
[2026-03-22T21:05:19.682+0000] {manager.py:887} INFO - 
================================================================================
DAG File Processing Stats

File Path                                  PID  Runtime      # DAGs    # Errors  Last Runtime    Last Run
---------------------------------------  -----  ---------  --------  ----------  --------------  -------------------
/app/dags/dynamic_spark_pipeline_dag.py    392  0.01s             1           0  0.14s           2026-03-22T21:04:49
================================================================================
[2026-03-22T21:05:49.959+0000] {manager.py:887} INFO - 
================================================================================
DAG File Processing Stats

File Path                                  PID  Runtime      # DAGs    # Errors  Last Runtime    Last Run
---------------------------------------  -----  ---------  --------  ----------  --------------  -------------------
/app/dags/dynamic_spark_pipeline_dag.py    403  0.00s             1           0  0.15s           2026-03-22T21:05:19
================================================================================
[2026-03-22T21:06:20.180+0000] {manager.py:887} INFO - 
================================================================================
DAG File Processing Stats

File Path                                  PID  Runtime      # DAGs    # Errors  Last Runtime    Last Run
---------------------------------------  -----  ---------  --------  ----------  --------------  -------------------
/app/dags/dynamic_spark_pipeline_dag.py    414  0.00s             1           0  0.13s           2026-03-22T21:05:50
================================================================================
[2026-03-22T21:06:50.460+0000] {manager.py:887} INFO - 
================================================================================
DAG File Processing Stats

File Path                                  PID  Runtime      # DAGs    # Errors  Last Runtime    Last Run
---------------------------------------  -----  ---------  --------  ----------  --------------  -------------------
/app/dags/dynamic_spark_pipeline_dag.py    425  0.01s             1           0  0.11s           2026-03-22T21:06:20
================================================================================
[2026-03-22T21:07:20.696+0000] {manager.py:887} INFO - 
================================================================================
DAG File Processing Stats

File Path                                  PID  Runtime      # DAGs    # Errors  Last Runtime    Last Run
---------------------------------------  -----  ---------  --------  ----------  --------------  -------------------
/app/dags/dynamic_spark_pipeline_dag.py    436  0.01s             1           0  0.14s           2026-03-22T21:06:50
================================================================================
[2026-03-22T21:07:50.958+0000] {manager.py:887} INFO - 
================================================================================
DAG File Processing Stats

File Path                                  PID  Runtime      # DAGs    # Errors  Last Runtime    Last Run
---------------------------------------  -----  ---------  --------  ----------  --------------  -------------------
/app/dags/dynamic_spark_pipeline_dag.py    447  0.01s             1           0  0.13s           2026-03-22T21:07:20
================================================================================
[2026-03-22T21:08:21.219+0000] {manager.py:887} INFO - 
================================================================================
DAG File Processing Stats

File Path                                  PID  Runtime      # DAGs    # Errors  Last Runtime    Last Run
---------------------------------------  -----  ---------  --------  ----------  --------------  -------------------
/app/dags/dynamic_spark_pipeline_dag.py    458  0.00s             1           0  0.12s           2026-03-22T21:07:51
================================================================================
[2026-03-22T21:08:51.465+0000] {manager.py:887} INFO - 
================================================================================
DAG File Processing Stats

File Path                                  PID  Runtime      # DAGs    # Errors  Last Runtime    Last Run
---------------------------------------  -----  ---------  --------  ----------  --------------  -------------------
/app/dags/dynamic_spark_pipeline_dag.py    463  0.01s             1           0  0.11s           2026-03-22T21:08:21
================================================================================
[2026-03-22T21:09:21.727+0000] {manager.py:887} INFO - 
================================================================================
DAG File Processing Stats

File Path                                  PID  Runtime      # DAGs    # Errors  Last Runtime    Last Run
---------------------------------------  -----  ---------  --------  ----------  --------------  -------------------
/app/dags/dynamic_spark_pipeline_dag.py    474  0.01s             1           0  0.14s           2026-03-22T21:08:51
================================================================================
[2026-03-22T21:09:45.910+0000] {manager.py:755} INFO - Searching for files in /app/dags
[2026-03-22T21:09:45.913+0000] {manager.py:758} INFO - There are 1 files in /app/dags
[2026-03-22T21:09:52.001+0000] {manager.py:887} INFO - 
================================================================================
DAG File Processing Stats

File Path                                  PID  Runtime      # DAGs    # Errors  Last Runtime    Last Run
---------------------------------------  -----  ---------  --------  ----------  --------------  -------------------
/app/dags/dynamic_spark_pipeline_dag.py    485  0.01s             1           0  0.13s           2026-03-22T21:09:21
================================================================================
[2026-03-22T21:10:22.233+0000] {manager.py:887} INFO - 
================================================================================
DAG File Processing Stats

File Path                                  PID  Runtime      # DAGs    # Errors  Last Runtime    Last Run
---------------------------------------  -----  ---------  --------  ----------  --------------  -------------------
/app/dags/dynamic_spark_pipeline_dag.py    496  0.01s             1           0  0.13s           2026-03-22T21:09:52
================================================================================
[2026-03-22T21:10:52.513+0000] {manager.py:887} INFO - 
================================================================================
DAG File Processing Stats

File Path                                  PID  Runtime      # DAGs    # Errors  Last Runtime    Last Run
---------------------------------------  -----  ---------  --------  ----------  --------------  -------------------
/app/dags/dynamic_spark_pipeline_dag.py    507  0.01s             1           0  0.13s           2026-03-22T21:10:22
================================================================================
[2026-03-22T21:11:22.727+0000] {manager.py:887} INFO - 
================================================================================
DAG File Processing Stats

File Path                                  PID  Runtime      # DAGs    # Errors  Last Runtime    Last Run
---------------------------------------  -----  ---------  --------  ----------  --------------  -------------------
/app/dags/dynamic_spark_pipeline_dag.py    518  0.00s             1           0  0.14s           2026-03-22T21:10:52
================================================================================
[2026-03-22T21:11:53.018+0000] {manager.py:887} INFO - 
================================================================================
DAG File Processing Stats

File Path                                  PID  Runtime      # DAGs    # Errors  Last Runtime    Last Run
---------------------------------------  -----  ---------  --------  ----------  --------------  -------------------
/app/dags/dynamic_spark_pipeline_dag.py    529  0.01s             1           0  0.12s           2026-03-22T21:11:22
================================================================================
[2026-03-22T21:12:23.242+0000] {manager.py:887} INFO - 
================================================================================
DAG File Processing Stats

File Path                                  PID  Runtime      # DAGs    # Errors  Last Runtime    Last Run
---------------------------------------  -----  ---------  --------  ----------  --------------  -------------------
/app/dags/dynamic_spark_pipeline_dag.py    540  0.01s             1           0  0.13s           2026-03-22T21:11:53
================================================================================
[2026-03-22T21:12:53.533+0000] {manager.py:887} INFO - 
================================================================================
DAG File Processing Stats

File Path                                  PID  Runtime      # DAGs    # Errors  Last Runtime    Last Run
---------------------------------------  -----  ---------  --------  ----------  --------------  -------------------
/app/dags/dynamic_spark_pipeline_dag.py    551  0.01s             1           0  0.12s           2026-03-22T21:12:23
================================================================================
[2026-03-22T21:13:23.760+0000] {manager.py:887} INFO - 
================================================================================
DAG File Processing Stats

File Path                                  PID  Runtime      # DAGs    # Errors  Last Runtime    Last Run
---------------------------------------  -----  ---------  --------  ----------  --------------  -------------------
/app/dags/dynamic_spark_pipeline_dag.py    562  0.01s             1           0  0.13s           2026-03-22T21:12:53
================================================================================
[2026-03-22T21:13:54.056+0000] {manager.py:887} INFO - 
================================================================================
DAG File Processing Stats

File Path                                  PID  Runtime      # DAGs    # Errors  Last Runtime    Last Run
---------------------------------------  -----  ---------  --------  ----------  --------------  -------------------
/app/dags/dynamic_spark_pipeline_dag.py    573  0.01s             1           0  0.13s           2026-03-22T21:13:23
================================================================================
[2026-03-22T21:14:24.273+0000] {manager.py:887} INFO - 
================================================================================
DAG File Processing Stats

File Path                                  PID  Runtime      # DAGs    # Errors  Last Runtime    Last Run
---------------------------------------  -----  ---------  --------  ----------  --------------  -------------------
/app/dags/dynamic_spark_pipeline_dag.py    584  0.01s             1           0  0.14s           2026-03-22T21:13:54
================================================================================
[2026-03-22T21:14:46.507+0000] {manager.py:755} INFO - Searching for files in /app/dags
[2026-03-22T21:14:46.510+0000] {manager.py:758} INFO - There are 1 files in /app/dags
[2026-03-22T21:14:54.617+0000] {manager.py:887} INFO - 
================================================================================
DAG File Processing Stats

File Path                                  PID  Runtime      # DAGs    # Errors  Last Runtime    Last Run
---------------------------------------  -----  ---------  --------  ----------  --------------  -------------------
/app/dags/dynamic_spark_pipeline_dag.py    595  0.01s             1           0  0.13s           2026-03-22T21:14:24
================================================================================
[2026-03-22T21:15:24.843+0000] {manager.py:887} INFO - 
================================================================================
DAG File Processing Stats

File Path                                  PID  Runtime      # DAGs    # Errors  Last Runtime    Last Run
---------------------------------------  -----  ---------  --------  ----------  --------------  -------------------
/app/dags/dynamic_spark_pipeline_dag.py    606  0.01s             1           0  0.14s           2026-03-22T21:14:54
================================================================================
[2026-03-22T21:15:55.118+0000] {manager.py:887} INFO - 
================================================================================
DAG File Processing Stats

File Path                                  PID  Runtime      # DAGs    # Errors  Last Runtime    Last Run
---------------------------------------  -----  ---------  --------  ----------  --------------  -------------------
/app/dags/dynamic_spark_pipeline_dag.py    617  0.01s             1           0  0.13s           2026-03-22T21:15:24
================================================================================
[2026-03-22T21:16:25.355+0000] {manager.py:887} INFO - 
================================================================================
DAG File Processing Stats

File Path                                  PID  Runtime      # DAGs    # Errors  Last Runtime    Last Run
---------------------------------------  -----  ---------  --------  ----------  --------------  -------------------
/app/dags/dynamic_spark_pipeline_dag.py    628  0.01s             1           0  0.13s           2026-03-22T21:15:55
================================================================================
[2026-03-22T21:16:55.642+0000] {manager.py:887} INFO - 
================================================================================
DAG File Processing Stats

File Path                                  PID  Runtime      # DAGs    # Errors  Last Runtime    Last Run
---------------------------------------  -----  ---------  --------  ----------  --------------  -------------------
/app/dags/dynamic_spark_pipeline_dag.py    639  0.01s             1           0  0.13s           2026-03-22T21:16:25
================================================================================
[2026-03-22T21:17:25.873+0000] {manager.py:887} INFO - 
================================================================================
DAG File Processing Stats

File Path                                  PID  Runtime      # DAGs    # Errors  Last Runtime    Last Run
---------------------------------------  -----  ---------  --------  ----------  --------------  -------------------
/app/dags/dynamic_spark_pipeline_dag.py    650  0.01s             1           0  0.13s           2026-03-22T21:16:55
================================================================================
[2026-03-22T21:17:56.124+0000] {manager.py:887} INFO - 
================================================================================
DAG File Processing Stats

File Path                                  PID  Runtime      # DAGs    # Errors  Last Runtime    Last Run
---------------------------------------  -----  ---------  --------  ----------  --------------  -------------------
/app/dags/dynamic_spark_pipeline_dag.py    661  0.00s             1           0  0.13s           2026-03-22T21:17:25
================================================================================
[2026-03-22T21:18:26.363+0000] {manager.py:887} INFO - 
================================================================================
DAG File Processing Stats

File Path                                  PID  Runtime      # DAGs    # Errors  Last Runtime    Last Run
---------------------------------------  -----  ---------  --------  ----------  --------------  -------------------
/app/dags/dynamic_spark_pipeline_dag.py    672  0.01s             1           0  0.12s           2026-03-22T21:17:56
================================================================================
[2026-03-22T21:18:56.642+0000] {manager.py:887} INFO - 
================================================================================
DAG File Processing Stats

File Path                                  PID  Runtime      # DAGs    # Errors  Last Runtime    Last Run
---------------------------------------  -----  ---------  --------  ----------  --------------  -------------------
/app/dags/dynamic_spark_pipeline_dag.py    683  0.01s             1           0  0.13s           2026-03-22T21:18:26
================================================================================
[2026-03-22T21:19:26.884+0000] {manager.py:887} INFO - 
================================================================================
DAG File Processing Stats

File Path                                  PID  Runtime      # DAGs    # Errors  Last Runtime    Last Run
---------------------------------------  -----  ---------  --------  ----------  --------------  -------------------
/app/dags/dynamic_spark_pipeline_dag.py    694  0.01s             1           0  0.14s           2026-03-22T21:18:56
================================================================================
[2026-03-22T21:19:47.091+0000] {manager.py:755} INFO - Searching for files in /app/dags
[2026-03-22T21:19:47.092+0000] {manager.py:758} INFO - There are 1 files in /app/dags
[2026-03-22T21:19:57.183+0000] {manager.py:887} INFO - 
================================================================================
DAG File Processing Stats

File Path                                  PID  Runtime      # DAGs    # Errors  Last Runtime    Last Run
---------------------------------------  -----  ---------  --------  ----------  --------------  -------------------
/app/dags/dynamic_spark_pipeline_dag.py    705  0.01s             1           0  0.13s           2026-03-22T21:19:27
================================================================================
[2026-03-22T21:20:27.416+0000] {manager.py:887} INFO - 
================================================================================
DAG File Processing Stats

File Path                                  PID  Runtime      # DAGs    # Errors  Last Runtime    Last Run
---------------------------------------  -----  ---------  --------  ----------  --------------  -------------------
/app/dags/dynamic_spark_pipeline_dag.py    716  0.00s             1           0  0.12s           2026-03-22T21:19:57
================================================================================
[2026-03-22T21:20:57.722+0000] {manager.py:887} INFO - 
================================================================================
DAG File Processing Stats

File Path                                  PID  Runtime      # DAGs    # Errors  Last Runtime    Last Run
---------------------------------------  -----  ---------  --------  ----------  --------------  -------------------
/app/dags/dynamic_spark_pipeline_dag.py    721  0.01s             1           0  0.12s           2026-03-22T21:20:27
================================================================================
[2026-03-22T21:21:27.955+0000] {manager.py:887} INFO - 
================================================================================
DAG File Processing Stats

File Path                                  PID  Runtime      # DAGs    # Errors  Last Runtime    Last Run
---------------------------------------  -----  ---------  --------  ----------  --------------  -------------------
/app/dags/dynamic_spark_pipeline_dag.py    732  0.01s             1           0  0.13s           2026-03-22T21:20:57
================================================================================
[2026-03-22T21:21:58.242+0000] {manager.py:887} INFO - 
================================================================================
DAG File Processing Stats

File Path                                  PID  Runtime      # DAGs    # Errors  Last Runtime    Last Run
---------------------------------------  -----  ---------  --------  ----------  --------------  -------------------
/app/dags/dynamic_spark_pipeline_dag.py    743  0.01s             1           0  0.13s           2026-03-22T21:21:28
================================================================================
[2026-03-22T21:22:28.482+0000] {manager.py:887} INFO - 
================================================================================
DAG File Processing Stats

File Path                                  PID  Runtime      # DAGs    # Errors  Last Runtime    Last Run
---------------------------------------  -----  ---------  --------  ----------  --------------  -------------------
/app/dags/dynamic_spark_pipeline_dag.py    754  0.01s             1           0  0.13s           2026-03-22T21:21:58
================================================================================
[2026-03-22T21:22:58.739+0000] {manager.py:887} INFO - 
================================================================================
DAG File Processing Stats

File Path                                  PID  Runtime      # DAGs    # Errors  Last Runtime    Last Run
---------------------------------------  -----  ---------  --------  ----------  --------------  -------------------
/app/dags/dynamic_spark_pipeline_dag.py    765  0.01s             1           0  0.13s           2026-03-22T21:22:28
================================================================================
[2026-03-22T21:23:28.955+0000] {manager.py:887} INFO - 
================================================================================
DAG File Processing Stats

File Path                                  PID  Runtime      # DAGs    # Errors  Last Runtime    Last Run
---------------------------------------  -----  ---------  --------  ----------  --------------  -------------------
/app/dags/dynamic_spark_pipeline_dag.py    776  0.00s             1           0  0.13s           2026-03-22T21:22:58
================================================================================
[2026-03-22T21:23:59.234+0000] {manager.py:887} INFO - 
================================================================================
DAG File Processing Stats

File Path                                  PID  Runtime      # DAGs    # Errors  Last Runtime    Last Run
---------------------------------------  -----  ---------  --------  ----------  --------------  -------------------
/app/dags/dynamic_spark_pipeline_dag.py    787  0.01s             1           0  0.13s           2026-03-22T21:23:29
================================================================================
[2026-03-22T21:24:29.468+0000] {manager.py:887} INFO - 
================================================================================
DAG File Processing Stats

File Path                                  PID  Runtime      # DAGs    # Errors  Last Runtime    Last Run
---------------------------------------  -----  ---------  --------  ----------  --------------  -------------------
/app/dags/dynamic_spark_pipeline_dag.py    798  0.01s             1           0  0.13s           2026-03-22T21:23:59
================================================================================
[2026-03-22T21:24:47.684+0000] {manager.py:755} INFO - Searching for files in /app/dags
[2026-03-22T21:24:47.687+0000] {manager.py:758} INFO - There are 1 files in /app/dags
[2026-03-22T21:24:59.794+0000] {manager.py:887} INFO - 
================================================================================
DAG File Processing Stats

File Path                                  PID  Runtime      # DAGs    # Errors  Last Runtime    Last Run
---------------------------------------  -----  ---------  --------  ----------  --------------  -------------------
/app/dags/dynamic_spark_pipeline_dag.py    809  0.00s             1           0  0.13s           2026-03-22T21:24:29
================================================================================
[2026-03-22T21:25:30.013+0000] {manager.py:887} INFO - 
================================================================================
DAG File Processing Stats

File Path                                  PID  Runtime      # DAGs    # Errors  Last Runtime    Last Run
---------------------------------------  -----  ---------  --------  ----------  --------------  -------------------
/app/dags/dynamic_spark_pipeline_dag.py    820  0.00s             1           0  0.11s           2026-03-22T21:24:59
================================================================================
[2026-03-22T21:26:00.277+0000] {manager.py:887} INFO - 
================================================================================
DAG File Processing Stats

File Path                                  PID  Runtime      # DAGs    # Errors  Last Runtime    Last Run
---------------------------------------  -----  ---------  --------  ----------  --------------  -------------------
/app/dags/dynamic_spark_pipeline_dag.py    831  0.01s             1           0  0.11s           2026-03-22T21:25:30
================================================================================
[2026-03-22T21:26:30.508+0000] {manager.py:887} INFO - 
================================================================================
DAG File Processing Stats

File Path                                  PID  Runtime      # DAGs    # Errors  Last Runtime    Last Run
---------------------------------------  -----  ---------  --------  ----------  --------------  -------------------
/app/dags/dynamic_spark_pipeline_dag.py    842  0.01s             1           0  0.12s           2026-03-22T21:26:00
================================================================================
[2026-03-22T21:27:00.777+0000] {manager.py:887} INFO - 
================================================================================
DAG File Processing Stats

File Path                                  PID  Runtime      # DAGs    # Errors  Last Runtime    Last Run
---------------------------------------  -----  ---------  --------  ----------  --------------  -------------------
/app/dags/dynamic_spark_pipeline_dag.py    853  0.01s             1           0  0.13s           2026-03-22T21:26:30
================================================================================
[2026-03-22T21:27:30.980+0000] {manager.py:887} INFO - 
================================================================================
DAG File Processing Stats

File Path                                  PID  Runtime      # DAGs    # Errors  Last Runtime    Last Run
---------------------------------------  -----  ---------  --------  ----------  --------------  -------------------
/app/dags/dynamic_spark_pipeline_dag.py    864  0.01s             1           0  0.13s           2026-03-22T21:27:00
================================================================================
[2026-03-22T21:28:01.289+0000] {manager.py:887} INFO - 
================================================================================
DAG File Processing Stats

File Path                                  PID  Runtime      # DAGs    # Errors  Last Runtime    Last Run
---------------------------------------  -----  ---------  --------  ----------  --------------  -------------------
/app/dags/dynamic_spark_pipeline_dag.py    875  0.01s             1           0  0.12s           2026-03-22T21:27:31
================================================================================
[2026-03-22T21:28:31.531+0000] {manager.py:887} INFO - 
================================================================================
DAG File Processing Stats

File Path                                  PID  Runtime      # DAGs    # Errors  Last Runtime    Last Run
---------------------------------------  -----  ---------  --------  ----------  --------------  -------------------
/app/dags/dynamic_spark_pipeline_dag.py    886  0.01s             1           0  0.13s           2026-03-22T21:28:01
================================================================================
[2026-03-22T21:29:01.772+0000] {manager.py:887} INFO - 
================================================================================
DAG File Processing Stats

File Path                                  PID  Runtime      # DAGs    # Errors  Last Runtime    Last Run
---------------------------------------  -----  ---------  --------  ----------  --------------  -------------------
/app/dags/dynamic_spark_pipeline_dag.py    897  0.01s             1           0  0.13s           2026-03-22T21:28:31
================================================================================
[2026-03-22T21:29:31.979+0000] {manager.py:887} INFO - 
================================================================================
DAG File Processing Stats

File Path                                  PID  Runtime      # DAGs    # Errors  Last Runtime    Last Run
---------------------------------------  -----  ---------  --------  ----------  --------------  -------------------
/app/dags/dynamic_spark_pipeline_dag.py    908  0.00s             1           0  0.13s           2026-03-22T21:29:01
================================================================================
[2026-03-22T21:29:48.146+0000] {manager.py:755} INFO - Searching for files in /app/dags
[2026-03-22T21:29:48.148+0000] {manager.py:758} INFO - There are 1 files in /app/dags
[2026-03-22T21:30:02.279+0000] {manager.py:887} INFO - 
================================================================================
DAG File Processing Stats

File Path                                  PID  Runtime      # DAGs    # Errors  Last Runtime    Last Run
---------------------------------------  -----  ---------  --------  ----------  --------------  -------------------
/app/dags/dynamic_spark_pipeline_dag.py    919  0.01s             1           0  0.11s           2026-03-22T21:29:32
================================================================================
[2026-03-22T21:30:32.517+0000] {manager.py:887} INFO - 
================================================================================
DAG File Processing Stats

File Path                                  PID  Runtime      # DAGs    # Errors  Last Runtime    Last Run
---------------------------------------  -----  ---------  --------  ----------  --------------  -------------------
/app/dags/dynamic_spark_pipeline_dag.py    930  0.01s             1           0  0.14s           2026-03-22T21:30:02
================================================================================
[2026-03-22T21:31:02.787+0000] {manager.py:887} INFO - 
================================================================================
DAG File Processing Stats

File Path                                  PID  Runtime      # DAGs    # Errors  Last Runtime    Last Run
---------------------------------------  -----  ---------  --------  ----------  --------------  -------------------
/app/dags/dynamic_spark_pipeline_dag.py    941  0.01s             1           0  0.12s           2026-03-22T21:30:32
================================================================================
[2026-03-22T21:31:32.982+0000] {manager.py:887} INFO - 
================================================================================
DAG File Processing Stats

File Path                                  PID  Runtime      # DAGs    # Errors  Last Runtime    Last Run
---------------------------------------  -----  ---------  --------  ----------  --------------  -------------------
/app/dags/dynamic_spark_pipeline_dag.py    952  0.00s             1           0  0.14s           2026-03-22T21:31:02
================================================================================
[2026-03-22T21:32:03.288+0000] {manager.py:887} INFO - 
================================================================================
DAG File Processing Stats

File Path                                  PID  Runtime      # DAGs    # Errors  Last Runtime    Last Run
---------------------------------------  -----  ---------  --------  ----------  --------------  -------------------
/app/dags/dynamic_spark_pipeline_dag.py    963  0.01s             1           0  0.13s           2026-03-22T21:31:33
================================================================================
[2026-03-22T21:32:33.516+0000] {manager.py:887} INFO - 
================================================================================
DAG File Processing Stats

File Path                                  PID  Runtime      # DAGs    # Errors  Last Runtime    Last Run
---------------------------------------  -----  ---------  --------  ----------  --------------  -------------------
/app/dags/dynamic_spark_pipeline_dag.py    974  0.01s             1           0  0.13s           2026-03-22T21:32:03
================================================================================
[2026-03-22T21:33:03.793+0000] {manager.py:887} INFO - 
================================================================================
DAG File Processing Stats

File Path                                  PID  Runtime      # DAGs    # Errors  Last Runtime    Last Run
---------------------------------------  -----  ---------  --------  ----------  --------------  -------------------
/app/dags/dynamic_spark_pipeline_dag.py    979  0.01s             1           0  0.11s           2026-03-22T21:32:33
================================================================================
[2026-03-22T21:33:33.977+0000] {manager.py:887} INFO - 
================================================================================
DAG File Processing Stats

File Path                                  PID  Runtime      # DAGs    # Errors  Last Runtime    Last Run
---------------------------------------  -----  ---------  --------  ----------  --------------  -------------------
/app/dags/dynamic_spark_pipeline_dag.py    990  0.00s             1           0  0.14s           2026-03-22T21:33:03
================================================================================
[2026-03-22T21:34:04.274+0000] {manager.py:887} INFO - 
================================================================================
DAG File Processing Stats

File Path                                  PID  Runtime      # DAGs    # Errors  Last Runtime    Last Run
---------------------------------------  -----  ---------  --------  ----------  --------------  -------------------
/app/dags/dynamic_spark_pipeline_dag.py   1001  0.01s             1           0  0.12s           2026-03-22T21:33:34
================================================================================
[2026-03-22T21:34:34.511+0000] {manager.py:887} INFO - 
================================================================================
DAG File Processing Stats

File Path                                  PID  Runtime      # DAGs    # Errors  Last Runtime    Last Run
---------------------------------------  -----  ---------  --------  ----------  --------------  -------------------
/app/dags/dynamic_spark_pipeline_dag.py   1012  0.01s             1           0  0.12s           2026-03-22T21:34:04
================================================================================
[2026-03-22T21:34:48.656+0000] {manager.py:755} INFO - Searching for files in /app/dags
[2026-03-22T21:34:48.657+0000] {manager.py:758} INFO - There are 1 files in /app/dags
[2026-03-22T21:35:04.772+0000] {manager.py:887} INFO - 
================================================================================
DAG File Processing Stats

File Path                                  PID  Runtime      # DAGs    # Errors  Last Runtime    Last Run
---------------------------------------  -----  ---------  --------  ----------  --------------  -------------------
/app/dags/dynamic_spark_pipeline_dag.py   1023  0.01s             1           0  0.13s           2026-03-22T21:34:34
================================================================================
[2026-03-22T21:35:34.968+0000] {manager.py:887} INFO - 
================================================================================
DAG File Processing Stats

File Path                                  PID  Runtime      # DAGs    # Errors  Last Runtime    Last Run
---------------------------------------  -----  ---------  --------  ----------  --------------  -------------------
/app/dags/dynamic_spark_pipeline_dag.py   1034  0.01s             1           0  0.13s           2026-03-22T21:35:04
================================================================================
[2026-03-22T21:36:05.249+0000] {manager.py:887} INFO - 
================================================================================
DAG File Processing Stats

File Path                                  PID  Runtime      # DAGs    # Errors  Last Runtime    Last Run
---------------------------------------  -----  ---------  --------  ----------  --------------  -------------------
/app/dags/dynamic_spark_pipeline_dag.py   1045  0.01s             1           0  0.13s           2026-03-22T21:35:35
================================================================================
[2026-03-22T21:36:35.487+0000] {manager.py:887} INFO - 
================================================================================
DAG File Processing Stats

File Path                                  PID  Runtime      # DAGs    # Errors  Last Runtime    Last Run
---------------------------------------  -----  ---------  --------  ----------  --------------  -------------------
/app/dags/dynamic_spark_pipeline_dag.py   1056  0.01s             1           0  0.13s           2026-03-22T21:36:05
================================================================================
[2026-03-22T21:37:05.756+0000] {manager.py:887} INFO - 
================================================================================
DAG File Processing Stats

File Path                                  PID  Runtime      # DAGs    # Errors  Last Runtime    Last Run
---------------------------------------  -----  ---------  --------  ----------  --------------  -------------------
/app/dags/dynamic_spark_pipeline_dag.py   1067  0.01s             1           0  0.13s           2026-03-22T21:36:35
================================================================================
[2026-03-22T21:37:35.966+0000] {manager.py:887} INFO - 
================================================================================
DAG File Processing Stats

File Path                                  PID  Runtime      # DAGs    # Errors  Last Runtime    Last Run
---------------------------------------  -----  ---------  --------  ----------  --------------  -------------------
/app/dags/dynamic_spark_pipeline_dag.py   1078  0.01s             1           0  0.13s           2026-03-22T21:37:05
================================================================================
[2026-03-22T21:38:06.256+0000] {manager.py:887} INFO - 
================================================================================
DAG File Processing Stats

File Path                                  PID  Runtime      # DAGs    # Errors  Last Runtime    Last Run
---------------------------------------  -----  ---------  --------  ----------  --------------  -------------------
/app/dags/dynamic_spark_pipeline_dag.py   1089  0.01s             1           0  0.14s           2026-03-22T21:37:36
================================================================================
[2026-03-22T21:38:36.493+0000] {manager.py:887} INFO - 
================================================================================
DAG File Processing Stats

File Path                                  PID  Runtime      # DAGs    # Errors  Last Runtime    Last Run
---------------------------------------  -----  ---------  --------  ----------  --------------  -------------------
/app/dags/dynamic_spark_pipeline_dag.py   1100  0.01s             1           0  0.13s           2026-03-22T21:38:06
================================================================================
[2026-03-22T21:39:06.750+0000] {manager.py:887} INFO - 
================================================================================
DAG File Processing Stats

File Path                                  PID  Runtime      # DAGs    # Errors  Last Runtime    Last Run
---------------------------------------  -----  ---------  --------  ----------  --------------  -------------------
/app/dags/dynamic_spark_pipeline_dag.py   1111  0.00s             1           0  0.13s           2026-03-22T21:38:36
================================================================================
[2026-03-22T21:39:36.983+0000] {manager.py:887} INFO - 
================================================================================
DAG File Processing Stats

File Path                                  PID  Runtime      # DAGs    # Errors  Last Runtime    Last Run
---------------------------------------  -----  ---------  --------  ----------  --------------  -------------------
/app/dags/dynamic_spark_pipeline_dag.py   1122  0.01s             1           0  0.11s           2026-03-22T21:39:06
================================================================================
[2026-03-22T21:39:49.111+0000] {manager.py:755} INFO - Searching for files in /app/dags
[2026-03-22T21:39:49.114+0000] {manager.py:758} INFO - There are 1 files in /app/dags
[2026-03-22T21:40:07.265+0000] {manager.py:887} INFO - 
================================================================================
DAG File Processing Stats

File Path                                  PID  Runtime      # DAGs    # Errors  Last Runtime    Last Run
---------------------------------------  -----  ---------  --------  ----------  --------------  -------------------
/app/dags/dynamic_spark_pipeline_dag.py   1133  0.01s             1           0  0.14s           2026-03-22T21:39:37
================================================================================
[2026-03-22T21:40:37.508+0000] {manager.py:887} INFO - 
================================================================================
DAG File Processing Stats

File Path                                  PID  Runtime      # DAGs    # Errors  Last Runtime    Last Run
---------------------------------------  -----  ---------  --------  ----------  --------------  -------------------
/app/dags/dynamic_spark_pipeline_dag.py   1144  0.00s             1           0  0.13s           2026-03-22T21:40:07
================================================================================
[2026-03-22T21:41:07.746+0000] {manager.py:887} INFO - 
================================================================================
DAG File Processing Stats

File Path                                  PID  Runtime      # DAGs    # Errors  Last Runtime    Last Run
---------------------------------------  -----  ---------  --------  ----------  --------------  -------------------
/app/dags/dynamic_spark_pipeline_dag.py   1155  0.00s             1           0  0.12s           2026-03-22T21:40:37
================================================================================
[2026-03-22T21:41:37.975+0000] {manager.py:887} INFO - 
================================================================================
DAG File Processing Stats

File Path                                  PID  Runtime      # DAGs    # Errors  Last Runtime    Last Run
---------------------------------------  -----  ---------  --------  ----------  --------------  -------------------
/app/dags/dynamic_spark_pipeline_dag.py   1166  0.01s             1           0  0.11s           2026-03-22T21:41:07
================================================================================
[2026-03-22T21:42:08.243+0000] {manager.py:887} INFO - 
================================================================================
DAG File Processing Stats

File Path                                  PID  Runtime      # DAGs    # Errors  Last Runtime    Last Run
---------------------------------------  -----  ---------  --------  ----------  --------------  -------------------
/app/dags/dynamic_spark_pipeline_dag.py   1177  0.01s             1           0  0.14s           2026-03-22T21:41:38
================================================================================
[2026-03-22T21:42:38.454+0000] {manager.py:887} INFO - 
================================================================================
DAG File Processing Stats

File Path                                  PID  Runtime      # DAGs    # Errors  Last Runtime    Last Run
---------------------------------------  -----  ---------  --------  ----------  --------------  -------------------
/app/dags/dynamic_spark_pipeline_dag.py   1188  0.00s             1           0  0.13s           2026-03-22T21:42:08
================================================================================
[2026-03-22T21:43:08.704+0000] {manager.py:887} INFO - 
================================================================================
DAG File Processing Stats

File Path                                PID    Runtime      # DAGs    # Errors  Last Runtime    Last Run
---------------------------------------  -----  ---------  --------  ----------  --------------  -------------------
/app/dags/dynamic_spark_pipeline_dag.py                           1           0  0.33s           2026-03-22T21:42:38
================================================================================
[2026-03-22T21:43:39.146+0000] {manager.py:887} INFO - 
================================================================================
DAG File Processing Stats

File Path                                  PID  Runtime      # DAGs    # Errors  Last Runtime    Last Run
---------------------------------------  -----  ---------  --------  ----------  --------------  -------------------
/app/dags/dynamic_spark_pipeline_dag.py   1210  0.01s             1           0  0.12s           2026-03-22T21:43:09
================================================================================
[2026-03-22T21:44:09.442+0000] {manager.py:887} INFO - 
================================================================================
DAG File Processing Stats

File Path                                  PID  Runtime      # DAGs    # Errors  Last Runtime    Last Run
---------------------------------------  -----  ---------  --------  ----------  --------------  -------------------
/app/dags/dynamic_spark_pipeline_dag.py   1221  0.01s             1           0  0.13s           2026-03-22T21:43:39
================================================================================
[2026-03-22T21:44:39.668+0000] {manager.py:887} INFO - 
================================================================================
DAG File Processing Stats

File Path                                  PID  Runtime      # DAGs    # Errors  Last Runtime    Last Run
---------------------------------------  -----  ---------  --------  ----------  --------------  -------------------
/app/dags/dynamic_spark_pipeline_dag.py   1232  0.00s             1           0  0.13s           2026-03-22T21:44:09
================================================================================
[2026-03-22T21:44:49.801+0000] {manager.py:755} INFO - Searching for files in /app/dags
[2026-03-22T21:44:49.802+0000] {manager.py:758} INFO - There are 1 files in /app/dags
[2026-03-22T21:45:09.941+0000] {manager.py:887} INFO - 
================================================================================
DAG File Processing Stats

File Path                                  PID  Runtime      # DAGs    # Errors  Last Runtime    Last Run
---------------------------------------  -----  ---------  --------  ----------  --------------  -------------------
/app/dags/dynamic_spark_pipeline_dag.py   1237  0.00s             1           0  0.11s           2026-03-22T21:44:39
================================================================================
[2026-03-22T21:45:40.168+0000] {manager.py:887} INFO - 
================================================================================
DAG File Processing Stats

File Path                                  PID  Runtime      # DAGs    # Errors  Last Runtime    Last Run
---------------------------------------  -----  ---------  --------  ----------  --------------  -------------------
/app/dags/dynamic_spark_pipeline_dag.py   1248  0.01s             1           0  0.12s           2026-03-22T21:45:10
================================================================================
[2026-03-22T21:46:10.430+0000] {manager.py:887} INFO - 
================================================================================
DAG File Processing Stats

File Path                                  PID  Runtime      # DAGs    # Errors  Last Runtime    Last Run
---------------------------------------  -----  ---------  --------  ----------  --------------  -------------------
/app/dags/dynamic_spark_pipeline_dag.py   1259  0.00s             1           0  0.13s           2026-03-22T21:45:40
================================================================================
[2026-03-22T21:46:40.632+0000] {manager.py:887} INFO - 
================================================================================
DAG File Processing Stats

File Path                                  PID  Runtime      # DAGs    # Errors  Last Runtime    Last Run
---------------------------------------  -----  ---------  --------  ----------  --------------  -------------------
/app/dags/dynamic_spark_pipeline_dag.py   1270  0.01s             1           0  0.11s           2026-03-22T21:46:10
================================================================================
[2026-03-22T21:47:10.886+0000] {manager.py:887} INFO - 
================================================================================
DAG File Processing Stats

File Path                                  PID  Runtime      # DAGs    # Errors  Last Runtime    Last Run
---------------------------------------  -----  ---------  --------  ----------  --------------  -------------------
/app/dags/dynamic_spark_pipeline_dag.py   1281  0.00s             1           0  0.13s           2026-03-22T21:46:40
================================================================================
[2026-03-22T21:47:41.135+0000] {manager.py:887} INFO - 
================================================================================
DAG File Processing Stats

File Path                                  PID  Runtime      # DAGs    # Errors  Last Runtime    Last Run
---------------------------------------  -----  ---------  --------  ----------  --------------  -------------------
/app/dags/dynamic_spark_pipeline_dag.py   1292  0.01s             1           0  0.12s           2026-03-22T21:47:10
================================================================================
[2026-03-22T21:48:11.396+0000] {manager.py:887} INFO - 
================================================================================
DAG File Processing Stats

File Path                                  PID  Runtime      # DAGs    # Errors  Last Runtime    Last Run
---------------------------------------  -----  ---------  --------  ----------  --------------  -------------------
/app/dags/dynamic_spark_pipeline_dag.py   1303  0.01s             1           0  0.14s           2026-03-22T21:47:41
================================================================================
[2026-03-22T21:48:41.619+0000] {manager.py:887} INFO - 
================================================================================
DAG File Processing Stats

File Path                                  PID  Runtime      # DAGs    # Errors  Last Runtime    Last Run
---------------------------------------  -----  ---------  --------  ----------  --------------  -------------------
/app/dags/dynamic_spark_pipeline_dag.py   1314  0.01s             1           0  0.13s           2026-03-22T21:48:11
================================================================================
[2026-03-22T21:49:11.833+0000] {manager.py:887} INFO - 
================================================================================
DAG File Processing Stats

File Path                                  PID  Runtime      # DAGs    # Errors  Last Runtime    Last Run
---------------------------------------  -----  ---------  --------  ----------  --------------  -------------------
/app/dags/dynamic_spark_pipeline_dag.py   1325  0.00s             1           0  0.13s           2026-03-22T21:48:41
================================================================================
[2026-03-22T21:49:42.095+0000] {manager.py:887} INFO - 
================================================================================
DAG File Processing Stats

File Path                                  PID  Runtime      # DAGs    # Errors  Last Runtime    Last Run
---------------------------------------  -----  ---------  --------  ----------  --------------  -------------------
/app/dags/dynamic_spark_pipeline_dag.py   1336  0.01s             1           0  0.11s           2026-03-22T21:49:11
================================================================================
[2026-03-22T21:49:50.157+0000] {manager.py:755} INFO - Searching for files in /app/dags
[2026-03-22T21:49:50.158+0000] {manager.py:758} INFO - There are 1 files in /app/dags
[2026-03-22T21:50:12.341+0000] {manager.py:887} INFO - 
================================================================================
DAG File Processing Stats

File Path                                  PID  Runtime      # DAGs    # Errors  Last Runtime    Last Run
---------------------------------------  -----  ---------  --------  ----------  --------------  -------------------
/app/dags/dynamic_spark_pipeline_dag.py   1347  0.01s             1           0  0.14s           2026-03-22T21:49:42
================================================================================
[2026-03-22T21:50:42.608+0000] {manager.py:887} INFO - 
================================================================================
DAG File Processing Stats

File Path                                  PID  Runtime      # DAGs    # Errors  Last Runtime    Last Run
---------------------------------------  -----  ---------  --------  ----------  --------------  -------------------
/app/dags/dynamic_spark_pipeline_dag.py   1358  0.01s             1           0  0.13s           2026-03-22T21:50:12
================================================================================
[2026-03-22T21:51:12.826+0000] {manager.py:887} INFO - 
================================================================================
DAG File Processing Stats

File Path                                  PID  Runtime      # DAGs    # Errors  Last Runtime    Last Run
---------------------------------------  -----  ---------  --------  ----------  --------------  -------------------
/app/dags/dynamic_spark_pipeline_dag.py   1369  0.01s             1           0  0.13s           2026-03-22T21:50:42
================================================================================
[2026-03-22T21:51:43.099+0000] {manager.py:887} INFO - 
================================================================================
DAG File Processing Stats

File Path                                  PID  Runtime      # DAGs    # Errors  Last Runtime    Last Run
---------------------------------------  -----  ---------  --------  ----------  --------------  -------------------
/app/dags/dynamic_spark_pipeline_dag.py   1380  0.01s             1           0  0.13s           2026-03-22T21:51:12
================================================================================
[2026-03-22T21:52:13.332+0000] {manager.py:887} INFO - 
================================================================================
DAG File Processing Stats

File Path                                  PID  Runtime      # DAGs    # Errors  Last Runtime    Last Run
---------------------------------------  -----  ---------  --------  ----------  --------------  -------------------
/app/dags/dynamic_spark_pipeline_dag.py   1391  0.01s             1           0  0.14s           2026-03-22T21:51:43
================================================================================
[2026-03-22T21:52:43.598+0000] {manager.py:887} INFO - 
================================================================================
DAG File Processing Stats

File Path                                  PID  Runtime      # DAGs    # Errors  Last Runtime    Last Run
---------------------------------------  -----  ---------  --------  ----------  --------------  -------------------
/app/dags/dynamic_spark_pipeline_dag.py   1402  0.01s             1           0  0.13s           2026-03-22T21:52:13
================================================================================
[2026-03-22T21:53:13.811+0000] {manager.py:887} INFO - 
================================================================================
DAG File Processing Stats

File Path                                  PID  Runtime      # DAGs    # Errors  Last Runtime    Last Run
---------------------------------------  -----  ---------  --------  ----------  --------------  -------------------
/app/dags/dynamic_spark_pipeline_dag.py   1413  0.01s             1           0  0.14s           2026-03-22T21:52:43
================================================================================
[2026-03-22T21:53:44.105+0000] {manager.py:887} INFO - 
================================================================================
DAG File Processing Stats

File Path                                  PID  Runtime      # DAGs    # Errors  Last Runtime    Last Run
---------------------------------------  -----  ---------  --------  ----------  --------------  -------------------
/app/dags/dynamic_spark_pipeline_dag.py   1424  0.01s             1           0  0.13s           2026-03-22T21:53:13
================================================================================
[2026-03-22T21:54:14.299+0000] {manager.py:887} INFO - 
================================================================================
DAG File Processing Stats

File Path                                  PID  Runtime      # DAGs    # Errors  Last Runtime    Last Run
---------------------------------------  -----  ---------  --------  ----------  --------------  -------------------
/app/dags/dynamic_spark_pipeline_dag.py   1435  0.01s             1           0  0.13s           2026-03-22T21:53:44
================================================================================
[2026-03-22T21:54:44.602+0000] {manager.py:887} INFO - 
================================================================================
DAG File Processing Stats

File Path                                  PID  Runtime      # DAGs    # Errors  Last Runtime    Last Run
---------------------------------------  -----  ---------  --------  ----------  --------------  -------------------
/app/dags/dynamic_spark_pipeline_dag.py   1446  0.01s             1           0  0.11s           2026-03-22T21:54:14
================================================================================
[2026-03-22T21:54:50.651+0000] {manager.py:755} INFO - Searching for files in /app/dags
[2026-03-22T21:54:50.652+0000] {manager.py:758} INFO - There are 1 files in /app/dags
[2026-03-22T21:55:14.834+0000] {manager.py:887} INFO - 
================================================================================
DAG File Processing Stats

File Path                                  PID  Runtime      # DAGs    # Errors  Last Runtime    Last Run
---------------------------------------  -----  ---------  --------  ----------  --------------  -------------------
/app/dags/dynamic_spark_pipeline_dag.py   1457  0.01s             1           0  0.13s           2026-03-22T21:54:44
================================================================================
[2026-03-22T21:55:45.132+0000] {manager.py:887} INFO - 
================================================================================
DAG File Processing Stats

File Path                                  PID  Runtime      # DAGs    # Errors  Last Runtime    Last Run
---------------------------------------  -----  ---------  --------  ----------  --------------  -------------------
/app/dags/dynamic_spark_pipeline_dag.py   1468  0.01s             1           0  0.13s           2026-03-22T21:55:14
================================================================================
[2026-03-22T21:56:15.342+0000] {manager.py:887} INFO - 
================================================================================
DAG File Processing Stats

File Path                                  PID  Runtime      # DAGs    # Errors  Last Runtime    Last Run
---------------------------------------  -----  ---------  --------  ----------  --------------  -------------------
/app/dags/dynamic_spark_pipeline_dag.py   1479  0.01s             1           0  0.13s           2026-03-22T21:55:45
================================================================================
[2026-03-22T21:56:45.610+0000] {manager.py:887} INFO - 
================================================================================
DAG File Processing Stats

File Path                                  PID  Runtime      # DAGs    # Errors  Last Runtime    Last Run
---------------------------------------  -----  ---------  --------  ----------  --------------  -------------------
/app/dags/dynamic_spark_pipeline_dag.py   1490  0.00s             1           0  0.14s           2026-03-22T21:56:15
================================================================================
[2026-03-22T21:57:15.852+0000] {manager.py:887} INFO - 
================================================================================
DAG File Processing Stats

File Path                                  PID  Runtime      # DAGs    # Errors  Last Runtime    Last Run
---------------------------------------  -----  ---------  --------  ----------  --------------  -------------------
/app/dags/dynamic_spark_pipeline_dag.py   1501  0.00s             1           0  0.13s           2026-03-22T21:56:45
================================================================================
[2026-03-22T21:57:46.130+0000] {manager.py:887} INFO - 
================================================================================
DAG File Processing Stats

File Path                                  PID  Runtime      # DAGs    # Errors  Last Runtime    Last Run
---------------------------------------  -----  ---------  --------  ----------  --------------  -------------------
/app/dags/dynamic_spark_pipeline_dag.py   1506  0.01s             1           0  0.12s           2026-03-22T21:57:15
================================================================================
[2026-03-22T21:58:16.334+0000] {manager.py:887} INFO - 
================================================================================
DAG File Processing Stats

File Path                                  PID  Runtime      # DAGs    # Errors  Last Runtime    Last Run
---------------------------------------  -----  ---------  --------  ----------  --------------  -------------------
/app/dags/dynamic_spark_pipeline_dag.py   1517  0.00s             1           0  0.13s           2026-03-22T21:57:46
================================================================================
[2026-03-22T21:58:46.590+0000] {manager.py:887} INFO - 
================================================================================
DAG File Processing Stats

File Path                                  PID  Runtime      # DAGs    # Errors  Last Runtime    Last Run
---------------------------------------  -----  ---------  --------  ----------  --------------  -------------------
/app/dags/dynamic_spark_pipeline_dag.py   1528  0.01s             1           0  0.11s           2026-03-22T21:58:16
================================================================================
[2026-03-22T21:59:16.799+0000] {manager.py:887} INFO - 
================================================================================
DAG File Processing Stats

File Path                                  PID  Runtime      # DAGs    # Errors  Last Runtime    Last Run
---------------------------------------  -----  ---------  --------  ----------  --------------  -------------------
/app/dags/dynamic_spark_pipeline_dag.py   1539  0.01s             1           0  0.12s           2026-03-22T21:58:46
================================================================================
[2026-03-22T21:59:47.038+0000] {manager.py:887} INFO - 
================================================================================
DAG File Processing Stats

File Path                                  PID  Runtime      # DAGs    # Errors  Last Runtime    Last Run
---------------------------------------  -----  ---------  --------  ----------  --------------  -------------------
/app/dags/dynamic_spark_pipeline_dag.py   1550  0.01s             1           0  0.12s           2026-03-22T21:59:16
================================================================================
[2026-03-22T21:59:51.106+0000] {manager.py:755} INFO - Searching for files in /app/dags
[2026-03-22T21:59:51.109+0000] {manager.py:758} INFO - There are 1 files in /app/dags
[2026-03-22T22:00:17.321+0000] {manager.py:887} INFO - 
================================================================================
DAG File Processing Stats

File Path                                  PID  Runtime      # DAGs    # Errors  Last Runtime    Last Run
---------------------------------------  -----  ---------  --------  ----------  --------------  -------------------
/app/dags/dynamic_spark_pipeline_dag.py   1561  0.01s             1           0  0.13s           2026-03-22T21:59:47
================================================================================
[2026-03-22T22:00:47.557+0000] {manager.py:887} INFO - 
================================================================================
DAG File Processing Stats

File Path                                  PID  Runtime      # DAGs    # Errors  Last Runtime    Last Run
---------------------------------------  -----  ---------  --------  ----------  --------------  -------------------
/app/dags/dynamic_spark_pipeline_dag.py   1572  0.01s             1           0  0.13s           2026-03-22T22:00:17
================================================================================
[2026-03-22T22:01:17.835+0000] {manager.py:887} INFO - 
================================================================================
DAG File Processing Stats

File Path                                  PID  Runtime      # DAGs    # Errors  Last Runtime    Last Run
---------------------------------------  -----  ---------  --------  ----------  --------------  -------------------
/app/dags/dynamic_spark_pipeline_dag.py   1583  0.01s             1           0  0.13s           2026-03-22T22:00:47
================================================================================
[2026-03-22T22:01:48.052+0000] {manager.py:887} INFO - 
================================================================================
DAG File Processing Stats

File Path                                  PID  Runtime      # DAGs    # Errors  Last Runtime    Last Run
---------------------------------------  -----  ---------  --------  ----------  --------------  -------------------
/app/dags/dynamic_spark_pipeline_dag.py   1594  0.01s             1           0  0.13s           2026-03-22T22:01:17
================================================================================
[2026-03-22T22:02:18.347+0000] {manager.py:887} INFO - 
================================================================================
DAG File Processing Stats

File Path                                  PID  Runtime      # DAGs    # Errors  Last Runtime    Last Run
---------------------------------------  -----  ---------  --------  ----------  --------------  -------------------
/app/dags/dynamic_spark_pipeline_dag.py   1605  0.01s             1           0  0.13s           2026-03-22T22:01:48
================================================================================
[2026-03-22T22:02:48.585+0000] {manager.py:887} INFO - 
================================================================================
DAG File Processing Stats

File Path                                  PID  Runtime      # DAGs    # Errors  Last Runtime    Last Run
---------------------------------------  -----  ---------  --------  ----------  --------------  -------------------
/app/dags/dynamic_spark_pipeline_dag.py   1616  0.01s             1           0  0.13s           2026-03-22T22:02:18
================================================================================
[2026-03-22T22:03:18.859+0000] {manager.py:887} INFO - 
================================================================================
DAG File Processing Stats

File Path                                  PID  Runtime      # DAGs    # Errors  Last Runtime    Last Run
---------------------------------------  -----  ---------  --------  ----------  --------------  -------------------
/app/dags/dynamic_spark_pipeline_dag.py   1627  0.01s             1           0  0.14s           2026-03-22T22:02:48
================================================================================
[2026-03-22T22:03:49.093+0000] {manager.py:887} INFO - 
================================================================================
DAG File Processing Stats

File Path                                  PID  Runtime      # DAGs    # Errors  Last Runtime    Last Run
---------------------------------------  -----  ---------  --------  ----------  --------------  -------------------
/app/dags/dynamic_spark_pipeline_dag.py   1638  0.01s             1           0  0.13s           2026-03-22T22:03:18
================================================================================
[2026-03-22T22:04:19.363+0000] {manager.py:887} INFO - 
================================================================================
DAG File Processing Stats

File Path                                  PID  Runtime      # DAGs    # Errors  Last Runtime    Last Run
---------------------------------------  -----  ---------  --------  ----------  --------------  -------------------
/app/dags/dynamic_spark_pipeline_dag.py   1649  0.01s             1           0  0.13s           2026-03-22T22:03:49
================================================================================
[2026-03-22T22:04:49.609+0000] {manager.py:887} INFO - 
================================================================================
DAG File Processing Stats

File Path                                  PID  Runtime      # DAGs    # Errors  Last Runtime    Last Run
---------------------------------------  -----  ---------  --------  ----------  --------------  -------------------
/app/dags/dynamic_spark_pipeline_dag.py   1660  0.01s             1           0  0.13s           2026-03-22T22:04:19
================================================================================
[2026-03-22T22:04:51.677+0000] {manager.py:755} INFO - Searching for files in /app/dags
[2026-03-22T22:04:51.680+0000] {manager.py:758} INFO - There are 1 files in /app/dags
[2026-03-22T22:05:19.884+0000] {manager.py:887} INFO - 
================================================================================
DAG File Processing Stats

File Path                                  PID  Runtime      # DAGs    # Errors  Last Runtime    Last Run
---------------------------------------  -----  ---------  --------  ----------  --------------  -------------------
/app/dags/dynamic_spark_pipeline_dag.py   1671  0.01s             1           0  0.13s           2026-03-22T22:04:49
================================================================================
[2026-03-22T22:05:50.093+0000] {manager.py:887} INFO - 
================================================================================
DAG File Processing Stats

File Path                                  PID  Runtime      # DAGs    # Errors  Last Runtime    Last Run
---------------------------------------  -----  ---------  --------  ----------  --------------  -------------------
/app/dags/dynamic_spark_pipeline_dag.py   1682  0.00s             1           0  0.14s           2026-03-22T22:05:20
================================================================================
[2026-03-22T22:06:20.407+0000] {manager.py:887} INFO - 
================================================================================
DAG File Processing Stats

File Path                                  PID  Runtime      # DAGs    # Errors  Last Runtime    Last Run
---------------------------------------  -----  ---------  --------  ----------  --------------  -------------------
/app/dags/dynamic_spark_pipeline_dag.py   1693  0.01s             1           0  0.12s           2026-03-22T22:05:50
================================================================================
[2026-03-22T22:06:50.647+0000] {manager.py:887} INFO - 
================================================================================
DAG File Processing Stats

File Path                                  PID  Runtime      # DAGs    # Errors  Last Runtime    Last Run
---------------------------------------  -----  ---------  --------  ----------  --------------  -------------------
/app/dags/dynamic_spark_pipeline_dag.py   1704  0.01s             1           0  0.13s           2026-03-22T22:06:20
================================================================================
[2026-03-22T22:07:20.913+0000] {manager.py:887} INFO - 
================================================================================
DAG File Processing Stats

File Path                                  PID  Runtime      # DAGs    # Errors  Last Runtime    Last Run
---------------------------------------  -----  ---------  --------  ----------  --------------  -------------------
/app/dags/dynamic_spark_pipeline_dag.py   1715  0.01s             1           0  0.13s           2026-03-22T22:06:50
================================================================================
[2026-03-22T22:07:51.100+0000] {manager.py:887} INFO - 
================================================================================
DAG File Processing Stats

File Path                                  PID  Runtime      # DAGs    # Errors  Last Runtime    Last Run
---------------------------------------  -----  ---------  --------  ----------  --------------  -------------------
/app/dags/dynamic_spark_pipeline_dag.py   1726  0.00s             1           0  0.13s           2026-03-22T22:07:21
================================================================================
[2026-03-22T22:08:21.421+0000] {manager.py:887} INFO - 
================================================================================
DAG File Processing Stats

File Path                                  PID  Runtime      # DAGs    # Errors  Last Runtime    Last Run
---------------------------------------  -----  ---------  --------  ----------  --------------  -------------------
/app/dags/dynamic_spark_pipeline_dag.py   1737  0.01s             1           0  0.15s           2026-03-22T22:07:51
================================================================================
[2026-03-22T22:08:51.642+0000] {manager.py:887} INFO - 
================================================================================
DAG File Processing Stats

File Path                                  PID  Runtime      # DAGs    # Errors  Last Runtime    Last Run
---------------------------------------  -----  ---------  --------  ----------  --------------  -------------------
/app/dags/dynamic_spark_pipeline_dag.py   1748  0.01s             1           0  0.14s           2026-03-22T22:08:21
================================================================================
[2026-03-22T22:09:21.904+0000] {manager.py:887} INFO - 
================================================================================
DAG File Processing Stats

File Path                                  PID  Runtime      # DAGs    # Errors  Last Runtime    Last Run
---------------------------------------  -----  ---------  --------  ----------  --------------  -------------------
/app/dags/dynamic_spark_pipeline_dag.py   1753  0.00s             1           0  0.15s           2026-03-22T22:08:51
================================================================================
[2026-03-22T22:09:52.097+0000] {manager.py:755} INFO - Searching for files in /app/dags
[2026-03-22T22:09:52.097+0000] {manager.py:758} INFO - There are 1 files in /app/dags
[2026-03-22T22:09:52.113+0000] {manager.py:887} INFO - 
================================================================================
DAG File Processing Stats

File Path                                  PID  Runtime      # DAGs    # Errors  Last Runtime    Last Run
---------------------------------------  -----  ---------  --------  ----------  --------------  -------------------
/app/dags/dynamic_spark_pipeline_dag.py   1764  0.00s             1           0  0.12s           2026-03-22T22:09:22
================================================================================
[2026-03-22T22:10:22.367+0000] {manager.py:887} INFO - 
================================================================================
DAG File Processing Stats

File Path                                  PID  Runtime      # DAGs    # Errors  Last Runtime    Last Run
---------------------------------------  -----  ---------  --------  ----------  --------------  -------------------
/app/dags/dynamic_spark_pipeline_dag.py   1775  0.01s             1           0  0.15s           2026-03-22T22:09:52
================================================================================
[2026-03-22T22:10:52.673+0000] {manager.py:887} INFO - 
================================================================================
DAG File Processing Stats

File Path                                PID    Runtime      # DAGs    # Errors  Last Runtime    Last Run
---------------------------------------  -----  ---------  --------  ----------  --------------  -------------------
/app/dags/dynamic_spark_pipeline_dag.py                           1           0  0.13s           2026-03-22T22:10:43
================================================================================
[2026-03-22T22:11:22.867+0000] {manager.py:887} INFO - 
================================================================================
DAG File Processing Stats

File Path                                PID    Runtime      # DAGs    # Errors  Last Runtime    Last Run
---------------------------------------  -----  ---------  --------  ----------  --------------  -------------------
/app/dags/dynamic_spark_pipeline_dag.py                           1           0  0.15s           2026-03-22T22:11:13
================================================================================
[2026-03-22T22:11:53.164+0000] {manager.py:887} INFO - 
================================================================================
DAG File Processing Stats

File Path                                PID    Runtime      # DAGs    # Errors  Last Runtime    Last Run
---------------------------------------  -----  ---------  --------  ----------  --------------  -------------------
/app/dags/dynamic_spark_pipeline_dag.py                           1           0  0.16s           2026-03-22T22:11:44
================================================================================
[2026-03-22T22:12:23.357+0000] {manager.py:887} INFO - 
================================================================================
DAG File Processing Stats

File Path                                PID    Runtime      # DAGs    # Errors  Last Runtime    Last Run
---------------------------------------  -----  ---------  --------  ----------  --------------  -------------------
/app/dags/dynamic_spark_pipeline_dag.py                           1           0  0.24s           2026-03-22T22:12:14
================================================================================
[2026-03-22T22:12:53.764+0000] {manager.py:887} INFO - 
================================================================================
DAG File Processing Stats

File Path                                PID    Runtime      # DAGs    # Errors  Last Runtime    Last Run
---------------------------------------  -----  ---------  --------  ----------  --------------  -------------------
/app/dags/dynamic_spark_pipeline_dag.py                           1           0  0.14s           2026-03-22T22:12:44
================================================================================
[2026-03-22T22:13:24.064+0000] {manager.py:887} INFO - 
================================================================================
DAG File Processing Stats

File Path                                PID    Runtime      # DAGs    # Errors  Last Runtime    Last Run
---------------------------------------  -----  ---------  --------  ----------  --------------  -------------------
/app/dags/dynamic_spark_pipeline_dag.py                           1           0  0.13s           2026-03-22T22:13:15
================================================================================
[2026-03-22T22:13:54.287+0000] {manager.py:887} INFO - 
================================================================================
DAG File Processing Stats

File Path                                PID    Runtime      # DAGs    # Errors  Last Runtime    Last Run
---------------------------------------  -----  ---------  --------  ----------  --------------  -------------------
/app/dags/dynamic_spark_pipeline_dag.py                           1           0  0.13s           2026-03-22T22:13:45
================================================================================
[2026-03-22T22:14:24.604+0000] {manager.py:887} INFO - 
================================================================================
DAG File Processing Stats

File Path                                PID    Runtime      # DAGs    # Errors  Last Runtime    Last Run
---------------------------------------  -----  ---------  --------  ----------  --------------  -------------------
/app/dags/dynamic_spark_pipeline_dag.py                           1           0  0.12s           2026-03-22T22:14:15
================================================================================
[2026-03-22T22:14:52.775+0000] {manager.py:755} INFO - Searching for files in /app/dags
[2026-03-22T22:14:52.778+0000] {manager.py:758} INFO - There are 1 files in /app/dags
[2026-03-22T22:14:54.816+0000] {manager.py:887} INFO - 
================================================================================
DAG File Processing Stats

File Path                                PID    Runtime      # DAGs    # Errors  Last Runtime    Last Run
---------------------------------------  -----  ---------  --------  ----------  --------------  -------------------
/app/dags/dynamic_spark_pipeline_dag.py                           1           0  0.14s           2026-03-22T22:14:45
================================================================================
[2026-03-22T22:15:25.070+0000] {manager.py:887} INFO - 
================================================================================
DAG File Processing Stats

File Path                                PID    Runtime      # DAGs    # Errors  Last Runtime    Last Run
---------------------------------------  -----  ---------  --------  ----------  --------------  -------------------
/app/dags/dynamic_spark_pipeline_dag.py                           1           0  0.13s           2026-03-22T22:15:16
================================================================================
[2026-03-22T22:15:55.285+0000] {manager.py:887} INFO - 
================================================================================
DAG File Processing Stats

File Path                                PID    Runtime      # DAGs    # Errors  Last Runtime    Last Run
---------------------------------------  -----  ---------  --------  ----------  --------------  -------------------
/app/dags/dynamic_spark_pipeline_dag.py                           1           0  0.14s           2026-03-22T22:15:46
================================================================================
[2026-03-22T22:16:25.562+0000] {manager.py:887} INFO - 
================================================================================
DAG File Processing Stats

File Path                                PID    Runtime      # DAGs    # Errors  Last Runtime    Last Run
---------------------------------------  -----  ---------  --------  ----------  --------------  -------------------
/app/dags/dynamic_spark_pipeline_dag.py                           1           0  0.15s           2026-03-22T22:16:16
================================================================================
[2026-03-22T22:16:55.707+0000] {manager.py:887} INFO - 
================================================================================
DAG File Processing Stats

File Path                                PID    Runtime      # DAGs    # Errors  Last Runtime    Last Run
---------------------------------------  -----  ---------  --------  ----------  --------------  -------------------
/app/dags/dynamic_spark_pipeline_dag.py                           1           0  0.12s           2026-03-22T22:16:46
================================================================================
[2026-03-22T22:17:25.958+0000] {manager.py:887} INFO - 
================================================================================
DAG File Processing Stats

File Path                                PID    Runtime      # DAGs    # Errors  Last Runtime    Last Run
---------------------------------------  -----  ---------  --------  ----------  --------------  -------------------
/app/dags/dynamic_spark_pipeline_dag.py                           1           0  0.16s           2026-03-22T22:17:16
================================================================================
[2026-03-22T22:17:56.142+0000] {manager.py:887} INFO - 
================================================================================
DAG File Processing Stats

File Path                                PID    Runtime      # DAGs    # Errors  Last Runtime    Last Run
---------------------------------------  -----  ---------  --------  ----------  --------------  -------------------
/app/dags/dynamic_spark_pipeline_dag.py                           1           0  0.15s           2026-03-22T22:17:47
================================================================================
[2026-03-22T22:18:26.424+0000] {manager.py:887} INFO - 
================================================================================
DAG File Processing Stats

File Path                                PID    Runtime      # DAGs    # Errors  Last Runtime    Last Run
---------------------------------------  -----  ---------  --------  ----------  --------------  -------------------
/app/dags/dynamic_spark_pipeline_dag.py                           1           0  0.13s           2026-03-22T22:18:17
================================================================================
[2026-03-22T22:18:56.605+0000] {manager.py:887} INFO - 
================================================================================
DAG File Processing Stats

File Path                                PID    Runtime      # DAGs    # Errors  Last Runtime    Last Run
---------------------------------------  -----  ---------  --------  ----------  --------------  -------------------
/app/dags/dynamic_spark_pipeline_dag.py                           1           0  0.13s           2026-03-22T22:18:47
================================================================================
[2026-03-22T22:19:26.899+0000] {manager.py:887} INFO - 
================================================================================
DAG File Processing Stats

File Path                                PID    Runtime      # DAGs    # Errors  Last Runtime    Last Run
---------------------------------------  -----  ---------  --------  ----------  --------------  -------------------
/app/dags/dynamic_spark_pipeline_dag.py                           1           0  0.14s           2026-03-22T22:19:17
================================================================================
[2026-03-22T22:19:53.127+0000] {manager.py:755} INFO - Searching for files in /app/dags
[2026-03-22T22:19:53.131+0000] {manager.py:758} INFO - There are 1 files in /app/dags
[2026-03-22T22:19:57.179+0000] {manager.py:887} INFO - 
================================================================================
DAG File Processing Stats

File Path                                PID    Runtime      # DAGs    # Errors  Last Runtime    Last Run
---------------------------------------  -----  ---------  --------  ----------  --------------  -------------------
/app/dags/dynamic_spark_pipeline_dag.py                           1           0  0.14s           2026-03-22T22:19:48
================================================================================
[2026-03-22T22:20:27.444+0000] {manager.py:887} INFO - 
================================================================================
DAG File Processing Stats

File Path                                PID    Runtime      # DAGs    # Errors  Last Runtime    Last Run
---------------------------------------  -----  ---------  --------  ----------  --------------  -------------------
/app/dags/dynamic_spark_pipeline_dag.py                           1           0  0.13s           2026-03-22T22:20:18
================================================================================
[2026-03-22T22:20:57.635+0000] {manager.py:887} INFO - 
================================================================================
DAG File Processing Stats

File Path                                PID    Runtime      # DAGs    # Errors  Last Runtime    Last Run
---------------------------------------  -----  ---------  --------  ----------  --------------  -------------------
/app/dags/dynamic_spark_pipeline_dag.py                           1           0  0.12s           2026-03-22T22:20:48
================================================================================
[2026-03-22T22:21:27.865+0000] {manager.py:887} INFO - 
================================================================================
DAG File Processing Stats

File Path                                PID    Runtime      # DAGs    # Errors  Last Runtime    Last Run
---------------------------------------  -----  ---------  --------  ----------  --------------  -------------------
/app/dags/dynamic_spark_pipeline_dag.py                           1           0  0.14s           2026-03-22T22:21:18
================================================================================
[2026-03-22T22:21:58.069+0000] {manager.py:887} INFO - 
================================================================================
DAG File Processing Stats

File Path                                PID    Runtime      # DAGs    # Errors  Last Runtime    Last Run
---------------------------------------  -----  ---------  --------  ----------  --------------  -------------------
/app/dags/dynamic_spark_pipeline_dag.py                           1           0  0.21s           2026-03-22T22:21:49
================================================================================
[2026-03-22T22:22:28.380+0000] {manager.py:887} INFO - 
================================================================================
DAG File Processing Stats

File Path                                PID    Runtime      # DAGs    # Errors  Last Runtime    Last Run
---------------------------------------  -----  ---------  --------  ----------  --------------  -------------------
/app/dags/dynamic_spark_pipeline_dag.py                           1           0  0.13s           2026-03-22T22:22:19
================================================================================
[2026-03-22T22:22:58.621+0000] {manager.py:887} INFO - 
================================================================================
DAG File Processing Stats

File Path                                PID    Runtime      # DAGs    # Errors  Last Runtime    Last Run
---------------------------------------  -----  ---------  --------  ----------  --------------  -------------------
/app/dags/dynamic_spark_pipeline_dag.py                           1           0  0.15s           2026-03-22T22:22:49
================================================================================
[2026-03-22T22:23:28.808+0000] {manager.py:887} INFO - 
================================================================================
DAG File Processing Stats

File Path                                PID    Runtime      # DAGs    # Errors  Last Runtime    Last Run
---------------------------------------  -----  ---------  --------  ----------  --------------  -------------------
/app/dags/dynamic_spark_pipeline_dag.py                           1           0  0.12s           2026-03-22T22:23:19
================================================================================
[2026-03-22T22:23:59.037+0000] {manager.py:887} INFO - 
================================================================================
DAG File Processing Stats

File Path                                PID    Runtime      # DAGs    # Errors  Last Runtime    Last Run
---------------------------------------  -----  ---------  --------  ----------  --------------  -------------------
/app/dags/dynamic_spark_pipeline_dag.py                           1           0  0.14s           2026-03-22T22:23:50
================================================================================
[2026-03-22T22:24:29.251+0000] {manager.py:887} INFO - 
================================================================================
DAG File Processing Stats

File Path                                PID    Runtime      # DAGs    # Errors  Last Runtime    Last Run
---------------------------------------  -----  ---------  --------  ----------  --------------  -------------------
/app/dags/dynamic_spark_pipeline_dag.py                           1           0  0.16s           2026-03-22T22:24:20
================================================================================
[2026-03-22T22:24:53.463+0000] {manager.py:755} INFO - Searching for files in /app/dags
[2026-03-22T22:24:53.466+0000] {manager.py:758} INFO - There are 1 files in /app/dags
[2026-03-22T22:24:59.536+0000] {manager.py:887} INFO - 
================================================================================
DAG File Processing Stats

File Path                                PID    Runtime      # DAGs    # Errors  Last Runtime    Last Run
---------------------------------------  -----  ---------  --------  ----------  --------------  -------------------
/app/dags/dynamic_spark_pipeline_dag.py                           1           0  0.21s           2026-03-22T22:24:50
================================================================================
[2026-03-22T22:25:29.758+0000] {manager.py:887} INFO - 
================================================================================
DAG File Processing Stats

File Path                                PID    Runtime      # DAGs    # Errors  Last Runtime    Last Run
---------------------------------------  -----  ---------  --------  ----------  --------------  -------------------
/app/dags/dynamic_spark_pipeline_dag.py                           1           0  0.18s           2026-03-22T22:25:20
================================================================================
[2026-03-22T22:26:00.018+0000] {manager.py:887} INFO - 
================================================================================
DAG File Processing Stats

File Path                                PID    Runtime      # DAGs    # Errors  Last Runtime    Last Run
---------------------------------------  -----  ---------  --------  ----------  --------------  -------------------
/app/dags/dynamic_spark_pipeline_dag.py                           1           0  0.19s           2026-03-22T22:25:51
================================================================================
[2026-03-22T22:26:30.251+0000] {manager.py:887} INFO - 
================================================================================
DAG File Processing Stats

File Path                                PID    Runtime      # DAGs    # Errors  Last Runtime    Last Run
---------------------------------------  -----  ---------  --------  ----------  --------------  -------------------
/app/dags/dynamic_spark_pipeline_dag.py                           1           0  0.15s           2026-03-22T22:26:21
================================================================================
[2026-03-22T22:27:00.460+0000] {manager.py:887} INFO - 
================================================================================
DAG File Processing Stats

File Path                                PID    Runtime      # DAGs    # Errors  Last Runtime    Last Run
---------------------------------------  -----  ---------  --------  ----------  --------------  -------------------
/app/dags/dynamic_spark_pipeline_dag.py                           1           0  0.16s           2026-03-22T22:26:51
================================================================================
[2026-03-22T22:27:30.699+0000] {manager.py:887} INFO - 
================================================================================
DAG File Processing Stats

File Path                                PID    Runtime      # DAGs    # Errors  Last Runtime    Last Run
---------------------------------------  -----  ---------  --------  ----------  --------------  -------------------
/app/dags/dynamic_spark_pipeline_dag.py                           1           0  0.15s           2026-03-22T22:27:21
================================================================================
[2026-03-22T22:28:00.878+0000] {manager.py:887} INFO - 
================================================================================
DAG File Processing Stats

File Path                                PID    Runtime      # DAGs    # Errors  Last Runtime    Last Run
---------------------------------------  -----  ---------  --------  ----------  --------------  -------------------
/app/dags/dynamic_spark_pipeline_dag.py                           1           0  0.12s           2026-03-22T22:27:51
================================================================================
[2026-03-22T22:28:31.122+0000] {manager.py:887} INFO - 
================================================================================
DAG File Processing Stats

File Path                                PID    Runtime      # DAGs    # Errors  Last Runtime    Last Run
---------------------------------------  -----  ---------  --------  ----------  --------------  -------------------
/app/dags/dynamic_spark_pipeline_dag.py                           1           0  0.16s           2026-03-22T22:28:22
================================================================================
[2026-03-22T22:29:01.341+0000] {manager.py:887} INFO - 
================================================================================
DAG File Processing Stats

File Path                                PID    Runtime      # DAGs    # Errors  Last Runtime    Last Run
---------------------------------------  -----  ---------  --------  ----------  --------------  -------------------
/app/dags/dynamic_spark_pipeline_dag.py                           1           0  0.14s           2026-03-22T22:28:52
================================================================================
[2026-03-22T22:29:31.569+0000] {manager.py:887} INFO - 
================================================================================
DAG File Processing Stats

File Path                                PID    Runtime      # DAGs    # Errors  Last Runtime    Last Run
---------------------------------------  -----  ---------  --------  ----------  --------------  -------------------
/app/dags/dynamic_spark_pipeline_dag.py                           1           0  0.15s           2026-03-22T22:29:22
================================================================================
[2026-03-22T22:29:53.762+0000] {manager.py:755} INFO - Searching for files in /app/dags
[2026-03-22T22:29:53.763+0000] {manager.py:758} INFO - There are 1 files in /app/dags
[2026-03-22T22:30:01.831+0000] {manager.py:887} INFO - 
================================================================================
DAG File Processing Stats

File Path                                PID    Runtime      # DAGs    # Errors  Last Runtime    Last Run
---------------------------------------  -----  ---------  --------  ----------  --------------  -------------------
/app/dags/dynamic_spark_pipeline_dag.py                           1           0  0.14s           2026-03-22T22:29:52
================================================================================
[2026-03-22T22:30:32.061+0000] {manager.py:887} INFO - 
================================================================================
DAG File Processing Stats

File Path                                PID    Runtime      # DAGs    # Errors  Last Runtime    Last Run
---------------------------------------  -----  ---------  --------  ----------  --------------  -------------------
/app/dags/dynamic_spark_pipeline_dag.py                           1           0  0.14s           2026-03-22T22:30:23
================================================================================
[2026-03-22T22:31:02.315+0000] {manager.py:887} INFO - 
================================================================================
DAG File Processing Stats

File Path                                PID    Runtime      # DAGs    # Errors  Last Runtime    Last Run
---------------------------------------  -----  ---------  --------  ----------  --------------  -------------------
/app/dags/dynamic_spark_pipeline_dag.py                           1           0  0.12s           2026-03-22T22:30:53
================================================================================
[2026-03-22T22:31:32.549+0000] {manager.py:887} INFO - 
================================================================================
DAG File Processing Stats

File Path                                PID    Runtime      # DAGs    # Errors  Last Runtime    Last Run
---------------------------------------  -----  ---------  --------  ----------  --------------  -------------------
/app/dags/dynamic_spark_pipeline_dag.py                           1           0  0.13s           2026-03-22T22:31:23
================================================================================
[2026-03-22T22:32:02.835+0000] {manager.py:887} INFO - 
================================================================================
DAG File Processing Stats

File Path                                PID    Runtime      # DAGs    # Errors  Last Runtime    Last Run
---------------------------------------  -----  ---------  --------  ----------  --------------  -------------------
/app/dags/dynamic_spark_pipeline_dag.py                           1           0  0.12s           2026-03-22T22:31:53
================================================================================
[2026-03-22T22:32:33.067+0000] {manager.py:887} INFO - 
================================================================================
DAG File Processing Stats

File Path                                PID    Runtime      # DAGs    # Errors  Last Runtime    Last Run
---------------------------------------  -----  ---------  --------  ----------  --------------  -------------------
/app/dags/dynamic_spark_pipeline_dag.py                           1           0  0.14s           2026-03-22T22:32:24
================================================================================
[2026-03-22T22:33:03.333+0000] {manager.py:887} INFO - 
================================================================================
DAG File Processing Stats

File Path                                PID    Runtime      # DAGs    # Errors  Last Runtime    Last Run
---------------------------------------  -----  ---------  --------  ----------  --------------  -------------------
/app/dags/dynamic_spark_pipeline_dag.py                           1           0  0.14s           2026-03-22T22:32:54
================================================================================
[2026-03-22T22:33:33.562+0000] {manager.py:887} INFO - 
================================================================================
DAG File Processing Stats

File Path                                PID    Runtime      # DAGs    # Errors  Last Runtime    Last Run
---------------------------------------  -----  ---------  --------  ----------  --------------  -------------------
/app/dags/dynamic_spark_pipeline_dag.py                           1           0  0.12s           2026-03-22T22:33:24
================================================================================
[2026-03-22T22:34:03.777+0000] {manager.py:887} INFO - 
================================================================================
DAG File Processing Stats

File Path                                PID    Runtime      # DAGs    # Errors  Last Runtime    Last Run
---------------------------------------  -----  ---------  --------  ----------  --------------  -------------------
/app/dags/dynamic_spark_pipeline_dag.py                           1           0  0.15s           2026-03-22T22:33:54
================================================================================
[2026-03-22T22:34:34.009+0000] {manager.py:887} INFO - 
================================================================================
DAG File Processing Stats

File Path                                PID    Runtime      # DAGs    # Errors  Last Runtime    Last Run
---------------------------------------  -----  ---------  --------  ----------  --------------  -------------------
/app/dags/dynamic_spark_pipeline_dag.py                           1           0  0.13s           2026-03-22T22:34:25
================================================================================
[2026-03-22T22:34:54.097+0000] {manager.py:755} INFO - Searching for files in /app/dags
[2026-03-22T22:34:54.098+0000] {manager.py:758} INFO - There are 1 files in /app/dags
[2026-03-22T22:35:04.231+0000] {manager.py:887} INFO - 
================================================================================
DAG File Processing Stats

File Path                                PID    Runtime      # DAGs    # Errors  Last Runtime    Last Run
---------------------------------------  -----  ---------  --------  ----------  --------------  -------------------
/app/dags/dynamic_spark_pipeline_dag.py                           1           0  0.15s           2026-03-22T22:34:55
================================================================================
[2026-03-22T22:35:34.491+0000] {manager.py:887} INFO - 
================================================================================
DAG File Processing Stats

File Path                                PID    Runtime      # DAGs    # Errors  Last Runtime    Last Run
---------------------------------------  -----  ---------  --------  ----------  --------------  -------------------
/app/dags/dynamic_spark_pipeline_dag.py                           1           0  0.20s           2026-03-22T22:35:25
================================================================================
[2026-03-22T22:36:04.754+0000] {manager.py:887} INFO - 
================================================================================
DAG File Processing Stats

File Path                                PID    Runtime      # DAGs    # Errors  Last Runtime    Last Run
---------------------------------------  -----  ---------  --------  ----------  --------------  -------------------
/app/dags/dynamic_spark_pipeline_dag.py                           1           0  0.50s           2026-03-22T22:35:56
================================================================================
[2026-03-22T22:36:35.349+0000] {manager.py:887} INFO - 
================================================================================
DAG File Processing Stats

File Path                                PID    Runtime      # DAGs    # Errors  Last Runtime    Last Run
---------------------------------------  -----  ---------  --------  ----------  --------------  -------------------
/app/dags/dynamic_spark_pipeline_dag.py                           1           0  0.12s           2026-03-22T22:36:26
================================================================================
[2026-03-22T22:37:05.630+0000] {manager.py:887} INFO - 
================================================================================
DAG File Processing Stats

File Path                                PID    Runtime      # DAGs    # Errors  Last Runtime    Last Run
---------------------------------------  -----  ---------  --------  ----------  --------------  -------------------
/app/dags/dynamic_spark_pipeline_dag.py                           1           0  0.12s           2026-03-22T22:36:56
================================================================================
[2026-03-22T22:37:35.826+0000] {manager.py:887} INFO - 
================================================================================
DAG File Processing Stats

File Path                                PID    Runtime      # DAGs    # Errors  Last Runtime    Last Run
---------------------------------------  -----  ---------  --------  ----------  --------------  -------------------
/app/dags/dynamic_spark_pipeline_dag.py                           1           0  0.11s           2026-03-22T22:37:26
================================================================================
[2026-03-22T22:38:06.119+0000] {manager.py:887} INFO - 
================================================================================
DAG File Processing Stats

File Path                                PID    Runtime      # DAGs    # Errors  Last Runtime    Last Run
---------------------------------------  -----  ---------  --------  ----------  --------------  -------------------
/app/dags/dynamic_spark_pipeline_dag.py                           1           0  0.25s           2026-03-22T22:37:57
================================================================================
[2026-03-22T22:38:36.421+0000] {manager.py:887} INFO - 
================================================================================
DAG File Processing Stats

File Path                                PID    Runtime      # DAGs    # Errors  Last Runtime    Last Run
---------------------------------------  -----  ---------  --------  ----------  --------------  -------------------
/app/dags/dynamic_spark_pipeline_dag.py                           1           0  0.15s           2026-03-22T22:38:27
================================================================================
[2026-03-22T22:39:06.601+0000] {manager.py:887} INFO - 
================================================================================
DAG File Processing Stats

File Path                                PID    Runtime      # DAGs    # Errors  Last Runtime    Last Run
---------------------------------------  -----  ---------  --------  ----------  --------------  -------------------
/app/dags/dynamic_spark_pipeline_dag.py                           1           0  0.14s           2026-03-22T22:38:57
================================================================================
[2026-03-22T22:39:36.863+0000] {manager.py:887} INFO - 
================================================================================
DAG File Processing Stats

File Path                                PID    Runtime      # DAGs    # Errors  Last Runtime    Last Run
---------------------------------------  -----  ---------  --------  ----------  --------------  -------------------
/app/dags/dynamic_spark_pipeline_dag.py                           1           0  0.19s           2026-03-22T22:39:27
================================================================================
[2026-03-22T22:39:54.932+0000] {manager.py:755} INFO - Searching for files in /app/dags
[2026-03-22T22:39:54.934+0000] {manager.py:758} INFO - There are 1 files in /app/dags
[2026-03-22T22:40:07.077+0000] {manager.py:887} INFO - 
================================================================================
DAG File Processing Stats

File Path                                PID    Runtime      # DAGs    # Errors  Last Runtime    Last Run
---------------------------------------  -----  ---------  --------  ----------  --------------  -------------------
/app/dags/dynamic_spark_pipeline_dag.py                           1           0  0.14s           2026-03-22T22:39:58
================================================================================
[2026-03-22T22:40:37.274+0000] {manager.py:887} INFO - 
================================================================================
DAG File Processing Stats

File Path                                PID    Runtime      # DAGs    # Errors  Last Runtime    Last Run
---------------------------------------  -----  ---------  --------  ----------  --------------  -------------------
/app/dags/dynamic_spark_pipeline_dag.py                           1           0  0.13s           2026-03-22T22:40:28
================================================================================
[2026-03-22T22:41:07.485+0000] {manager.py:887} INFO - 
================================================================================
DAG File Processing Stats

File Path                                PID    Runtime      # DAGs    # Errors  Last Runtime    Last Run
---------------------------------------  -----  ---------  --------  ----------  --------------  -------------------
/app/dags/dynamic_spark_pipeline_dag.py                           1           0  0.13s           2026-03-22T22:40:58
================================================================================
[2026-03-22T22:41:37.733+0000] {manager.py:887} INFO - 
================================================================================
DAG File Processing Stats

File Path                                PID    Runtime      # DAGs    # Errors  Last Runtime    Last Run
---------------------------------------  -----  ---------  --------  ----------  --------------  -------------------
/app/dags/dynamic_spark_pipeline_dag.py                           1           0  0.14s           2026-03-22T22:41:28
================================================================================
[2026-03-22T22:42:07.963+0000] {manager.py:887} INFO - 
================================================================================
DAG File Processing Stats

File Path                                PID    Runtime      # DAGs    # Errors  Last Runtime    Last Run
---------------------------------------  -----  ---------  --------  ----------  --------------  -------------------
/app/dags/dynamic_spark_pipeline_dag.py                           1           0  0.13s           2026-03-22T22:41:59
================================================================================
[2026-03-22T22:42:38.192+0000] {manager.py:887} INFO - 
================================================================================
DAG File Processing Stats

File Path                                PID    Runtime      # DAGs    # Errors  Last Runtime    Last Run
---------------------------------------  -----  ---------  --------  ----------  --------------  -------------------
/app/dags/dynamic_spark_pipeline_dag.py                           1           0  0.15s           2026-03-22T22:42:29
================================================================================
[2026-03-22T22:43:08.411+0000] {manager.py:887} INFO - 
================================================================================
DAG File Processing Stats

File Path                                PID    Runtime      # DAGs    # Errors  Last Runtime    Last Run
---------------------------------------  -----  ---------  --------  ----------  --------------  -------------------
/app/dags/dynamic_spark_pipeline_dag.py                           1           0  0.13s           2026-03-22T22:42:59
================================================================================
[2026-03-22T22:43:38.649+0000] {manager.py:887} INFO - 
================================================================================
DAG File Processing Stats

File Path                                PID    Runtime      # DAGs    # Errors  Last Runtime    Last Run
---------------------------------------  -----  ---------  --------  ----------  --------------  -------------------
/app/dags/dynamic_spark_pipeline_dag.py                           1           0  0.14s           2026-03-22T22:43:29
================================================================================
[2026-03-22T22:44:08.899+0000] {manager.py:887} INFO - 
================================================================================
DAG File Processing Stats

File Path                                PID    Runtime      # DAGs    # Errors  Last Runtime    Last Run
---------------------------------------  -----  ---------  --------  ----------  --------------  -------------------
/app/dags/dynamic_spark_pipeline_dag.py                           1           0  0.13s           2026-03-22T22:43:59
================================================================================
[2026-03-22T22:44:39.159+0000] {manager.py:887} INFO - 
================================================================================
DAG File Processing Stats

File Path                                PID    Runtime      # DAGs    # Errors  Last Runtime    Last Run
---------------------------------------  -----  ---------  --------  ----------  --------------  -------------------
/app/dags/dynamic_spark_pipeline_dag.py                           1           0  0.13s           2026-03-22T22:44:30
================================================================================
[2026-03-22T22:44:55.261+0000] {manager.py:755} INFO - Searching for files in /app/dags
[2026-03-22T22:44:55.262+0000] {manager.py:758} INFO - There are 1 files in /app/dags
[2026-03-22T22:45:09.377+0000] {manager.py:887} INFO - 
================================================================================
DAG File Processing Stats

File Path                                PID    Runtime      # DAGs    # Errors  Last Runtime    Last Run
---------------------------------------  -----  ---------  --------  ----------  --------------  -------------------
/app/dags/dynamic_spark_pipeline_dag.py                           1           0  0.12s           2026-03-22T22:45:00
================================================================================
[2026-03-22T22:45:39.626+0000] {manager.py:887} INFO - 
================================================================================
DAG File Processing Stats

File Path                                PID    Runtime      # DAGs    # Errors  Last Runtime    Last Run
---------------------------------------  -----  ---------  --------  ----------  --------------  -------------------
/app/dags/dynamic_spark_pipeline_dag.py                           1           0  0.15s           2026-03-22T22:45:30
================================================================================
[2026-03-22T22:46:09.832+0000] {manager.py:887} INFO - 
================================================================================
DAG File Processing Stats

File Path                                PID    Runtime      # DAGs    # Errors  Last Runtime    Last Run
---------------------------------------  -----  ---------  --------  ----------  --------------  -------------------
/app/dags/dynamic_spark_pipeline_dag.py                           1           0  0.15s           2026-03-22T22:46:00
================================================================================
[2026-03-22T22:46:40.102+0000] {manager.py:887} INFO - 
================================================================================
DAG File Processing Stats

File Path                                PID    Runtime      # DAGs    # Errors  Last Runtime    Last Run
---------------------------------------  -----  ---------  --------  ----------  --------------  -------------------
/app/dags/dynamic_spark_pipeline_dag.py                           1           0  0.18s           2026-03-22T22:46:31
================================================================================
[2026-03-22T22:47:10.310+0000] {manager.py:887} INFO - 
================================================================================
DAG File Processing Stats

File Path                                PID    Runtime      # DAGs    # Errors  Last Runtime    Last Run
---------------------------------------  -----  ---------  --------  ----------  --------------  -------------------
/app/dags/dynamic_spark_pipeline_dag.py                           1           0  0.14s           2026-03-22T22:47:01
================================================================================
[2026-03-22T22:47:40.529+0000] {manager.py:887} INFO - 
================================================================================
DAG File Processing Stats

File Path                                PID    Runtime      # DAGs    # Errors  Last Runtime    Last Run
---------------------------------------  -----  ---------  --------  ----------  --------------  -------------------
/app/dags/dynamic_spark_pipeline_dag.py                           1           0  0.12s           2026-03-22T22:47:31
================================================================================
[2026-03-22T22:48:10.701+0000] {manager.py:887} INFO - 
================================================================================
DAG File Processing Stats

File Path                                PID    Runtime      # DAGs    # Errors  Last Runtime    Last Run
---------------------------------------  -----  ---------  --------  ----------  --------------  -------------------
/app/dags/dynamic_spark_pipeline_dag.py                           1           0  0.13s           2026-03-22T22:48:01
================================================================================
[2026-03-22T22:48:40.958+0000] {manager.py:887} INFO - 
================================================================================
DAG File Processing Stats

File Path                                PID    Runtime      # DAGs    # Errors  Last Runtime    Last Run
---------------------------------------  -----  ---------  --------  ----------  --------------  -------------------
/app/dags/dynamic_spark_pipeline_dag.py                           1           0  0.15s           2026-03-22T22:48:31
================================================================================
[2026-03-22T22:49:11.175+0000] {manager.py:887} INFO - 
================================================================================
DAG File Processing Stats

File Path                                PID    Runtime      # DAGs    # Errors  Last Runtime    Last Run
---------------------------------------  -----  ---------  --------  ----------  --------------  -------------------
/app/dags/dynamic_spark_pipeline_dag.py                           1           0  0.34s           2026-03-22T22:49:02
================================================================================
[2026-03-22T22:49:41.645+0000] {manager.py:887} INFO - 
================================================================================
DAG File Processing Stats

File Path                                PID    Runtime      # DAGs    # Errors  Last Runtime    Last Run
---------------------------------------  -----  ---------  --------  ----------  --------------  -------------------
/app/dags/dynamic_spark_pipeline_dag.py                           1           0  0.11s           2026-03-22T22:49:32
================================================================================
[2026-03-22T22:49:55.727+0000] {manager.py:755} INFO - Searching for files in /app/dags
[2026-03-22T22:49:55.729+0000] {manager.py:758} INFO - There are 1 files in /app/dags
[2026-03-22T22:50:11.884+0000] {manager.py:887} INFO - 
================================================================================
DAG File Processing Stats

File Path                                PID    Runtime      # DAGs    # Errors  Last Runtime    Last Run
---------------------------------------  -----  ---------  --------  ----------  --------------  -------------------
/app/dags/dynamic_spark_pipeline_dag.py                           1           0  0.13s           2026-03-22T22:50:02
================================================================================
[2026-03-22T23:20:12.689+0000] {manager.py:487} INFO - Processing files using up to 2 processes at a time 
[2026-03-22T23:20:12.692+0000] {manager.py:488} INFO - Process each file at most once every 30 seconds
[2026-03-22T23:20:12.692+0000] {manager.py:489} INFO - Checking for new files in /app/dags every 300 seconds
[2026-03-22T23:20:12.692+0000] {manager.py:755} INFO - Searching for files in /app/dags
[2026-03-22T23:20:12.694+0000] {manager.py:758} INFO - There are 1 files in /app/dags
[2026-03-22T23:20:12.783+0000] {manager.py:887} INFO - 
================================================================================
DAG File Processing Stats

File Path                                  PID  Runtime      # DAGs    # Errors  Last Runtime    Last Run
---------------------------------------  -----  ---------  --------  ----------  --------------  ----------
/app/dags/dynamic_spark_pipeline_dag.py    162  0.03s             0           0
================================================================================
[2026-03-22T23:20:42.993+0000] {manager.py:887} INFO - 
================================================================================
DAG File Processing Stats

File Path                                  PID  Runtime      # DAGs    # Errors  Last Runtime    Last Run
---------------------------------------  -----  ---------  --------  ----------  --------------  -------------------
/app/dags/dynamic_spark_pipeline_dag.py    174  0.01s             1           0  0.18s           2026-03-22T23:20:12
================================================================================
[2026-03-22T23:21:13.299+0000] {manager.py:887} INFO - 
================================================================================
DAG File Processing Stats

File Path                                  PID  Runtime      # DAGs    # Errors  Last Runtime    Last Run
---------------------------------------  -----  ---------  --------  ----------  --------------  -------------------
/app/dags/dynamic_spark_pipeline_dag.py    185  0.00s             1           0  0.15s           2026-03-22T23:20:43
================================================================================
[2026-03-22T23:21:43.496+0000] {manager.py:887} INFO - 
================================================================================
DAG File Processing Stats

File Path                                PID    Runtime      # DAGs    # Errors  Last Runtime    Last Run
---------------------------------------  -----  ---------  --------  ----------  --------------  -------------------
/app/dags/dynamic_spark_pipeline_dag.py                           1           0  0.21s           2026-03-22T23:21:13
================================================================================
[2026-03-22T23:22:13.910+0000] {manager.py:887} INFO - 
================================================================================
DAG File Processing Stats

File Path                                  PID  Runtime      # DAGs    # Errors  Last Runtime    Last Run
---------------------------------------  -----  ---------  --------  ----------  --------------  -------------------
/app/dags/dynamic_spark_pipeline_dag.py    223  0.01s             1           0  0.15s           2026-03-22T23:21:43
================================================================================
[2026-03-22T23:22:44.220+0000] {manager.py:887} INFO - 
================================================================================
DAG File Processing Stats

File Path                                  PID  Runtime      # DAGs    # Errors  Last Runtime    Last Run
---------------------------------------  -----  ---------  --------  ----------  --------------  -------------------
/app/dags/dynamic_spark_pipeline_dag.py    234  0.01s             1           0  0.17s           2026-03-22T23:22:14
================================================================================
[2026-03-22T23:23:14.423+0000] {manager.py:887} INFO - 
================================================================================
DAG File Processing Stats

File Path                                  PID  Runtime      # DAGs    # Errors  Last Runtime    Last Run
---------------------------------------  -----  ---------  --------  ----------  --------------  -------------------
/app/dags/dynamic_spark_pipeline_dag.py    245  0.00s             1           0  0.15s           2026-03-22T23:22:44
================================================================================
[2026-03-22T23:23:44.678+0000] {manager.py:887} INFO - 
================================================================================
DAG File Processing Stats

File Path                                  PID  Runtime      # DAGs    # Errors  Last Runtime    Last Run
---------------------------------------  -----  ---------  --------  ----------  --------------  -------------------
/app/dags/dynamic_spark_pipeline_dag.py    256  0.01s             1           0  0.15s           2026-03-22T23:23:14
================================================================================
[2026-03-22T23:24:14.866+0000] {manager.py:887} INFO - 
================================================================================
DAG File Processing Stats

File Path                                  PID  Runtime      # DAGs    # Errors  Last Runtime    Last Run
---------------------------------------  -----  ---------  --------  ----------  --------------  -------------------
/app/dags/dynamic_spark_pipeline_dag.py    267  0.00s             1           0  0.15s           2026-03-22T23:23:44
================================================================================
[2026-03-22T23:24:45.178+0000] {manager.py:887} INFO - 
================================================================================
DAG File Processing Stats

File Path                                PID    Runtime      # DAGs    # Errors  Last Runtime    Last Run
---------------------------------------  -----  ---------  --------  ----------  --------------  -------------------
/app/dags/dynamic_spark_pipeline_dag.py                           1           0  0.55s           2026-03-22T23:24:38
================================================================================
[2026-03-22T23:25:12.782+0000] {manager.py:755} INFO - Searching for files in /app/dags
[2026-03-22T23:25:12.788+0000] {manager.py:758} INFO - There are 1 files in /app/dags
[2026-03-22T23:25:15.840+0000] {manager.py:887} INFO - 
================================================================================
DAG File Processing Stats

File Path                                PID    Runtime      # DAGs    # Errors  Last Runtime    Last Run
---------------------------------------  -----  ---------  --------  ----------  --------------  -------------------
/app/dags/dynamic_spark_pipeline_dag.py                           1           0  0.18s           2026-03-22T23:25:08
================================================================================
[2026-03-22T23:25:46.147+0000] {manager.py:887} INFO - 
================================================================================
DAG File Processing Stats

File Path                                PID    Runtime      # DAGs    # Errors  Last Runtime    Last Run
---------------------------------------  -----  ---------  --------  ----------  --------------  -------------------
/app/dags/dynamic_spark_pipeline_dag.py                           1           0  0.23s           2026-03-22T23:25:38
================================================================================
[2026-03-22T23:26:16.522+0000] {manager.py:887} INFO - 
================================================================================
DAG File Processing Stats

File Path                                PID    Runtime      # DAGs    # Errors  Last Runtime    Last Run
---------------------------------------  -----  ---------  --------  ----------  --------------  -------------------
/app/dags/dynamic_spark_pipeline_dag.py                           1           0  0.13s           2026-03-22T23:26:05
================================================================================
[2026-03-22T23:26:46.742+0000] {manager.py:887} INFO - 
================================================================================
DAG File Processing Stats

File Path                                PID    Runtime      # DAGs    # Errors  Last Runtime    Last Run
---------------------------------------  -----  ---------  --------  ----------  --------------  -------------------
/app/dags/dynamic_spark_pipeline_dag.py                           1           0  0.26s           2026-03-22T23:26:35
================================================================================
[2026-03-22T23:27:17.198+0000] {manager.py:887} INFO - 
================================================================================
DAG File Processing Stats

File Path                                PID    Runtime      # DAGs    # Errors  Last Runtime    Last Run
---------------------------------------  -----  ---------  --------  ----------  --------------  -------------------
/app/dags/dynamic_spark_pipeline_dag.py                           1           0  0.18s           2026-03-22T23:27:06
================================================================================
[2026-03-22T23:36:23.975+0000] {manager.py:487} INFO - Processing files using up to 2 processes at a time 
[2026-03-22T23:36:23.977+0000] {manager.py:488} INFO - Process each file at most once every 30 seconds
[2026-03-22T23:36:23.977+0000] {manager.py:489} INFO - Checking for new files in /app/dags every 300 seconds
[2026-03-22T23:36:23.978+0000] {manager.py:755} INFO - Searching for files in /app/dags
[2026-03-22T23:36:23.979+0000] {manager.py:758} INFO - There are 1 files in /app/dags
[2026-03-22T23:36:24.099+0000] {manager.py:887} INFO - 
================================================================================
DAG File Processing Stats

File Path                                  PID  Runtime      # DAGs    # Errors  Last Runtime    Last Run
---------------------------------------  -----  ---------  --------  ----------  --------------  ----------
/app/dags/dynamic_spark_pipeline_dag.py    162  0.05s             0           0
================================================================================
[2026-03-22T23:36:54.215+0000] {manager.py:887} INFO - 
================================================================================
DAG File Processing Stats

File Path                                PID    Runtime      # DAGs    # Errors  Last Runtime    Last Run
---------------------------------------  -----  ---------  --------  ----------  --------------  -------------------
/app/dags/dynamic_spark_pipeline_dag.py                           1           0  0.27s           2026-03-22T23:36:24
================================================================================
[2026-03-22T23:37:24.576+0000] {manager.py:887} INFO - 
================================================================================
DAG File Processing Stats

File Path                                PID    Runtime      # DAGs    # Errors  Last Runtime    Last Run
---------------------------------------  -----  ---------  --------  ----------  --------------  -------------------
/app/dags/dynamic_spark_pipeline_dag.py                           1           0  0.17s           2026-03-22T23:36:54
================================================================================
[2026-03-22T23:37:54.894+0000] {manager.py:887} INFO - 
================================================================================
DAG File Processing Stats

File Path                                PID    Runtime      # DAGs    # Errors  Last Runtime    Last Run
---------------------------------------  -----  ---------  --------  ----------  --------------  -------------------
/app/dags/dynamic_spark_pipeline_dag.py                           1           0  0.25s           2026-03-22T23:37:24
================================================================================
[2026-03-22T23:38:25.368+0000] {manager.py:887} INFO - 
================================================================================
DAG File Processing Stats

File Path                                  PID  Runtime      # DAGs    # Errors  Last Runtime    Last Run
---------------------------------------  -----  ---------  --------  ----------  --------------  -------------------
/app/dags/dynamic_spark_pipeline_dag.py    255  0.01s             1           0  0.16s           2026-03-22T23:37:55
================================================================================
[2026-03-22T23:38:55.668+0000] {manager.py:887} INFO - 
================================================================================
DAG File Processing Stats

File Path                                  PID  Runtime      # DAGs    # Errors  Last Runtime    Last Run
---------------------------------------  -----  ---------  --------  ----------  --------------  -------------------
/app/dags/dynamic_spark_pipeline_dag.py    312  0.01s             1           0  0.16s           2026-03-22T23:38:25
================================================================================
[2026-03-22T23:39:25.893+0000] {manager.py:887} INFO - 
================================================================================
DAG File Processing Stats

File Path                                  PID  Runtime      # DAGs    # Errors  Last Runtime    Last Run
---------------------------------------  -----  ---------  --------  ----------  --------------  -------------------
/app/dags/dynamic_spark_pipeline_dag.py    323  0.01s             1           0  0.19s           2026-03-22T23:38:55
================================================================================
[2026-03-22T23:39:56.237+0000] {manager.py:887} INFO - 
================================================================================
DAG File Processing Stats

File Path                                  PID  Runtime      # DAGs    # Errors  Last Runtime    Last Run
---------------------------------------  -----  ---------  --------  ----------  --------------  -------------------
/app/dags/dynamic_spark_pipeline_dag.py    334  0.01s             1           0  0.21s           2026-03-22T23:39:26
================================================================================
[2026-03-22T23:40:26.470+0000] {manager.py:887} INFO - 
================================================================================
DAG File Processing Stats

File Path                                  PID  Runtime      # DAGs    # Errors  Last Runtime    Last Run
---------------------------------------  -----  ---------  --------  ----------  --------------  -------------------
/app/dags/dynamic_spark_pipeline_dag.py    345  0.00s             1           0  0.18s           2026-03-22T23:39:56
================================================================================
[2026-03-22T23:40:56.790+0000] {manager.py:887} INFO - 
================================================================================
DAG File Processing Stats

File Path                                PID    Runtime      # DAGs    # Errors  Last Runtime    Last Run
---------------------------------------  -----  ---------  --------  ----------  --------------  -------------------
/app/dags/dynamic_spark_pipeline_dag.py                           1           0  0.57s           2026-03-22T23:40:27
================================================================================
[2026-03-22T23:41:24.354+0000] {manager.py:755} INFO - Searching for files in /app/dags
[2026-03-22T23:41:24.356+0000] {manager.py:758} INFO - There are 1 files in /app/dags
[2026-03-22T23:41:27.376+0000] {manager.py:887} INFO - 
================================================================================
DAG File Processing Stats

File Path                                PID    Runtime      # DAGs    # Errors  Last Runtime    Last Run
---------------------------------------  -----  ---------  --------  ----------  --------------  -------------------
/app/dags/dynamic_spark_pipeline_dag.py                           1           0  0.19s           2026-03-22T23:40:57
================================================================================
[2026-03-22T23:41:57.663+0000] {manager.py:887} INFO - 
================================================================================
DAG File Processing Stats

File Path                                PID    Runtime      # DAGs    # Errors  Last Runtime    Last Run
---------------------------------------  -----  ---------  --------  ----------  --------------  -------------------
/app/dags/dynamic_spark_pipeline_dag.py                           1           0  0.15s           2026-03-22T23:41:27
================================================================================
[2026-03-22T23:42:27.669+0000] {manager.py:887} INFO - 
================================================================================
DAG File Processing Stats

File Path                                PID    Runtime      # DAGs    # Errors  Last Runtime    Last Run
---------------------------------------  -----  ---------  --------  ----------  --------------  -------------------
/app/dags/dynamic_spark_pipeline_dag.py                           1           0  0.70s           2026-03-22T23:42:01
================================================================================
[2026-03-22T23:42:58.243+0000] {manager.py:887} INFO - 
================================================================================
DAG File Processing Stats

File Path                                PID    Runtime      # DAGs    # Errors  Last Runtime    Last Run
---------------------------------------  -----  ---------  --------  ----------  --------------  -------------------
/app/dags/dynamic_spark_pipeline_dag.py                           1           0  0.21s           2026-03-22T23:42:31
================================================================================
[2026-03-22T23:43:28.551+0000] {manager.py:887} INFO - 
================================================================================
DAG File Processing Stats

File Path                                PID    Runtime      # DAGs    # Errors  Last Runtime    Last Run
---------------------------------------  -----  ---------  --------  ----------  --------------  -------------------
/app/dags/dynamic_spark_pipeline_dag.py                           1           0  0.15s           2026-03-22T23:43:01
================================================================================
[2026-03-22T23:59:22.514+0000] {manager.py:487} INFO - Processing files using up to 2 processes at a time 
[2026-03-22T23:59:22.527+0000] {manager.py:488} INFO - Process each file at most once every 30 seconds
[2026-03-22T23:59:22.528+0000] {manager.py:489} INFO - Checking for new files in /app/dags every 300 seconds
[2026-03-22T23:59:22.528+0000] {manager.py:755} INFO - Searching for files in /app/dags
[2026-03-22T23:59:22.531+0000] {manager.py:758} INFO - There are 1 files in /app/dags
[2026-03-22T23:59:22.714+0000] {manager.py:887} INFO - 
================================================================================
DAG File Processing Stats

File Path                                  PID  Runtime      # DAGs    # Errors  Last Runtime    Last Run
---------------------------------------  -----  ---------  --------  ----------  --------------  ----------
/app/dags/dynamic_spark_pipeline_dag.py    163  0.04s             0           0
================================================================================
[2026-03-22T23:59:52.867+0000] {manager.py:887} INFO - 
================================================================================
DAG File Processing Stats

File Path                                PID    Runtime      # DAGs    # Errors  Last Runtime    Last Run
---------------------------------------  -----  ---------  --------  ----------  --------------  -------------------
/app/dags/dynamic_spark_pipeline_dag.py                           1           0  0.57s           2026-03-22T23:59:23
================================================================================
[2026-03-23T00:00:23.477+0000] {manager.py:887} INFO - 
================================================================================
DAG File Processing Stats

File Path                                PID    Runtime      # DAGs    # Errors  Last Runtime    Last Run
---------------------------------------  -----  ---------  --------  ----------  --------------  -------------------
/app/dags/dynamic_spark_pipeline_dag.py                           1           0  0.18s           2026-03-22T23:59:53
================================================================================
[2026-03-23T00:00:53.761+0000] {manager.py:887} INFO - 
================================================================================
DAG File Processing Stats

File Path                                PID    Runtime      # DAGs    # Errors  Last Runtime    Last Run
---------------------------------------  -----  ---------  --------  ----------  --------------  -------------------
/app/dags/dynamic_spark_pipeline_dag.py                           1           0  0.16s           2026-03-23T00:00:23
================================================================================
[2026-03-23T00:01:24.028+0000] {manager.py:887} INFO - 
================================================================================
DAG File Processing Stats

File Path                                PID    Runtime      # DAGs    # Errors  Last Runtime    Last Run
---------------------------------------  -----  ---------  --------  ----------  --------------  -------------------
/app/dags/dynamic_spark_pipeline_dag.py                           1           0  0.15s           2026-03-23T00:00:54
================================================================================
[2026-03-23T00:01:54.281+0000] {manager.py:887} INFO - 
================================================================================
DAG File Processing Stats

File Path                                PID    Runtime      # DAGs    # Errors  Last Runtime    Last Run
---------------------------------------  -----  ---------  --------  ----------  --------------  -------------------
/app/dags/dynamic_spark_pipeline_dag.py                           1           0  0.19s           2026-03-23T00:01:24
================================================================================
[2026-03-23T00:02:24.565+0000] {manager.py:887} INFO - 
================================================================================
DAG File Processing Stats

File Path                                PID    Runtime      # DAGs    # Errors  Last Runtime    Last Run
---------------------------------------  -----  ---------  --------  ----------  --------------  -------------------
/app/dags/dynamic_spark_pipeline_dag.py                           1           0  0.17s           2026-03-23T00:01:54
================================================================================
[2026-03-23T00:02:54.831+0000] {manager.py:887} INFO - 
================================================================================
DAG File Processing Stats

File Path                                PID    Runtime      # DAGs    # Errors  Last Runtime    Last Run
---------------------------------------  -----  ---------  --------  ----------  --------------  -------------------
/app/dags/dynamic_spark_pipeline_dag.py                           1           0  0.17s           2026-03-23T00:02:24
================================================================================
[2026-03-23T00:03:25.130+0000] {manager.py:887} INFO - 
================================================================================
DAG File Processing Stats

File Path                                PID    Runtime      # DAGs    # Errors  Last Runtime    Last Run
---------------------------------------  -----  ---------  --------  ----------  --------------  -------------------
/app/dags/dynamic_spark_pipeline_dag.py                           1           0  0.17s           2026-03-23T00:02:55
================================================================================
[2026-03-23T00:03:55.394+0000] {manager.py:887} INFO - 
================================================================================
DAG File Processing Stats

File Path                                PID    Runtime      # DAGs    # Errors  Last Runtime    Last Run
---------------------------------------  -----  ---------  --------  ----------  --------------  -------------------
/app/dags/dynamic_spark_pipeline_dag.py                           1           0  0.24s           2026-03-23T00:03:25
================================================================================
[2026-03-23T00:04:22.736+0000] {manager.py:755} INFO - Searching for files in /app/dags
[2026-03-23T00:04:22.737+0000] {manager.py:758} INFO - There are 1 files in /app/dags
[2026-03-23T00:04:25.762+0000] {manager.py:887} INFO - 
================================================================================
DAG File Processing Stats

File Path                                PID    Runtime      # DAGs    # Errors  Last Runtime    Last Run
---------------------------------------  -----  ---------  --------  ----------  --------------  -------------------
/app/dags/dynamic_spark_pipeline_dag.py                           1           0  0.17s           2026-03-23T00:03:55
================================================================================
[2026-03-23T00:04:56.035+0000] {manager.py:887} INFO - 
================================================================================
DAG File Processing Stats

File Path                                PID    Runtime      # DAGs    # Errors  Last Runtime    Last Run
---------------------------------------  -----  ---------  --------  ----------  --------------  -------------------
/app/dags/dynamic_spark_pipeline_dag.py                           1           0  0.20s           2026-03-23T00:04:26
================================================================================
[2026-03-23T00:05:26.346+0000] {manager.py:887} INFO - 
================================================================================
DAG File Processing Stats

File Path                                PID    Runtime      # DAGs    # Errors  Last Runtime    Last Run
---------------------------------------  -----  ---------  --------  ----------  --------------  -------------------
/app/dags/dynamic_spark_pipeline_dag.py                           1           0  0.21s           2026-03-23T00:04:56
================================================================================
[2026-03-23T00:05:56.675+0000] {manager.py:887} INFO - 
================================================================================
DAG File Processing Stats

File Path                                PID    Runtime      # DAGs    # Errors  Last Runtime    Last Run
---------------------------------------  -----  ---------  --------  ----------  --------------  -------------------
/app/dags/dynamic_spark_pipeline_dag.py                           1           0  0.16s           2026-03-23T00:05:26
================================================================================
[2026-03-23T00:06:26.964+0000] {manager.py:887} INFO - 
================================================================================
DAG File Processing Stats

File Path                                PID    Runtime      # DAGs    # Errors  Last Runtime    Last Run
---------------------------------------  -----  ---------  --------  ----------  --------------  -------------------
/app/dags/dynamic_spark_pipeline_dag.py                           1           0  0.17s           2026-03-23T00:05:57
================================================================================
[2026-03-23T00:06:57.240+0000] {manager.py:887} INFO - 
================================================================================
DAG File Processing Stats

File Path                                PID    Runtime      # DAGs    # Errors  Last Runtime    Last Run
---------------------------------------  -----  ---------  --------  ----------  --------------  -------------------
/app/dags/dynamic_spark_pipeline_dag.py                           1           0  0.18s           2026-03-23T00:06:27
================================================================================
[2026-03-23T00:07:27.529+0000] {manager.py:887} INFO - 
================================================================================
DAG File Processing Stats

File Path                                PID    Runtime      # DAGs    # Errors  Last Runtime    Last Run
---------------------------------------  -----  ---------  --------  ----------  --------------  -------------------
/app/dags/dynamic_spark_pipeline_dag.py                           1           0  0.23s           2026-03-23T00:06:57
================================================================================
[2026-03-23T00:07:50.976+0000] {manager.py:469} INFO - Exiting gracefully upon receiving signal 15
[2026-03-23T00:13:21.867+0000] {manager.py:487} INFO - Processing files using up to 2 processes at a time 
[2026-03-23T00:13:21.868+0000] {manager.py:488} INFO - Process each file at most once every 30 seconds
[2026-03-23T00:13:21.868+0000] {manager.py:489} INFO - Checking for new files in /app/dags every 300 seconds
[2026-03-23T00:13:21.868+0000] {manager.py:755} INFO - Searching for files in /app/dags
[2026-03-23T00:13:21.870+0000] {manager.py:758} INFO - There are 1 files in /app/dags
[2026-03-23T00:13:21.978+0000] {manager.py:887} INFO - 
================================================================================
DAG File Processing Stats

File Path                                  PID  Runtime      # DAGs    # Errors  Last Runtime    Last Run
---------------------------------------  -----  ---------  --------  ----------  --------------  ----------
/app/dags/dynamic_spark_pipeline_dag.py    162  0.04s             0           0
================================================================================
[2026-03-23T00:13:52.087+0000] {manager.py:887} INFO - 
================================================================================
DAG File Processing Stats

File Path                                PID    Runtime      # DAGs    # Errors  Last Runtime    Last Run
---------------------------------------  -----  ---------  --------  ----------  --------------  -------------------
/app/dags/dynamic_spark_pipeline_dag.py                           1           0  0.44s           2026-03-23T00:13:22
================================================================================
[2026-03-23T00:14:22.673+0000] {manager.py:887} INFO - 
================================================================================
DAG File Processing Stats

File Path                                  PID  Runtime      # DAGs    # Errors  Last Runtime    Last Run
---------------------------------------  -----  ---------  --------  ----------  --------------  -------------------
/app/dags/dynamic_spark_pipeline_dag.py    525  0.01s             1           0  0.14s           2026-03-23T00:13:52
================================================================================
[2026-03-23T00:14:53.000+0000] {manager.py:887} INFO - 
================================================================================
DAG File Processing Stats

File Path                                  PID  Runtime      # DAGs    # Errors  Last Runtime    Last Run
---------------------------------------  -----  ---------  --------  ----------  --------------  -------------------
/app/dags/dynamic_spark_pipeline_dag.py    550  0.01s             1           0  0.18s           2026-03-23T00:14:22
================================================================================
[2026-03-23T00:15:23.251+0000] {manager.py:887} INFO - 
================================================================================
DAG File Processing Stats

File Path                                  PID  Runtime      # DAGs    # Errors  Last Runtime    Last Run
---------------------------------------  -----  ---------  --------  ----------  --------------  -------------------
/app/dags/dynamic_spark_pipeline_dag.py    561  0.01s             1           0  0.17s           2026-03-23T00:14:53
================================================================================
[2026-03-23T00:15:53.552+0000] {manager.py:887} INFO - 
================================================================================
DAG File Processing Stats

File Path                                  PID  Runtime      # DAGs    # Errors  Last Runtime    Last Run
---------------------------------------  -----  ---------  --------  ----------  --------------  -------------------
/app/dags/dynamic_spark_pipeline_dag.py    572  0.01s             1           0  0.21s           2026-03-23T00:15:23
================================================================================
[2026-03-23T00:16:23.803+0000] {manager.py:887} INFO - 
================================================================================
DAG File Processing Stats

File Path                                  PID  Runtime      # DAGs    # Errors  Last Runtime    Last Run
---------------------------------------  -----  ---------  --------  ----------  --------------  -------------------
/app/dags/dynamic_spark_pipeline_dag.py    583  0.00s             1           0  0.19s           2026-03-23T00:15:53
================================================================================
[2026-03-23T00:16:54.124+0000] {manager.py:887} INFO - 
================================================================================
DAG File Processing Stats

File Path                                  PID  Runtime      # DAGs    # Errors  Last Runtime    Last Run
---------------------------------------  -----  ---------  --------  ----------  --------------  -------------------
/app/dags/dynamic_spark_pipeline_dag.py    594  0.01s             1           0  0.18s           2026-03-23T00:16:23
================================================================================
[2026-03-23T00:17:24.361+0000] {manager.py:887} INFO - 
================================================================================
DAG File Processing Stats

File Path                                  PID  Runtime      # DAGs    # Errors  Last Runtime    Last Run
---------------------------------------  -----  ---------  --------  ----------  --------------  -------------------
/app/dags/dynamic_spark_pipeline_dag.py    605  0.00s             1           0  0.15s           2026-03-23T00:16:54
================================================================================
[2026-03-23T00:17:54.679+0000] {manager.py:887} INFO - 
================================================================================
DAG File Processing Stats

File Path                                  PID  Runtime      # DAGs    # Errors  Last Runtime    Last Run
---------------------------------------  -----  ---------  --------  ----------  --------------  -------------------
/app/dags/dynamic_spark_pipeline_dag.py    610  0.01s             1           0  0.15s           2026-03-23T00:17:24
================================================================================
[2026-03-23T00:18:22.531+0000] {manager.py:755} INFO - Searching for files in /app/dags
[2026-03-23T00:18:22.532+0000] {manager.py:758} INFO - There are 1 files in /app/dags
[2026-03-23T00:18:24.838+0000] {manager.py:887} INFO - 
================================================================================
DAG File Processing Stats

File Path                                PID    Runtime      # DAGs    # Errors  Last Runtime    Last Run
---------------------------------------  -----  ---------  --------  ----------  --------------  -------------------
/app/dags/dynamic_spark_pipeline_dag.py                           1           0  0.71s           2026-03-23T00:17:55
================================================================================
[2026-03-23T00:18:54.920+0000] {manager.py:887} INFO - 
================================================================================
DAG File Processing Stats

File Path                                PID    Runtime      # DAGs    # Errors  Last Runtime    Last Run
---------------------------------------  -----  ---------  --------  ----------  --------------  -------------------
/app/dags/dynamic_spark_pipeline_dag.py                           1           0  0.18s           2026-03-23T00:18:25
================================================================================
[2026-03-23T00:19:25.109+0000] {manager.py:887} INFO - 
================================================================================
DAG File Processing Stats

File Path                                PID    Runtime      # DAGs    # Errors  Last Runtime    Last Run
---------------------------------------  -----  ---------  --------  ----------  --------------  -------------------
/app/dags/dynamic_spark_pipeline_dag.py                           1           0  0.19s           2026-03-23T00:18:55
================================================================================
[2026-03-23T00:19:55.398+0000] {manager.py:887} INFO - 
================================================================================
DAG File Processing Stats

File Path                                PID    Runtime      # DAGs    # Errors  Last Runtime    Last Run
---------------------------------------  -----  ---------  --------  ----------  --------------  -------------------
/app/dags/dynamic_spark_pipeline_dag.py                           1           0  0.26s           2026-03-23T00:19:26
================================================================================
[2026-03-23T00:20:25.609+0000] {manager.py:887} INFO - 
================================================================================
DAG File Processing Stats

File Path                                PID    Runtime      # DAGs    # Errors  Last Runtime    Last Run
---------------------------------------  -----  ---------  --------  ----------  --------------  -------------------
/app/dags/dynamic_spark_pipeline_dag.py                           1           0  0.18s           2026-03-23T00:19:56
================================================================================
[2026-03-23T00:20:55.952+0000] {manager.py:887} INFO - 
================================================================================
DAG File Processing Stats

File Path                                PID    Runtime      # DAGs    # Errors  Last Runtime    Last Run
---------------------------------------  -----  ---------  --------  ----------  --------------  -------------------
/app/dags/dynamic_spark_pipeline_dag.py                           1           0  0.18s           2026-03-23T00:20:26
================================================================================
[2026-03-23T00:21:26.168+0000] {manager.py:887} INFO - 
================================================================================
DAG File Processing Stats

File Path                                PID    Runtime      # DAGs    # Errors  Last Runtime    Last Run
---------------------------------------  -----  ---------  --------  ----------  --------------  -------------------
/app/dags/dynamic_spark_pipeline_dag.py                           1           0  0.16s           2026-03-23T00:20:57
================================================================================
[2026-03-23T00:21:56.541+0000] {manager.py:887} INFO - 
================================================================================
DAG File Processing Stats

File Path                                PID    Runtime      # DAGs    # Errors  Last Runtime    Last Run
---------------------------------------  -----  ---------  --------  ----------  --------------  -------------------
/app/dags/dynamic_spark_pipeline_dag.py                           1           0  0.52s           2026-03-23T00:21:42
================================================================================
[2026-03-23T00:22:27.120+0000] {manager.py:887} INFO - 
================================================================================
DAG File Processing Stats

File Path                                PID    Runtime      # DAGs    # Errors  Last Runtime    Last Run
---------------------------------------  -----  ---------  --------  ----------  --------------  -------------------
/app/dags/dynamic_spark_pipeline_dag.py                           1           0  0.17s           2026-03-23T00:22:13
================================================================================
[2026-03-23T00:22:57.491+0000] {manager.py:887} INFO - 
================================================================================
DAG File Processing Stats

File Path                                PID    Runtime      # DAGs    # Errors  Last Runtime    Last Run
---------------------------------------  -----  ---------  --------  ----------  --------------  -------------------
/app/dags/dynamic_spark_pipeline_dag.py                           1           0  0.18s           2026-03-23T00:22:46
================================================================================
[2026-03-23T00:30:50.952+0000] {manager.py:487} INFO - Processing files using up to 2 processes at a time 
[2026-03-23T00:30:50.953+0000] {manager.py:488} INFO - Process each file at most once every 30 seconds
[2026-03-23T00:30:50.953+0000] {manager.py:489} INFO - Checking for new files in /app/dags every 300 seconds
[2026-03-23T00:30:50.953+0000] {manager.py:755} INFO - Searching for files in /app/dags
[2026-03-23T00:30:50.955+0000] {manager.py:758} INFO - There are 1 files in /app/dags
[2026-03-23T00:30:51.068+0000] {manager.py:887} INFO - 
================================================================================
DAG File Processing Stats

File Path                                  PID  Runtime      # DAGs    # Errors  Last Runtime    Last Run
---------------------------------------  -----  ---------  --------  ----------  --------------  ----------
/app/dags/dynamic_spark_pipeline_dag.py    162  0.04s             0           0
================================================================================
[2026-03-23T00:31:21.207+0000] {manager.py:887} INFO - 
================================================================================
DAG File Processing Stats

File Path                                PID    Runtime      # DAGs    # Errors  Last Runtime    Last Run
---------------------------------------  -----  ---------  --------  ----------  --------------  -------------------
/app/dags/dynamic_spark_pipeline_dag.py                           1           0  0.23s           2026-03-23T00:30:51
================================================================================
[2026-03-23T00:31:51.554+0000] {manager.py:887} INFO - 
================================================================================
DAG File Processing Stats

File Path                                  PID  Runtime      # DAGs    # Errors  Last Runtime    Last Run
---------------------------------------  -----  ---------  --------  ----------  --------------  -------------------
/app/dags/dynamic_spark_pipeline_dag.py    543  0.01s             1           0  0.14s           2026-03-23T00:31:21
================================================================================
[2026-03-23T00:32:07.840+0000] {manager.py:469} INFO - Exiting gracefully upon receiving signal 15
[2026-03-23T00:33:46.560+0000] {manager.py:487} INFO - Processing files using up to 2 processes at a time 
[2026-03-23T00:33:46.560+0000] {manager.py:488} INFO - Process each file at most once every 30 seconds
[2026-03-23T00:33:46.561+0000] {manager.py:489} INFO - Checking for new files in /app/dags every 300 seconds
[2026-03-23T00:33:46.561+0000] {manager.py:755} INFO - Searching for files in /app/dags
[2026-03-23T00:33:46.562+0000] {manager.py:758} INFO - There are 1 files in /app/dags
[2026-03-23T00:33:46.681+0000] {manager.py:887} INFO - 
================================================================================
DAG File Processing Stats

File Path                                  PID  Runtime      # DAGs    # Errors  Last Runtime    Last Run
---------------------------------------  -----  ---------  --------  ----------  --------------  ----------
/app/dags/dynamic_spark_pipeline_dag.py    162  0.04s             0           0
================================================================================
[2026-03-23T00:34:16.791+0000] {manager.py:887} INFO - 
================================================================================
DAG File Processing Stats

File Path                                PID    Runtime      # DAGs    # Errors  Last Runtime    Last Run
---------------------------------------  -----  ---------  --------  ----------  --------------  -------------------
/app/dags/dynamic_spark_pipeline_dag.py                           1           0  0.44s           2026-03-23T00:33:47
================================================================================
[2026-03-23T00:34:47.363+0000] {manager.py:887} INFO - 
================================================================================
DAG File Processing Stats

File Path                                PID    Runtime      # DAGs    # Errors  Last Runtime    Last Run
---------------------------------------  -----  ---------  --------  ----------  --------------  -------------------
/app/dags/dynamic_spark_pipeline_dag.py                           1           0  0.17s           2026-03-23T00:34:17
================================================================================
[2026-03-23T00:35:17.725+0000] {manager.py:887} INFO - 
================================================================================
DAG File Processing Stats

File Path                                PID    Runtime      # DAGs    # Errors  Last Runtime    Last Run
---------------------------------------  -----  ---------  --------  ----------  --------------  -------------------
/app/dags/dynamic_spark_pipeline_dag.py                           1           0  0.26s           2026-03-23T00:34:47
================================================================================
[2026-03-23T00:36:56.213+0000] {manager.py:487} INFO - Processing files using up to 2 processes at a time 
[2026-03-23T00:36:56.214+0000] {manager.py:488} INFO - Process each file at most once every 30 seconds
[2026-03-23T00:36:56.214+0000] {manager.py:489} INFO - Checking for new files in /app/dags every 300 seconds
[2026-03-23T00:36:56.214+0000] {manager.py:755} INFO - Searching for files in /app/dags
[2026-03-23T00:36:56.216+0000] {manager.py:758} INFO - There are 1 files in /app/dags
[2026-03-23T00:36:56.306+0000] {manager.py:887} INFO - 
================================================================================
DAG File Processing Stats

File Path                                  PID  Runtime      # DAGs    # Errors  Last Runtime    Last Run
---------------------------------------  -----  ---------  --------  ----------  --------------  ----------
/app/dags/dynamic_spark_pipeline_dag.py    162  0.03s             0           0
================================================================================
[2026-03-23T00:37:26.426+0000] {manager.py:887} INFO - 
================================================================================
DAG File Processing Stats

File Path                                PID    Runtime      # DAGs    # Errors  Last Runtime    Last Run
---------------------------------------  -----  ---------  --------  ----------  --------------  -------------------
/app/dags/dynamic_spark_pipeline_dag.py                           1           0  0.44s           2026-03-23T00:36:56
================================================================================
[2026-03-23T00:37:57.006+0000] {manager.py:887} INFO - 
================================================================================
DAG File Processing Stats

File Path                                PID    Runtime      # DAGs    # Errors  Last Runtime    Last Run
---------------------------------------  -----  ---------  --------  ----------  --------------  -------------------
/app/dags/dynamic_spark_pipeline_dag.py                           1           0  0.24s           2026-03-23T00:37:27
================================================================================
[2026-03-23T00:38:27.440+0000] {manager.py:887} INFO - 
================================================================================
DAG File Processing Stats

File Path                                  PID  Runtime      # DAGs    # Errors  Last Runtime    Last Run
---------------------------------------  -----  ---------  --------  ----------  --------------  -------------------
/app/dags/dynamic_spark_pipeline_dag.py    196  0.01s             1           0  0.15s           2026-03-23T00:37:57
================================================================================
[2026-03-23T00:38:57.738+0000] {manager.py:887} INFO - 
================================================================================
DAG File Processing Stats

File Path                                  PID  Runtime      # DAGs    # Errors  Last Runtime    Last Run
---------------------------------------  -----  ---------  --------  ----------  --------------  -------------------
/app/dags/dynamic_spark_pipeline_dag.py    207  0.01s             1           0  0.17s           2026-03-23T00:38:27
================================================================================
[2026-03-23T00:39:27.892+0000] {manager.py:887} INFO - 
================================================================================
DAG File Processing Stats

File Path                                PID    Runtime      # DAGs    # Errors  Last Runtime    Last Run
---------------------------------------  -----  ---------  --------  ----------  --------------  -------------------
/app/dags/dynamic_spark_pipeline_dag.py                           1           0  0.22s           2026-03-23T00:38:57
================================================================================
[2026-03-23T00:39:58.385+0000] {manager.py:887} INFO - 
================================================================================
DAG File Processing Stats

File Path                                PID    Runtime      # DAGs    # Errors  Last Runtime    Last Run
---------------------------------------  -----  ---------  --------  ----------  --------------  -------------------
/app/dags/dynamic_spark_pipeline_dag.py                           1           0  0.39s           2026-03-23T00:39:55
================================================================================
[2026-03-23T00:40:12.247+0000] {manager.py:469} INFO - Exiting gracefully upon receiving signal 15
[2026-03-23T00:47:22.287+0000] {manager.py:487} INFO - Processing files using up to 2 processes at a time 
[2026-03-23T00:47:22.289+0000] {manager.py:488} INFO - Process each file at most once every 30 seconds
[2026-03-23T00:47:22.290+0000] {manager.py:489} INFO - Checking for new files in /app/dags every 300 seconds
[2026-03-23T00:47:22.290+0000] {manager.py:755} INFO - Searching for files in /app/dags
[2026-03-23T00:47:22.291+0000] {manager.py:758} INFO - There are 1 files in /app/dags
[2026-03-23T00:47:22.406+0000] {manager.py:887} INFO - 
================================================================================
DAG File Processing Stats

File Path                                  PID  Runtime      # DAGs    # Errors  Last Runtime    Last Run
---------------------------------------  -----  ---------  --------  ----------  --------------  ----------
/app/dags/dynamic_spark_pipeline_dag.py    162  0.04s             0           0
================================================================================
[2026-03-23T00:47:52.551+0000] {manager.py:887} INFO - 
================================================================================
DAG File Processing Stats

File Path                                PID    Runtime      # DAGs    # Errors  Last Runtime    Last Run
---------------------------------------  -----  ---------  --------  ----------  --------------  -------------------
/app/dags/dynamic_spark_pipeline_dag.py                           1           0  0.53s           2026-03-23T00:47:22
================================================================================
[2026-03-23T00:47:54.893+0000] {manager.py:469} INFO - Exiting gracefully upon receiving signal 15
[2026-03-23T00:52:17.946+0000] {manager.py:487} INFO - Processing files using up to 2 processes at a time 
[2026-03-23T00:52:17.949+0000] {manager.py:488} INFO - Process each file at most once every 30 seconds
[2026-03-23T00:52:17.950+0000] {manager.py:489} INFO - Checking for new files in /app/dags every 300 seconds
[2026-03-23T00:52:17.950+0000] {manager.py:755} INFO - Searching for files in /app/dags
[2026-03-23T00:52:17.952+0000] {manager.py:758} INFO - There are 1 files in /app/dags
[2026-03-23T00:52:18.064+0000] {manager.py:887} INFO - 
================================================================================
DAG File Processing Stats

File Path                                  PID  Runtime      # DAGs    # Errors  Last Runtime    Last Run
---------------------------------------  -----  ---------  --------  ----------  --------------  ----------
/app/dags/dynamic_spark_pipeline_dag.py    162  0.04s             0           0
================================================================================
[2026-03-23T00:52:48.208+0000] {manager.py:887} INFO - 
================================================================================
DAG File Processing Stats

File Path                                PID    Runtime      # DAGs    # Errors  Last Runtime    Last Run
---------------------------------------  -----  ---------  --------  ----------  --------------  -------------------
/app/dags/dynamic_spark_pipeline_dag.py                           1           0  0.25s           2026-03-23T00:52:18
================================================================================
[2026-03-23T00:53:18.568+0000] {manager.py:887} INFO - 
================================================================================
DAG File Processing Stats

File Path                                PID    Runtime      # DAGs    # Errors  Last Runtime    Last Run
---------------------------------------  -----  ---------  --------  ----------  --------------  -------------------
/app/dags/dynamic_spark_pipeline_dag.py                           1           0  0.51s           2026-03-23T00:52:48
================================================================================
[2026-03-23T00:53:49.208+0000] {manager.py:887} INFO - 
================================================================================
DAG File Processing Stats

File Path                                PID    Runtime      # DAGs    # Errors  Last Runtime    Last Run
---------------------------------------  -----  ---------  --------  ----------  --------------  -------------------
/app/dags/dynamic_spark_pipeline_dag.py                           1           0  0.28s           2026-03-23T00:53:19
================================================================================
[2026-03-23T00:54:19.606+0000] {manager.py:887} INFO - 
================================================================================
DAG File Processing Stats

File Path                                PID    Runtime      # DAGs    # Errors  Last Runtime    Last Run
---------------------------------------  -----  ---------  --------  ----------  --------------  -------------------
/app/dags/dynamic_spark_pipeline_dag.py                           1           0  0.22s           2026-03-23T00:53:49
================================================================================
[2026-03-23T00:54:49.950+0000] {manager.py:887} INFO - 
================================================================================
DAG File Processing Stats

File Path                                PID    Runtime      # DAGs    # Errors  Last Runtime    Last Run
---------------------------------------  -----  ---------  --------  ----------  --------------  -------------------
/app/dags/dynamic_spark_pipeline_dag.py                           1           0  0.15s           2026-03-23T00:54:19
================================================================================
[2026-03-23T00:55:20.212+0000] {manager.py:887} INFO - 
================================================================================
DAG File Processing Stats

File Path                                PID    Runtime      # DAGs    # Errors  Last Runtime    Last Run
---------------------------------------  -----  ---------  --------  ----------  --------------  -------------------
/app/dags/dynamic_spark_pipeline_dag.py                           1           0  0.19s           2026-03-23T00:54:50
================================================================================
[2026-03-23T00:55:50.508+0000] {manager.py:887} INFO - 
================================================================================
DAG File Processing Stats

File Path                                PID    Runtime      # DAGs    # Errors  Last Runtime    Last Run
---------------------------------------  -----  ---------  --------  ----------  --------------  -------------------
/app/dags/dynamic_spark_pipeline_dag.py                           1           0  0.17s           2026-03-23T00:55:20
================================================================================
[2026-03-23T00:56:20.792+0000] {manager.py:887} INFO - 
================================================================================
DAG File Processing Stats

File Path                                PID    Runtime      # DAGs    # Errors  Last Runtime    Last Run
---------------------------------------  -----  ---------  --------  ----------  --------------  -------------------
/app/dags/dynamic_spark_pipeline_dag.py                           1           0  0.17s           2026-03-23T00:55:50
================================================================================
[2026-03-23T00:56:51.064+0000] {manager.py:887} INFO - 
================================================================================
DAG File Processing Stats

File Path                                PID    Runtime      # DAGs    # Errors  Last Runtime    Last Run
---------------------------------------  -----  ---------  --------  ----------  --------------  -------------------
/app/dags/dynamic_spark_pipeline_dag.py                           1           0  0.19s           2026-03-23T00:56:21
================================================================================
[2026-03-23T00:57:18.348+0000] {manager.py:755} INFO - Searching for files in /app/dags
[2026-03-23T00:57:18.350+0000] {manager.py:758} INFO - There are 1 files in /app/dags
[2026-03-23T00:57:21.375+0000] {manager.py:887} INFO - 
================================================================================
DAG File Processing Stats

File Path                                PID    Runtime      # DAGs    # Errors  Last Runtime    Last Run
---------------------------------------  -----  ---------  --------  ----------  --------------  -------------------
/app/dags/dynamic_spark_pipeline_dag.py                           1           0  0.22s           2026-03-23T00:56:51
================================================================================
[2026-03-23T00:57:51.432+0000] {manager.py:887} INFO - 
================================================================================
DAG File Processing Stats

File Path                                PID    Runtime      # DAGs    # Errors  Last Runtime    Last Run
---------------------------------------  -----  ---------  --------  ----------  --------------  -------------------
/app/dags/dynamic_spark_pipeline_dag.py                           1           0  0.75s           2026-03-23T00:57:22
================================================================================
[2026-03-23T00:58:21.556+0000] {manager.py:887} INFO - 
================================================================================
DAG File Processing Stats

File Path                                PID    Runtime      # DAGs    # Errors  Last Runtime    Last Run
---------------------------------------  -----  ---------  --------  ----------  --------------  -------------------
/app/dags/dynamic_spark_pipeline_dag.py                           1           0  0.16s           2026-03-23T00:57:52
================================================================================
[2026-03-23T00:58:51.813+0000] {manager.py:887} INFO - 
================================================================================
DAG File Processing Stats

File Path                                PID    Runtime      # DAGs    # Errors  Last Runtime    Last Run
---------------------------------------  -----  ---------  --------  ----------  --------------  -------------------
/app/dags/dynamic_spark_pipeline_dag.py                           1           0  0.14s           2026-03-23T00:58:22
================================================================================
[2026-03-23T00:59:22.129+0000] {manager.py:887} INFO - 
================================================================================
DAG File Processing Stats

File Path                                PID    Runtime      # DAGs    # Errors  Last Runtime    Last Run
---------------------------------------  -----  ---------  --------  ----------  --------------  -------------------
/app/dags/dynamic_spark_pipeline_dag.py                           1           0  0.32s           2026-03-23T00:58:53
================================================================================
[2026-03-23T00:59:52.591+0000] {manager.py:887} INFO - 
================================================================================
DAG File Processing Stats

File Path                                PID    Runtime      # DAGs    # Errors  Last Runtime    Last Run
---------------------------------------  -----  ---------  --------  ----------  --------------  -------------------
/app/dags/dynamic_spark_pipeline_dag.py                           1           0  0.15s           2026-03-23T00:59:23
================================================================================
[2026-03-23T01:00:22.868+0000] {manager.py:887} INFO - 
================================================================================
DAG File Processing Stats

File Path                                PID    Runtime      # DAGs    # Errors  Last Runtime    Last Run
---------------------------------------  -----  ---------  --------  ----------  --------------  -------------------
/app/dags/dynamic_spark_pipeline_dag.py                           1           0  0.15s           2026-03-23T00:59:53
================================================================================
[2026-03-23T01:00:26.368+0000] {manager.py:469} INFO - Exiting gracefully upon receiving signal 15
[2026-03-23T01:02:02.955+0000] {manager.py:487} INFO - Processing files using up to 2 processes at a time 
[2026-03-23T01:02:02.958+0000] {manager.py:488} INFO - Process each file at most once every 30 seconds
[2026-03-23T01:02:02.958+0000] {manager.py:489} INFO - Checking for new files in /app/dags every 300 seconds
[2026-03-23T01:02:02.958+0000] {manager.py:755} INFO - Searching for files in /app/dags
[2026-03-23T01:02:02.960+0000] {manager.py:758} INFO - There are 1 files in /app/dags
[2026-03-23T01:02:03.054+0000] {manager.py:887} INFO - 
================================================================================
DAG File Processing Stats

File Path                                  PID  Runtime      # DAGs    # Errors  Last Runtime    Last Run
---------------------------------------  -----  ---------  --------  ----------  --------------  ----------
/app/dags/dynamic_spark_pipeline_dag.py    162  0.03s             0           0
================================================================================
[2026-03-23T01:02:33.176+0000] {manager.py:887} INFO - 
================================================================================
DAG File Processing Stats

File Path                                PID    Runtime      # DAGs    # Errors  Last Runtime    Last Run
---------------------------------------  -----  ---------  --------  ----------  --------------  -------------------
/app/dags/dynamic_spark_pipeline_dag.py                           1           0  0.44s           2026-03-23T01:02:03
================================================================================
[2026-03-23T01:03:03.750+0000] {manager.py:887} INFO - 
================================================================================
DAG File Processing Stats

File Path                                  PID  Runtime      # DAGs    # Errors  Last Runtime    Last Run
---------------------------------------  -----  ---------  --------  ----------  --------------  -------------------
/app/dags/dynamic_spark_pipeline_dag.py    185  0.01s             1           0  0.14s           2026-03-23T01:02:33
================================================================================
[2026-03-23T01:03:34.038+0000] {manager.py:887} INFO - 
================================================================================
DAG File Processing Stats

File Path                                  PID  Runtime      # DAGs    # Errors  Last Runtime    Last Run
---------------------------------------  -----  ---------  --------  ----------  --------------  -------------------
/app/dags/dynamic_spark_pipeline_dag.py    494  0.01s             1           0  0.17s           2026-03-23T01:03:03
================================================================================
[2026-03-23T01:04:04.255+0000] {manager.py:887} INFO - 
================================================================================
DAG File Processing Stats

File Path                                  PID  Runtime      # DAGs    # Errors  Last Runtime    Last Run
---------------------------------------  -----  ---------  --------  ----------  --------------  -------------------
/app/dags/dynamic_spark_pipeline_dag.py    758  0.01s             1           0  0.21s           2026-03-23T01:03:34
================================================================================
[2026-03-23T01:04:34.550+0000] {manager.py:887} INFO - 
================================================================================
DAG File Processing Stats

File Path                                  PID  Runtime      # DAGs    # Errors  Last Runtime    Last Run
---------------------------------------  -----  ---------  --------  ----------  --------------  -------------------
/app/dags/dynamic_spark_pipeline_dag.py    965  0.01s             1           0  0.20s           2026-03-23T01:04:04
================================================================================
[2026-03-23T01:05:04.784+0000] {manager.py:887} INFO - 
================================================================================
DAG File Processing Stats

File Path                                  PID  Runtime      # DAGs    # Errors  Last Runtime    Last Run
---------------------------------------  -----  ---------  --------  ----------  --------------  -------------------
/app/dags/dynamic_spark_pipeline_dag.py    976  0.01s             1           0  0.19s           2026-03-23T01:04:34
================================================================================
[2026-03-23T01:05:34.898+0000] {manager.py:887} INFO - 
================================================================================
DAG File Processing Stats

File Path                                PID    Runtime      # DAGs    # Errors  Last Runtime    Last Run
---------------------------------------  -----  ---------  --------  ----------  --------------  -------------------
/app/dags/dynamic_spark_pipeline_dag.py                           1           0  0.96s           2026-03-23T01:05:05
================================================================================
[2026-03-23T01:06:05.207+0000] {manager.py:887} INFO - 
================================================================================
DAG File Processing Stats

File Path                                PID    Runtime      # DAGs    # Errors  Last Runtime    Last Run
---------------------------------------  -----  ---------  --------  ----------  --------------  -------------------
/app/dags/dynamic_spark_pipeline_dag.py                           1           0  0.16s           2026-03-23T01:05:36
================================================================================
[2026-03-23T01:06:35.330+0000] {manager.py:887} INFO - 
================================================================================
DAG File Processing Stats

File Path                                PID    Runtime      # DAGs    # Errors  Last Runtime    Last Run
---------------------------------------  -----  ---------  --------  ----------  --------------  -------------------
/app/dags/dynamic_spark_pipeline_dag.py                           1           0  0.18s           2026-03-23T01:06:06
================================================================================
[2026-03-23T01:07:03.621+0000] {manager.py:755} INFO - Searching for files in /app/dags
[2026-03-23T01:07:03.625+0000] {manager.py:758} INFO - There are 1 files in /app/dags
[2026-03-23T01:07:05.645+0000] {manager.py:887} INFO - 
================================================================================
DAG File Processing Stats

File Path                                PID    Runtime      # DAGs    # Errors  Last Runtime    Last Run
---------------------------------------  -----  ---------  --------  ----------  --------------  -------------------
/app/dags/dynamic_spark_pipeline_dag.py                           1           0  0.31s           2026-03-23T01:06:36
================================================================================
[2026-03-23T01:07:36.068+0000] {manager.py:887} INFO - 
================================================================================
DAG File Processing Stats

File Path                                PID    Runtime      # DAGs    # Errors  Last Runtime    Last Run
---------------------------------------  -----  ---------  --------  ----------  --------------  -------------------
/app/dags/dynamic_spark_pipeline_dag.py                           1           0  0.17s           2026-03-23T01:07:07
================================================================================
[2026-03-23T01:08:06.338+0000] {manager.py:887} INFO - 
================================================================================
DAG File Processing Stats

File Path                                PID    Runtime      # DAGs    # Errors  Last Runtime    Last Run
---------------------------------------  -----  ---------  --------  ----------  --------------  -------------------
/app/dags/dynamic_spark_pipeline_dag.py                           1           0  0.21s           2026-03-23T01:07:37
================================================================================
[2026-03-23T01:08:36.690+0000] {manager.py:887} INFO - 
================================================================================
DAG File Processing Stats

File Path                                PID    Runtime      # DAGs    # Errors  Last Runtime    Last Run
---------------------------------------  -----  ---------  --------  ----------  --------------  -------------------
/app/dags/dynamic_spark_pipeline_dag.py                           1           0  0.17s           2026-03-23T01:08:07
================================================================================
[2026-03-23T01:09:07.073+0000] {manager.py:887} INFO - 
================================================================================
DAG File Processing Stats

File Path                                PID    Runtime      # DAGs    # Errors  Last Runtime    Last Run
---------------------------------------  -----  ---------  --------  ----------  --------------  -------------------
/app/dags/dynamic_spark_pipeline_dag.py                           1           0  0.22s           2026-03-23T01:08:38
================================================================================
[2026-03-23T01:09:37.454+0000] {manager.py:887} INFO - 
================================================================================
DAG File Processing Stats

File Path                                PID    Runtime      # DAGs    # Errors  Last Runtime    Last Run
---------------------------------------  -----  ---------  --------  ----------  --------------  -------------------
/app/dags/dynamic_spark_pipeline_dag.py                           1           0  0.16s           2026-03-23T01:09:08
================================================================================
[2026-03-23T01:10:07.785+0000] {manager.py:887} INFO - 
================================================================================
DAG File Processing Stats

File Path                                PID    Runtime      # DAGs    # Errors  Last Runtime    Last Run
---------------------------------------  -----  ---------  --------  ----------  --------------  -------------------
/app/dags/dynamic_spark_pipeline_dag.py                           1           0  0.15s           2026-03-23T01:09:38
================================================================================
[2026-03-23T01:10:37.961+0000] {manager.py:887} INFO - 
================================================================================
DAG File Processing Stats

File Path                                PID    Runtime      # DAGs    # Errors  Last Runtime    Last Run
---------------------------------------  -----  ---------  --------  ----------  --------------  -------------------
/app/dags/dynamic_spark_pipeline_dag.py                           1           0  0.15s           2026-03-23T01:10:08
================================================================================
[2026-03-23T01:11:08.236+0000] {manager.py:887} INFO - 
================================================================================
DAG File Processing Stats

File Path                                PID    Runtime      # DAGs    # Errors  Last Runtime    Last Run
---------------------------------------  -----  ---------  --------  ----------  --------------  -------------------
/app/dags/dynamic_spark_pipeline_dag.py                           1           0  0.17s           2026-03-23T01:10:39
================================================================================
[2026-03-23T01:11:38.452+0000] {manager.py:887} INFO - 
================================================================================
DAG File Processing Stats

File Path                                PID    Runtime      # DAGs    # Errors  Last Runtime    Last Run
---------------------------------------  -----  ---------  --------  ----------  --------------  -------------------
/app/dags/dynamic_spark_pipeline_dag.py                           1           0  0.18s           2026-03-23T01:11:09
================================================================================
[2026-03-23T01:12:03.707+0000] {manager.py:755} INFO - Searching for files in /app/dags
[2026-03-23T01:12:03.713+0000] {manager.py:758} INFO - There are 1 files in /app/dags
[2026-03-23T01:12:08.776+0000] {manager.py:887} INFO - 
================================================================================
DAG File Processing Stats

File Path                                PID    Runtime      # DAGs    # Errors  Last Runtime    Last Run
---------------------------------------  -----  ---------  --------  ----------  --------------  -------------------
/app/dags/dynamic_spark_pipeline_dag.py                           1           0  0.15s           2026-03-23T01:11:39
================================================================================
[2026-03-23T01:12:39.008+0000] {manager.py:887} INFO - 
================================================================================
DAG File Processing Stats

File Path                                PID    Runtime      # DAGs    # Errors  Last Runtime    Last Run
---------------------------------------  -----  ---------  --------  ----------  --------------  -------------------
/app/dags/dynamic_spark_pipeline_dag.py                           1           0  0.16s           2026-03-23T01:12:09
================================================================================
[2026-03-23T01:23:49.219+0000] {manager.py:487} INFO - Processing files using up to 2 processes at a time 
[2026-03-23T01:23:49.219+0000] {manager.py:488} INFO - Process each file at most once every 30 seconds
[2026-03-23T01:23:49.219+0000] {manager.py:489} INFO - Checking for new files in /app/dags every 300 seconds
[2026-03-23T01:23:49.219+0000] {manager.py:755} INFO - Searching for files in /app/dags
[2026-03-23T01:23:49.221+0000] {manager.py:758} INFO - There are 1 files in /app/dags
[2026-03-23T01:23:49.325+0000] {manager.py:887} INFO - 
================================================================================
DAG File Processing Stats

File Path                                  PID  Runtime      # DAGs    # Errors  Last Runtime    Last Run
---------------------------------------  -----  ---------  --------  ----------  --------------  ----------
/app/dags/dynamic_spark_pipeline_dag.py    166  0.04s             0           0
================================================================================
[2026-03-23T01:24:19.430+0000] {manager.py:887} INFO - 
================================================================================
DAG File Processing Stats

File Path                                PID    Runtime      # DAGs    # Errors  Last Runtime    Last Run
---------------------------------------  -----  ---------  --------  ----------  --------------  -------------------
/app/dags/dynamic_spark_pipeline_dag.py                           1           0  0.77s           2026-03-23T01:23:50
================================================================================
[2026-03-23T01:24:49.434+0000] {manager.py:887} INFO - 
================================================================================
DAG File Processing Stats

File Path                                PID    Runtime      # DAGs    # Errors  Last Runtime    Last Run
---------------------------------------  -----  ---------  --------  ----------  --------------  -------------------
/app/dags/dynamic_spark_pipeline_dag.py                           1           0  0.13s           2026-03-23T01:24:20
================================================================================
[2026-03-23T01:25:19.600+0000] {manager.py:887} INFO - 
================================================================================
DAG File Processing Stats

File Path                                PID    Runtime      # DAGs    # Errors  Last Runtime    Last Run
---------------------------------------  -----  ---------  --------  ----------  --------------  -------------------
/app/dags/dynamic_spark_pipeline_dag.py                           1           0  0.19s           2026-03-23T01:24:50
================================================================================
[2026-03-23T01:25:49.895+0000] {manager.py:887} INFO - 
================================================================================
DAG File Processing Stats

File Path                                PID    Runtime      # DAGs    # Errors  Last Runtime    Last Run
---------------------------------------  -----  ---------  --------  ----------  --------------  -------------------
/app/dags/dynamic_spark_pipeline_dag.py                           1           0  0.23s           2026-03-23T01:25:20
================================================================================
[2026-03-23T01:26:20.219+0000] {manager.py:887} INFO - 
================================================================================
DAG File Processing Stats

File Path                                PID    Runtime      # DAGs    # Errors  Last Runtime    Last Run
---------------------------------------  -----  ---------  --------  ----------  --------------  -------------------
/app/dags/dynamic_spark_pipeline_dag.py                           1           0  0.28s           2026-03-23T01:25:51
================================================================================
[2026-03-23T01:26:50.581+0000] {manager.py:887} INFO - 
================================================================================
DAG File Processing Stats

File Path                                PID    Runtime      # DAGs    # Errors  Last Runtime    Last Run
---------------------------------------  -----  ---------  --------  ----------  --------------  -------------------
/app/dags/dynamic_spark_pipeline_dag.py                           1           0  0.19s           2026-03-23T01:26:21
================================================================================
[2026-03-23T01:27:20.779+0000] {manager.py:887} INFO - 
================================================================================
DAG File Processing Stats

File Path                                PID    Runtime      # DAGs    # Errors  Last Runtime    Last Run
---------------------------------------  -----  ---------  --------  ----------  --------------  -------------------
/app/dags/dynamic_spark_pipeline_dag.py                           1           0  0.26s           2026-03-23T01:26:51
================================================================================
[2026-03-23T01:27:51.241+0000] {manager.py:887} INFO - 
================================================================================
DAG File Processing Stats

File Path                                PID    Runtime      # DAGs    # Errors  Last Runtime    Last Run
---------------------------------------  -----  ---------  --------  ----------  --------------  -------------------
/app/dags/dynamic_spark_pipeline_dag.py                           1           0  0.22s           2026-03-23T01:27:22
================================================================================
[2026-03-23T01:28:21.442+0000] {manager.py:887} INFO - 
================================================================================
DAG File Processing Stats

File Path                                PID    Runtime      # DAGs    # Errors  Last Runtime    Last Run
---------------------------------------  -----  ---------  --------  ----------  --------------  -------------------
/app/dags/dynamic_spark_pipeline_dag.py                           1           0  0.15s           2026-03-23T01:27:52
================================================================================
[2026-03-23T01:28:49.743+0000] {manager.py:755} INFO - Searching for files in /app/dags
[2026-03-23T01:28:49.752+0000] {manager.py:758} INFO - There are 1 files in /app/dags
[2026-03-23T01:28:51.774+0000] {manager.py:887} INFO - 
================================================================================
DAG File Processing Stats

File Path                                PID    Runtime      # DAGs    # Errors  Last Runtime    Last Run
---------------------------------------  -----  ---------  --------  ----------  --------------  -------------------
/app/dags/dynamic_spark_pipeline_dag.py                           1           0  0.16s           2026-03-23T01:28:22
================================================================================
[2026-03-23T01:29:21.958+0000] {manager.py:887} INFO - 
================================================================================
DAG File Processing Stats

File Path                                PID    Runtime      # DAGs    # Errors  Last Runtime    Last Run
---------------------------------------  -----  ---------  --------  ----------  --------------  -------------------
/app/dags/dynamic_spark_pipeline_dag.py                           1           0  0.16s           2026-03-23T01:28:52
================================================================================
[2026-03-23T01:29:52.269+0000] {manager.py:887} INFO - 
================================================================================
DAG File Processing Stats

File Path                                PID    Runtime      # DAGs    # Errors  Last Runtime    Last Run
---------------------------------------  -----  ---------  --------  ----------  --------------  -------------------
/app/dags/dynamic_spark_pipeline_dag.py                           0           1  0.08s           2026-03-23T01:29:38
================================================================================
[2026-03-23T01:30:22.433+0000] {manager.py:887} INFO - 
================================================================================
DAG File Processing Stats

File Path                                PID    Runtime      # DAGs    # Errors  Last Runtime    Last Run
---------------------------------------  -----  ---------  --------  ----------  --------------  -------------------
/app/dags/dynamic_spark_pipeline_dag.py                           0           1  0.06s           2026-03-23T01:30:08
================================================================================
[2026-03-23T01:30:52.678+0000] {manager.py:887} INFO - 
================================================================================
DAG File Processing Stats

File Path                                PID    Runtime      # DAGs    # Errors  Last Runtime    Last Run
---------------------------------------  -----  ---------  --------  ----------  --------------  -------------------
/app/dags/dynamic_spark_pipeline_dag.py                           0           1  0.07s           2026-03-23T01:30:38
================================================================================
[2026-03-23T01:31:22.968+0000] {manager.py:887} INFO - 
================================================================================
DAG File Processing Stats

File Path                                PID    Runtime      # DAGs    # Errors  Last Runtime    Last Run
---------------------------------------  -----  ---------  --------  ----------  --------------  -------------------
/app/dags/dynamic_spark_pipeline_dag.py                           1           0  0.40s           2026-03-23T01:31:14
================================================================================
[2026-03-23T01:31:53.476+0000] {manager.py:887} INFO - 
================================================================================
DAG File Processing Stats

File Path                                PID    Runtime      # DAGs    # Errors  Last Runtime    Last Run
---------------------------------------  -----  ---------  --------  ----------  --------------  -------------------
/app/dags/dynamic_spark_pipeline_dag.py                           1           0  0.16s           2026-03-23T01:31:44
================================================================================
[2026-03-23T01:32:23.776+0000] {manager.py:887} INFO - 
================================================================================
DAG File Processing Stats

File Path                                PID    Runtime      # DAGs    # Errors  Last Runtime    Last Run
---------------------------------------  -----  ---------  --------  ----------  --------------  -------------------
/app/dags/dynamic_spark_pipeline_dag.py                           1           0  0.18s           2026-03-23T01:32:14
================================================================================
[2026-03-23T01:32:54.119+0000] {manager.py:887} INFO - 
================================================================================
DAG File Processing Stats

File Path                                PID    Runtime      # DAGs    # Errors  Last Runtime    Last Run
---------------------------------------  -----  ---------  --------  ----------  --------------  -------------------
/app/dags/dynamic_spark_pipeline_dag.py                           1           0  0.29s           2026-03-23T01:32:51
================================================================================
[2026-03-23T01:33:24.467+0000] {manager.py:887} INFO - 
================================================================================
DAG File Processing Stats

File Path                                PID    Runtime      # DAGs    # Errors  Last Runtime    Last Run
---------------------------------------  -----  ---------  --------  ----------  --------------  -------------------
/app/dags/dynamic_spark_pipeline_dag.py                           1           0  0.15s           2026-03-23T01:33:21
================================================================================
[2026-03-23T01:33:50.640+0000] {manager.py:755} INFO - Searching for files in /app/dags
[2026-03-23T01:33:50.641+0000] {manager.py:758} INFO - There are 1 files in /app/dags
[2026-03-23T01:33:54.680+0000] {manager.py:887} INFO - 
================================================================================
DAG File Processing Stats

File Path                                PID    Runtime      # DAGs    # Errors  Last Runtime    Last Run
---------------------------------------  -----  ---------  --------  ----------  --------------  -------------------
/app/dags/dynamic_spark_pipeline_dag.py                           1           0  0.22s           2026-03-23T01:33:51
================================================================================
[2026-03-23T01:34:25.013+0000] {manager.py:887} INFO - 
================================================================================
DAG File Processing Stats

File Path                                PID    Runtime      # DAGs    # Errors  Last Runtime    Last Run
---------------------------------------  -----  ---------  --------  ----------  --------------  -------------------
/app/dags/dynamic_spark_pipeline_dag.py                           1           0  0.14s           2026-03-23T01:34:22
================================================================================
[2026-03-23T01:34:55.316+0000] {manager.py:887} INFO - 
================================================================================
DAG File Processing Stats

File Path                                PID    Runtime      # DAGs    # Errors  Last Runtime    Last Run
---------------------------------------  -----  ---------  --------  ----------  --------------  -------------------
/app/dags/dynamic_spark_pipeline_dag.py                           1           0  0.15s           2026-03-23T01:34:52
================================================================================
[2026-03-23T01:35:25.542+0000] {manager.py:887} INFO - 
================================================================================
DAG File Processing Stats

File Path                                PID    Runtime      # DAGs    # Errors  Last Runtime    Last Run
---------------------------------------  -----  ---------  --------  ----------  --------------  -------------------
/app/dags/dynamic_spark_pipeline_dag.py                           1           0  0.16s           2026-03-23T01:35:22
================================================================================
[2026-03-23T01:35:55.849+0000] {manager.py:887} INFO - 
================================================================================
DAG File Processing Stats

File Path                                PID    Runtime      # DAGs    # Errors  Last Runtime    Last Run
---------------------------------------  -----  ---------  --------  ----------  --------------  -------------------
/app/dags/dynamic_spark_pipeline_dag.py                           1           0  0.18s           2026-03-23T01:35:52
================================================================================
[2026-03-23T01:36:26.092+0000] {manager.py:887} INFO - 
================================================================================
DAG File Processing Stats

File Path                                PID    Runtime      # DAGs    # Errors  Last Runtime    Last Run
---------------------------------------  -----  ---------  --------  ----------  --------------  -------------------
/app/dags/dynamic_spark_pipeline_dag.py                           1           0  0.17s           2026-03-23T01:36:23
================================================================================
[2026-03-23T01:36:56.335+0000] {manager.py:887} INFO - 
================================================================================
DAG File Processing Stats

File Path                                PID    Runtime      # DAGs    # Errors  Last Runtime    Last Run
---------------------------------------  -----  ---------  --------  ----------  --------------  -------------------
/app/dags/dynamic_spark_pipeline_dag.py                           1           0  0.26s           2026-03-23T01:36:53
================================================================================
[2026-03-23T01:37:26.542+0000] {manager.py:887} INFO - 
================================================================================
DAG File Processing Stats

File Path                                PID    Runtime      # DAGs    # Errors  Last Runtime    Last Run
---------------------------------------  -----  ---------  --------  ----------  --------------  -------------------
/app/dags/dynamic_spark_pipeline_dag.py                           1           0  0.17s           2026-03-23T01:37:23
================================================================================
[2026-03-23T01:37:56.883+0000] {manager.py:887} INFO - 
================================================================================
DAG File Processing Stats

File Path                                PID    Runtime      # DAGs    # Errors  Last Runtime    Last Run
---------------------------------------  -----  ---------  --------  ----------  --------------  -------------------
/app/dags/dynamic_spark_pipeline_dag.py                           1           0  0.16s           2026-03-23T01:37:53
================================================================================
[2026-03-23T01:38:27.113+0000] {manager.py:887} INFO - 
================================================================================
DAG File Processing Stats

File Path                                PID    Runtime      # DAGs    # Errors  Last Runtime    Last Run
---------------------------------------  -----  ---------  --------  ----------  --------------  -------------------
/app/dags/dynamic_spark_pipeline_dag.py                           1           0  0.15s           2026-03-23T01:38:24
================================================================================
[2026-03-23T01:38:51.270+0000] {manager.py:755} INFO - Searching for files in /app/dags
[2026-03-23T01:38:51.271+0000] {manager.py:758} INFO - There are 1 files in /app/dags
[2026-03-23T01:38:57.417+0000] {manager.py:887} INFO - 
================================================================================
DAG File Processing Stats

File Path                                PID    Runtime      # DAGs    # Errors  Last Runtime    Last Run
---------------------------------------  -----  ---------  --------  ----------  --------------  -------------------
/app/dags/dynamic_spark_pipeline_dag.py                           1           0  0.15s           2026-03-23T01:38:54
================================================================================
[2026-03-23T01:39:27.619+0000] {manager.py:887} INFO - 
================================================================================
DAG File Processing Stats

File Path                                PID    Runtime      # DAGs    # Errors  Last Runtime    Last Run
---------------------------------------  -----  ---------  --------  ----------  --------------  -------------------
/app/dags/dynamic_spark_pipeline_dag.py                           1           0  0.18s           2026-03-23T01:39:24
================================================================================
[2026-03-23T01:39:57.946+0000] {manager.py:887} INFO - 
================================================================================
DAG File Processing Stats

File Path                                PID    Runtime      # DAGs    # Errors  Last Runtime    Last Run
---------------------------------------  -----  ---------  --------  ----------  --------------  -------------------
/app/dags/dynamic_spark_pipeline_dag.py                           1           0  0.20s           2026-03-23T01:39:38
================================================================================
[2026-03-23T01:40:28.280+0000] {manager.py:887} INFO - 
================================================================================
DAG File Processing Stats

File Path                                PID    Runtime      # DAGs    # Errors  Last Runtime    Last Run
---------------------------------------  -----  ---------  --------  ----------  --------------  -------------------
/app/dags/dynamic_spark_pipeline_dag.py                           1           0  0.17s           2026-03-23T01:40:08
================================================================================
[2026-03-23T01:40:58.627+0000] {manager.py:887} INFO - 
================================================================================
DAG File Processing Stats

File Path                                PID    Runtime      # DAGs    # Errors  Last Runtime    Last Run
---------------------------------------  -----  ---------  --------  ----------  --------------  -------------------
/app/dags/dynamic_spark_pipeline_dag.py                           1           0  0.18s           2026-03-23T01:40:38
================================================================================
[2026-03-23T01:41:28.934+0000] {manager.py:887} INFO - 
================================================================================
DAG File Processing Stats

File Path                                PID    Runtime      # DAGs    # Errors  Last Runtime    Last Run
---------------------------------------  -----  ---------  --------  ----------  --------------  -------------------
/app/dags/dynamic_spark_pipeline_dag.py                           1           0  0.26s           2026-03-23T01:41:04
================================================================================
[2026-03-23T01:41:35.078+0000] {manager.py:469} INFO - Exiting gracefully upon receiving signal 15
[2026-03-23T11:09:55.573+0000] {manager.py:487} INFO - Processing files using up to 2 processes at a time 
[2026-03-23T11:09:55.576+0000] {manager.py:488} INFO - Process each file at most once every 30 seconds
[2026-03-23T11:09:55.576+0000] {manager.py:489} INFO - Checking for new files in /app/dags every 300 seconds
[2026-03-23T11:09:55.576+0000] {manager.py:755} INFO - Searching for files in /app/dags
[2026-03-23T11:09:55.578+0000] {manager.py:758} INFO - There are 1 files in /app/dags
[2026-03-23T11:09:55.675+0000] {manager.py:887} INFO - 
================================================================================
DAG File Processing Stats

File Path                                  PID  Runtime      # DAGs    # Errors  Last Runtime    Last Run
---------------------------------------  -----  ---------  --------  ----------  --------------  ----------
/app/dags/dynamic_spark_pipeline_dag.py    167  0.03s             0           0
================================================================================
[2026-03-23T11:10:25.786+0000] {manager.py:887} INFO - 
================================================================================
DAG File Processing Stats

File Path                                PID    Runtime      # DAGs    # Errors  Last Runtime    Last Run
---------------------------------------  -----  ---------  --------  ----------  --------------  -------------------
/app/dags/dynamic_spark_pipeline_dag.py                           1           0  0.43s           2026-03-23T11:09:56
================================================================================
[2026-03-23T11:10:56.354+0000] {manager.py:887} INFO - 
================================================================================
DAG File Processing Stats

File Path                                  PID  Runtime      # DAGs    # Errors  Last Runtime    Last Run
---------------------------------------  -----  ---------  --------  ----------  --------------  -------------------
/app/dags/dynamic_spark_pipeline_dag.py    189  0.00s             1           0  0.13s           2026-03-23T11:10:26
================================================================================
[2026-03-23T11:11:26.672+0000] {manager.py:887} INFO - 
================================================================================
DAG File Processing Stats

File Path                                  PID  Runtime      # DAGs    # Errors  Last Runtime    Last Run
---------------------------------------  -----  ---------  --------  ----------  --------------  -------------------
/app/dags/dynamic_spark_pipeline_dag.py    200  0.01s             1           0  0.14s           2026-03-23T11:10:56
================================================================================
[2026-03-23T11:11:56.902+0000] {manager.py:887} INFO - 
================================================================================
DAG File Processing Stats

File Path                                  PID  Runtime      # DAGs    # Errors  Last Runtime    Last Run
---------------------------------------  -----  ---------  --------  ----------  --------------  -------------------
/app/dags/dynamic_spark_pipeline_dag.py    211  0.01s             1           0  0.17s           2026-03-23T11:11:26
================================================================================
[2026-03-23T11:12:27.230+0000] {manager.py:887} INFO - 
================================================================================
DAG File Processing Stats

File Path                                  PID  Runtime      # DAGs    # Errors  Last Runtime    Last Run
---------------------------------------  -----  ---------  --------  ----------  --------------  -------------------
/app/dags/dynamic_spark_pipeline_dag.py    222  0.01s             1           0  0.23s           2026-03-23T11:11:57
================================================================================
[2026-03-23T11:12:57.485+0000] {manager.py:887} INFO - 
================================================================================
DAG File Processing Stats

File Path                                  PID  Runtime      # DAGs    # Errors  Last Runtime    Last Run
---------------------------------------  -----  ---------  --------  ----------  --------------  -------------------
/app/dags/dynamic_spark_pipeline_dag.py    233  0.00s             1           0  0.18s           2026-03-23T11:12:27
================================================================================
[2026-03-23T11:13:27.770+0000] {manager.py:887} INFO - 
================================================================================
DAG File Processing Stats

File Path                                  PID  Runtime      # DAGs    # Errors  Last Runtime    Last Run
---------------------------------------  -----  ---------  --------  ----------  --------------  -------------------
/app/dags/dynamic_spark_pipeline_dag.py    244  0.01s             1           0  0.21s           2026-03-23T11:12:57
================================================================================
[2026-03-23T11:13:58.066+0000] {manager.py:887} INFO - 
================================================================================
DAG File Processing Stats

File Path                                  PID  Runtime      # DAGs    # Errors  Last Runtime    Last Run
---------------------------------------  -----  ---------  --------  ----------  --------------  -------------------
/app/dags/dynamic_spark_pipeline_dag.py    255  0.01s             1           0  0.13s           2026-03-23T11:13:27
================================================================================
[2026-03-23T11:14:28.241+0000] {manager.py:887} INFO - 
================================================================================
DAG File Processing Stats

File Path                                  PID  Runtime      # DAGs    # Errors  Last Runtime    Last Run
---------------------------------------  -----  ---------  --------  ----------  --------------  -------------------
/app/dags/dynamic_spark_pipeline_dag.py    394  0.01s             1           0  0.14s           2026-03-23T11:13:58
================================================================================
[2026-03-23T11:14:55.609+0000] {manager.py:755} INFO - Searching for files in /app/dags
[2026-03-23T11:14:55.615+0000] {manager.py:758} INFO - There are 1 files in /app/dags
[2026-03-23T11:14:58.559+0000] {manager.py:887} INFO - 
================================================================================
DAG File Processing Stats

File Path                                  PID  Runtime      # DAGs    # Errors  Last Runtime    Last Run
---------------------------------------  -----  ---------  --------  ----------  --------------  -------------------
/app/dags/dynamic_spark_pipeline_dag.py    517  0.01s             1           0  0.23s           2026-03-23T11:14:28
================================================================================
[2026-03-23T11:15:28.894+0000] {manager.py:887} INFO - 
================================================================================
DAG File Processing Stats

File Path                                  PID  Runtime      # DAGs    # Errors  Last Runtime    Last Run
---------------------------------------  -----  ---------  --------  ----------  --------------  -------------------
/app/dags/dynamic_spark_pipeline_dag.py    528  0.01s             1           0  0.16s           2026-03-23T11:14:58
================================================================================
[2026-03-23T11:15:59.047+0000] {manager.py:887} INFO - 
================================================================================
DAG File Processing Stats

File Path                                PID    Runtime      # DAGs    # Errors  Last Runtime    Last Run
---------------------------------------  -----  ---------  --------  ----------  --------------  -------------------
/app/dags/dynamic_spark_pipeline_dag.py                           1           0  0.25s           2026-03-23T11:15:29
================================================================================
[2026-03-23T11:16:29.483+0000] {manager.py:887} INFO - 
================================================================================
DAG File Processing Stats

File Path                                PID    Runtime      # DAGs    # Errors  Last Runtime    Last Run
---------------------------------------  -----  ---------  --------  ----------  --------------  -------------------
/app/dags/dynamic_spark_pipeline_dag.py                           1           0  0.27s           2026-03-23T11:15:59
================================================================================
[2026-03-23T11:16:59.945+0000] {manager.py:887} INFO - 
================================================================================
DAG File Processing Stats

File Path                                  PID  Runtime      # DAGs    # Errors  Last Runtime    Last Run
---------------------------------------  -----  ---------  --------  ----------  --------------  -------------------
/app/dags/dynamic_spark_pipeline_dag.py    561  0.00s             1           0  0.15s           2026-03-23T11:16:29
================================================================================
[2026-03-23T11:17:30.176+0000] {manager.py:887} INFO - 
================================================================================
DAG File Processing Stats

File Path                                  PID  Runtime      # DAGs    # Errors  Last Runtime    Last Run
---------------------------------------  -----  ---------  --------  ----------  --------------  -------------------
/app/dags/dynamic_spark_pipeline_dag.py    572  0.01s             1           0  0.14s           2026-03-23T11:17:00
================================================================================
[2026-03-23T11:18:00.479+0000] {manager.py:887} INFO - 
================================================================================
DAG File Processing Stats

File Path                                  PID  Runtime      # DAGs    # Errors  Last Runtime    Last Run
---------------------------------------  -----  ---------  --------  ----------  --------------  -------------------
/app/dags/dynamic_spark_pipeline_dag.py    589  0.01s             1           0  0.16s           2026-03-23T11:17:30
================================================================================
[2026-03-23T11:18:30.682+0000] {manager.py:887} INFO - 
================================================================================
DAG File Processing Stats

File Path                                  PID  Runtime      # DAGs    # Errors  Last Runtime    Last Run
---------------------------------------  -----  ---------  --------  ----------  --------------  -------------------
/app/dags/dynamic_spark_pipeline_dag.py    600  0.00s             1           0  0.18s           2026-03-23T11:18:00
================================================================================
[2026-03-23T11:19:01.016+0000] {manager.py:887} INFO - 
================================================================================
DAG File Processing Stats

File Path                                  PID  Runtime      # DAGs    # Errors  Last Runtime    Last Run
---------------------------------------  -----  ---------  --------  ----------  --------------  -------------------
/app/dags/dynamic_spark_pipeline_dag.py    611  0.01s             1           0  0.15s           2026-03-23T11:18:30
================================================================================
[2026-03-23T11:19:31.227+0000] {manager.py:887} INFO - 
================================================================================
DAG File Processing Stats

File Path                                  PID  Runtime      # DAGs    # Errors  Last Runtime    Last Run
---------------------------------------  -----  ---------  --------  ----------  --------------  -------------------
/app/dags/dynamic_spark_pipeline_dag.py    622  0.01s             1           0  0.17s           2026-03-23T11:19:01
================================================================================
[2026-03-23T11:19:56.472+0000] {manager.py:755} INFO - Searching for files in /app/dags
[2026-03-23T11:19:56.474+0000] {manager.py:758} INFO - There are 1 files in /app/dags
[2026-03-23T11:20:01.546+0000] {manager.py:887} INFO - 
================================================================================
DAG File Processing Stats

File Path                                  PID  Runtime      # DAGs    # Errors  Last Runtime    Last Run
---------------------------------------  -----  ---------  --------  ----------  --------------  -------------------
/app/dags/dynamic_spark_pipeline_dag.py    633  0.01s             1           0  0.15s           2026-03-23T11:19:31
================================================================================
[2026-03-23T11:20:31.842+0000] {manager.py:887} INFO - 
================================================================================
DAG File Processing Stats

File Path                                PID    Runtime      # DAGs    # Errors  Last Runtime    Last Run
---------------------------------------  -----  ---------  --------  ----------  --------------  -------------------
/app/dags/dynamic_spark_pipeline_dag.py                           1           0  0.28s           2026-03-23T11:20:28
================================================================================
[2026-03-23T11:21:02.300+0000] {manager.py:887} INFO - 
================================================================================
DAG File Processing Stats

File Path                                PID    Runtime      # DAGs    # Errors  Last Runtime    Last Run
---------------------------------------  -----  ---------  --------  ----------  --------------  -------------------
/app/dags/dynamic_spark_pipeline_dag.py                           1           0  0.21s           2026-03-23T11:20:57
================================================================================
[2026-03-23T11:21:32.592+0000] {manager.py:887} INFO - 
================================================================================
DAG File Processing Stats

File Path                                PID    Runtime      # DAGs    # Errors  Last Runtime    Last Run
---------------------------------------  -----  ---------  --------  ----------  --------------  -------------------
/app/dags/dynamic_spark_pipeline_dag.py                           1           0  0.17s           2026-03-23T11:21:26
================================================================================
[2026-03-23T11:22:02.754+0000] {manager.py:887} INFO - 
================================================================================
DAG File Processing Stats

File Path                                PID    Runtime      # DAGs    # Errors  Last Runtime    Last Run
---------------------------------------  -----  ---------  --------  ----------  --------------  -------------------
/app/dags/dynamic_spark_pipeline_dag.py                           1           0  0.30s           2026-03-23T11:21:48
================================================================================
[2026-03-23T11:22:33.306+0000] {manager.py:887} INFO - 
================================================================================
DAG File Processing Stats

File Path                                PID    Runtime      # DAGs    # Errors  Last Runtime    Last Run
---------------------------------------  -----  ---------  --------  ----------  --------------  -------------------
/app/dags/dynamic_spark_pipeline_dag.py                           1           0  0.24s           2026-03-23T11:22:25
================================================================================
[2026-03-23T11:23:03.487+0000] {manager.py:887} INFO - 
================================================================================
DAG File Processing Stats

File Path                                PID    Runtime      # DAGs    # Errors  Last Runtime    Last Run
---------------------------------------  -----  ---------  --------  ----------  --------------  -------------------
/app/dags/dynamic_spark_pipeline_dag.py                           1           0  0.14s           2026-03-23T11:22:40
================================================================================
[2026-03-23T11:23:33.802+0000] {manager.py:887} INFO - 
================================================================================
DAG File Processing Stats

File Path                                PID    Runtime      # DAGs    # Errors  Last Runtime    Last Run
---------------------------------------  -----  ---------  --------  ----------  --------------  -------------------
/app/dags/dynamic_spark_pipeline_dag.py                           1           0  0.17s           2026-03-23T11:23:10
================================================================================
[2026-03-23T11:24:04.007+0000] {manager.py:887} INFO - 
================================================================================
DAG File Processing Stats

File Path                                PID    Runtime      # DAGs    # Errors  Last Runtime    Last Run
---------------------------------------  -----  ---------  --------  ----------  --------------  -------------------
/app/dags/dynamic_spark_pipeline_dag.py                           1           0  0.16s           2026-03-23T11:23:40
================================================================================
[2026-03-23T11:24:34.280+0000] {manager.py:887} INFO - 
================================================================================
DAG File Processing Stats

File Path                                PID    Runtime      # DAGs    # Errors  Last Runtime    Last Run
---------------------------------------  -----  ---------  --------  ----------  --------------  -------------------
/app/dags/dynamic_spark_pipeline_dag.py                           1           0  0.15s           2026-03-23T11:24:11
================================================================================
[2026-03-23T11:24:56.608+0000] {manager.py:755} INFO - Searching for files in /app/dags
[2026-03-23T11:24:56.612+0000] {manager.py:758} INFO - There are 1 files in /app/dags
[2026-03-23T11:25:04.519+0000] {manager.py:887} INFO - 
================================================================================
DAG File Processing Stats

File Path                                PID    Runtime      # DAGs    # Errors  Last Runtime    Last Run
---------------------------------------  -----  ---------  --------  ----------  --------------  -------------------
/app/dags/dynamic_spark_pipeline_dag.py                           1           0  0.18s           2026-03-23T11:24:41
================================================================================
[2026-03-23T11:25:34.861+0000] {manager.py:887} INFO - 
================================================================================
DAG File Processing Stats

File Path                                PID    Runtime      # DAGs    # Errors  Last Runtime    Last Run
---------------------------------------  -----  ---------  --------  ----------  --------------  -------------------
/app/dags/dynamic_spark_pipeline_dag.py                           1           0  0.16s           2026-03-23T11:25:11
================================================================================
[2026-03-23T11:26:05.043+0000] {manager.py:887} INFO - 
================================================================================
DAG File Processing Stats

File Path                                PID    Runtime      # DAGs    # Errors  Last Runtime    Last Run
---------------------------------------  -----  ---------  --------  ----------  --------------  -------------------
/app/dags/dynamic_spark_pipeline_dag.py                           1           0  0.16s           2026-03-23T11:25:42
================================================================================
[2026-03-23T11:26:35.386+0000] {manager.py:887} INFO - 
================================================================================
DAG File Processing Stats

File Path                                PID    Runtime      # DAGs    # Errors  Last Runtime    Last Run
---------------------------------------  -----  ---------  --------  ----------  --------------  -------------------
/app/dags/dynamic_spark_pipeline_dag.py                           1           0  0.16s           2026-03-23T11:26:12
================================================================================
[2026-03-23T11:27:05.620+0000] {manager.py:887} INFO - 
================================================================================
DAG File Processing Stats

File Path                                PID    Runtime      # DAGs    # Errors  Last Runtime    Last Run
---------------------------------------  -----  ---------  --------  ----------  --------------  -------------------
/app/dags/dynamic_spark_pipeline_dag.py                           1           0  0.18s           2026-03-23T11:26:42
================================================================================
[2026-03-23T11:27:35.909+0000] {manager.py:887} INFO - 
================================================================================
DAG File Processing Stats

File Path                                PID    Runtime      # DAGs    # Errors  Last Runtime    Last Run
---------------------------------------  -----  ---------  --------  ----------  --------------  -------------------
/app/dags/dynamic_spark_pipeline_dag.py                           1           0  0.15s           2026-03-23T11:27:12
================================================================================
[2026-03-23T11:28:06.148+0000] {manager.py:887} INFO - 
================================================================================
DAG File Processing Stats

File Path                                PID    Runtime      # DAGs    # Errors  Last Runtime    Last Run
---------------------------------------  -----  ---------  --------  ----------  --------------  -------------------
/app/dags/dynamic_spark_pipeline_dag.py                           1           0  0.15s           2026-03-23T11:27:43
================================================================================
[2026-03-23T11:28:36.436+0000] {manager.py:887} INFO - 
================================================================================
DAG File Processing Stats

File Path                                PID    Runtime      # DAGs    # Errors  Last Runtime    Last Run
---------------------------------------  -----  ---------  --------  ----------  --------------  -------------------
/app/dags/dynamic_spark_pipeline_dag.py                           1           0  0.14s           2026-03-23T11:28:13
================================================================================
[2026-03-23T11:29:06.661+0000] {manager.py:887} INFO - 
================================================================================
DAG File Processing Stats

File Path                                PID    Runtime      # DAGs    # Errors  Last Runtime    Last Run
---------------------------------------  -----  ---------  --------  ----------  --------------  -------------------
/app/dags/dynamic_spark_pipeline_dag.py                           1           0  0.17s           2026-03-23T11:28:43
================================================================================
[2026-03-23T11:29:36.965+0000] {manager.py:887} INFO - 
================================================================================
DAG File Processing Stats

File Path                                PID    Runtime      # DAGs    # Errors  Last Runtime    Last Run
---------------------------------------  -----  ---------  --------  ----------  --------------  -------------------
/app/dags/dynamic_spark_pipeline_dag.py                           1           0  0.13s           2026-03-23T11:29:13
================================================================================
[2026-03-23T11:29:57.133+0000] {manager.py:755} INFO - Searching for files in /app/dags
[2026-03-23T11:29:57.139+0000] {manager.py:758} INFO - There are 1 files in /app/dags
[2026-03-23T11:30:07.229+0000] {manager.py:887} INFO - 
================================================================================
DAG File Processing Stats

File Path                                PID    Runtime      # DAGs    # Errors  Last Runtime    Last Run
---------------------------------------  -----  ---------  --------  ----------  --------------  -------------------
/app/dags/dynamic_spark_pipeline_dag.py                           1           0  0.15s           2026-03-23T11:29:44
================================================================================
[2026-03-23T11:30:37.480+0000] {manager.py:887} INFO - 
================================================================================
DAG File Processing Stats

File Path                                PID    Runtime      # DAGs    # Errors  Last Runtime    Last Run
---------------------------------------  -----  ---------  --------  ----------  --------------  -------------------
/app/dags/dynamic_spark_pipeline_dag.py                           1           0  0.16s           2026-03-23T11:30:14
================================================================================
[2026-03-23T11:31:07.733+0000] {manager.py:887} INFO - 
================================================================================
DAG File Processing Stats

File Path                                PID    Runtime      # DAGs    # Errors  Last Runtime    Last Run
---------------------------------------  -----  ---------  --------  ----------  --------------  -------------------
/app/dags/dynamic_spark_pipeline_dag.py                           1           0  0.16s           2026-03-23T11:30:44
================================================================================
