2026-03-22 23:34:35,089 - __main__ - INFO - [main.py:13] - Starting Dynamic Spark Pipeline...
2026-03-22 23:34:35,089 - __main__ - INFO - [main.py:19] - Loading config from metadata/config.json
2026-03-22 23:34:35,089 - __main__ - INFO - [main.py:23] - Creating Spark session...
2026-03-22 23:34:41,290 - __main__ - INFO - [main.py:27] - Executing 1 dataflow(s)...
2026-03-22 23:34:45,208 - __main__ - INFO - [main.py:30] - Pipeline completed successfully
2026-03-22 23:34:45,209 - __main__ - INFO - [main.py:35] - Stopping Spark session...
2026-03-22 23:39:23,790 - __main__ - INFO - [main.py:13] - Starting Dynamic Spark Pipeline...
2026-03-22 23:39:23,790 - __main__ - INFO - [main.py:19] - Loading config from metadata/config.json
2026-03-22 23:39:23,790 - __main__ - INFO - [main.py:23] - Creating Spark session...
2026-03-22 23:39:30,066 - __main__ - INFO - [main.py:27] - Executing 1 dataflow(s)...
2026-03-22 23:39:35,540 - __main__ - INFO - [main.py:30] - Pipeline completed successfully
2026-03-22 23:39:35,540 - __main__ - INFO - [main.py:35] - Stopping Spark session...
2026-03-22 23:40:19,781 - __main__ - INFO - [main.py:13] - Starting Dynamic Spark Pipeline...
2026-03-22 23:40:19,781 - __main__ - INFO - [main.py:19] - Loading config from metadata/config.json
2026-03-22 23:40:19,781 - __main__ - INFO - [main.py:23] - Creating Spark session...
2026-03-22 23:40:25,747 - __main__ - INFO - [main.py:27] - Executing 1 dataflow(s)...
2026-03-22 23:40:29,498 - __main__ - INFO - [main.py:30] - Pipeline completed successfully
2026-03-22 23:40:29,498 - __main__ - INFO - [main.py:35] - Stopping Spark session...
2026-03-22 23:40:30,543 - __main__ - INFO - [main.py:13] - Starting Dynamic Spark Pipeline...
2026-03-22 23:40:30,544 - __main__ - INFO - [main.py:19] - Loading config from metadata/config.json
2026-03-22 23:40:30,544 - __main__ - INFO - [main.py:23] - Creating Spark session...
2026-03-22 23:40:36,657 - __main__ - INFO - [main.py:27] - Executing 1 dataflow(s)...
2026-03-22 23:40:42,433 - __main__ - INFO - [main.py:30] - Pipeline completed successfully
2026-03-22 23:40:42,434 - __main__ - INFO - [main.py:35] - Stopping Spark session...
2026-03-22 23:47:54,451 - __main__ - INFO - [main.py:13] - Starting Dynamic Spark Pipeline...
2026-03-22 23:47:54,451 - __main__ - INFO - [main.py:19] - Loading config from metadata/config.json
2026-03-22 23:47:54,451 - __main__ - INFO - [main.py:23] - Creating Spark session...
2026-03-22 23:48:00,465 - __main__ - INFO - [main.py:27] - Executing 1 dataflow(s)...
2026-03-22 23:48:04,029 - __main__ - INFO - [main.py:30] - Pipeline completed successfully
2026-03-22 23:48:04,029 - __main__ - INFO - [main.py:35] - Stopping Spark session...
2026-03-22 23:48:05,190 - __main__ - INFO - [main.py:13] - Starting Dynamic Spark Pipeline...
2026-03-22 23:48:05,190 - __main__ - INFO - [main.py:19] - Loading config from metadata/config.json
2026-03-22 23:48:05,191 - __main__ - INFO - [main.py:23] - Creating Spark session...
2026-03-22 23:48:12,399 - __main__ - INFO - [main.py:27] - Executing 1 dataflow(s)...
2026-03-22 23:48:18,375 - __main__ - INFO - [main.py:30] - Pipeline completed successfully
2026-03-22 23:48:18,376 - __main__ - INFO - [main.py:35] - Stopping Spark session...
2026-03-22 23:50:53,640 - __main__ - INFO - [main.py:13] - Starting Dynamic Spark Pipeline...
2026-03-22 23:50:53,641 - __main__ - INFO - [main.py:19] - Loading config from metadata/config.json
2026-03-22 23:50:53,641 - __main__ - INFO - [main.py:23] - Creating Spark session...
2026-03-22 23:50:58,889 - __main__ - INFO - [main.py:27] - Executing 1 dataflow(s)...
2026-03-22 23:51:02,195 - __main__ - INFO - [main.py:30] - Pipeline completed successfully
2026-03-22 23:51:02,195 - __main__ - INFO - [main.py:35] - Stopping Spark session...
2026-03-22 23:51:03,287 - __main__ - INFO - [main.py:13] - Starting Dynamic Spark Pipeline...
2026-03-22 23:51:03,287 - __main__ - INFO - [main.py:19] - Loading config from metadata/config.json
2026-03-22 23:51:03,288 - __main__ - INFO - [main.py:23] - Creating Spark session...
2026-03-22 23:51:08,679 - __main__ - INFO - [main.py:27] - Executing 1 dataflow(s)...
2026-03-22 23:51:13,508 - __main__ - INFO - [main.py:30] - Pipeline completed successfully
2026-03-22 23:51:13,508 - __main__ - INFO - [main.py:35] - Stopping Spark session...
2026-03-22 23:52:48,292 - __main__ - INFO - [main.py:13] - Starting Dynamic Spark Pipeline...
2026-03-22 23:52:48,293 - __main__ - INFO - [main.py:19] - Loading config from metadata/config.json
2026-03-22 23:52:48,293 - __main__ - INFO - [main.py:23] - Creating Spark session...
2026-03-22 23:52:53,414 - __main__ - INFO - [main.py:27] - Executing 1 dataflow(s)...
2026-03-22 23:52:56,622 - __main__ - INFO - [main.py:30] - Pipeline completed successfully
2026-03-22 23:52:56,622 - __main__ - INFO - [main.py:35] - Stopping Spark session...
2026-03-22 23:52:57,791 - __main__ - INFO - [main.py:13] - Starting Dynamic Spark Pipeline...
2026-03-22 23:52:57,791 - __main__ - INFO - [main.py:19] - Loading config from metadata/config.json
2026-03-22 23:52:57,791 - __main__ - INFO - [main.py:23] - Creating Spark session...
2026-03-22 23:53:03,030 - __main__ - INFO - [main.py:27] - Executing 1 dataflow(s)...
2026-03-22 23:53:07,836 - __main__ - INFO - [main.py:30] - Pipeline completed successfully
2026-03-22 23:53:07,836 - __main__ - INFO - [main.py:35] - Stopping Spark session...
2026-03-23 00:09:42,601 - __main__ - INFO - [main.py:13] - Starting Dynamic Spark Pipeline...
2026-03-23 00:09:42,601 - __main__ - INFO - [main.py:19] - Loading config from metadata/config.json
2026-03-23 00:09:42,601 - __main__ - INFO - [main.py:23] - Creating Spark session...
2026-03-23 00:09:52,984 - __main__ - INFO - [main.py:27] - Executing 1 dataflow(s)...
2026-03-23 00:09:56,235 - __main__ - INFO - [main.py:30] - Pipeline completed successfully
2026-03-23 00:09:56,236 - __main__ - INFO - [main.py:35] - Stopping Spark session...
2026-03-23 00:09:57,333 - __main__ - INFO - [main.py:13] - Starting Dynamic Spark Pipeline...
2026-03-23 00:09:57,333 - __main__ - INFO - [main.py:19] - Loading config from metadata/config.json
2026-03-23 00:09:57,334 - __main__ - INFO - [main.py:23] - Creating Spark session...
2026-03-23 00:10:02,540 - __main__ - INFO - [main.py:27] - Executing 1 dataflow(s)...
2026-03-23 00:10:07,392 - __main__ - INFO - [main.py:30] - Pipeline completed successfully
2026-03-23 00:10:07,392 - __main__ - INFO - [main.py:35] - Stopping Spark session...
2026-03-23 11:17:11,334 - __main__ - INFO - [main.py:13] - Starting Dynamic Spark Pipeline...
2026-03-23 11:17:11,336 - __main__ - INFO - [main.py:19] - Loading config from metadata/config.json
2026-03-23 11:17:11,336 - __main__ - INFO - [main.py:23] - Creating Spark session...
2026-03-23 11:17:19,069 - __main__ - INFO - [main.py:27] - Executing 1 dataflow(s)...
2026-03-23 11:17:26,478 - __main__ - ERROR - [main.py:32] - Pipeline execution failed: Could not clean output directory 'data/output/events/motor_policy' for sink 'raw-ok'. Original error: An error occurred while calling o70.save.
: org.apache.spark.SparkException: Unable to clear output directory file:/home/bnm/Desktop/ominimotest /data-test/data/output/events/motor_policy prior to writing to it.
	at org.apache.spark.sql.errors.QueryExecutionErrors$.cannotClearOutputDirectoryError(QueryExecutionErrors.scala:828)
	at org.apache.spark.sql.execution.datasources.InsertIntoHadoopFsRelationCommand.deleteMatchingPartitions(InsertIntoHadoopFsRelationCommand.scala:244)
	at org.apache.spark.sql.execution.datasources.InsertIntoHadoopFsRelationCommand.run(InsertIntoHadoopFsRelationCommand.scala:136)
	at org.apache.spark.sql.execution.command.DataWritingCommandExec.sideEffectResult$lzycompute(commands.scala:117)
	at org.apache.spark.sql.execution.command.DataWritingCommandExec.sideEffectResult(commands.scala:115)
	at org.apache.spark.sql.execution.command.DataWritingCommandExec.executeCollect(commands.scala:129)
	at org.apache.spark.sql.execution.QueryExecution.$anonfun$eagerlyExecuteCommands$2(QueryExecution.scala:185)
	at org.apache.spark.sql.execution.SQLExecution$.$anonfun$withNewExecutionId0$8(SQLExecution.scala:177)
	at org.apache.spark.sql.execution.SQLExecution$.withSessionTagsApplied(SQLExecution.scala:285)
	at org.apache.spark.sql.execution.SQLExecution$.$anonfun$withNewExecutionId0$7(SQLExecution.scala:139)
	at org.apache.spark.JobArtifactSet$.withActiveJobArtifactState(JobArtifactSet.scala:94)
	at org.apache.spark.sql.artifact.ArtifactManager.$anonfun$withResources$1(ArtifactManager.scala:112)
	at org.apache.spark.sql.artifact.ArtifactManager.withClassLoaderIfNeeded(ArtifactManager.scala:106)
	at org.apache.spark.sql.artifact.ArtifactManager.withResources(ArtifactManager.scala:111)
	at org.apache.spark.sql.execution.SQLExecution$.$anonfun$withNewExecutionId0$6(SQLExecution.scala:139)
	at org.apache.spark.sql.execution.SQLExecution$.withSQLConfPropagated(SQLExecution.scala:308)
	at org.apache.spark.sql.execution.SQLExecution$.$anonfun$withNewExecutionId0$1(SQLExecution.scala:138)
	at org.apache.spark.sql.SparkSession.withActive(SparkSession.scala:804)
	at org.apache.spark.sql.execution.SQLExecution$.withNewExecutionId0(SQLExecution.scala:92)
	at org.apache.spark.sql.execution.SQLExecution$.withNewExecutionId(SQLExecution.scala:250)
	at org.apache.spark.sql.execution.QueryExecution.$anonfun$eagerlyExecuteCommands$1(QueryExecution.scala:185)
	at org.apache.spark.sql.execution.QueryExecution$.withInternalError(QueryExecution.scala:717)
	at org.apache.spark.sql.execution.QueryExecution.org$apache$spark$sql$execution$QueryExecution$$eagerlyExecute$1(QueryExecution.scala:184)
	at org.apache.spark.sql.execution.QueryExecution$$anonfun$eagerlyExecuteCommands$3.applyOrElse(QueryExecution.scala:201)
	at org.apache.spark.sql.execution.QueryExecution$$anonfun$eagerlyExecuteCommands$3.applyOrElse(QueryExecution.scala:194)
	at org.apache.spark.sql.catalyst.trees.TreeNode.$anonfun$transformDownWithPruning$1(TreeNode.scala:491)
	at org.apache.spark.sql.catalyst.trees.CurrentOrigin$.withOrigin(origin.scala:107)
	at org.apache.spark.sql.catalyst.trees.TreeNode.transformDownWithPruning(TreeNode.scala:491)
	at org.apache.spark.sql.catalyst.plans.logical.LogicalPlan.org$apache$spark$sql$catalyst$plans$logical$AnalysisHelper$$super$transformDownWithPruning(LogicalPlan.scala:37)
	at org.apache.spark.sql.catalyst.plans.logical.AnalysisHelper.transformDownWithPruning(AnalysisHelper.scala:360)
	at org.apache.spark.sql.catalyst.plans.logical.AnalysisHelper.transformDownWithPruning$(AnalysisHelper.scala:356)
	at org.apache.spark.sql.catalyst.plans.logical.LogicalPlan.transformDownWithPruning(LogicalPlan.scala:37)
	at org.apache.spark.sql.catalyst.plans.logical.LogicalPlan.transformDownWithPruning(LogicalPlan.scala:37)
	at org.apache.spark.sql.catalyst.trees.TreeNode.transformDown(TreeNode.scala:467)
	at org.apache.spark.sql.execution.QueryExecution.eagerlyExecuteCommands(QueryExecution.scala:194)
	at org.apache.spark.sql.execution.QueryExecution.$anonfun$lazyCommandExecuted$1(QueryExecution.scala:155)
	at scala.util.Try$.apply(Try.scala:217)
	at org.apache.spark.util.Utils$.doTryWithCallerStacktrace(Utils.scala:1392)
	at org.apache.spark.util.Utils$.getTryWithCallerStacktrace(Utils.scala:1453)
	at org.apache.spark.util.LazyTry.get(LazyTry.scala:58)
	at org.apache.spark.sql.execution.QueryExecution.commandExecuted(QueryExecution.scala:160)
	at org.apache.spark.sql.execution.QueryExecution.assertCommandExecuted(QueryExecution.scala:239)
	at org.apache.spark.sql.classic.DataFrameWriter.runCommand(DataFrameWriter.scala:592)
	at org.apache.spark.sql.classic.DataFrameWriter.save(DataFrameWriter.scala:115)
	at java.base/jdk.internal.reflect.NativeMethodAccessorImpl.invoke0(Native Method)
	at java.base/jdk.internal.reflect.NativeMethodAccessorImpl.invoke(NativeMethodAccessorImpl.java:77)
	at java.base/jdk.internal.reflect.DelegatingMethodAccessorImpl.invoke(DelegatingMethodAccessorImpl.java:43)
	at java.base/java.lang.reflect.Method.invoke(Method.java:569)
	at py4j.reflection.MethodInvoker.invoke(MethodInvoker.java:244)
	at py4j.reflection.ReflectionEngine.invoke(ReflectionEngine.java:374)
	at py4j.Gateway.invoke(Gateway.java:282)
	at py4j.commands.AbstractCommand.invokeMethod(AbstractCommand.java:132)
	at py4j.commands.CallCommand.execute(CallCommand.java:79)
	at py4j.ClientServerConnection.waitForCommands(ClientServerConnection.java:184)
	at py4j.ClientServerConnection.run(ClientServerConnection.java:108)
	at java.base/java.lang.Thread.run(Thread.java:840)
	Suppressed: org.apache.spark.util.Utils$OriginalTryStackTraceException: Full stacktrace of original doTryWithCallerStacktrace caller
		at org.apache.spark.sql.errors.QueryExecutionErrors$.cannotClearOutputDirectoryError(QueryExecutionErrors.scala:828)
		at org.apache.spark.sql.execution.datasources.InsertIntoHadoopFsRelationCommand.deleteMatchingPartitions(InsertIntoHadoopFsRelationCommand.scala:244)
		at org.apache.spark.sql.execution.datasources.InsertIntoHadoopFsRelationCommand.run(InsertIntoHadoopFsRelationCommand.scala:136)
		at org.apache.spark.sql.execution.command.DataWritingCommandExec.sideEffectResult$lzycompute(commands.scala:117)
		at org.apache.spark.sql.execution.command.DataWritingCommandExec.sideEffectResult(commands.scala:115)
		at org.apache.spark.sql.execution.command.DataWritingCommandExec.executeCollect(commands.scala:129)
		at org.apache.spark.sql.execution.QueryExecution.$anonfun$eagerlyExecuteCommands$2(QueryExecution.scala:185)
		at org.apache.spark.sql.execution.SQLExecution$.$anonfun$withNewExecutionId0$8(SQLExecution.scala:177)
		at org.apache.spark.sql.execution.SQLExecution$.withSessionTagsApplied(SQLExecution.scala:285)
		at org.apache.spark.sql.execution.SQLExecution$.$anonfun$withNewExecutionId0$7(SQLExecution.scala:139)
		at org.apache.spark.JobArtifactSet$.withActiveJobArtifactState(JobArtifactSet.scala:94)
		at org.apache.spark.sql.artifact.ArtifactManager.$anonfun$withResources$1(ArtifactManager.scala:112)
		at org.apache.spark.sql.artifact.ArtifactManager.withClassLoaderIfNeeded(ArtifactManager.scala:106)
		at org.apache.spark.sql.artifact.ArtifactManager.withResources(ArtifactManager.scala:111)
		at org.apache.spark.sql.execution.SQLExecution$.$anonfun$withNewExecutionId0$6(SQLExecution.scala:139)
		at org.apache.spark.sql.execution.SQLExecution$.withSQLConfPropagated(SQLExecution.scala:308)
		at org.apache.spark.sql.execution.SQLExecution$.$anonfun$withNewExecutionId0$1(SQLExecution.scala:138)
		at org.apache.spark.sql.SparkSession.withActive(SparkSession.scala:804)
		at org.apache.spark.sql.execution.SQLExecution$.withNewExecutionId0(SQLExecution.scala:92)
		at org.apache.spark.sql.execution.SQLExecution$.withNewExecutionId(SQLExecution.scala:250)
		at org.apache.spark.sql.execution.QueryExecution.$anonfun$eagerlyExecuteCommands$1(QueryExecution.scala:185)
		at org.apache.spark.sql.execution.QueryExecution$.withInternalError(QueryExecution.scala:717)
		at org.apache.spark.sql.execution.QueryExecution.org$apache$spark$sql$execution$QueryExecution$$eagerlyExecute$1(QueryExecution.scala:184)
		at org.apache.spark.sql.execution.QueryExecution$$anonfun$eagerlyExecuteCommands$3.applyOrElse(QueryExecution.scala:201)
		at org.apache.spark.sql.execution.QueryExecution$$anonfun$eagerlyExecuteCommands$3.applyOrElse(QueryExecution.scala:194)
		at org.apache.spark.sql.catalyst.trees.TreeNode.$anonfun$transformDownWithPruning$1(TreeNode.scala:491)
		at org.apache.spark.sql.catalyst.trees.CurrentOrigin$.withOrigin(origin.scala:107)
		at org.apache.spark.sql.catalyst.trees.TreeNode.transformDownWithPruning(TreeNode.scala:491)
		at org.apache.spark.sql.catalyst.plans.logical.LogicalPlan.org$apache$spark$sql$catalyst$plans$logical$AnalysisHelper$$super$transformDownWithPruning(LogicalPlan.scala:37)
		at org.apache.spark.sql.catalyst.plans.logical.AnalysisHelper.transformDownWithPruning(AnalysisHelper.scala:360)
		at org.apache.spark.sql.catalyst.plans.logical.AnalysisHelper.transformDownWithPruning$(AnalysisHelper.scala:356)
		at org.apache.spark.sql.catalyst.plans.logical.LogicalPlan.transformDownWithPruning(LogicalPlan.scala:37)
		at org.apache.spark.sql.catalyst.plans.logical.LogicalPlan.transformDownWithPruning(LogicalPlan.scala:37)
		at org.apache.spark.sql.catalyst.trees.TreeNode.transformDown(TreeNode.scala:467)
		at org.apache.spark.sql.execution.QueryExecution.eagerlyExecuteCommands(QueryExecution.scala:194)
		at org.apache.spark.sql.execution.QueryExecution.$anonfun$lazyCommandExecuted$1(QueryExecution.scala:155)
		at scala.util.Try$.apply(Try.scala:217)
		at org.apache.spark.util.Utils$.doTryWithCallerStacktrace(Utils.scala:1392)
		at org.apache.spark.util.LazyTry.tryT$lzycompute(LazyTry.scala:46)
		at org.apache.spark.util.LazyTry.tryT(LazyTry.scala:46)
		... 17 more
Traceback (most recent call last):
  File "/home/bnm/Desktop/ominimotest /data-test/src/writer.py", line 131, in write_output
    df.write.mode(sink_mode).format(sink_format).save(path)
  File "/home/bnm/.local/lib/python3.10/site-packages/pyspark/sql/readwriter.py", line 1745, in save
    self._jwrite.save(path)
  File "/home/bnm/.local/lib/python3.10/site-packages/py4j/java_gateway.py", line 1362, in __call__
    return_value = get_return_value(
  File "/home/bnm/.local/lib/python3.10/site-packages/pyspark/errors/exceptions/captured.py", line 263, in deco
    return f(*a, **kw)
  File "/home/bnm/.local/lib/python3.10/site-packages/py4j/protocol.py", line 327, in get_return_value
    raise Py4JJavaError(
py4j.protocol.Py4JJavaError: An error occurred while calling o70.save.
: org.apache.spark.SparkException: Unable to clear output directory file:/home/bnm/Desktop/ominimotest /data-test/data/output/events/motor_policy prior to writing to it.
	at org.apache.spark.sql.errors.QueryExecutionErrors$.cannotClearOutputDirectoryError(QueryExecutionErrors.scala:828)
	at org.apache.spark.sql.execution.datasources.InsertIntoHadoopFsRelationCommand.deleteMatchingPartitions(InsertIntoHadoopFsRelationCommand.scala:244)
	at org.apache.spark.sql.execution.datasources.InsertIntoHadoopFsRelationCommand.run(InsertIntoHadoopFsRelationCommand.scala:136)
	at org.apache.spark.sql.execution.command.DataWritingCommandExec.sideEffectResult$lzycompute(commands.scala:117)
	at org.apache.spark.sql.execution.command.DataWritingCommandExec.sideEffectResult(commands.scala:115)
	at org.apache.spark.sql.execution.command.DataWritingCommandExec.executeCollect(commands.scala:129)
	at org.apache.spark.sql.execution.QueryExecution.$anonfun$eagerlyExecuteCommands$2(QueryExecution.scala:185)
	at org.apache.spark.sql.execution.SQLExecution$.$anonfun$withNewExecutionId0$8(SQLExecution.scala:177)
	at org.apache.spark.sql.execution.SQLExecution$.withSessionTagsApplied(SQLExecution.scala:285)
	at org.apache.spark.sql.execution.SQLExecution$.$anonfun$withNewExecutionId0$7(SQLExecution.scala:139)
	at org.apache.spark.JobArtifactSet$.withActiveJobArtifactState(JobArtifactSet.scala:94)
	at org.apache.spark.sql.artifact.ArtifactManager.$anonfun$withResources$1(ArtifactManager.scala:112)
	at org.apache.spark.sql.artifact.ArtifactManager.withClassLoaderIfNeeded(ArtifactManager.scala:106)
	at org.apache.spark.sql.artifact.ArtifactManager.withResources(ArtifactManager.scala:111)
	at org.apache.spark.sql.execution.SQLExecution$.$anonfun$withNewExecutionId0$6(SQLExecution.scala:139)
	at org.apache.spark.sql.execution.SQLExecution$.withSQLConfPropagated(SQLExecution.scala:308)
	at org.apache.spark.sql.execution.SQLExecution$.$anonfun$withNewExecutionId0$1(SQLExecution.scala:138)
	at org.apache.spark.sql.SparkSession.withActive(SparkSession.scala:804)
	at org.apache.spark.sql.execution.SQLExecution$.withNewExecutionId0(SQLExecution.scala:92)
	at org.apache.spark.sql.execution.SQLExecution$.withNewExecutionId(SQLExecution.scala:250)
	at org.apache.spark.sql.execution.QueryExecution.$anonfun$eagerlyExecuteCommands$1(QueryExecution.scala:185)
	at org.apache.spark.sql.execution.QueryExecution$.withInternalError(QueryExecution.scala:717)
	at org.apache.spark.sql.execution.QueryExecution.org$apache$spark$sql$execution$QueryExecution$$eagerlyExecute$1(QueryExecution.scala:184)
	at org.apache.spark.sql.execution.QueryExecution$$anonfun$eagerlyExecuteCommands$3.applyOrElse(QueryExecution.scala:201)
	at org.apache.spark.sql.execution.QueryExecution$$anonfun$eagerlyExecuteCommands$3.applyOrElse(QueryExecution.scala:194)
	at org.apache.spark.sql.catalyst.trees.TreeNode.$anonfun$transformDownWithPruning$1(TreeNode.scala:491)
	at org.apache.spark.sql.catalyst.trees.CurrentOrigin$.withOrigin(origin.scala:107)
	at org.apache.spark.sql.catalyst.trees.TreeNode.transformDownWithPruning(TreeNode.scala:491)
	at org.apache.spark.sql.catalyst.plans.logical.LogicalPlan.org$apache$spark$sql$catalyst$plans$logical$AnalysisHelper$$super$transformDownWithPruning(LogicalPlan.scala:37)
	at org.apache.spark.sql.catalyst.plans.logical.AnalysisHelper.transformDownWithPruning(AnalysisHelper.scala:360)
	at org.apache.spark.sql.catalyst.plans.logical.AnalysisHelper.transformDownWithPruning$(AnalysisHelper.scala:356)
	at org.apache.spark.sql.catalyst.plans.logical.LogicalPlan.transformDownWithPruning(LogicalPlan.scala:37)
	at org.apache.spark.sql.catalyst.plans.logical.LogicalPlan.transformDownWithPruning(LogicalPlan.scala:37)
	at org.apache.spark.sql.catalyst.trees.TreeNode.transformDown(TreeNode.scala:467)
	at org.apache.spark.sql.execution.QueryExecution.eagerlyExecuteCommands(QueryExecution.scala:194)
	at org.apache.spark.sql.execution.QueryExecution.$anonfun$lazyCommandExecuted$1(QueryExecution.scala:155)
	at scala.util.Try$.apply(Try.scala:217)
	at org.apache.spark.util.Utils$.doTryWithCallerStacktrace(Utils.scala:1392)
	at org.apache.spark.util.Utils$.getTryWithCallerStacktrace(Utils.scala:1453)
	at org.apache.spark.util.LazyTry.get(LazyTry.scala:58)
	at org.apache.spark.sql.execution.QueryExecution.commandExecuted(QueryExecution.scala:160)
	at org.apache.spark.sql.execution.QueryExecution.assertCommandExecuted(QueryExecution.scala:239)
	at org.apache.spark.sql.classic.DataFrameWriter.runCommand(DataFrameWriter.scala:592)
	at org.apache.spark.sql.classic.DataFrameWriter.save(DataFrameWriter.scala:115)
	at java.base/jdk.internal.reflect.NativeMethodAccessorImpl.invoke0(Native Method)
	at java.base/jdk.internal.reflect.NativeMethodAccessorImpl.invoke(NativeMethodAccessorImpl.java:77)
	at java.base/jdk.internal.reflect.DelegatingMethodAccessorImpl.invoke(DelegatingMethodAccessorImpl.java:43)
	at java.base/java.lang.reflect.Method.invoke(Method.java:569)
	at py4j.reflection.MethodInvoker.invoke(MethodInvoker.java:244)
	at py4j.reflection.ReflectionEngine.invoke(ReflectionEngine.java:374)
	at py4j.Gateway.invoke(Gateway.java:282)
	at py4j.commands.AbstractCommand.invokeMethod(AbstractCommand.java:132)
	at py4j.commands.CallCommand.execute(CallCommand.java:79)
	at py4j.ClientServerConnection.waitForCommands(ClientServerConnection.java:184)
	at py4j.ClientServerConnection.run(ClientServerConnection.java:108)
	at java.base/java.lang.Thread.run(Thread.java:840)
	Suppressed: org.apache.spark.util.Utils$OriginalTryStackTraceException: Full stacktrace of original doTryWithCallerStacktrace caller
		at org.apache.spark.sql.errors.QueryExecutionErrors$.cannotClearOutputDirectoryError(QueryExecutionErrors.scala:828)
		at org.apache.spark.sql.execution.datasources.InsertIntoHadoopFsRelationCommand.deleteMatchingPartitions(InsertIntoHadoopFsRelationCommand.scala:244)
		at org.apache.spark.sql.execution.datasources.InsertIntoHadoopFsRelationCommand.run(InsertIntoHadoopFsRelationCommand.scala:136)
		at org.apache.spark.sql.execution.command.DataWritingCommandExec.sideEffectResult$lzycompute(commands.scala:117)
		at org.apache.spark.sql.execution.command.DataWritingCommandExec.sideEffectResult(commands.scala:115)
		at org.apache.spark.sql.execution.command.DataWritingCommandExec.executeCollect(commands.scala:129)
		at org.apache.spark.sql.execution.QueryExecution.$anonfun$eagerlyExecuteCommands$2(QueryExecution.scala:185)
		at org.apache.spark.sql.execution.SQLExecution$.$anonfun$withNewExecutionId0$8(SQLExecution.scala:177)
		at org.apache.spark.sql.execution.SQLExecution$.withSessionTagsApplied(SQLExecution.scala:285)
		at org.apache.spark.sql.execution.SQLExecution$.$anonfun$withNewExecutionId0$7(SQLExecution.scala:139)
		at org.apache.spark.JobArtifactSet$.withActiveJobArtifactState(JobArtifactSet.scala:94)
		at org.apache.spark.sql.artifact.ArtifactManager.$anonfun$withResources$1(ArtifactManager.scala:112)
		at org.apache.spark.sql.artifact.ArtifactManager.withClassLoaderIfNeeded(ArtifactManager.scala:106)
		at org.apache.spark.sql.artifact.ArtifactManager.withResources(ArtifactManager.scala:111)
		at org.apache.spark.sql.execution.SQLExecution$.$anonfun$withNewExecutionId0$6(SQLExecution.scala:139)
		at org.apache.spark.sql.execution.SQLExecution$.withSQLConfPropagated(SQLExecution.scala:308)
		at org.apache.spark.sql.execution.SQLExecution$.$anonfun$withNewExecutionId0$1(SQLExecution.scala:138)
		at org.apache.spark.sql.SparkSession.withActive(SparkSession.scala:804)
		at org.apache.spark.sql.execution.SQLExecution$.withNewExecutionId0(SQLExecution.scala:92)
		at org.apache.spark.sql.execution.SQLExecution$.withNewExecutionId(SQLExecution.scala:250)
		at org.apache.spark.sql.execution.QueryExecution.$anonfun$eagerlyExecuteCommands$1(QueryExecution.scala:185)
		at org.apache.spark.sql.execution.QueryExecution$.withInternalError(QueryExecution.scala:717)
		at org.apache.spark.sql.execution.QueryExecution.org$apache$spark$sql$execution$QueryExecution$$eagerlyExecute$1(QueryExecution.scala:184)
		at org.apache.spark.sql.execution.QueryExecution$$anonfun$eagerlyExecuteCommands$3.applyOrElse(QueryExecution.scala:201)
		at org.apache.spark.sql.execution.QueryExecution$$anonfun$eagerlyExecuteCommands$3.applyOrElse(QueryExecution.scala:194)
		at org.apache.spark.sql.catalyst.trees.TreeNode.$anonfun$transformDownWithPruning$1(TreeNode.scala:491)
		at org.apache.spark.sql.catalyst.trees.CurrentOrigin$.withOrigin(origin.scala:107)
		at org.apache.spark.sql.catalyst.trees.TreeNode.transformDownWithPruning(TreeNode.scala:491)
		at org.apache.spark.sql.catalyst.plans.logical.LogicalPlan.org$apache$spark$sql$catalyst$plans$logical$AnalysisHelper$$super$transformDownWithPruning(LogicalPlan.scala:37)
		at org.apache.spark.sql.catalyst.plans.logical.AnalysisHelper.transformDownWithPruning(AnalysisHelper.scala:360)
		at org.apache.spark.sql.catalyst.plans.logical.AnalysisHelper.transformDownWithPruning$(AnalysisHelper.scala:356)
		at org.apache.spark.sql.catalyst.plans.logical.LogicalPlan.transformDownWithPruning(LogicalPlan.scala:37)
		at org.apache.spark.sql.catalyst.plans.logical.LogicalPlan.transformDownWithPruning(LogicalPlan.scala:37)
		at org.apache.spark.sql.catalyst.trees.TreeNode.transformDown(TreeNode.scala:467)
		at org.apache.spark.sql.execution.QueryExecution.eagerlyExecuteCommands(QueryExecution.scala:194)
		at org.apache.spark.sql.execution.QueryExecution.$anonfun$lazyCommandExecuted$1(QueryExecution.scala:155)
		at scala.util.Try$.apply(Try.scala:217)
		at org.apache.spark.util.Utils$.doTryWithCallerStacktrace(Utils.scala:1392)
		at org.apache.spark.util.LazyTry.tryT$lzycompute(LazyTry.scala:46)
		at org.apache.spark.util.LazyTry.tryT(LazyTry.scala:46)
		... 17 more


The above exception was the direct cause of the following exception:

Traceback (most recent call last):
  File "/home/bnm/Desktop/ominimotest /data-test/src/main.py", line 29, in main
    engine.run()
  File "/home/bnm/Desktop/ominimotest /data-test/src/engine.py", line 70, in run
    write_output(self.dataframes[sink_input], sink)
  File "/home/bnm/Desktop/ominimotest /data-test/src/writer.py", line 153, in write_output
    raise RuntimeError(
RuntimeError: Could not clean output directory 'data/output/events/motor_policy' for sink 'raw-ok'. Original error: An error occurred while calling o70.save.
: org.apache.spark.SparkException: Unable to clear output directory file:/home/bnm/Desktop/ominimotest /data-test/data/output/events/motor_policy prior to writing to it.
	at org.apache.spark.sql.errors.QueryExecutionErrors$.cannotClearOutputDirectoryError(QueryExecutionErrors.scala:828)
	at org.apache.spark.sql.execution.datasources.InsertIntoHadoopFsRelationCommand.deleteMatchingPartitions(InsertIntoHadoopFsRelationCommand.scala:244)
	at org.apache.spark.sql.execution.datasources.InsertIntoHadoopFsRelationCommand.run(InsertIntoHadoopFsRelationCommand.scala:136)
	at org.apache.spark.sql.execution.command.DataWritingCommandExec.sideEffectResult$lzycompute(commands.scala:117)
	at org.apache.spark.sql.execution.command.DataWritingCommandExec.sideEffectResult(commands.scala:115)
	at org.apache.spark.sql.execution.command.DataWritingCommandExec.executeCollect(commands.scala:129)
	at org.apache.spark.sql.execution.QueryExecution.$anonfun$eagerlyExecuteCommands$2(QueryExecution.scala:185)
	at org.apache.spark.sql.execution.SQLExecution$.$anonfun$withNewExecutionId0$8(SQLExecution.scala:177)
	at org.apache.spark.sql.execution.SQLExecution$.withSessionTagsApplied(SQLExecution.scala:285)
	at org.apache.spark.sql.execution.SQLExecution$.$anonfun$withNewExecutionId0$7(SQLExecution.scala:139)
	at org.apache.spark.JobArtifactSet$.withActiveJobArtifactState(JobArtifactSet.scala:94)
	at org.apache.spark.sql.artifact.ArtifactManager.$anonfun$withResources$1(ArtifactManager.scala:112)
	at org.apache.spark.sql.artifact.ArtifactManager.withClassLoaderIfNeeded(ArtifactManager.scala:106)
	at org.apache.spark.sql.artifact.ArtifactManager.withResources(ArtifactManager.scala:111)
	at org.apache.spark.sql.execution.SQLExecution$.$anonfun$withNewExecutionId0$6(SQLExecution.scala:139)
	at org.apache.spark.sql.execution.SQLExecution$.withSQLConfPropagated(SQLExecution.scala:308)
	at org.apache.spark.sql.execution.SQLExecution$.$anonfun$withNewExecutionId0$1(SQLExecution.scala:138)
	at org.apache.spark.sql.SparkSession.withActive(SparkSession.scala:804)
	at org.apache.spark.sql.execution.SQLExecution$.withNewExecutionId0(SQLExecution.scala:92)
	at org.apache.spark.sql.execution.SQLExecution$.withNewExecutionId(SQLExecution.scala:250)
	at org.apache.spark.sql.execution.QueryExecution.$anonfun$eagerlyExecuteCommands$1(QueryExecution.scala:185)
	at org.apache.spark.sql.execution.QueryExecution$.withInternalError(QueryExecution.scala:717)
	at org.apache.spark.sql.execution.QueryExecution.org$apache$spark$sql$execution$QueryExecution$$eagerlyExecute$1(QueryExecution.scala:184)
	at org.apache.spark.sql.execution.QueryExecution$$anonfun$eagerlyExecuteCommands$3.applyOrElse(QueryExecution.scala:201)
	at org.apache.spark.sql.execution.QueryExecution$$anonfun$eagerlyExecuteCommands$3.applyOrElse(QueryExecution.scala:194)
	at org.apache.spark.sql.catalyst.trees.TreeNode.$anonfun$transformDownWithPruning$1(TreeNode.scala:491)
	at org.apache.spark.sql.catalyst.trees.CurrentOrigin$.withOrigin(origin.scala:107)
	at org.apache.spark.sql.catalyst.trees.TreeNode.transformDownWithPruning(TreeNode.scala:491)
	at org.apache.spark.sql.catalyst.plans.logical.LogicalPlan.org$apache$spark$sql$catalyst$plans$logical$AnalysisHelper$$super$transformDownWithPruning(LogicalPlan.scala:37)
	at org.apache.spark.sql.catalyst.plans.logical.AnalysisHelper.transformDownWithPruning(AnalysisHelper.scala:360)
	at org.apache.spark.sql.catalyst.plans.logical.AnalysisHelper.transformDownWithPruning$(AnalysisHelper.scala:356)
	at org.apache.spark.sql.catalyst.plans.logical.LogicalPlan.transformDownWithPruning(LogicalPlan.scala:37)
	at org.apache.spark.sql.catalyst.plans.logical.LogicalPlan.transformDownWithPruning(LogicalPlan.scala:37)
	at org.apache.spark.sql.catalyst.trees.TreeNode.transformDown(TreeNode.scala:467)
	at org.apache.spark.sql.execution.QueryExecution.eagerlyExecuteCommands(QueryExecution.scala:194)
	at org.apache.spark.sql.execution.QueryExecution.$anonfun$lazyCommandExecuted$1(QueryExecution.scala:155)
	at scala.util.Try$.apply(Try.scala:217)
	at org.apache.spark.util.Utils$.doTryWithCallerStacktrace(Utils.scala:1392)
	at org.apache.spark.util.Utils$.getTryWithCallerStacktrace(Utils.scala:1453)
	at org.apache.spark.util.LazyTry.get(LazyTry.scala:58)
	at org.apache.spark.sql.execution.QueryExecution.commandExecuted(QueryExecution.scala:160)
	at org.apache.spark.sql.execution.QueryExecution.assertCommandExecuted(QueryExecution.scala:239)
	at org.apache.spark.sql.classic.DataFrameWriter.runCommand(DataFrameWriter.scala:592)
	at org.apache.spark.sql.classic.DataFrameWriter.save(DataFrameWriter.scala:115)
	at java.base/jdk.internal.reflect.NativeMethodAccessorImpl.invoke0(Native Method)
	at java.base/jdk.internal.reflect.NativeMethodAccessorImpl.invoke(NativeMethodAccessorImpl.java:77)
	at java.base/jdk.internal.reflect.DelegatingMethodAccessorImpl.invoke(DelegatingMethodAccessorImpl.java:43)
	at java.base/java.lang.reflect.Method.invoke(Method.java:569)
	at py4j.reflection.MethodInvoker.invoke(MethodInvoker.java:244)
	at py4j.reflection.ReflectionEngine.invoke(ReflectionEngine.java:374)
	at py4j.Gateway.invoke(Gateway.java:282)
	at py4j.commands.AbstractCommand.invokeMethod(AbstractCommand.java:132)
	at py4j.commands.CallCommand.execute(CallCommand.java:79)
	at py4j.ClientServerConnection.waitForCommands(ClientServerConnection.java:184)
	at py4j.ClientServerConnection.run(ClientServerConnection.java:108)
	at java.base/java.lang.Thread.run(Thread.java:840)
	Suppressed: org.apache.spark.util.Utils$OriginalTryStackTraceException: Full stacktrace of original doTryWithCallerStacktrace caller
		at org.apache.spark.sql.errors.QueryExecutionErrors$.cannotClearOutputDirectoryError(QueryExecutionErrors.scala:828)
		at org.apache.spark.sql.execution.datasources.InsertIntoHadoopFsRelationCommand.deleteMatchingPartitions(InsertIntoHadoopFsRelationCommand.scala:244)
		at org.apache.spark.sql.execution.datasources.InsertIntoHadoopFsRelationCommand.run(InsertIntoHadoopFsRelationCommand.scala:136)
		at org.apache.spark.sql.execution.command.DataWritingCommandExec.sideEffectResult$lzycompute(commands.scala:117)
		at org.apache.spark.sql.execution.command.DataWritingCommandExec.sideEffectResult(commands.scala:115)
		at org.apache.spark.sql.execution.command.DataWritingCommandExec.executeCollect(commands.scala:129)
		at org.apache.spark.sql.execution.QueryExecution.$anonfun$eagerlyExecuteCommands$2(QueryExecution.scala:185)
		at org.apache.spark.sql.execution.SQLExecution$.$anonfun$withNewExecutionId0$8(SQLExecution.scala:177)
		at org.apache.spark.sql.execution.SQLExecution$.withSessionTagsApplied(SQLExecution.scala:285)
		at org.apache.spark.sql.execution.SQLExecution$.$anonfun$withNewExecutionId0$7(SQLExecution.scala:139)
		at org.apache.spark.JobArtifactSet$.withActiveJobArtifactState(JobArtifactSet.scala:94)
		at org.apache.spark.sql.artifact.ArtifactManager.$anonfun$withResources$1(ArtifactManager.scala:112)
		at org.apache.spark.sql.artifact.ArtifactManager.withClassLoaderIfNeeded(ArtifactManager.scala:106)
		at org.apache.spark.sql.artifact.ArtifactManager.withResources(ArtifactManager.scala:111)
		at org.apache.spark.sql.execution.SQLExecution$.$anonfun$withNewExecutionId0$6(SQLExecution.scala:139)
		at org.apache.spark.sql.execution.SQLExecution$.withSQLConfPropagated(SQLExecution.scala:308)
		at org.apache.spark.sql.execution.SQLExecution$.$anonfun$withNewExecutionId0$1(SQLExecution.scala:138)
		at org.apache.spark.sql.SparkSession.withActive(SparkSession.scala:804)
		at org.apache.spark.sql.execution.SQLExecution$.withNewExecutionId0(SQLExecution.scala:92)
		at org.apache.spark.sql.execution.SQLExecution$.withNewExecutionId(SQLExecution.scala:250)
		at org.apache.spark.sql.execution.QueryExecution.$anonfun$eagerlyExecuteCommands$1(QueryExecution.scala:185)
		at org.apache.spark.sql.execution.QueryExecution$.withInternalError(QueryExecution.scala:717)
		at org.apache.spark.sql.execution.QueryExecution.org$apache$spark$sql$execution$QueryExecution$$eagerlyExecute$1(QueryExecution.scala:184)
		at org.apache.spark.sql.execution.QueryExecution$$anonfun$eagerlyExecuteCommands$3.applyOrElse(QueryExecution.scala:201)
		at org.apache.spark.sql.execution.QueryExecution$$anonfun$eagerlyExecuteCommands$3.applyOrElse(QueryExecution.scala:194)
		at org.apache.spark.sql.catalyst.trees.TreeNode.$anonfun$transformDownWithPruning$1(TreeNode.scala:491)
		at org.apache.spark.sql.catalyst.trees.CurrentOrigin$.withOrigin(origin.scala:107)
		at org.apache.spark.sql.catalyst.trees.TreeNode.transformDownWithPruning(TreeNode.scala:491)
		at org.apache.spark.sql.catalyst.plans.logical.LogicalPlan.org$apache$spark$sql$catalyst$plans$logical$AnalysisHelper$$super$transformDownWithPruning(LogicalPlan.scala:37)
		at org.apache.spark.sql.catalyst.plans.logical.AnalysisHelper.transformDownWithPruning(AnalysisHelper.scala:360)
		at org.apache.spark.sql.catalyst.plans.logical.AnalysisHelper.transformDownWithPruning$(AnalysisHelper.scala:356)
		at org.apache.spark.sql.catalyst.plans.logical.LogicalPlan.transformDownWithPruning(LogicalPlan.scala:37)
		at org.apache.spark.sql.catalyst.plans.logical.LogicalPlan.transformDownWithPruning(LogicalPlan.scala:37)
		at org.apache.spark.sql.catalyst.trees.TreeNode.transformDown(TreeNode.scala:467)
		at org.apache.spark.sql.execution.QueryExecution.eagerlyExecuteCommands(QueryExecution.scala:194)
		at org.apache.spark.sql.execution.QueryExecution.$anonfun$lazyCommandExecuted$1(QueryExecution.scala:155)
		at scala.util.Try$.apply(Try.scala:217)
		at org.apache.spark.util.Utils$.doTryWithCallerStacktrace(Utils.scala:1392)
		at org.apache.spark.util.LazyTry.tryT$lzycompute(LazyTry.scala:46)
		at org.apache.spark.util.LazyTry.tryT(LazyTry.scala:46)
		... 17 more

2026-03-23 11:17:26,485 - __main__ - INFO - [main.py:35] - Stopping Spark session...
2026-03-23 11:17:26,784 - __main__ - CRITICAL - [main.py:43] - Fatal error: Could not clean output directory 'data/output/events/motor_policy' for sink 'raw-ok'. Original error: An error occurred while calling o70.save.
: org.apache.spark.SparkException: Unable to clear output directory file:/home/bnm/Desktop/ominimotest /data-test/data/output/events/motor_policy prior to writing to it.
	at org.apache.spark.sql.errors.QueryExecutionErrors$.cannotClearOutputDirectoryError(QueryExecutionErrors.scala:828)
	at org.apache.spark.sql.execution.datasources.InsertIntoHadoopFsRelationCommand.deleteMatchingPartitions(InsertIntoHadoopFsRelationCommand.scala:244)
	at org.apache.spark.sql.execution.datasources.InsertIntoHadoopFsRelationCommand.run(InsertIntoHadoopFsRelationCommand.scala:136)
	at org.apache.spark.sql.execution.command.DataWritingCommandExec.sideEffectResult$lzycompute(commands.scala:117)
	at org.apache.spark.sql.execution.command.DataWritingCommandExec.sideEffectResult(commands.scala:115)
	at org.apache.spark.sql.execution.command.DataWritingCommandExec.executeCollect(commands.scala:129)
	at org.apache.spark.sql.execution.QueryExecution.$anonfun$eagerlyExecuteCommands$2(QueryExecution.scala:185)
	at org.apache.spark.sql.execution.SQLExecution$.$anonfun$withNewExecutionId0$8(SQLExecution.scala:177)
	at org.apache.spark.sql.execution.SQLExecution$.withSessionTagsApplied(SQLExecution.scala:285)
	at org.apache.spark.sql.execution.SQLExecution$.$anonfun$withNewExecutionId0$7(SQLExecution.scala:139)
	at org.apache.spark.JobArtifactSet$.withActiveJobArtifactState(JobArtifactSet.scala:94)
	at org.apache.spark.sql.artifact.ArtifactManager.$anonfun$withResources$1(ArtifactManager.scala:112)
	at org.apache.spark.sql.artifact.ArtifactManager.withClassLoaderIfNeeded(ArtifactManager.scala:106)
	at org.apache.spark.sql.artifact.ArtifactManager.withResources(ArtifactManager.scala:111)
	at org.apache.spark.sql.execution.SQLExecution$.$anonfun$withNewExecutionId0$6(SQLExecution.scala:139)
	at org.apache.spark.sql.execution.SQLExecution$.withSQLConfPropagated(SQLExecution.scala:308)
	at org.apache.spark.sql.execution.SQLExecution$.$anonfun$withNewExecutionId0$1(SQLExecution.scala:138)
	at org.apache.spark.sql.SparkSession.withActive(SparkSession.scala:804)
	at org.apache.spark.sql.execution.SQLExecution$.withNewExecutionId0(SQLExecution.scala:92)
	at org.apache.spark.sql.execution.SQLExecution$.withNewExecutionId(SQLExecution.scala:250)
	at org.apache.spark.sql.execution.QueryExecution.$anonfun$eagerlyExecuteCommands$1(QueryExecution.scala:185)
	at org.apache.spark.sql.execution.QueryExecution$.withInternalError(QueryExecution.scala:717)
	at org.apache.spark.sql.execution.QueryExecution.org$apache$spark$sql$execution$QueryExecution$$eagerlyExecute$1(QueryExecution.scala:184)
	at org.apache.spark.sql.execution.QueryExecution$$anonfun$eagerlyExecuteCommands$3.applyOrElse(QueryExecution.scala:201)
	at org.apache.spark.sql.execution.QueryExecution$$anonfun$eagerlyExecuteCommands$3.applyOrElse(QueryExecution.scala:194)
	at org.apache.spark.sql.catalyst.trees.TreeNode.$anonfun$transformDownWithPruning$1(TreeNode.scala:491)
	at org.apache.spark.sql.catalyst.trees.CurrentOrigin$.withOrigin(origin.scala:107)
	at org.apache.spark.sql.catalyst.trees.TreeNode.transformDownWithPruning(TreeNode.scala:491)
	at org.apache.spark.sql.catalyst.plans.logical.LogicalPlan.org$apache$spark$sql$catalyst$plans$logical$AnalysisHelper$$super$transformDownWithPruning(LogicalPlan.scala:37)
	at org.apache.spark.sql.catalyst.plans.logical.AnalysisHelper.transformDownWithPruning(AnalysisHelper.scala:360)
	at org.apache.spark.sql.catalyst.plans.logical.AnalysisHelper.transformDownWithPruning$(AnalysisHelper.scala:356)
	at org.apache.spark.sql.catalyst.plans.logical.LogicalPlan.transformDownWithPruning(LogicalPlan.scala:37)
	at org.apache.spark.sql.catalyst.plans.logical.LogicalPlan.transformDownWithPruning(LogicalPlan.scala:37)
	at org.apache.spark.sql.catalyst.trees.TreeNode.transformDown(TreeNode.scala:467)
	at org.apache.spark.sql.execution.QueryExecution.eagerlyExecuteCommands(QueryExecution.scala:194)
	at org.apache.spark.sql.execution.QueryExecution.$anonfun$lazyCommandExecuted$1(QueryExecution.scala:155)
	at scala.util.Try$.apply(Try.scala:217)
	at org.apache.spark.util.Utils$.doTryWithCallerStacktrace(Utils.scala:1392)
	at org.apache.spark.util.Utils$.getTryWithCallerStacktrace(Utils.scala:1453)
	at org.apache.spark.util.LazyTry.get(LazyTry.scala:58)
	at org.apache.spark.sql.execution.QueryExecution.commandExecuted(QueryExecution.scala:160)
	at org.apache.spark.sql.execution.QueryExecution.assertCommandExecuted(QueryExecution.scala:239)
	at org.apache.spark.sql.classic.DataFrameWriter.runCommand(DataFrameWriter.scala:592)
	at org.apache.spark.sql.classic.DataFrameWriter.save(DataFrameWriter.scala:115)
	at java.base/jdk.internal.reflect.NativeMethodAccessorImpl.invoke0(Native Method)
	at java.base/jdk.internal.reflect.NativeMethodAccessorImpl.invoke(NativeMethodAccessorImpl.java:77)
	at java.base/jdk.internal.reflect.DelegatingMethodAccessorImpl.invoke(DelegatingMethodAccessorImpl.java:43)
	at java.base/java.lang.reflect.Method.invoke(Method.java:569)
	at py4j.reflection.MethodInvoker.invoke(MethodInvoker.java:244)
	at py4j.reflection.ReflectionEngine.invoke(ReflectionEngine.java:374)
	at py4j.Gateway.invoke(Gateway.java:282)
	at py4j.commands.AbstractCommand.invokeMethod(AbstractCommand.java:132)
	at py4j.commands.CallCommand.execute(CallCommand.java:79)
	at py4j.ClientServerConnection.waitForCommands(ClientServerConnection.java:184)
	at py4j.ClientServerConnection.run(ClientServerConnection.java:108)
	at java.base/java.lang.Thread.run(Thread.java:840)
	Suppressed: org.apache.spark.util.Utils$OriginalTryStackTraceException: Full stacktrace of original doTryWithCallerStacktrace caller
		at org.apache.spark.sql.errors.QueryExecutionErrors$.cannotClearOutputDirectoryError(QueryExecutionErrors.scala:828)
		at org.apache.spark.sql.execution.datasources.InsertIntoHadoopFsRelationCommand.deleteMatchingPartitions(InsertIntoHadoopFsRelationCommand.scala:244)
		at org.apache.spark.sql.execution.datasources.InsertIntoHadoopFsRelationCommand.run(InsertIntoHadoopFsRelationCommand.scala:136)
		at org.apache.spark.sql.execution.command.DataWritingCommandExec.sideEffectResult$lzycompute(commands.scala:117)
		at org.apache.spark.sql.execution.command.DataWritingCommandExec.sideEffectResult(commands.scala:115)
		at org.apache.spark.sql.execution.command.DataWritingCommandExec.executeCollect(commands.scala:129)
		at org.apache.spark.sql.execution.QueryExecution.$anonfun$eagerlyExecuteCommands$2(QueryExecution.scala:185)
		at org.apache.spark.sql.execution.SQLExecution$.$anonfun$withNewExecutionId0$8(SQLExecution.scala:177)
		at org.apache.spark.sql.execution.SQLExecution$.withSessionTagsApplied(SQLExecution.scala:285)
		at org.apache.spark.sql.execution.SQLExecution$.$anonfun$withNewExecutionId0$7(SQLExecution.scala:139)
		at org.apache.spark.JobArtifactSet$.withActiveJobArtifactState(JobArtifactSet.scala:94)
		at org.apache.spark.sql.artifact.ArtifactManager.$anonfun$withResources$1(ArtifactManager.scala:112)
		at org.apache.spark.sql.artifact.ArtifactManager.withClassLoaderIfNeeded(ArtifactManager.scala:106)
		at org.apache.spark.sql.artifact.ArtifactManager.withResources(ArtifactManager.scala:111)
		at org.apache.spark.sql.execution.SQLExecution$.$anonfun$withNewExecutionId0$6(SQLExecution.scala:139)
		at org.apache.spark.sql.execution.SQLExecution$.withSQLConfPropagated(SQLExecution.scala:308)
		at org.apache.spark.sql.execution.SQLExecution$.$anonfun$withNewExecutionId0$1(SQLExecution.scala:138)
		at org.apache.spark.sql.SparkSession.withActive(SparkSession.scala:804)
		at org.apache.spark.sql.execution.SQLExecution$.withNewExecutionId0(SQLExecution.scala:92)
		at org.apache.spark.sql.execution.SQLExecution$.withNewExecutionId(SQLExecution.scala:250)
		at org.apache.spark.sql.execution.QueryExecution.$anonfun$eagerlyExecuteCommands$1(QueryExecution.scala:185)
		at org.apache.spark.sql.execution.QueryExecution$.withInternalError(QueryExecution.scala:717)
		at org.apache.spark.sql.execution.QueryExecution.org$apache$spark$sql$execution$QueryExecution$$eagerlyExecute$1(QueryExecution.scala:184)
		at org.apache.spark.sql.execution.QueryExecution$$anonfun$eagerlyExecuteCommands$3.applyOrElse(QueryExecution.scala:201)
		at org.apache.spark.sql.execution.QueryExecution$$anonfun$eagerlyExecuteCommands$3.applyOrElse(QueryExecution.scala:194)
		at org.apache.spark.sql.catalyst.trees.TreeNode.$anonfun$transformDownWithPruning$1(TreeNode.scala:491)
		at org.apache.spark.sql.catalyst.trees.CurrentOrigin$.withOrigin(origin.scala:107)
		at org.apache.spark.sql.catalyst.trees.TreeNode.transformDownWithPruning(TreeNode.scala:491)
		at org.apache.spark.sql.catalyst.plans.logical.LogicalPlan.org$apache$spark$sql$catalyst$plans$logical$AnalysisHelper$$super$transformDownWithPruning(LogicalPlan.scala:37)
		at org.apache.spark.sql.catalyst.plans.logical.AnalysisHelper.transformDownWithPruning(AnalysisHelper.scala:360)
		at org.apache.spark.sql.catalyst.plans.logical.AnalysisHelper.transformDownWithPruning$(AnalysisHelper.scala:356)
		at org.apache.spark.sql.catalyst.plans.logical.LogicalPlan.transformDownWithPruning(LogicalPlan.scala:37)
		at org.apache.spark.sql.catalyst.plans.logical.LogicalPlan.transformDownWithPruning(LogicalPlan.scala:37)
		at org.apache.spark.sql.catalyst.trees.TreeNode.transformDown(TreeNode.scala:467)
		at org.apache.spark.sql.execution.QueryExecution.eagerlyExecuteCommands(QueryExecution.scala:194)
		at org.apache.spark.sql.execution.QueryExecution.$anonfun$lazyCommandExecuted$1(QueryExecution.scala:155)
		at scala.util.Try$.apply(Try.scala:217)
		at org.apache.spark.util.Utils$.doTryWithCallerStacktrace(Utils.scala:1392)
		at org.apache.spark.util.LazyTry.tryT$lzycompute(LazyTry.scala:46)
		at org.apache.spark.util.LazyTry.tryT(LazyTry.scala:46)
		... 17 more

2026-03-23 11:17:27,634 - __main__ - INFO - [main.py:13] - Starting Dynamic Spark Pipeline...
2026-03-23 11:17:27,635 - __main__ - INFO - [main.py:19] - Loading config from metadata/config.json
2026-03-23 11:17:27,635 - __main__ - INFO - [main.py:23] - Creating Spark session...
2026-03-23 11:17:33,172 - __main__ - INFO - [main.py:27] - Executing 1 dataflow(s)...
2026-03-23 11:17:38,374 - __main__ - INFO - [main.py:30] - Pipeline completed successfully
2026-03-23 11:17:38,375 - __main__ - INFO - [main.py:35] - Stopping Spark session...
2026-03-23 11:18:29,249 - __main__ - INFO - [main.py:13] - Starting Dynamic Spark Pipeline...
2026-03-23 11:18:29,249 - __main__ - INFO - [main.py:19] - Loading config from metadata/config.json
2026-03-23 11:18:29,249 - __main__ - INFO - [main.py:23] - Creating Spark session...
2026-03-23 11:18:35,480 - __main__ - INFO - [main.py:27] - Executing 1 dataflow(s)...
2026-03-23 11:18:43,121 - __main__ - ERROR - [main.py:32] - Pipeline execution failed: Could not clean output directory 'data/output/events/motor_policy' for sink 'raw-ok'. Original error: An error occurred while calling o70.save.
: org.apache.spark.SparkException: Unable to clear output directory file:/home/bnm/Desktop/ominimotest /data-test/data/output/events/motor_policy prior to writing to it.
	at org.apache.spark.sql.errors.QueryExecutionErrors$.cannotClearOutputDirectoryError(QueryExecutionErrors.scala:828)
	at org.apache.spark.sql.execution.datasources.InsertIntoHadoopFsRelationCommand.deleteMatchingPartitions(InsertIntoHadoopFsRelationCommand.scala:244)
	at org.apache.spark.sql.execution.datasources.InsertIntoHadoopFsRelationCommand.run(InsertIntoHadoopFsRelationCommand.scala:136)
	at org.apache.spark.sql.execution.command.DataWritingCommandExec.sideEffectResult$lzycompute(commands.scala:117)
	at org.apache.spark.sql.execution.command.DataWritingCommandExec.sideEffectResult(commands.scala:115)
	at org.apache.spark.sql.execution.command.DataWritingCommandExec.executeCollect(commands.scala:129)
	at org.apache.spark.sql.execution.QueryExecution.$anonfun$eagerlyExecuteCommands$2(QueryExecution.scala:185)
	at org.apache.spark.sql.execution.SQLExecution$.$anonfun$withNewExecutionId0$8(SQLExecution.scala:177)
	at org.apache.spark.sql.execution.SQLExecution$.withSessionTagsApplied(SQLExecution.scala:285)
	at org.apache.spark.sql.execution.SQLExecution$.$anonfun$withNewExecutionId0$7(SQLExecution.scala:139)
	at org.apache.spark.JobArtifactSet$.withActiveJobArtifactState(JobArtifactSet.scala:94)
	at org.apache.spark.sql.artifact.ArtifactManager.$anonfun$withResources$1(ArtifactManager.scala:112)
	at org.apache.spark.sql.artifact.ArtifactManager.withClassLoaderIfNeeded(ArtifactManager.scala:106)
	at org.apache.spark.sql.artifact.ArtifactManager.withResources(ArtifactManager.scala:111)
	at org.apache.spark.sql.execution.SQLExecution$.$anonfun$withNewExecutionId0$6(SQLExecution.scala:139)
	at org.apache.spark.sql.execution.SQLExecution$.withSQLConfPropagated(SQLExecution.scala:308)
	at org.apache.spark.sql.execution.SQLExecution$.$anonfun$withNewExecutionId0$1(SQLExecution.scala:138)
	at org.apache.spark.sql.SparkSession.withActive(SparkSession.scala:804)
	at org.apache.spark.sql.execution.SQLExecution$.withNewExecutionId0(SQLExecution.scala:92)
	at org.apache.spark.sql.execution.SQLExecution$.withNewExecutionId(SQLExecution.scala:250)
	at org.apache.spark.sql.execution.QueryExecution.$anonfun$eagerlyExecuteCommands$1(QueryExecution.scala:185)
	at org.apache.spark.sql.execution.QueryExecution$.withInternalError(QueryExecution.scala:717)
	at org.apache.spark.sql.execution.QueryExecution.org$apache$spark$sql$execution$QueryExecution$$eagerlyExecute$1(QueryExecution.scala:184)
	at org.apache.spark.sql.execution.QueryExecution$$anonfun$eagerlyExecuteCommands$3.applyOrElse(QueryExecution.scala:201)
	at org.apache.spark.sql.execution.QueryExecution$$anonfun$eagerlyExecuteCommands$3.applyOrElse(QueryExecution.scala:194)
	at org.apache.spark.sql.catalyst.trees.TreeNode.$anonfun$transformDownWithPruning$1(TreeNode.scala:491)
	at org.apache.spark.sql.catalyst.trees.CurrentOrigin$.withOrigin(origin.scala:107)
	at org.apache.spark.sql.catalyst.trees.TreeNode.transformDownWithPruning(TreeNode.scala:491)
	at org.apache.spark.sql.catalyst.plans.logical.LogicalPlan.org$apache$spark$sql$catalyst$plans$logical$AnalysisHelper$$super$transformDownWithPruning(LogicalPlan.scala:37)
	at org.apache.spark.sql.catalyst.plans.logical.AnalysisHelper.transformDownWithPruning(AnalysisHelper.scala:360)
	at org.apache.spark.sql.catalyst.plans.logical.AnalysisHelper.transformDownWithPruning$(AnalysisHelper.scala:356)
	at org.apache.spark.sql.catalyst.plans.logical.LogicalPlan.transformDownWithPruning(LogicalPlan.scala:37)
	at org.apache.spark.sql.catalyst.plans.logical.LogicalPlan.transformDownWithPruning(LogicalPlan.scala:37)
	at org.apache.spark.sql.catalyst.trees.TreeNode.transformDown(TreeNode.scala:467)
	at org.apache.spark.sql.execution.QueryExecution.eagerlyExecuteCommands(QueryExecution.scala:194)
	at org.apache.spark.sql.execution.QueryExecution.$anonfun$lazyCommandExecuted$1(QueryExecution.scala:155)
	at scala.util.Try$.apply(Try.scala:217)
	at org.apache.spark.util.Utils$.doTryWithCallerStacktrace(Utils.scala:1392)
	at org.apache.spark.util.Utils$.getTryWithCallerStacktrace(Utils.scala:1453)
	at org.apache.spark.util.LazyTry.get(LazyTry.scala:58)
	at org.apache.spark.sql.execution.QueryExecution.commandExecuted(QueryExecution.scala:160)
	at org.apache.spark.sql.execution.QueryExecution.assertCommandExecuted(QueryExecution.scala:239)
	at org.apache.spark.sql.classic.DataFrameWriter.runCommand(DataFrameWriter.scala:592)
	at org.apache.spark.sql.classic.DataFrameWriter.save(DataFrameWriter.scala:115)
	at java.base/jdk.internal.reflect.NativeMethodAccessorImpl.invoke0(Native Method)
	at java.base/jdk.internal.reflect.NativeMethodAccessorImpl.invoke(NativeMethodAccessorImpl.java:77)
	at java.base/jdk.internal.reflect.DelegatingMethodAccessorImpl.invoke(DelegatingMethodAccessorImpl.java:43)
	at java.base/java.lang.reflect.Method.invoke(Method.java:569)
	at py4j.reflection.MethodInvoker.invoke(MethodInvoker.java:244)
	at py4j.reflection.ReflectionEngine.invoke(ReflectionEngine.java:374)
	at py4j.Gateway.invoke(Gateway.java:282)
	at py4j.commands.AbstractCommand.invokeMethod(AbstractCommand.java:132)
	at py4j.commands.CallCommand.execute(CallCommand.java:79)
	at py4j.ClientServerConnection.waitForCommands(ClientServerConnection.java:184)
	at py4j.ClientServerConnection.run(ClientServerConnection.java:108)
	at java.base/java.lang.Thread.run(Thread.java:840)
	Suppressed: org.apache.spark.util.Utils$OriginalTryStackTraceException: Full stacktrace of original doTryWithCallerStacktrace caller
		at org.apache.spark.sql.errors.QueryExecutionErrors$.cannotClearOutputDirectoryError(QueryExecutionErrors.scala:828)
		at org.apache.spark.sql.execution.datasources.InsertIntoHadoopFsRelationCommand.deleteMatchingPartitions(InsertIntoHadoopFsRelationCommand.scala:244)
		at org.apache.spark.sql.execution.datasources.InsertIntoHadoopFsRelationCommand.run(InsertIntoHadoopFsRelationCommand.scala:136)
		at org.apache.spark.sql.execution.command.DataWritingCommandExec.sideEffectResult$lzycompute(commands.scala:117)
		at org.apache.spark.sql.execution.command.DataWritingCommandExec.sideEffectResult(commands.scala:115)
		at org.apache.spark.sql.execution.command.DataWritingCommandExec.executeCollect(commands.scala:129)
		at org.apache.spark.sql.execution.QueryExecution.$anonfun$eagerlyExecuteCommands$2(QueryExecution.scala:185)
		at org.apache.spark.sql.execution.SQLExecution$.$anonfun$withNewExecutionId0$8(SQLExecution.scala:177)
		at org.apache.spark.sql.execution.SQLExecution$.withSessionTagsApplied(SQLExecution.scala:285)
		at org.apache.spark.sql.execution.SQLExecution$.$anonfun$withNewExecutionId0$7(SQLExecution.scala:139)
		at org.apache.spark.JobArtifactSet$.withActiveJobArtifactState(JobArtifactSet.scala:94)
		at org.apache.spark.sql.artifact.ArtifactManager.$anonfun$withResources$1(ArtifactManager.scala:112)
		at org.apache.spark.sql.artifact.ArtifactManager.withClassLoaderIfNeeded(ArtifactManager.scala:106)
		at org.apache.spark.sql.artifact.ArtifactManager.withResources(ArtifactManager.scala:111)
		at org.apache.spark.sql.execution.SQLExecution$.$anonfun$withNewExecutionId0$6(SQLExecution.scala:139)
		at org.apache.spark.sql.execution.SQLExecution$.withSQLConfPropagated(SQLExecution.scala:308)
		at org.apache.spark.sql.execution.SQLExecution$.$anonfun$withNewExecutionId0$1(SQLExecution.scala:138)
		at org.apache.spark.sql.SparkSession.withActive(SparkSession.scala:804)
		at org.apache.spark.sql.execution.SQLExecution$.withNewExecutionId0(SQLExecution.scala:92)
		at org.apache.spark.sql.execution.SQLExecution$.withNewExecutionId(SQLExecution.scala:250)
		at org.apache.spark.sql.execution.QueryExecution.$anonfun$eagerlyExecuteCommands$1(QueryExecution.scala:185)
		at org.apache.spark.sql.execution.QueryExecution$.withInternalError(QueryExecution.scala:717)
		at org.apache.spark.sql.execution.QueryExecution.org$apache$spark$sql$execution$QueryExecution$$eagerlyExecute$1(QueryExecution.scala:184)
		at org.apache.spark.sql.execution.QueryExecution$$anonfun$eagerlyExecuteCommands$3.applyOrElse(QueryExecution.scala:201)
		at org.apache.spark.sql.execution.QueryExecution$$anonfun$eagerlyExecuteCommands$3.applyOrElse(QueryExecution.scala:194)
		at org.apache.spark.sql.catalyst.trees.TreeNode.$anonfun$transformDownWithPruning$1(TreeNode.scala:491)
		at org.apache.spark.sql.catalyst.trees.CurrentOrigin$.withOrigin(origin.scala:107)
		at org.apache.spark.sql.catalyst.trees.TreeNode.transformDownWithPruning(TreeNode.scala:491)
		at org.apache.spark.sql.catalyst.plans.logical.LogicalPlan.org$apache$spark$sql$catalyst$plans$logical$AnalysisHelper$$super$transformDownWithPruning(LogicalPlan.scala:37)
		at org.apache.spark.sql.catalyst.plans.logical.AnalysisHelper.transformDownWithPruning(AnalysisHelper.scala:360)
		at org.apache.spark.sql.catalyst.plans.logical.AnalysisHelper.transformDownWithPruning$(AnalysisHelper.scala:356)
		at org.apache.spark.sql.catalyst.plans.logical.LogicalPlan.transformDownWithPruning(LogicalPlan.scala:37)
		at org.apache.spark.sql.catalyst.plans.logical.LogicalPlan.transformDownWithPruning(LogicalPlan.scala:37)
		at org.apache.spark.sql.catalyst.trees.TreeNode.transformDown(TreeNode.scala:467)
		at org.apache.spark.sql.execution.QueryExecution.eagerlyExecuteCommands(QueryExecution.scala:194)
		at org.apache.spark.sql.execution.QueryExecution.$anonfun$lazyCommandExecuted$1(QueryExecution.scala:155)
		at scala.util.Try$.apply(Try.scala:217)
		at org.apache.spark.util.Utils$.doTryWithCallerStacktrace(Utils.scala:1392)
		at org.apache.spark.util.LazyTry.tryT$lzycompute(LazyTry.scala:46)
		at org.apache.spark.util.LazyTry.tryT(LazyTry.scala:46)
		... 17 more
Traceback (most recent call last):
  File "/home/bnm/Desktop/ominimotest /data-test/src/writer.py", line 131, in write_output
    df.write.mode(sink_mode).format(sink_format).save(path)
  File "/home/bnm/.local/lib/python3.10/site-packages/pyspark/sql/readwriter.py", line 1745, in save
    self._jwrite.save(path)
  File "/home/bnm/.local/lib/python3.10/site-packages/py4j/java_gateway.py", line 1362, in __call__
    return_value = get_return_value(
  File "/home/bnm/.local/lib/python3.10/site-packages/pyspark/errors/exceptions/captured.py", line 263, in deco
    return f(*a, **kw)
  File "/home/bnm/.local/lib/python3.10/site-packages/py4j/protocol.py", line 327, in get_return_value
    raise Py4JJavaError(
py4j.protocol.Py4JJavaError: An error occurred while calling o70.save.
: org.apache.spark.SparkException: Unable to clear output directory file:/home/bnm/Desktop/ominimotest /data-test/data/output/events/motor_policy prior to writing to it.
	at org.apache.spark.sql.errors.QueryExecutionErrors$.cannotClearOutputDirectoryError(QueryExecutionErrors.scala:828)
	at org.apache.spark.sql.execution.datasources.InsertIntoHadoopFsRelationCommand.deleteMatchingPartitions(InsertIntoHadoopFsRelationCommand.scala:244)
	at org.apache.spark.sql.execution.datasources.InsertIntoHadoopFsRelationCommand.run(InsertIntoHadoopFsRelationCommand.scala:136)
	at org.apache.spark.sql.execution.command.DataWritingCommandExec.sideEffectResult$lzycompute(commands.scala:117)
	at org.apache.spark.sql.execution.command.DataWritingCommandExec.sideEffectResult(commands.scala:115)
	at org.apache.spark.sql.execution.command.DataWritingCommandExec.executeCollect(commands.scala:129)
	at org.apache.spark.sql.execution.QueryExecution.$anonfun$eagerlyExecuteCommands$2(QueryExecution.scala:185)
	at org.apache.spark.sql.execution.SQLExecution$.$anonfun$withNewExecutionId0$8(SQLExecution.scala:177)
	at org.apache.spark.sql.execution.SQLExecution$.withSessionTagsApplied(SQLExecution.scala:285)
	at org.apache.spark.sql.execution.SQLExecution$.$anonfun$withNewExecutionId0$7(SQLExecution.scala:139)
	at org.apache.spark.JobArtifactSet$.withActiveJobArtifactState(JobArtifactSet.scala:94)
	at org.apache.spark.sql.artifact.ArtifactManager.$anonfun$withResources$1(ArtifactManager.scala:112)
	at org.apache.spark.sql.artifact.ArtifactManager.withClassLoaderIfNeeded(ArtifactManager.scala:106)
	at org.apache.spark.sql.artifact.ArtifactManager.withResources(ArtifactManager.scala:111)
	at org.apache.spark.sql.execution.SQLExecution$.$anonfun$withNewExecutionId0$6(SQLExecution.scala:139)
	at org.apache.spark.sql.execution.SQLExecution$.withSQLConfPropagated(SQLExecution.scala:308)
	at org.apache.spark.sql.execution.SQLExecution$.$anonfun$withNewExecutionId0$1(SQLExecution.scala:138)
	at org.apache.spark.sql.SparkSession.withActive(SparkSession.scala:804)
	at org.apache.spark.sql.execution.SQLExecution$.withNewExecutionId0(SQLExecution.scala:92)
	at org.apache.spark.sql.execution.SQLExecution$.withNewExecutionId(SQLExecution.scala:250)
	at org.apache.spark.sql.execution.QueryExecution.$anonfun$eagerlyExecuteCommands$1(QueryExecution.scala:185)
	at org.apache.spark.sql.execution.QueryExecution$.withInternalError(QueryExecution.scala:717)
	at org.apache.spark.sql.execution.QueryExecution.org$apache$spark$sql$execution$QueryExecution$$eagerlyExecute$1(QueryExecution.scala:184)
	at org.apache.spark.sql.execution.QueryExecution$$anonfun$eagerlyExecuteCommands$3.applyOrElse(QueryExecution.scala:201)
	at org.apache.spark.sql.execution.QueryExecution$$anonfun$eagerlyExecuteCommands$3.applyOrElse(QueryExecution.scala:194)
	at org.apache.spark.sql.catalyst.trees.TreeNode.$anonfun$transformDownWithPruning$1(TreeNode.scala:491)
	at org.apache.spark.sql.catalyst.trees.CurrentOrigin$.withOrigin(origin.scala:107)
	at org.apache.spark.sql.catalyst.trees.TreeNode.transformDownWithPruning(TreeNode.scala:491)
	at org.apache.spark.sql.catalyst.plans.logical.LogicalPlan.org$apache$spark$sql$catalyst$plans$logical$AnalysisHelper$$super$transformDownWithPruning(LogicalPlan.scala:37)
	at org.apache.spark.sql.catalyst.plans.logical.AnalysisHelper.transformDownWithPruning(AnalysisHelper.scala:360)
	at org.apache.spark.sql.catalyst.plans.logical.AnalysisHelper.transformDownWithPruning$(AnalysisHelper.scala:356)
	at org.apache.spark.sql.catalyst.plans.logical.LogicalPlan.transformDownWithPruning(LogicalPlan.scala:37)
	at org.apache.spark.sql.catalyst.plans.logical.LogicalPlan.transformDownWithPruning(LogicalPlan.scala:37)
	at org.apache.spark.sql.catalyst.trees.TreeNode.transformDown(TreeNode.scala:467)
	at org.apache.spark.sql.execution.QueryExecution.eagerlyExecuteCommands(QueryExecution.scala:194)
	at org.apache.spark.sql.execution.QueryExecution.$anonfun$lazyCommandExecuted$1(QueryExecution.scala:155)
	at scala.util.Try$.apply(Try.scala:217)
	at org.apache.spark.util.Utils$.doTryWithCallerStacktrace(Utils.scala:1392)
	at org.apache.spark.util.Utils$.getTryWithCallerStacktrace(Utils.scala:1453)
	at org.apache.spark.util.LazyTry.get(LazyTry.scala:58)
	at org.apache.spark.sql.execution.QueryExecution.commandExecuted(QueryExecution.scala:160)
	at org.apache.spark.sql.execution.QueryExecution.assertCommandExecuted(QueryExecution.scala:239)
	at org.apache.spark.sql.classic.DataFrameWriter.runCommand(DataFrameWriter.scala:592)
	at org.apache.spark.sql.classic.DataFrameWriter.save(DataFrameWriter.scala:115)
	at java.base/jdk.internal.reflect.NativeMethodAccessorImpl.invoke0(Native Method)
	at java.base/jdk.internal.reflect.NativeMethodAccessorImpl.invoke(NativeMethodAccessorImpl.java:77)
	at java.base/jdk.internal.reflect.DelegatingMethodAccessorImpl.invoke(DelegatingMethodAccessorImpl.java:43)
	at java.base/java.lang.reflect.Method.invoke(Method.java:569)
	at py4j.reflection.MethodInvoker.invoke(MethodInvoker.java:244)
	at py4j.reflection.ReflectionEngine.invoke(ReflectionEngine.java:374)
	at py4j.Gateway.invoke(Gateway.java:282)
	at py4j.commands.AbstractCommand.invokeMethod(AbstractCommand.java:132)
	at py4j.commands.CallCommand.execute(CallCommand.java:79)
	at py4j.ClientServerConnection.waitForCommands(ClientServerConnection.java:184)
	at py4j.ClientServerConnection.run(ClientServerConnection.java:108)
	at java.base/java.lang.Thread.run(Thread.java:840)
	Suppressed: org.apache.spark.util.Utils$OriginalTryStackTraceException: Full stacktrace of original doTryWithCallerStacktrace caller
		at org.apache.spark.sql.errors.QueryExecutionErrors$.cannotClearOutputDirectoryError(QueryExecutionErrors.scala:828)
		at org.apache.spark.sql.execution.datasources.InsertIntoHadoopFsRelationCommand.deleteMatchingPartitions(InsertIntoHadoopFsRelationCommand.scala:244)
		at org.apache.spark.sql.execution.datasources.InsertIntoHadoopFsRelationCommand.run(InsertIntoHadoopFsRelationCommand.scala:136)
		at org.apache.spark.sql.execution.command.DataWritingCommandExec.sideEffectResult$lzycompute(commands.scala:117)
		at org.apache.spark.sql.execution.command.DataWritingCommandExec.sideEffectResult(commands.scala:115)
		at org.apache.spark.sql.execution.command.DataWritingCommandExec.executeCollect(commands.scala:129)
		at org.apache.spark.sql.execution.QueryExecution.$anonfun$eagerlyExecuteCommands$2(QueryExecution.scala:185)
		at org.apache.spark.sql.execution.SQLExecution$.$anonfun$withNewExecutionId0$8(SQLExecution.scala:177)
		at org.apache.spark.sql.execution.SQLExecution$.withSessionTagsApplied(SQLExecution.scala:285)
		at org.apache.spark.sql.execution.SQLExecution$.$anonfun$withNewExecutionId0$7(SQLExecution.scala:139)
		at org.apache.spark.JobArtifactSet$.withActiveJobArtifactState(JobArtifactSet.scala:94)
		at org.apache.spark.sql.artifact.ArtifactManager.$anonfun$withResources$1(ArtifactManager.scala:112)
		at org.apache.spark.sql.artifact.ArtifactManager.withClassLoaderIfNeeded(ArtifactManager.scala:106)
		at org.apache.spark.sql.artifact.ArtifactManager.withResources(ArtifactManager.scala:111)
		at org.apache.spark.sql.execution.SQLExecution$.$anonfun$withNewExecutionId0$6(SQLExecution.scala:139)
		at org.apache.spark.sql.execution.SQLExecution$.withSQLConfPropagated(SQLExecution.scala:308)
		at org.apache.spark.sql.execution.SQLExecution$.$anonfun$withNewExecutionId0$1(SQLExecution.scala:138)
		at org.apache.spark.sql.SparkSession.withActive(SparkSession.scala:804)
		at org.apache.spark.sql.execution.SQLExecution$.withNewExecutionId0(SQLExecution.scala:92)
		at org.apache.spark.sql.execution.SQLExecution$.withNewExecutionId(SQLExecution.scala:250)
		at org.apache.spark.sql.execution.QueryExecution.$anonfun$eagerlyExecuteCommands$1(QueryExecution.scala:185)
		at org.apache.spark.sql.execution.QueryExecution$.withInternalError(QueryExecution.scala:717)
		at org.apache.spark.sql.execution.QueryExecution.org$apache$spark$sql$execution$QueryExecution$$eagerlyExecute$1(QueryExecution.scala:184)
		at org.apache.spark.sql.execution.QueryExecution$$anonfun$eagerlyExecuteCommands$3.applyOrElse(QueryExecution.scala:201)
		at org.apache.spark.sql.execution.QueryExecution$$anonfun$eagerlyExecuteCommands$3.applyOrElse(QueryExecution.scala:194)
		at org.apache.spark.sql.catalyst.trees.TreeNode.$anonfun$transformDownWithPruning$1(TreeNode.scala:491)
		at org.apache.spark.sql.catalyst.trees.CurrentOrigin$.withOrigin(origin.scala:107)
		at org.apache.spark.sql.catalyst.trees.TreeNode.transformDownWithPruning(TreeNode.scala:491)
		at org.apache.spark.sql.catalyst.plans.logical.LogicalPlan.org$apache$spark$sql$catalyst$plans$logical$AnalysisHelper$$super$transformDownWithPruning(LogicalPlan.scala:37)
		at org.apache.spark.sql.catalyst.plans.logical.AnalysisHelper.transformDownWithPruning(AnalysisHelper.scala:360)
		at org.apache.spark.sql.catalyst.plans.logical.AnalysisHelper.transformDownWithPruning$(AnalysisHelper.scala:356)
		at org.apache.spark.sql.catalyst.plans.logical.LogicalPlan.transformDownWithPruning(LogicalPlan.scala:37)
		at org.apache.spark.sql.catalyst.plans.logical.LogicalPlan.transformDownWithPruning(LogicalPlan.scala:37)
		at org.apache.spark.sql.catalyst.trees.TreeNode.transformDown(TreeNode.scala:467)
		at org.apache.spark.sql.execution.QueryExecution.eagerlyExecuteCommands(QueryExecution.scala:194)
		at org.apache.spark.sql.execution.QueryExecution.$anonfun$lazyCommandExecuted$1(QueryExecution.scala:155)
		at scala.util.Try$.apply(Try.scala:217)
		at org.apache.spark.util.Utils$.doTryWithCallerStacktrace(Utils.scala:1392)
		at org.apache.spark.util.LazyTry.tryT$lzycompute(LazyTry.scala:46)
		at org.apache.spark.util.LazyTry.tryT(LazyTry.scala:46)
		... 17 more


The above exception was the direct cause of the following exception:

Traceback (most recent call last):
  File "/home/bnm/Desktop/ominimotest /data-test/src/main.py", line 29, in main
    engine.run()
  File "/home/bnm/Desktop/ominimotest /data-test/src/engine.py", line 70, in run
    write_output(self.dataframes[sink_input], sink)
  File "/home/bnm/Desktop/ominimotest /data-test/src/writer.py", line 153, in write_output
    raise RuntimeError(
RuntimeError: Could not clean output directory 'data/output/events/motor_policy' for sink 'raw-ok'. Original error: An error occurred while calling o70.save.
: org.apache.spark.SparkException: Unable to clear output directory file:/home/bnm/Desktop/ominimotest /data-test/data/output/events/motor_policy prior to writing to it.
	at org.apache.spark.sql.errors.QueryExecutionErrors$.cannotClearOutputDirectoryError(QueryExecutionErrors.scala:828)
	at org.apache.spark.sql.execution.datasources.InsertIntoHadoopFsRelationCommand.deleteMatchingPartitions(InsertIntoHadoopFsRelationCommand.scala:244)
	at org.apache.spark.sql.execution.datasources.InsertIntoHadoopFsRelationCommand.run(InsertIntoHadoopFsRelationCommand.scala:136)
	at org.apache.spark.sql.execution.command.DataWritingCommandExec.sideEffectResult$lzycompute(commands.scala:117)
	at org.apache.spark.sql.execution.command.DataWritingCommandExec.sideEffectResult(commands.scala:115)
	at org.apache.spark.sql.execution.command.DataWritingCommandExec.executeCollect(commands.scala:129)
	at org.apache.spark.sql.execution.QueryExecution.$anonfun$eagerlyExecuteCommands$2(QueryExecution.scala:185)
	at org.apache.spark.sql.execution.SQLExecution$.$anonfun$withNewExecutionId0$8(SQLExecution.scala:177)
	at org.apache.spark.sql.execution.SQLExecution$.withSessionTagsApplied(SQLExecution.scala:285)
	at org.apache.spark.sql.execution.SQLExecution$.$anonfun$withNewExecutionId0$7(SQLExecution.scala:139)
	at org.apache.spark.JobArtifactSet$.withActiveJobArtifactState(JobArtifactSet.scala:94)
	at org.apache.spark.sql.artifact.ArtifactManager.$anonfun$withResources$1(ArtifactManager.scala:112)
	at org.apache.spark.sql.artifact.ArtifactManager.withClassLoaderIfNeeded(ArtifactManager.scala:106)
	at org.apache.spark.sql.artifact.ArtifactManager.withResources(ArtifactManager.scala:111)
	at org.apache.spark.sql.execution.SQLExecution$.$anonfun$withNewExecutionId0$6(SQLExecution.scala:139)
	at org.apache.spark.sql.execution.SQLExecution$.withSQLConfPropagated(SQLExecution.scala:308)
	at org.apache.spark.sql.execution.SQLExecution$.$anonfun$withNewExecutionId0$1(SQLExecution.scala:138)
	at org.apache.spark.sql.SparkSession.withActive(SparkSession.scala:804)
	at org.apache.spark.sql.execution.SQLExecution$.withNewExecutionId0(SQLExecution.scala:92)
	at org.apache.spark.sql.execution.SQLExecution$.withNewExecutionId(SQLExecution.scala:250)
	at org.apache.spark.sql.execution.QueryExecution.$anonfun$eagerlyExecuteCommands$1(QueryExecution.scala:185)
	at org.apache.spark.sql.execution.QueryExecution$.withInternalError(QueryExecution.scala:717)
	at org.apache.spark.sql.execution.QueryExecution.org$apache$spark$sql$execution$QueryExecution$$eagerlyExecute$1(QueryExecution.scala:184)
	at org.apache.spark.sql.execution.QueryExecution$$anonfun$eagerlyExecuteCommands$3.applyOrElse(QueryExecution.scala:201)
	at org.apache.spark.sql.execution.QueryExecution$$anonfun$eagerlyExecuteCommands$3.applyOrElse(QueryExecution.scala:194)
	at org.apache.spark.sql.catalyst.trees.TreeNode.$anonfun$transformDownWithPruning$1(TreeNode.scala:491)
	at org.apache.spark.sql.catalyst.trees.CurrentOrigin$.withOrigin(origin.scala:107)
	at org.apache.spark.sql.catalyst.trees.TreeNode.transformDownWithPruning(TreeNode.scala:491)
	at org.apache.spark.sql.catalyst.plans.logical.LogicalPlan.org$apache$spark$sql$catalyst$plans$logical$AnalysisHelper$$super$transformDownWithPruning(LogicalPlan.scala:37)
	at org.apache.spark.sql.catalyst.plans.logical.AnalysisHelper.transformDownWithPruning(AnalysisHelper.scala:360)
	at org.apache.spark.sql.catalyst.plans.logical.AnalysisHelper.transformDownWithPruning$(AnalysisHelper.scala:356)
	at org.apache.spark.sql.catalyst.plans.logical.LogicalPlan.transformDownWithPruning(LogicalPlan.scala:37)
	at org.apache.spark.sql.catalyst.plans.logical.LogicalPlan.transformDownWithPruning(LogicalPlan.scala:37)
	at org.apache.spark.sql.catalyst.trees.TreeNode.transformDown(TreeNode.scala:467)
	at org.apache.spark.sql.execution.QueryExecution.eagerlyExecuteCommands(QueryExecution.scala:194)
	at org.apache.spark.sql.execution.QueryExecution.$anonfun$lazyCommandExecuted$1(QueryExecution.scala:155)
	at scala.util.Try$.apply(Try.scala:217)
	at org.apache.spark.util.Utils$.doTryWithCallerStacktrace(Utils.scala:1392)
	at org.apache.spark.util.Utils$.getTryWithCallerStacktrace(Utils.scala:1453)
	at org.apache.spark.util.LazyTry.get(LazyTry.scala:58)
	at org.apache.spark.sql.execution.QueryExecution.commandExecuted(QueryExecution.scala:160)
	at org.apache.spark.sql.execution.QueryExecution.assertCommandExecuted(QueryExecution.scala:239)
	at org.apache.spark.sql.classic.DataFrameWriter.runCommand(DataFrameWriter.scala:592)
	at org.apache.spark.sql.classic.DataFrameWriter.save(DataFrameWriter.scala:115)
	at java.base/jdk.internal.reflect.NativeMethodAccessorImpl.invoke0(Native Method)
	at java.base/jdk.internal.reflect.NativeMethodAccessorImpl.invoke(NativeMethodAccessorImpl.java:77)
	at java.base/jdk.internal.reflect.DelegatingMethodAccessorImpl.invoke(DelegatingMethodAccessorImpl.java:43)
	at java.base/java.lang.reflect.Method.invoke(Method.java:569)
	at py4j.reflection.MethodInvoker.invoke(MethodInvoker.java:244)
	at py4j.reflection.ReflectionEngine.invoke(ReflectionEngine.java:374)
	at py4j.Gateway.invoke(Gateway.java:282)
	at py4j.commands.AbstractCommand.invokeMethod(AbstractCommand.java:132)
	at py4j.commands.CallCommand.execute(CallCommand.java:79)
	at py4j.ClientServerConnection.waitForCommands(ClientServerConnection.java:184)
	at py4j.ClientServerConnection.run(ClientServerConnection.java:108)
	at java.base/java.lang.Thread.run(Thread.java:840)
	Suppressed: org.apache.spark.util.Utils$OriginalTryStackTraceException: Full stacktrace of original doTryWithCallerStacktrace caller
		at org.apache.spark.sql.errors.QueryExecutionErrors$.cannotClearOutputDirectoryError(QueryExecutionErrors.scala:828)
		at org.apache.spark.sql.execution.datasources.InsertIntoHadoopFsRelationCommand.deleteMatchingPartitions(InsertIntoHadoopFsRelationCommand.scala:244)
		at org.apache.spark.sql.execution.datasources.InsertIntoHadoopFsRelationCommand.run(InsertIntoHadoopFsRelationCommand.scala:136)
		at org.apache.spark.sql.execution.command.DataWritingCommandExec.sideEffectResult$lzycompute(commands.scala:117)
		at org.apache.spark.sql.execution.command.DataWritingCommandExec.sideEffectResult(commands.scala:115)
		at org.apache.spark.sql.execution.command.DataWritingCommandExec.executeCollect(commands.scala:129)
		at org.apache.spark.sql.execution.QueryExecution.$anonfun$eagerlyExecuteCommands$2(QueryExecution.scala:185)
		at org.apache.spark.sql.execution.SQLExecution$.$anonfun$withNewExecutionId0$8(SQLExecution.scala:177)
		at org.apache.spark.sql.execution.SQLExecution$.withSessionTagsApplied(SQLExecution.scala:285)
		at org.apache.spark.sql.execution.SQLExecution$.$anonfun$withNewExecutionId0$7(SQLExecution.scala:139)
		at org.apache.spark.JobArtifactSet$.withActiveJobArtifactState(JobArtifactSet.scala:94)
		at org.apache.spark.sql.artifact.ArtifactManager.$anonfun$withResources$1(ArtifactManager.scala:112)
		at org.apache.spark.sql.artifact.ArtifactManager.withClassLoaderIfNeeded(ArtifactManager.scala:106)
		at org.apache.spark.sql.artifact.ArtifactManager.withResources(ArtifactManager.scala:111)
		at org.apache.spark.sql.execution.SQLExecution$.$anonfun$withNewExecutionId0$6(SQLExecution.scala:139)
		at org.apache.spark.sql.execution.SQLExecution$.withSQLConfPropagated(SQLExecution.scala:308)
		at org.apache.spark.sql.execution.SQLExecution$.$anonfun$withNewExecutionId0$1(SQLExecution.scala:138)
		at org.apache.spark.sql.SparkSession.withActive(SparkSession.scala:804)
		at org.apache.spark.sql.execution.SQLExecution$.withNewExecutionId0(SQLExecution.scala:92)
		at org.apache.spark.sql.execution.SQLExecution$.withNewExecutionId(SQLExecution.scala:250)
		at org.apache.spark.sql.execution.QueryExecution.$anonfun$eagerlyExecuteCommands$1(QueryExecution.scala:185)
		at org.apache.spark.sql.execution.QueryExecution$.withInternalError(QueryExecution.scala:717)
		at org.apache.spark.sql.execution.QueryExecution.org$apache$spark$sql$execution$QueryExecution$$eagerlyExecute$1(QueryExecution.scala:184)
		at org.apache.spark.sql.execution.QueryExecution$$anonfun$eagerlyExecuteCommands$3.applyOrElse(QueryExecution.scala:201)
		at org.apache.spark.sql.execution.QueryExecution$$anonfun$eagerlyExecuteCommands$3.applyOrElse(QueryExecution.scala:194)
		at org.apache.spark.sql.catalyst.trees.TreeNode.$anonfun$transformDownWithPruning$1(TreeNode.scala:491)
		at org.apache.spark.sql.catalyst.trees.CurrentOrigin$.withOrigin(origin.scala:107)
		at org.apache.spark.sql.catalyst.trees.TreeNode.transformDownWithPruning(TreeNode.scala:491)
		at org.apache.spark.sql.catalyst.plans.logical.LogicalPlan.org$apache$spark$sql$catalyst$plans$logical$AnalysisHelper$$super$transformDownWithPruning(LogicalPlan.scala:37)
		at org.apache.spark.sql.catalyst.plans.logical.AnalysisHelper.transformDownWithPruning(AnalysisHelper.scala:360)
		at org.apache.spark.sql.catalyst.plans.logical.AnalysisHelper.transformDownWithPruning$(AnalysisHelper.scala:356)
		at org.apache.spark.sql.catalyst.plans.logical.LogicalPlan.transformDownWithPruning(LogicalPlan.scala:37)
		at org.apache.spark.sql.catalyst.plans.logical.LogicalPlan.transformDownWithPruning(LogicalPlan.scala:37)
		at org.apache.spark.sql.catalyst.trees.TreeNode.transformDown(TreeNode.scala:467)
		at org.apache.spark.sql.execution.QueryExecution.eagerlyExecuteCommands(QueryExecution.scala:194)
		at org.apache.spark.sql.execution.QueryExecution.$anonfun$lazyCommandExecuted$1(QueryExecution.scala:155)
		at scala.util.Try$.apply(Try.scala:217)
		at org.apache.spark.util.Utils$.doTryWithCallerStacktrace(Utils.scala:1392)
		at org.apache.spark.util.LazyTry.tryT$lzycompute(LazyTry.scala:46)
		at org.apache.spark.util.LazyTry.tryT(LazyTry.scala:46)
		... 17 more

2026-03-23 11:18:43,124 - __main__ - INFO - [main.py:35] - Stopping Spark session...
2026-03-23 11:18:43,634 - __main__ - CRITICAL - [main.py:43] - Fatal error: Could not clean output directory 'data/output/events/motor_policy' for sink 'raw-ok'. Original error: An error occurred while calling o70.save.
: org.apache.spark.SparkException: Unable to clear output directory file:/home/bnm/Desktop/ominimotest /data-test/data/output/events/motor_policy prior to writing to it.
	at org.apache.spark.sql.errors.QueryExecutionErrors$.cannotClearOutputDirectoryError(QueryExecutionErrors.scala:828)
	at org.apache.spark.sql.execution.datasources.InsertIntoHadoopFsRelationCommand.deleteMatchingPartitions(InsertIntoHadoopFsRelationCommand.scala:244)
	at org.apache.spark.sql.execution.datasources.InsertIntoHadoopFsRelationCommand.run(InsertIntoHadoopFsRelationCommand.scala:136)
	at org.apache.spark.sql.execution.command.DataWritingCommandExec.sideEffectResult$lzycompute(commands.scala:117)
	at org.apache.spark.sql.execution.command.DataWritingCommandExec.sideEffectResult(commands.scala:115)
	at org.apache.spark.sql.execution.command.DataWritingCommandExec.executeCollect(commands.scala:129)
	at org.apache.spark.sql.execution.QueryExecution.$anonfun$eagerlyExecuteCommands$2(QueryExecution.scala:185)
	at org.apache.spark.sql.execution.SQLExecution$.$anonfun$withNewExecutionId0$8(SQLExecution.scala:177)
	at org.apache.spark.sql.execution.SQLExecution$.withSessionTagsApplied(SQLExecution.scala:285)
	at org.apache.spark.sql.execution.SQLExecution$.$anonfun$withNewExecutionId0$7(SQLExecution.scala:139)
	at org.apache.spark.JobArtifactSet$.withActiveJobArtifactState(JobArtifactSet.scala:94)
	at org.apache.spark.sql.artifact.ArtifactManager.$anonfun$withResources$1(ArtifactManager.scala:112)
	at org.apache.spark.sql.artifact.ArtifactManager.withClassLoaderIfNeeded(ArtifactManager.scala:106)
	at org.apache.spark.sql.artifact.ArtifactManager.withResources(ArtifactManager.scala:111)
	at org.apache.spark.sql.execution.SQLExecution$.$anonfun$withNewExecutionId0$6(SQLExecution.scala:139)
	at org.apache.spark.sql.execution.SQLExecution$.withSQLConfPropagated(SQLExecution.scala:308)
	at org.apache.spark.sql.execution.SQLExecution$.$anonfun$withNewExecutionId0$1(SQLExecution.scala:138)
	at org.apache.spark.sql.SparkSession.withActive(SparkSession.scala:804)
	at org.apache.spark.sql.execution.SQLExecution$.withNewExecutionId0(SQLExecution.scala:92)
	at org.apache.spark.sql.execution.SQLExecution$.withNewExecutionId(SQLExecution.scala:250)
	at org.apache.spark.sql.execution.QueryExecution.$anonfun$eagerlyExecuteCommands$1(QueryExecution.scala:185)
	at org.apache.spark.sql.execution.QueryExecution$.withInternalError(QueryExecution.scala:717)
	at org.apache.spark.sql.execution.QueryExecution.org$apache$spark$sql$execution$QueryExecution$$eagerlyExecute$1(QueryExecution.scala:184)
	at org.apache.spark.sql.execution.QueryExecution$$anonfun$eagerlyExecuteCommands$3.applyOrElse(QueryExecution.scala:201)
	at org.apache.spark.sql.execution.QueryExecution$$anonfun$eagerlyExecuteCommands$3.applyOrElse(QueryExecution.scala:194)
	at org.apache.spark.sql.catalyst.trees.TreeNode.$anonfun$transformDownWithPruning$1(TreeNode.scala:491)
	at org.apache.spark.sql.catalyst.trees.CurrentOrigin$.withOrigin(origin.scala:107)
	at org.apache.spark.sql.catalyst.trees.TreeNode.transformDownWithPruning(TreeNode.scala:491)
	at org.apache.spark.sql.catalyst.plans.logical.LogicalPlan.org$apache$spark$sql$catalyst$plans$logical$AnalysisHelper$$super$transformDownWithPruning(LogicalPlan.scala:37)
	at org.apache.spark.sql.catalyst.plans.logical.AnalysisHelper.transformDownWithPruning(AnalysisHelper.scala:360)
	at org.apache.spark.sql.catalyst.plans.logical.AnalysisHelper.transformDownWithPruning$(AnalysisHelper.scala:356)
	at org.apache.spark.sql.catalyst.plans.logical.LogicalPlan.transformDownWithPruning(LogicalPlan.scala:37)
	at org.apache.spark.sql.catalyst.plans.logical.LogicalPlan.transformDownWithPruning(LogicalPlan.scala:37)
	at org.apache.spark.sql.catalyst.trees.TreeNode.transformDown(TreeNode.scala:467)
	at org.apache.spark.sql.execution.QueryExecution.eagerlyExecuteCommands(QueryExecution.scala:194)
	at org.apache.spark.sql.execution.QueryExecution.$anonfun$lazyCommandExecuted$1(QueryExecution.scala:155)
	at scala.util.Try$.apply(Try.scala:217)
	at org.apache.spark.util.Utils$.doTryWithCallerStacktrace(Utils.scala:1392)
	at org.apache.spark.util.Utils$.getTryWithCallerStacktrace(Utils.scala:1453)
	at org.apache.spark.util.LazyTry.get(LazyTry.scala:58)
	at org.apache.spark.sql.execution.QueryExecution.commandExecuted(QueryExecution.scala:160)
	at org.apache.spark.sql.execution.QueryExecution.assertCommandExecuted(QueryExecution.scala:239)
	at org.apache.spark.sql.classic.DataFrameWriter.runCommand(DataFrameWriter.scala:592)
	at org.apache.spark.sql.classic.DataFrameWriter.save(DataFrameWriter.scala:115)
	at java.base/jdk.internal.reflect.NativeMethodAccessorImpl.invoke0(Native Method)
	at java.base/jdk.internal.reflect.NativeMethodAccessorImpl.invoke(NativeMethodAccessorImpl.java:77)
	at java.base/jdk.internal.reflect.DelegatingMethodAccessorImpl.invoke(DelegatingMethodAccessorImpl.java:43)
	at java.base/java.lang.reflect.Method.invoke(Method.java:569)
	at py4j.reflection.MethodInvoker.invoke(MethodInvoker.java:244)
	at py4j.reflection.ReflectionEngine.invoke(ReflectionEngine.java:374)
	at py4j.Gateway.invoke(Gateway.java:282)
	at py4j.commands.AbstractCommand.invokeMethod(AbstractCommand.java:132)
	at py4j.commands.CallCommand.execute(CallCommand.java:79)
	at py4j.ClientServerConnection.waitForCommands(ClientServerConnection.java:184)
	at py4j.ClientServerConnection.run(ClientServerConnection.java:108)
	at java.base/java.lang.Thread.run(Thread.java:840)
	Suppressed: org.apache.spark.util.Utils$OriginalTryStackTraceException: Full stacktrace of original doTryWithCallerStacktrace caller
		at org.apache.spark.sql.errors.QueryExecutionErrors$.cannotClearOutputDirectoryError(QueryExecutionErrors.scala:828)
		at org.apache.spark.sql.execution.datasources.InsertIntoHadoopFsRelationCommand.deleteMatchingPartitions(InsertIntoHadoopFsRelationCommand.scala:244)
		at org.apache.spark.sql.execution.datasources.InsertIntoHadoopFsRelationCommand.run(InsertIntoHadoopFsRelationCommand.scala:136)
		at org.apache.spark.sql.execution.command.DataWritingCommandExec.sideEffectResult$lzycompute(commands.scala:117)
		at org.apache.spark.sql.execution.command.DataWritingCommandExec.sideEffectResult(commands.scala:115)
		at org.apache.spark.sql.execution.command.DataWritingCommandExec.executeCollect(commands.scala:129)
		at org.apache.spark.sql.execution.QueryExecution.$anonfun$eagerlyExecuteCommands$2(QueryExecution.scala:185)
		at org.apache.spark.sql.execution.SQLExecution$.$anonfun$withNewExecutionId0$8(SQLExecution.scala:177)
		at org.apache.spark.sql.execution.SQLExecution$.withSessionTagsApplied(SQLExecution.scala:285)
		at org.apache.spark.sql.execution.SQLExecution$.$anonfun$withNewExecutionId0$7(SQLExecution.scala:139)
		at org.apache.spark.JobArtifactSet$.withActiveJobArtifactState(JobArtifactSet.scala:94)
		at org.apache.spark.sql.artifact.ArtifactManager.$anonfun$withResources$1(ArtifactManager.scala:112)
		at org.apache.spark.sql.artifact.ArtifactManager.withClassLoaderIfNeeded(ArtifactManager.scala:106)
		at org.apache.spark.sql.artifact.ArtifactManager.withResources(ArtifactManager.scala:111)
		at org.apache.spark.sql.execution.SQLExecution$.$anonfun$withNewExecutionId0$6(SQLExecution.scala:139)
		at org.apache.spark.sql.execution.SQLExecution$.withSQLConfPropagated(SQLExecution.scala:308)
		at org.apache.spark.sql.execution.SQLExecution$.$anonfun$withNewExecutionId0$1(SQLExecution.scala:138)
		at org.apache.spark.sql.SparkSession.withActive(SparkSession.scala:804)
		at org.apache.spark.sql.execution.SQLExecution$.withNewExecutionId0(SQLExecution.scala:92)
		at org.apache.spark.sql.execution.SQLExecution$.withNewExecutionId(SQLExecution.scala:250)
		at org.apache.spark.sql.execution.QueryExecution.$anonfun$eagerlyExecuteCommands$1(QueryExecution.scala:185)
		at org.apache.spark.sql.execution.QueryExecution$.withInternalError(QueryExecution.scala:717)
		at org.apache.spark.sql.execution.QueryExecution.org$apache$spark$sql$execution$QueryExecution$$eagerlyExecute$1(QueryExecution.scala:184)
		at org.apache.spark.sql.execution.QueryExecution$$anonfun$eagerlyExecuteCommands$3.applyOrElse(QueryExecution.scala:201)
		at org.apache.spark.sql.execution.QueryExecution$$anonfun$eagerlyExecuteCommands$3.applyOrElse(QueryExecution.scala:194)
		at org.apache.spark.sql.catalyst.trees.TreeNode.$anonfun$transformDownWithPruning$1(TreeNode.scala:491)
		at org.apache.spark.sql.catalyst.trees.CurrentOrigin$.withOrigin(origin.scala:107)
		at org.apache.spark.sql.catalyst.trees.TreeNode.transformDownWithPruning(TreeNode.scala:491)
		at org.apache.spark.sql.catalyst.plans.logical.LogicalPlan.org$apache$spark$sql$catalyst$plans$logical$AnalysisHelper$$super$transformDownWithPruning(LogicalPlan.scala:37)
		at org.apache.spark.sql.catalyst.plans.logical.AnalysisHelper.transformDownWithPruning(AnalysisHelper.scala:360)
		at org.apache.spark.sql.catalyst.plans.logical.AnalysisHelper.transformDownWithPruning$(AnalysisHelper.scala:356)
		at org.apache.spark.sql.catalyst.plans.logical.LogicalPlan.transformDownWithPruning(LogicalPlan.scala:37)
		at org.apache.spark.sql.catalyst.plans.logical.LogicalPlan.transformDownWithPruning(LogicalPlan.scala:37)
		at org.apache.spark.sql.catalyst.trees.TreeNode.transformDown(TreeNode.scala:467)
		at org.apache.spark.sql.execution.QueryExecution.eagerlyExecuteCommands(QueryExecution.scala:194)
		at org.apache.spark.sql.execution.QueryExecution.$anonfun$lazyCommandExecuted$1(QueryExecution.scala:155)
		at scala.util.Try$.apply(Try.scala:217)
		at org.apache.spark.util.Utils$.doTryWithCallerStacktrace(Utils.scala:1392)
		at org.apache.spark.util.LazyTry.tryT$lzycompute(LazyTry.scala:46)
		at org.apache.spark.util.LazyTry.tryT(LazyTry.scala:46)
		... 17 more

2026-03-23 11:18:44,441 - __main__ - INFO - [main.py:13] - Starting Dynamic Spark Pipeline...
2026-03-23 11:18:44,442 - __main__ - INFO - [main.py:19] - Loading config from metadata/config.json
2026-03-23 11:18:44,442 - __main__ - INFO - [main.py:23] - Creating Spark session...
2026-03-23 11:18:49,898 - __main__ - INFO - [main.py:27] - Executing 1 dataflow(s)...
2026-03-23 11:18:56,523 - __main__ - INFO - [main.py:30] - Pipeline completed successfully
2026-03-23 11:18:56,523 - __main__ - INFO - [main.py:35] - Stopping Spark session...
2026-03-23 11:19:32,889 - __main__ - INFO - [main.py:13] - Starting Dynamic Spark Pipeline...
2026-03-23 11:19:32,889 - __main__ - INFO - [main.py:19] - Loading config from metadata/config.json
2026-03-23 11:19:32,889 - __main__ - INFO - [main.py:23] - Creating Spark session...
2026-03-23 11:19:38,678 - __main__ - INFO - [main.py:27] - Executing 1 dataflow(s)...
2026-03-23 11:19:42,354 - __main__ - INFO - [main.py:30] - Pipeline completed successfully
2026-03-23 11:19:42,354 - __main__ - INFO - [main.py:35] - Stopping Spark session...
2026-03-23 11:22:44,838 - __main__ - INFO - [main.py:13] - Starting Dynamic Spark Pipeline...
2026-03-23 11:22:44,838 - __main__ - INFO - [main.py:19] - Loading config from metadata/config.json
2026-03-23 11:22:44,838 - __main__ - INFO - [main.py:23] - Creating Spark session...
2026-03-23 11:22:50,646 - __main__ - INFO - [main.py:27] - Executing 1 dataflow(s)...
2026-03-23 11:22:55,334 - __main__ - INFO - [main.py:30] - Pipeline completed successfully
2026-03-23 11:22:55,335 - __main__ - INFO - [main.py:35] - Stopping Spark session...
2026-03-23 11:22:56,289 - __main__ - INFO - [main.py:13] - Starting Dynamic Spark Pipeline...
2026-03-23 11:22:56,289 - __main__ - INFO - [main.py:19] - Loading config from metadata/config.json
2026-03-23 11:22:56,289 - __main__ - INFO - [main.py:23] - Creating Spark session...
2026-03-23 11:23:01,592 - __main__ - INFO - [main.py:27] - Executing 1 dataflow(s)...
2026-03-23 11:23:06,811 - __main__ - INFO - [main.py:30] - Pipeline completed successfully
2026-03-23 11:23:06,811 - __main__ - INFO - [main.py:35] - Stopping Spark session...
2026-03-23 11:26:29,518 - __main__ - INFO - [main.py:13] - Starting Dynamic Spark Pipeline...
2026-03-23 11:26:29,519 - __main__ - INFO - [main.py:19] - Loading config from metadata/config.json
2026-03-23 11:26:29,519 - __main__ - INFO - [main.py:23] - Creating Spark session...
2026-03-23 11:26:36,162 - __main__ - INFO - [main.py:27] - Executing 1 dataflow(s)...
2026-03-23 11:26:40,873 - __main__ - INFO - [main.py:30] - Pipeline completed successfully
2026-03-23 11:26:40,873 - __main__ - INFO - [main.py:35] - Stopping Spark session...
2026-03-23 11:33:40,719 - __main__ - INFO - [main.py:13] - Starting Dynamic Spark Pipeline...
2026-03-23 11:33:40,719 - __main__ - INFO - [main.py:19] - Loading config from metadata/config.json
2026-03-23 11:33:40,719 - __main__ - INFO - [main.py:23] - Creating Spark session...
2026-03-23 11:33:46,689 - __main__ - INFO - [main.py:27] - Executing 1 dataflow(s)...
2026-03-23 11:33:52,270 - __main__ - INFO - [main.py:30] - Pipeline completed successfully
2026-03-23 11:33:52,270 - __main__ - INFO - [main.py:35] - Stopping Spark session...
2026-03-23 11:34:26,339 - __main__ - INFO - [main.py:13] - Starting Dynamic Spark Pipeline...
2026-03-23 11:34:26,339 - __main__ - INFO - [main.py:19] - Loading config from metadata/config.json
2026-03-23 11:34:26,340 - __main__ - INFO - [main.py:23] - Creating Spark session...
2026-03-23 11:34:32,934 - __main__ - INFO - [main.py:27] - Executing 1 dataflow(s)...
2026-03-23 11:34:37,567 - __main__ - INFO - [main.py:30] - Pipeline completed successfully
2026-03-23 11:34:37,567 - __main__ - INFO - [main.py:35] - Stopping Spark session...
2026-03-23 11:34:38,974 - __main__ - INFO - [main.py:13] - Starting Dynamic Spark Pipeline...
2026-03-23 11:34:38,974 - __main__ - INFO - [main.py:19] - Loading config from metadata/config.json
2026-03-23 11:34:38,975 - __main__ - INFO - [main.py:23] - Creating Spark session...
2026-03-23 11:34:44,439 - __main__ - INFO - [main.py:27] - Executing 1 dataflow(s)...
2026-03-23 11:34:52,252 - __main__ - INFO - [main.py:30] - Pipeline completed successfully
2026-03-23 11:34:52,252 - __main__ - INFO - [main.py:35] - Stopping Spark session...
2026-03-23 12:15:35,065 - __main__ - INFO - [main.py:13] - Starting Dynamic Spark Pipeline...
2026-03-23 12:15:35,066 - __main__ - INFO - [main.py:19] - Loading config from metadata/config.json
2026-03-23 12:15:35,066 - __main__ - INFO - [main.py:23] - Creating Spark session...
2026-03-23 12:15:41,503 - __main__ - INFO - [main.py:27] - Executing 1 dataflow(s)...
2026-03-23 12:15:48,580 - __main__ - ERROR - [main.py:32] - Pipeline execution failed: Could not clean output directory 'data/output/events/motor_policy' for sink 'raw-ok'. Original error: An error occurred while calling o70.save.
: org.apache.spark.SparkException: Unable to clear output directory file:/home/bnm/Desktop/ominimotest /data-test/data/output/events/motor_policy prior to writing to it.
	at org.apache.spark.sql.errors.QueryExecutionErrors$.cannotClearOutputDirectoryError(QueryExecutionErrors.scala:828)
	at org.apache.spark.sql.execution.datasources.InsertIntoHadoopFsRelationCommand.deleteMatchingPartitions(InsertIntoHadoopFsRelationCommand.scala:244)
	at org.apache.spark.sql.execution.datasources.InsertIntoHadoopFsRelationCommand.run(InsertIntoHadoopFsRelationCommand.scala:136)
	at org.apache.spark.sql.execution.command.DataWritingCommandExec.sideEffectResult$lzycompute(commands.scala:117)
	at org.apache.spark.sql.execution.command.DataWritingCommandExec.sideEffectResult(commands.scala:115)
	at org.apache.spark.sql.execution.command.DataWritingCommandExec.executeCollect(commands.scala:129)
	at org.apache.spark.sql.execution.QueryExecution.$anonfun$eagerlyExecuteCommands$2(QueryExecution.scala:185)
	at org.apache.spark.sql.execution.SQLExecution$.$anonfun$withNewExecutionId0$8(SQLExecution.scala:177)
	at org.apache.spark.sql.execution.SQLExecution$.withSessionTagsApplied(SQLExecution.scala:285)
	at org.apache.spark.sql.execution.SQLExecution$.$anonfun$withNewExecutionId0$7(SQLExecution.scala:139)
	at org.apache.spark.JobArtifactSet$.withActiveJobArtifactState(JobArtifactSet.scala:94)
	at org.apache.spark.sql.artifact.ArtifactManager.$anonfun$withResources$1(ArtifactManager.scala:112)
	at org.apache.spark.sql.artifact.ArtifactManager.withClassLoaderIfNeeded(ArtifactManager.scala:106)
	at org.apache.spark.sql.artifact.ArtifactManager.withResources(ArtifactManager.scala:111)
	at org.apache.spark.sql.execution.SQLExecution$.$anonfun$withNewExecutionId0$6(SQLExecution.scala:139)
	at org.apache.spark.sql.execution.SQLExecution$.withSQLConfPropagated(SQLExecution.scala:308)
	at org.apache.spark.sql.execution.SQLExecution$.$anonfun$withNewExecutionId0$1(SQLExecution.scala:138)
	at org.apache.spark.sql.SparkSession.withActive(SparkSession.scala:804)
	at org.apache.spark.sql.execution.SQLExecution$.withNewExecutionId0(SQLExecution.scala:92)
	at org.apache.spark.sql.execution.SQLExecution$.withNewExecutionId(SQLExecution.scala:250)
	at org.apache.spark.sql.execution.QueryExecution.$anonfun$eagerlyExecuteCommands$1(QueryExecution.scala:185)
	at org.apache.spark.sql.execution.QueryExecution$.withInternalError(QueryExecution.scala:717)
	at org.apache.spark.sql.execution.QueryExecution.org$apache$spark$sql$execution$QueryExecution$$eagerlyExecute$1(QueryExecution.scala:184)
	at org.apache.spark.sql.execution.QueryExecution$$anonfun$eagerlyExecuteCommands$3.applyOrElse(QueryExecution.scala:201)
	at org.apache.spark.sql.execution.QueryExecution$$anonfun$eagerlyExecuteCommands$3.applyOrElse(QueryExecution.scala:194)
	at org.apache.spark.sql.catalyst.trees.TreeNode.$anonfun$transformDownWithPruning$1(TreeNode.scala:491)
	at org.apache.spark.sql.catalyst.trees.CurrentOrigin$.withOrigin(origin.scala:107)
	at org.apache.spark.sql.catalyst.trees.TreeNode.transformDownWithPruning(TreeNode.scala:491)
	at org.apache.spark.sql.catalyst.plans.logical.LogicalPlan.org$apache$spark$sql$catalyst$plans$logical$AnalysisHelper$$super$transformDownWithPruning(LogicalPlan.scala:37)
	at org.apache.spark.sql.catalyst.plans.logical.AnalysisHelper.transformDownWithPruning(AnalysisHelper.scala:360)
	at org.apache.spark.sql.catalyst.plans.logical.AnalysisHelper.transformDownWithPruning$(AnalysisHelper.scala:356)
	at org.apache.spark.sql.catalyst.plans.logical.LogicalPlan.transformDownWithPruning(LogicalPlan.scala:37)
	at org.apache.spark.sql.catalyst.plans.logical.LogicalPlan.transformDownWithPruning(LogicalPlan.scala:37)
	at org.apache.spark.sql.catalyst.trees.TreeNode.transformDown(TreeNode.scala:467)
	at org.apache.spark.sql.execution.QueryExecution.eagerlyExecuteCommands(QueryExecution.scala:194)
	at org.apache.spark.sql.execution.QueryExecution.$anonfun$lazyCommandExecuted$1(QueryExecution.scala:155)
	at scala.util.Try$.apply(Try.scala:217)
	at org.apache.spark.util.Utils$.doTryWithCallerStacktrace(Utils.scala:1392)
	at org.apache.spark.util.Utils$.getTryWithCallerStacktrace(Utils.scala:1453)
	at org.apache.spark.util.LazyTry.get(LazyTry.scala:58)
	at org.apache.spark.sql.execution.QueryExecution.commandExecuted(QueryExecution.scala:160)
	at org.apache.spark.sql.execution.QueryExecution.assertCommandExecuted(QueryExecution.scala:239)
	at org.apache.spark.sql.classic.DataFrameWriter.runCommand(DataFrameWriter.scala:592)
	at org.apache.spark.sql.classic.DataFrameWriter.save(DataFrameWriter.scala:115)
	at java.base/jdk.internal.reflect.NativeMethodAccessorImpl.invoke0(Native Method)
	at java.base/jdk.internal.reflect.NativeMethodAccessorImpl.invoke(NativeMethodAccessorImpl.java:77)
	at java.base/jdk.internal.reflect.DelegatingMethodAccessorImpl.invoke(DelegatingMethodAccessorImpl.java:43)
	at java.base/java.lang.reflect.Method.invoke(Method.java:569)
	at py4j.reflection.MethodInvoker.invoke(MethodInvoker.java:244)
	at py4j.reflection.ReflectionEngine.invoke(ReflectionEngine.java:374)
	at py4j.Gateway.invoke(Gateway.java:282)
	at py4j.commands.AbstractCommand.invokeMethod(AbstractCommand.java:132)
	at py4j.commands.CallCommand.execute(CallCommand.java:79)
	at py4j.ClientServerConnection.waitForCommands(ClientServerConnection.java:184)
	at py4j.ClientServerConnection.run(ClientServerConnection.java:108)
	at java.base/java.lang.Thread.run(Thread.java:840)
	Suppressed: org.apache.spark.util.Utils$OriginalTryStackTraceException: Full stacktrace of original doTryWithCallerStacktrace caller
		at org.apache.spark.sql.errors.QueryExecutionErrors$.cannotClearOutputDirectoryError(QueryExecutionErrors.scala:828)
		at org.apache.spark.sql.execution.datasources.InsertIntoHadoopFsRelationCommand.deleteMatchingPartitions(InsertIntoHadoopFsRelationCommand.scala:244)
		at org.apache.spark.sql.execution.datasources.InsertIntoHadoopFsRelationCommand.run(InsertIntoHadoopFsRelationCommand.scala:136)
		at org.apache.spark.sql.execution.command.DataWritingCommandExec.sideEffectResult$lzycompute(commands.scala:117)
		at org.apache.spark.sql.execution.command.DataWritingCommandExec.sideEffectResult(commands.scala:115)
		at org.apache.spark.sql.execution.command.DataWritingCommandExec.executeCollect(commands.scala:129)
		at org.apache.spark.sql.execution.QueryExecution.$anonfun$eagerlyExecuteCommands$2(QueryExecution.scala:185)
		at org.apache.spark.sql.execution.SQLExecution$.$anonfun$withNewExecutionId0$8(SQLExecution.scala:177)
		at org.apache.spark.sql.execution.SQLExecution$.withSessionTagsApplied(SQLExecution.scala:285)
		at org.apache.spark.sql.execution.SQLExecution$.$anonfun$withNewExecutionId0$7(SQLExecution.scala:139)
		at org.apache.spark.JobArtifactSet$.withActiveJobArtifactState(JobArtifactSet.scala:94)
		at org.apache.spark.sql.artifact.ArtifactManager.$anonfun$withResources$1(ArtifactManager.scala:112)
		at org.apache.spark.sql.artifact.ArtifactManager.withClassLoaderIfNeeded(ArtifactManager.scala:106)
		at org.apache.spark.sql.artifact.ArtifactManager.withResources(ArtifactManager.scala:111)
		at org.apache.spark.sql.execution.SQLExecution$.$anonfun$withNewExecutionId0$6(SQLExecution.scala:139)
		at org.apache.spark.sql.execution.SQLExecution$.withSQLConfPropagated(SQLExecution.scala:308)
		at org.apache.spark.sql.execution.SQLExecution$.$anonfun$withNewExecutionId0$1(SQLExecution.scala:138)
		at org.apache.spark.sql.SparkSession.withActive(SparkSession.scala:804)
		at org.apache.spark.sql.execution.SQLExecution$.withNewExecutionId0(SQLExecution.scala:92)
		at org.apache.spark.sql.execution.SQLExecution$.withNewExecutionId(SQLExecution.scala:250)
		at org.apache.spark.sql.execution.QueryExecution.$anonfun$eagerlyExecuteCommands$1(QueryExecution.scala:185)
		at org.apache.spark.sql.execution.QueryExecution$.withInternalError(QueryExecution.scala:717)
		at org.apache.spark.sql.execution.QueryExecution.org$apache$spark$sql$execution$QueryExecution$$eagerlyExecute$1(QueryExecution.scala:184)
		at org.apache.spark.sql.execution.QueryExecution$$anonfun$eagerlyExecuteCommands$3.applyOrElse(QueryExecution.scala:201)
		at org.apache.spark.sql.execution.QueryExecution$$anonfun$eagerlyExecuteCommands$3.applyOrElse(QueryExecution.scala:194)
		at org.apache.spark.sql.catalyst.trees.TreeNode.$anonfun$transformDownWithPruning$1(TreeNode.scala:491)
		at org.apache.spark.sql.catalyst.trees.CurrentOrigin$.withOrigin(origin.scala:107)
		at org.apache.spark.sql.catalyst.trees.TreeNode.transformDownWithPruning(TreeNode.scala:491)
		at org.apache.spark.sql.catalyst.plans.logical.LogicalPlan.org$apache$spark$sql$catalyst$plans$logical$AnalysisHelper$$super$transformDownWithPruning(LogicalPlan.scala:37)
		at org.apache.spark.sql.catalyst.plans.logical.AnalysisHelper.transformDownWithPruning(AnalysisHelper.scala:360)
		at org.apache.spark.sql.catalyst.plans.logical.AnalysisHelper.transformDownWithPruning$(AnalysisHelper.scala:356)
		at org.apache.spark.sql.catalyst.plans.logical.LogicalPlan.transformDownWithPruning(LogicalPlan.scala:37)
		at org.apache.spark.sql.catalyst.plans.logical.LogicalPlan.transformDownWithPruning(LogicalPlan.scala:37)
		at org.apache.spark.sql.catalyst.trees.TreeNode.transformDown(TreeNode.scala:467)
		at org.apache.spark.sql.execution.QueryExecution.eagerlyExecuteCommands(QueryExecution.scala:194)
		at org.apache.spark.sql.execution.QueryExecution.$anonfun$lazyCommandExecuted$1(QueryExecution.scala:155)
		at scala.util.Try$.apply(Try.scala:217)
		at org.apache.spark.util.Utils$.doTryWithCallerStacktrace(Utils.scala:1392)
		at org.apache.spark.util.LazyTry.tryT$lzycompute(LazyTry.scala:46)
		at org.apache.spark.util.LazyTry.tryT(LazyTry.scala:46)
		... 17 more
Traceback (most recent call last):
  File "/home/bnm/Desktop/ominimotest /data-test/src/writer.py", line 131, in write_output
    df.write.mode(sink_mode).format(sink_format).save(path)
  File "/home/bnm/.local/lib/python3.10/site-packages/pyspark/sql/readwriter.py", line 1745, in save
    self._jwrite.save(path)
  File "/home/bnm/.local/lib/python3.10/site-packages/py4j/java_gateway.py", line 1362, in __call__
    return_value = get_return_value(
  File "/home/bnm/.local/lib/python3.10/site-packages/pyspark/errors/exceptions/captured.py", line 263, in deco
    return f(*a, **kw)
  File "/home/bnm/.local/lib/python3.10/site-packages/py4j/protocol.py", line 327, in get_return_value
    raise Py4JJavaError(
py4j.protocol.Py4JJavaError: An error occurred while calling o70.save.
: org.apache.spark.SparkException: Unable to clear output directory file:/home/bnm/Desktop/ominimotest /data-test/data/output/events/motor_policy prior to writing to it.
	at org.apache.spark.sql.errors.QueryExecutionErrors$.cannotClearOutputDirectoryError(QueryExecutionErrors.scala:828)
	at org.apache.spark.sql.execution.datasources.InsertIntoHadoopFsRelationCommand.deleteMatchingPartitions(InsertIntoHadoopFsRelationCommand.scala:244)
	at org.apache.spark.sql.execution.datasources.InsertIntoHadoopFsRelationCommand.run(InsertIntoHadoopFsRelationCommand.scala:136)
	at org.apache.spark.sql.execution.command.DataWritingCommandExec.sideEffectResult$lzycompute(commands.scala:117)
	at org.apache.spark.sql.execution.command.DataWritingCommandExec.sideEffectResult(commands.scala:115)
	at org.apache.spark.sql.execution.command.DataWritingCommandExec.executeCollect(commands.scala:129)
	at org.apache.spark.sql.execution.QueryExecution.$anonfun$eagerlyExecuteCommands$2(QueryExecution.scala:185)
	at org.apache.spark.sql.execution.SQLExecution$.$anonfun$withNewExecutionId0$8(SQLExecution.scala:177)
	at org.apache.spark.sql.execution.SQLExecution$.withSessionTagsApplied(SQLExecution.scala:285)
	at org.apache.spark.sql.execution.SQLExecution$.$anonfun$withNewExecutionId0$7(SQLExecution.scala:139)
	at org.apache.spark.JobArtifactSet$.withActiveJobArtifactState(JobArtifactSet.scala:94)
	at org.apache.spark.sql.artifact.ArtifactManager.$anonfun$withResources$1(ArtifactManager.scala:112)
	at org.apache.spark.sql.artifact.ArtifactManager.withClassLoaderIfNeeded(ArtifactManager.scala:106)
	at org.apache.spark.sql.artifact.ArtifactManager.withResources(ArtifactManager.scala:111)
	at org.apache.spark.sql.execution.SQLExecution$.$anonfun$withNewExecutionId0$6(SQLExecution.scala:139)
	at org.apache.spark.sql.execution.SQLExecution$.withSQLConfPropagated(SQLExecution.scala:308)
	at org.apache.spark.sql.execution.SQLExecution$.$anonfun$withNewExecutionId0$1(SQLExecution.scala:138)
	at org.apache.spark.sql.SparkSession.withActive(SparkSession.scala:804)
	at org.apache.spark.sql.execution.SQLExecution$.withNewExecutionId0(SQLExecution.scala:92)
	at org.apache.spark.sql.execution.SQLExecution$.withNewExecutionId(SQLExecution.scala:250)
	at org.apache.spark.sql.execution.QueryExecution.$anonfun$eagerlyExecuteCommands$1(QueryExecution.scala:185)
	at org.apache.spark.sql.execution.QueryExecution$.withInternalError(QueryExecution.scala:717)
	at org.apache.spark.sql.execution.QueryExecution.org$apache$spark$sql$execution$QueryExecution$$eagerlyExecute$1(QueryExecution.scala:184)
	at org.apache.spark.sql.execution.QueryExecution$$anonfun$eagerlyExecuteCommands$3.applyOrElse(QueryExecution.scala:201)
	at org.apache.spark.sql.execution.QueryExecution$$anonfun$eagerlyExecuteCommands$3.applyOrElse(QueryExecution.scala:194)
	at org.apache.spark.sql.catalyst.trees.TreeNode.$anonfun$transformDownWithPruning$1(TreeNode.scala:491)
	at org.apache.spark.sql.catalyst.trees.CurrentOrigin$.withOrigin(origin.scala:107)
	at org.apache.spark.sql.catalyst.trees.TreeNode.transformDownWithPruning(TreeNode.scala:491)
	at org.apache.spark.sql.catalyst.plans.logical.LogicalPlan.org$apache$spark$sql$catalyst$plans$logical$AnalysisHelper$$super$transformDownWithPruning(LogicalPlan.scala:37)
	at org.apache.spark.sql.catalyst.plans.logical.AnalysisHelper.transformDownWithPruning(AnalysisHelper.scala:360)
	at org.apache.spark.sql.catalyst.plans.logical.AnalysisHelper.transformDownWithPruning$(AnalysisHelper.scala:356)
	at org.apache.spark.sql.catalyst.plans.logical.LogicalPlan.transformDownWithPruning(LogicalPlan.scala:37)
	at org.apache.spark.sql.catalyst.plans.logical.LogicalPlan.transformDownWithPruning(LogicalPlan.scala:37)
	at org.apache.spark.sql.catalyst.trees.TreeNode.transformDown(TreeNode.scala:467)
	at org.apache.spark.sql.execution.QueryExecution.eagerlyExecuteCommands(QueryExecution.scala:194)
	at org.apache.spark.sql.execution.QueryExecution.$anonfun$lazyCommandExecuted$1(QueryExecution.scala:155)
	at scala.util.Try$.apply(Try.scala:217)
	at org.apache.spark.util.Utils$.doTryWithCallerStacktrace(Utils.scala:1392)
	at org.apache.spark.util.Utils$.getTryWithCallerStacktrace(Utils.scala:1453)
	at org.apache.spark.util.LazyTry.get(LazyTry.scala:58)
	at org.apache.spark.sql.execution.QueryExecution.commandExecuted(QueryExecution.scala:160)
	at org.apache.spark.sql.execution.QueryExecution.assertCommandExecuted(QueryExecution.scala:239)
	at org.apache.spark.sql.classic.DataFrameWriter.runCommand(DataFrameWriter.scala:592)
	at org.apache.spark.sql.classic.DataFrameWriter.save(DataFrameWriter.scala:115)
	at java.base/jdk.internal.reflect.NativeMethodAccessorImpl.invoke0(Native Method)
	at java.base/jdk.internal.reflect.NativeMethodAccessorImpl.invoke(NativeMethodAccessorImpl.java:77)
	at java.base/jdk.internal.reflect.DelegatingMethodAccessorImpl.invoke(DelegatingMethodAccessorImpl.java:43)
	at java.base/java.lang.reflect.Method.invoke(Method.java:569)
	at py4j.reflection.MethodInvoker.invoke(MethodInvoker.java:244)
	at py4j.reflection.ReflectionEngine.invoke(ReflectionEngine.java:374)
	at py4j.Gateway.invoke(Gateway.java:282)
	at py4j.commands.AbstractCommand.invokeMethod(AbstractCommand.java:132)
	at py4j.commands.CallCommand.execute(CallCommand.java:79)
	at py4j.ClientServerConnection.waitForCommands(ClientServerConnection.java:184)
	at py4j.ClientServerConnection.run(ClientServerConnection.java:108)
	at java.base/java.lang.Thread.run(Thread.java:840)
	Suppressed: org.apache.spark.util.Utils$OriginalTryStackTraceException: Full stacktrace of original doTryWithCallerStacktrace caller
		at org.apache.spark.sql.errors.QueryExecutionErrors$.cannotClearOutputDirectoryError(QueryExecutionErrors.scala:828)
		at org.apache.spark.sql.execution.datasources.InsertIntoHadoopFsRelationCommand.deleteMatchingPartitions(InsertIntoHadoopFsRelationCommand.scala:244)
		at org.apache.spark.sql.execution.datasources.InsertIntoHadoopFsRelationCommand.run(InsertIntoHadoopFsRelationCommand.scala:136)
		at org.apache.spark.sql.execution.command.DataWritingCommandExec.sideEffectResult$lzycompute(commands.scala:117)
		at org.apache.spark.sql.execution.command.DataWritingCommandExec.sideEffectResult(commands.scala:115)
		at org.apache.spark.sql.execution.command.DataWritingCommandExec.executeCollect(commands.scala:129)
		at org.apache.spark.sql.execution.QueryExecution.$anonfun$eagerlyExecuteCommands$2(QueryExecution.scala:185)
		at org.apache.spark.sql.execution.SQLExecution$.$anonfun$withNewExecutionId0$8(SQLExecution.scala:177)
		at org.apache.spark.sql.execution.SQLExecution$.withSessionTagsApplied(SQLExecution.scala:285)
		at org.apache.spark.sql.execution.SQLExecution$.$anonfun$withNewExecutionId0$7(SQLExecution.scala:139)
		at org.apache.spark.JobArtifactSet$.withActiveJobArtifactState(JobArtifactSet.scala:94)
		at org.apache.spark.sql.artifact.ArtifactManager.$anonfun$withResources$1(ArtifactManager.scala:112)
		at org.apache.spark.sql.artifact.ArtifactManager.withClassLoaderIfNeeded(ArtifactManager.scala:106)
		at org.apache.spark.sql.artifact.ArtifactManager.withResources(ArtifactManager.scala:111)
		at org.apache.spark.sql.execution.SQLExecution$.$anonfun$withNewExecutionId0$6(SQLExecution.scala:139)
		at org.apache.spark.sql.execution.SQLExecution$.withSQLConfPropagated(SQLExecution.scala:308)
		at org.apache.spark.sql.execution.SQLExecution$.$anonfun$withNewExecutionId0$1(SQLExecution.scala:138)
		at org.apache.spark.sql.SparkSession.withActive(SparkSession.scala:804)
		at org.apache.spark.sql.execution.SQLExecution$.withNewExecutionId0(SQLExecution.scala:92)
		at org.apache.spark.sql.execution.SQLExecution$.withNewExecutionId(SQLExecution.scala:250)
		at org.apache.spark.sql.execution.QueryExecution.$anonfun$eagerlyExecuteCommands$1(QueryExecution.scala:185)
		at org.apache.spark.sql.execution.QueryExecution$.withInternalError(QueryExecution.scala:717)
		at org.apache.spark.sql.execution.QueryExecution.org$apache$spark$sql$execution$QueryExecution$$eagerlyExecute$1(QueryExecution.scala:184)
		at org.apache.spark.sql.execution.QueryExecution$$anonfun$eagerlyExecuteCommands$3.applyOrElse(QueryExecution.scala:201)
		at org.apache.spark.sql.execution.QueryExecution$$anonfun$eagerlyExecuteCommands$3.applyOrElse(QueryExecution.scala:194)
		at org.apache.spark.sql.catalyst.trees.TreeNode.$anonfun$transformDownWithPruning$1(TreeNode.scala:491)
		at org.apache.spark.sql.catalyst.trees.CurrentOrigin$.withOrigin(origin.scala:107)
		at org.apache.spark.sql.catalyst.trees.TreeNode.transformDownWithPruning(TreeNode.scala:491)
		at org.apache.spark.sql.catalyst.plans.logical.LogicalPlan.org$apache$spark$sql$catalyst$plans$logical$AnalysisHelper$$super$transformDownWithPruning(LogicalPlan.scala:37)
		at org.apache.spark.sql.catalyst.plans.logical.AnalysisHelper.transformDownWithPruning(AnalysisHelper.scala:360)
		at org.apache.spark.sql.catalyst.plans.logical.AnalysisHelper.transformDownWithPruning$(AnalysisHelper.scala:356)
		at org.apache.spark.sql.catalyst.plans.logical.LogicalPlan.transformDownWithPruning(LogicalPlan.scala:37)
		at org.apache.spark.sql.catalyst.plans.logical.LogicalPlan.transformDownWithPruning(LogicalPlan.scala:37)
		at org.apache.spark.sql.catalyst.trees.TreeNode.transformDown(TreeNode.scala:467)
		at org.apache.spark.sql.execution.QueryExecution.eagerlyExecuteCommands(QueryExecution.scala:194)
		at org.apache.spark.sql.execution.QueryExecution.$anonfun$lazyCommandExecuted$1(QueryExecution.scala:155)
		at scala.util.Try$.apply(Try.scala:217)
		at org.apache.spark.util.Utils$.doTryWithCallerStacktrace(Utils.scala:1392)
		at org.apache.spark.util.LazyTry.tryT$lzycompute(LazyTry.scala:46)
		at org.apache.spark.util.LazyTry.tryT(LazyTry.scala:46)
		... 17 more


The above exception was the direct cause of the following exception:

Traceback (most recent call last):
  File "/home/bnm/Desktop/ominimotest /data-test/src/main.py", line 29, in main
    engine.run()
  File "/home/bnm/Desktop/ominimotest /data-test/src/engine.py", line 70, in run
    write_output(self.dataframes[sink_input], sink)
  File "/home/bnm/Desktop/ominimotest /data-test/src/writer.py", line 153, in write_output
    raise RuntimeError(
RuntimeError: Could not clean output directory 'data/output/events/motor_policy' for sink 'raw-ok'. Original error: An error occurred while calling o70.save.
: org.apache.spark.SparkException: Unable to clear output directory file:/home/bnm/Desktop/ominimotest /data-test/data/output/events/motor_policy prior to writing to it.
	at org.apache.spark.sql.errors.QueryExecutionErrors$.cannotClearOutputDirectoryError(QueryExecutionErrors.scala:828)
	at org.apache.spark.sql.execution.datasources.InsertIntoHadoopFsRelationCommand.deleteMatchingPartitions(InsertIntoHadoopFsRelationCommand.scala:244)
	at org.apache.spark.sql.execution.datasources.InsertIntoHadoopFsRelationCommand.run(InsertIntoHadoopFsRelationCommand.scala:136)
	at org.apache.spark.sql.execution.command.DataWritingCommandExec.sideEffectResult$lzycompute(commands.scala:117)
	at org.apache.spark.sql.execution.command.DataWritingCommandExec.sideEffectResult(commands.scala:115)
	at org.apache.spark.sql.execution.command.DataWritingCommandExec.executeCollect(commands.scala:129)
	at org.apache.spark.sql.execution.QueryExecution.$anonfun$eagerlyExecuteCommands$2(QueryExecution.scala:185)
	at org.apache.spark.sql.execution.SQLExecution$.$anonfun$withNewExecutionId0$8(SQLExecution.scala:177)
	at org.apache.spark.sql.execution.SQLExecution$.withSessionTagsApplied(SQLExecution.scala:285)
	at org.apache.spark.sql.execution.SQLExecution$.$anonfun$withNewExecutionId0$7(SQLExecution.scala:139)
	at org.apache.spark.JobArtifactSet$.withActiveJobArtifactState(JobArtifactSet.scala:94)
	at org.apache.spark.sql.artifact.ArtifactManager.$anonfun$withResources$1(ArtifactManager.scala:112)
	at org.apache.spark.sql.artifact.ArtifactManager.withClassLoaderIfNeeded(ArtifactManager.scala:106)
	at org.apache.spark.sql.artifact.ArtifactManager.withResources(ArtifactManager.scala:111)
	at org.apache.spark.sql.execution.SQLExecution$.$anonfun$withNewExecutionId0$6(SQLExecution.scala:139)
	at org.apache.spark.sql.execution.SQLExecution$.withSQLConfPropagated(SQLExecution.scala:308)
	at org.apache.spark.sql.execution.SQLExecution$.$anonfun$withNewExecutionId0$1(SQLExecution.scala:138)
	at org.apache.spark.sql.SparkSession.withActive(SparkSession.scala:804)
	at org.apache.spark.sql.execution.SQLExecution$.withNewExecutionId0(SQLExecution.scala:92)
	at org.apache.spark.sql.execution.SQLExecution$.withNewExecutionId(SQLExecution.scala:250)
	at org.apache.spark.sql.execution.QueryExecution.$anonfun$eagerlyExecuteCommands$1(QueryExecution.scala:185)
	at org.apache.spark.sql.execution.QueryExecution$.withInternalError(QueryExecution.scala:717)
	at org.apache.spark.sql.execution.QueryExecution.org$apache$spark$sql$execution$QueryExecution$$eagerlyExecute$1(QueryExecution.scala:184)
	at org.apache.spark.sql.execution.QueryExecution$$anonfun$eagerlyExecuteCommands$3.applyOrElse(QueryExecution.scala:201)
	at org.apache.spark.sql.execution.QueryExecution$$anonfun$eagerlyExecuteCommands$3.applyOrElse(QueryExecution.scala:194)
	at org.apache.spark.sql.catalyst.trees.TreeNode.$anonfun$transformDownWithPruning$1(TreeNode.scala:491)
	at org.apache.spark.sql.catalyst.trees.CurrentOrigin$.withOrigin(origin.scala:107)
	at org.apache.spark.sql.catalyst.trees.TreeNode.transformDownWithPruning(TreeNode.scala:491)
	at org.apache.spark.sql.catalyst.plans.logical.LogicalPlan.org$apache$spark$sql$catalyst$plans$logical$AnalysisHelper$$super$transformDownWithPruning(LogicalPlan.scala:37)
	at org.apache.spark.sql.catalyst.plans.logical.AnalysisHelper.transformDownWithPruning(AnalysisHelper.scala:360)
	at org.apache.spark.sql.catalyst.plans.logical.AnalysisHelper.transformDownWithPruning$(AnalysisHelper.scala:356)
	at org.apache.spark.sql.catalyst.plans.logical.LogicalPlan.transformDownWithPruning(LogicalPlan.scala:37)
	at org.apache.spark.sql.catalyst.plans.logical.LogicalPlan.transformDownWithPruning(LogicalPlan.scala:37)
	at org.apache.spark.sql.catalyst.trees.TreeNode.transformDown(TreeNode.scala:467)
	at org.apache.spark.sql.execution.QueryExecution.eagerlyExecuteCommands(QueryExecution.scala:194)
	at org.apache.spark.sql.execution.QueryExecution.$anonfun$lazyCommandExecuted$1(QueryExecution.scala:155)
	at scala.util.Try$.apply(Try.scala:217)
	at org.apache.spark.util.Utils$.doTryWithCallerStacktrace(Utils.scala:1392)
	at org.apache.spark.util.Utils$.getTryWithCallerStacktrace(Utils.scala:1453)
	at org.apache.spark.util.LazyTry.get(LazyTry.scala:58)
	at org.apache.spark.sql.execution.QueryExecution.commandExecuted(QueryExecution.scala:160)
	at org.apache.spark.sql.execution.QueryExecution.assertCommandExecuted(QueryExecution.scala:239)
	at org.apache.spark.sql.classic.DataFrameWriter.runCommand(DataFrameWriter.scala:592)
	at org.apache.spark.sql.classic.DataFrameWriter.save(DataFrameWriter.scala:115)
	at java.base/jdk.internal.reflect.NativeMethodAccessorImpl.invoke0(Native Method)
	at java.base/jdk.internal.reflect.NativeMethodAccessorImpl.invoke(NativeMethodAccessorImpl.java:77)
	at java.base/jdk.internal.reflect.DelegatingMethodAccessorImpl.invoke(DelegatingMethodAccessorImpl.java:43)
	at java.base/java.lang.reflect.Method.invoke(Method.java:569)
	at py4j.reflection.MethodInvoker.invoke(MethodInvoker.java:244)
	at py4j.reflection.ReflectionEngine.invoke(ReflectionEngine.java:374)
	at py4j.Gateway.invoke(Gateway.java:282)
	at py4j.commands.AbstractCommand.invokeMethod(AbstractCommand.java:132)
	at py4j.commands.CallCommand.execute(CallCommand.java:79)
	at py4j.ClientServerConnection.waitForCommands(ClientServerConnection.java:184)
	at py4j.ClientServerConnection.run(ClientServerConnection.java:108)
	at java.base/java.lang.Thread.run(Thread.java:840)
	Suppressed: org.apache.spark.util.Utils$OriginalTryStackTraceException: Full stacktrace of original doTryWithCallerStacktrace caller
		at org.apache.spark.sql.errors.QueryExecutionErrors$.cannotClearOutputDirectoryError(QueryExecutionErrors.scala:828)
		at org.apache.spark.sql.execution.datasources.InsertIntoHadoopFsRelationCommand.deleteMatchingPartitions(InsertIntoHadoopFsRelationCommand.scala:244)
		at org.apache.spark.sql.execution.datasources.InsertIntoHadoopFsRelationCommand.run(InsertIntoHadoopFsRelationCommand.scala:136)
		at org.apache.spark.sql.execution.command.DataWritingCommandExec.sideEffectResult$lzycompute(commands.scala:117)
		at org.apache.spark.sql.execution.command.DataWritingCommandExec.sideEffectResult(commands.scala:115)
		at org.apache.spark.sql.execution.command.DataWritingCommandExec.executeCollect(commands.scala:129)
		at org.apache.spark.sql.execution.QueryExecution.$anonfun$eagerlyExecuteCommands$2(QueryExecution.scala:185)
		at org.apache.spark.sql.execution.SQLExecution$.$anonfun$withNewExecutionId0$8(SQLExecution.scala:177)
		at org.apache.spark.sql.execution.SQLExecution$.withSessionTagsApplied(SQLExecution.scala:285)
		at org.apache.spark.sql.execution.SQLExecution$.$anonfun$withNewExecutionId0$7(SQLExecution.scala:139)
		at org.apache.spark.JobArtifactSet$.withActiveJobArtifactState(JobArtifactSet.scala:94)
		at org.apache.spark.sql.artifact.ArtifactManager.$anonfun$withResources$1(ArtifactManager.scala:112)
		at org.apache.spark.sql.artifact.ArtifactManager.withClassLoaderIfNeeded(ArtifactManager.scala:106)
		at org.apache.spark.sql.artifact.ArtifactManager.withResources(ArtifactManager.scala:111)
		at org.apache.spark.sql.execution.SQLExecution$.$anonfun$withNewExecutionId0$6(SQLExecution.scala:139)
		at org.apache.spark.sql.execution.SQLExecution$.withSQLConfPropagated(SQLExecution.scala:308)
		at org.apache.spark.sql.execution.SQLExecution$.$anonfun$withNewExecutionId0$1(SQLExecution.scala:138)
		at org.apache.spark.sql.SparkSession.withActive(SparkSession.scala:804)
		at org.apache.spark.sql.execution.SQLExecution$.withNewExecutionId0(SQLExecution.scala:92)
		at org.apache.spark.sql.execution.SQLExecution$.withNewExecutionId(SQLExecution.scala:250)
		at org.apache.spark.sql.execution.QueryExecution.$anonfun$eagerlyExecuteCommands$1(QueryExecution.scala:185)
		at org.apache.spark.sql.execution.QueryExecution$.withInternalError(QueryExecution.scala:717)
		at org.apache.spark.sql.execution.QueryExecution.org$apache$spark$sql$execution$QueryExecution$$eagerlyExecute$1(QueryExecution.scala:184)
		at org.apache.spark.sql.execution.QueryExecution$$anonfun$eagerlyExecuteCommands$3.applyOrElse(QueryExecution.scala:201)
		at org.apache.spark.sql.execution.QueryExecution$$anonfun$eagerlyExecuteCommands$3.applyOrElse(QueryExecution.scala:194)
		at org.apache.spark.sql.catalyst.trees.TreeNode.$anonfun$transformDownWithPruning$1(TreeNode.scala:491)
		at org.apache.spark.sql.catalyst.trees.CurrentOrigin$.withOrigin(origin.scala:107)
		at org.apache.spark.sql.catalyst.trees.TreeNode.transformDownWithPruning(TreeNode.scala:491)
		at org.apache.spark.sql.catalyst.plans.logical.LogicalPlan.org$apache$spark$sql$catalyst$plans$logical$AnalysisHelper$$super$transformDownWithPruning(LogicalPlan.scala:37)
		at org.apache.spark.sql.catalyst.plans.logical.AnalysisHelper.transformDownWithPruning(AnalysisHelper.scala:360)
		at org.apache.spark.sql.catalyst.plans.logical.AnalysisHelper.transformDownWithPruning$(AnalysisHelper.scala:356)
		at org.apache.spark.sql.catalyst.plans.logical.LogicalPlan.transformDownWithPruning(LogicalPlan.scala:37)
		at org.apache.spark.sql.catalyst.plans.logical.LogicalPlan.transformDownWithPruning(LogicalPlan.scala:37)
		at org.apache.spark.sql.catalyst.trees.TreeNode.transformDown(TreeNode.scala:467)
		at org.apache.spark.sql.execution.QueryExecution.eagerlyExecuteCommands(QueryExecution.scala:194)
		at org.apache.spark.sql.execution.QueryExecution.$anonfun$lazyCommandExecuted$1(QueryExecution.scala:155)
		at scala.util.Try$.apply(Try.scala:217)
		at org.apache.spark.util.Utils$.doTryWithCallerStacktrace(Utils.scala:1392)
		at org.apache.spark.util.LazyTry.tryT$lzycompute(LazyTry.scala:46)
		at org.apache.spark.util.LazyTry.tryT(LazyTry.scala:46)
		... 17 more

2026-03-23 12:15:48,588 - __main__ - INFO - [main.py:35] - Stopping Spark session...
2026-03-23 12:15:48,945 - __main__ - CRITICAL - [main.py:43] - Fatal error: Could not clean output directory 'data/output/events/motor_policy' for sink 'raw-ok'. Original error: An error occurred while calling o70.save.
: org.apache.spark.SparkException: Unable to clear output directory file:/home/bnm/Desktop/ominimotest /data-test/data/output/events/motor_policy prior to writing to it.
	at org.apache.spark.sql.errors.QueryExecutionErrors$.cannotClearOutputDirectoryError(QueryExecutionErrors.scala:828)
	at org.apache.spark.sql.execution.datasources.InsertIntoHadoopFsRelationCommand.deleteMatchingPartitions(InsertIntoHadoopFsRelationCommand.scala:244)
	at org.apache.spark.sql.execution.datasources.InsertIntoHadoopFsRelationCommand.run(InsertIntoHadoopFsRelationCommand.scala:136)
	at org.apache.spark.sql.execution.command.DataWritingCommandExec.sideEffectResult$lzycompute(commands.scala:117)
	at org.apache.spark.sql.execution.command.DataWritingCommandExec.sideEffectResult(commands.scala:115)
	at org.apache.spark.sql.execution.command.DataWritingCommandExec.executeCollect(commands.scala:129)
	at org.apache.spark.sql.execution.QueryExecution.$anonfun$eagerlyExecuteCommands$2(QueryExecution.scala:185)
	at org.apache.spark.sql.execution.SQLExecution$.$anonfun$withNewExecutionId0$8(SQLExecution.scala:177)
	at org.apache.spark.sql.execution.SQLExecution$.withSessionTagsApplied(SQLExecution.scala:285)
	at org.apache.spark.sql.execution.SQLExecution$.$anonfun$withNewExecutionId0$7(SQLExecution.scala:139)
	at org.apache.spark.JobArtifactSet$.withActiveJobArtifactState(JobArtifactSet.scala:94)
	at org.apache.spark.sql.artifact.ArtifactManager.$anonfun$withResources$1(ArtifactManager.scala:112)
	at org.apache.spark.sql.artifact.ArtifactManager.withClassLoaderIfNeeded(ArtifactManager.scala:106)
	at org.apache.spark.sql.artifact.ArtifactManager.withResources(ArtifactManager.scala:111)
	at org.apache.spark.sql.execution.SQLExecution$.$anonfun$withNewExecutionId0$6(SQLExecution.scala:139)
	at org.apache.spark.sql.execution.SQLExecution$.withSQLConfPropagated(SQLExecution.scala:308)
	at org.apache.spark.sql.execution.SQLExecution$.$anonfun$withNewExecutionId0$1(SQLExecution.scala:138)
	at org.apache.spark.sql.SparkSession.withActive(SparkSession.scala:804)
	at org.apache.spark.sql.execution.SQLExecution$.withNewExecutionId0(SQLExecution.scala:92)
	at org.apache.spark.sql.execution.SQLExecution$.withNewExecutionId(SQLExecution.scala:250)
	at org.apache.spark.sql.execution.QueryExecution.$anonfun$eagerlyExecuteCommands$1(QueryExecution.scala:185)
	at org.apache.spark.sql.execution.QueryExecution$.withInternalError(QueryExecution.scala:717)
	at org.apache.spark.sql.execution.QueryExecution.org$apache$spark$sql$execution$QueryExecution$$eagerlyExecute$1(QueryExecution.scala:184)
	at org.apache.spark.sql.execution.QueryExecution$$anonfun$eagerlyExecuteCommands$3.applyOrElse(QueryExecution.scala:201)
	at org.apache.spark.sql.execution.QueryExecution$$anonfun$eagerlyExecuteCommands$3.applyOrElse(QueryExecution.scala:194)
	at org.apache.spark.sql.catalyst.trees.TreeNode.$anonfun$transformDownWithPruning$1(TreeNode.scala:491)
	at org.apache.spark.sql.catalyst.trees.CurrentOrigin$.withOrigin(origin.scala:107)
	at org.apache.spark.sql.catalyst.trees.TreeNode.transformDownWithPruning(TreeNode.scala:491)
	at org.apache.spark.sql.catalyst.plans.logical.LogicalPlan.org$apache$spark$sql$catalyst$plans$logical$AnalysisHelper$$super$transformDownWithPruning(LogicalPlan.scala:37)
	at org.apache.spark.sql.catalyst.plans.logical.AnalysisHelper.transformDownWithPruning(AnalysisHelper.scala:360)
	at org.apache.spark.sql.catalyst.plans.logical.AnalysisHelper.transformDownWithPruning$(AnalysisHelper.scala:356)
	at org.apache.spark.sql.catalyst.plans.logical.LogicalPlan.transformDownWithPruning(LogicalPlan.scala:37)
	at org.apache.spark.sql.catalyst.plans.logical.LogicalPlan.transformDownWithPruning(LogicalPlan.scala:37)
	at org.apache.spark.sql.catalyst.trees.TreeNode.transformDown(TreeNode.scala:467)
	at org.apache.spark.sql.execution.QueryExecution.eagerlyExecuteCommands(QueryExecution.scala:194)
	at org.apache.spark.sql.execution.QueryExecution.$anonfun$lazyCommandExecuted$1(QueryExecution.scala:155)
	at scala.util.Try$.apply(Try.scala:217)
	at org.apache.spark.util.Utils$.doTryWithCallerStacktrace(Utils.scala:1392)
	at org.apache.spark.util.Utils$.getTryWithCallerStacktrace(Utils.scala:1453)
	at org.apache.spark.util.LazyTry.get(LazyTry.scala:58)
	at org.apache.spark.sql.execution.QueryExecution.commandExecuted(QueryExecution.scala:160)
	at org.apache.spark.sql.execution.QueryExecution.assertCommandExecuted(QueryExecution.scala:239)
	at org.apache.spark.sql.classic.DataFrameWriter.runCommand(DataFrameWriter.scala:592)
	at org.apache.spark.sql.classic.DataFrameWriter.save(DataFrameWriter.scala:115)
	at java.base/jdk.internal.reflect.NativeMethodAccessorImpl.invoke0(Native Method)
	at java.base/jdk.internal.reflect.NativeMethodAccessorImpl.invoke(NativeMethodAccessorImpl.java:77)
	at java.base/jdk.internal.reflect.DelegatingMethodAccessorImpl.invoke(DelegatingMethodAccessorImpl.java:43)
	at java.base/java.lang.reflect.Method.invoke(Method.java:569)
	at py4j.reflection.MethodInvoker.invoke(MethodInvoker.java:244)
	at py4j.reflection.ReflectionEngine.invoke(ReflectionEngine.java:374)
	at py4j.Gateway.invoke(Gateway.java:282)
	at py4j.commands.AbstractCommand.invokeMethod(AbstractCommand.java:132)
	at py4j.commands.CallCommand.execute(CallCommand.java:79)
	at py4j.ClientServerConnection.waitForCommands(ClientServerConnection.java:184)
	at py4j.ClientServerConnection.run(ClientServerConnection.java:108)
	at java.base/java.lang.Thread.run(Thread.java:840)
	Suppressed: org.apache.spark.util.Utils$OriginalTryStackTraceException: Full stacktrace of original doTryWithCallerStacktrace caller
		at org.apache.spark.sql.errors.QueryExecutionErrors$.cannotClearOutputDirectoryError(QueryExecutionErrors.scala:828)
		at org.apache.spark.sql.execution.datasources.InsertIntoHadoopFsRelationCommand.deleteMatchingPartitions(InsertIntoHadoopFsRelationCommand.scala:244)
		at org.apache.spark.sql.execution.datasources.InsertIntoHadoopFsRelationCommand.run(InsertIntoHadoopFsRelationCommand.scala:136)
		at org.apache.spark.sql.execution.command.DataWritingCommandExec.sideEffectResult$lzycompute(commands.scala:117)
		at org.apache.spark.sql.execution.command.DataWritingCommandExec.sideEffectResult(commands.scala:115)
		at org.apache.spark.sql.execution.command.DataWritingCommandExec.executeCollect(commands.scala:129)
		at org.apache.spark.sql.execution.QueryExecution.$anonfun$eagerlyExecuteCommands$2(QueryExecution.scala:185)
		at org.apache.spark.sql.execution.SQLExecution$.$anonfun$withNewExecutionId0$8(SQLExecution.scala:177)
		at org.apache.spark.sql.execution.SQLExecution$.withSessionTagsApplied(SQLExecution.scala:285)
		at org.apache.spark.sql.execution.SQLExecution$.$anonfun$withNewExecutionId0$7(SQLExecution.scala:139)
		at org.apache.spark.JobArtifactSet$.withActiveJobArtifactState(JobArtifactSet.scala:94)
		at org.apache.spark.sql.artifact.ArtifactManager.$anonfun$withResources$1(ArtifactManager.scala:112)
		at org.apache.spark.sql.artifact.ArtifactManager.withClassLoaderIfNeeded(ArtifactManager.scala:106)
		at org.apache.spark.sql.artifact.ArtifactManager.withResources(ArtifactManager.scala:111)
		at org.apache.spark.sql.execution.SQLExecution$.$anonfun$withNewExecutionId0$6(SQLExecution.scala:139)
		at org.apache.spark.sql.execution.SQLExecution$.withSQLConfPropagated(SQLExecution.scala:308)
		at org.apache.spark.sql.execution.SQLExecution$.$anonfun$withNewExecutionId0$1(SQLExecution.scala:138)
		at org.apache.spark.sql.SparkSession.withActive(SparkSession.scala:804)
		at org.apache.spark.sql.execution.SQLExecution$.withNewExecutionId0(SQLExecution.scala:92)
		at org.apache.spark.sql.execution.SQLExecution$.withNewExecutionId(SQLExecution.scala:250)
		at org.apache.spark.sql.execution.QueryExecution.$anonfun$eagerlyExecuteCommands$1(QueryExecution.scala:185)
		at org.apache.spark.sql.execution.QueryExecution$.withInternalError(QueryExecution.scala:717)
		at org.apache.spark.sql.execution.QueryExecution.org$apache$spark$sql$execution$QueryExecution$$eagerlyExecute$1(QueryExecution.scala:184)
		at org.apache.spark.sql.execution.QueryExecution$$anonfun$eagerlyExecuteCommands$3.applyOrElse(QueryExecution.scala:201)
		at org.apache.spark.sql.execution.QueryExecution$$anonfun$eagerlyExecuteCommands$3.applyOrElse(QueryExecution.scala:194)
		at org.apache.spark.sql.catalyst.trees.TreeNode.$anonfun$transformDownWithPruning$1(TreeNode.scala:491)
		at org.apache.spark.sql.catalyst.trees.CurrentOrigin$.withOrigin(origin.scala:107)
		at org.apache.spark.sql.catalyst.trees.TreeNode.transformDownWithPruning(TreeNode.scala:491)
		at org.apache.spark.sql.catalyst.plans.logical.LogicalPlan.org$apache$spark$sql$catalyst$plans$logical$AnalysisHelper$$super$transformDownWithPruning(LogicalPlan.scala:37)
		at org.apache.spark.sql.catalyst.plans.logical.AnalysisHelper.transformDownWithPruning(AnalysisHelper.scala:360)
		at org.apache.spark.sql.catalyst.plans.logical.AnalysisHelper.transformDownWithPruning$(AnalysisHelper.scala:356)
		at org.apache.spark.sql.catalyst.plans.logical.LogicalPlan.transformDownWithPruning(LogicalPlan.scala:37)
		at org.apache.spark.sql.catalyst.plans.logical.LogicalPlan.transformDownWithPruning(LogicalPlan.scala:37)
		at org.apache.spark.sql.catalyst.trees.TreeNode.transformDown(TreeNode.scala:467)
		at org.apache.spark.sql.execution.QueryExecution.eagerlyExecuteCommands(QueryExecution.scala:194)
		at org.apache.spark.sql.execution.QueryExecution.$anonfun$lazyCommandExecuted$1(QueryExecution.scala:155)
		at scala.util.Try$.apply(Try.scala:217)
		at org.apache.spark.util.Utils$.doTryWithCallerStacktrace(Utils.scala:1392)
		at org.apache.spark.util.LazyTry.tryT$lzycompute(LazyTry.scala:46)
		at org.apache.spark.util.LazyTry.tryT(LazyTry.scala:46)
		... 17 more

2026-03-23 12:15:49,747 - __main__ - INFO - [main.py:13] - Starting Dynamic Spark Pipeline...
2026-03-23 12:15:49,748 - __main__ - INFO - [main.py:19] - Loading config from metadata/config.json
2026-03-23 12:15:49,748 - __main__ - INFO - [main.py:23] - Creating Spark session...
2026-03-23 12:15:54,976 - __main__ - INFO - [main.py:27] - Executing 1 dataflow(s)...
2026-03-23 12:16:00,872 - __main__ - INFO - [main.py:30] - Pipeline completed successfully
2026-03-23 12:16:00,873 - __main__ - INFO - [main.py:35] - Stopping Spark session...
