[2026-03-23T00:30:51.453+0000] {taskinstance.py:1159} INFO - Dependencies all met for dep_context=non-requeueable deps ti=<TaskInstance: dynamic_spark_pipeline.run_pipeline manual__2026-03-23T00:19:38+00:00 [queued]>
[2026-03-23T00:30:51.462+0000] {taskinstance.py:1159} INFO - Dependencies all met for dep_context=requeueable deps ti=<TaskInstance: dynamic_spark_pipeline.run_pipeline manual__2026-03-23T00:19:38+00:00 [queued]>
[2026-03-23T00:30:51.463+0000] {taskinstance.py:1361} INFO - Starting attempt 2 of 3
[2026-03-23T00:30:51.478+0000] {taskinstance.py:1382} INFO - Executing <Task(BashOperator): run_pipeline> on 2026-03-23 00:19:38+00:00
[2026-03-23T00:30:51.484+0000] {standard_task_runner.py:57} INFO - Started process 171 to run task
[2026-03-23T00:30:51.487+0000] {standard_task_runner.py:84} INFO - Running: ['***', 'tasks', 'run', 'dynamic_spark_pipeline', 'run_pipeline', 'manual__2026-03-23T00:19:38+00:00', '--job-id', '15', '--raw', '--subdir', 'DAGS_FOLDER/dynamic_spark_pipeline_dag.py', '--cfg-path', '/tmp/tmpt7cv6e73']
[2026-03-23T00:30:51.490+0000] {standard_task_runner.py:85} INFO - Job 15: Subtask run_pipeline
[2026-03-23T00:30:51.568+0000] {task_command.py:416} INFO - Running <TaskInstance: dynamic_spark_pipeline.run_pipeline manual__2026-03-23T00:19:38+00:00 [running]> on host a582b8378278
[2026-03-23T00:30:51.700+0000] {taskinstance.py:1662} INFO - Exporting env vars: AIRFLOW_CTX_DAG_OWNER='Nasredine Ouelseti' AIRFLOW_CTX_DAG_ID='dynamic_spark_pipeline' AIRFLOW_CTX_TASK_ID='run_pipeline' AIRFLOW_CTX_EXECUTION_DATE='2026-03-23T00:19:38+00:00' AIRFLOW_CTX_TRY_NUMBER='2' AIRFLOW_CTX_DAG_RUN_ID='manual__2026-03-23T00:19:38+00:00'
[2026-03-23T00:30:51.701+0000] {subprocess.py:63} INFO - Tmp dir root location: /tmp
[2026-03-23T00:30:51.702+0000] {subprocess.py:75} INFO - Running command: ['/bin/bash', '-c', '\nset -e\n\necho "Starting Spark pipeline execution..."\necho "Configuration: /app/metadata/config.json"\necho "Data path: /app/data"\necho "Script: /app/src/main.py"\necho "Log path: /app/***/logs/pipeline"\n\n# Pre-create critical directories with proper error handling\necho "Preparing directories..."\nLOG_DIR_BACKUP="/tmp/***_logs"\n\n# Try to create log directory with primary path\nif mkdir -p "/app/***/logs/pipeline" 2>/dev/null && touch "/app/***/logs/pipeline/.write_test" 2>/dev/null; then\n    echo "✓ Using primary log path: /app/***/logs/pipeline"\n    rm -f "/app/***/logs/pipeline/.write_test"\nelse\n    echo "⚠ Primary log path not writable, using backup: $LOG_DIR_BACKUP"\n    mkdir -p "$LOG_DIR_BACKUP"\n    mkdir -p "/app/data/output" 2>/dev/null || true\nfi\n\n# Create data output directory (non-critical)\nmkdir -p "/app/data/output" 2>/dev/null || echo "⚠ Warning: Could not create data output directory"\n\n# Clean up old output files to prevent Spark OVERWRITE permission issues\necho "Cleaning previous output..."\nfind "/app/data/output" -type d -name "events" -o -name "discards" 2>/dev/null | while read dir; do\n    if [ -d "$dir" ]; then\n        rm -rf "$dir" 2>/dev/null && echo "  ✓ Removed $dir" || echo "  ⚠ Could not remove $dir (will retry if writable)"\n    fi\ndone\nmkdir -p "/app/data/output/events" 2>/dev/null || true\nmkdir -p "/app/data/output/discards" 2>/dev/null || true\n\n# Set effective log path for the script\nexport LOG_PATH_EFFECTIVE="/app/***/logs/pipeline"\nif [ ! -w "/app/***/logs/pipeline" ]; then\n    export LOG_PATH_EFFECTIVE="$LOG_DIR_BACKUP"\nfi\n\necho "Effective log path: $LOG_PATH_EFFECTIVE"\n\n# Change to application home directory\nif [ -d "/app" ]; then\n    cd "/app"\n    echo "✓ Changed to: /app"\nelse\n    echo "✗ Application directory not found: /app"\n    exit 1\nfi\n\n# Run the pipeline script\necho "Executing pipeline script..."\npython "/app/src/main.py" 2>&1 | tee -a "$LOG_PATH_EFFECTIVE/pipeline.log" || true\n\n# Capture exit code\nEXIT_CODE=${PIPESTATUS[0]}\n\n# Report results\necho ""\necho "Pipeline execution completed with exit code: $EXIT_CODE"\n\nif [ $EXIT_CODE -eq 0 ]; then\n    echo "✓ Pipeline executed successfully"\n    exit 0\nelse\n    echo "✗ Pipeline failed with errors (see logs above)"\n    exit $EXIT_CODE\nfi\n        ']
[2026-03-23T00:30:51.715+0000] {subprocess.py:86} INFO - Output:
[2026-03-23T00:30:51.718+0000] {subprocess.py:93} INFO - Starting Spark pipeline execution...
[2026-03-23T00:30:51.718+0000] {subprocess.py:93} INFO - Configuration: /app/metadata/config.json
[2026-03-23T00:30:51.719+0000] {subprocess.py:93} INFO - Data path: /app/data
[2026-03-23T00:30:51.719+0000] {subprocess.py:93} INFO - Script: /app/src/main.py
[2026-03-23T00:30:51.719+0000] {subprocess.py:93} INFO - Log path: /app/***/logs/pipeline
[2026-03-23T00:30:51.719+0000] {subprocess.py:93} INFO - Preparing directories...
[2026-03-23T00:30:51.723+0000] {subprocess.py:93} INFO - ✓ Using primary log path: /app/***/logs/pipeline
[2026-03-23T00:30:51.727+0000] {subprocess.py:93} INFO - Cleaning previous output...
[2026-03-23T00:30:51.737+0000] {subprocess.py:93} INFO -   ⚠ Could not remove /app/data/output/discards (will retry if writable)
[2026-03-23T00:30:51.739+0000] {subprocess.py:93} INFO -   ⚠ Could not remove /app/data/output/events (will retry if writable)
[2026-03-23T00:30:51.744+0000] {subprocess.py:93} INFO - Effective log path: /app/***/logs/pipeline
[2026-03-23T00:30:51.745+0000] {subprocess.py:93} INFO - ✓ Changed to: /app
[2026-03-23T00:30:51.745+0000] {subprocess.py:93} INFO - Executing pipeline script...
[2026-03-23T00:30:52.610+0000] {subprocess.py:93} INFO - Failed to create log dir logs: [Errno 2] No such file or directory: 'logs/.write_test'
[2026-03-23T00:30:52.611+0000] {subprocess.py:93} INFO - Using fallback log directory: /tmp/***_logs
[2026-03-23T00:30:52.611+0000] {subprocess.py:93} INFO - 2026-03-23 00:30:52,610 - __main__ - INFO - Starting Dynamic Spark Pipeline...
[2026-03-23T00:30:52.612+0000] {subprocess.py:93} INFO - 2026-03-23 00:30:52,612 - __main__ - INFO - Loading config from metadata/config.json
[2026-03-23T00:30:52.612+0000] {subprocess.py:93} INFO - 2026-03-23 00:30:52,612 - __main__ - INFO - Creating Spark session...
[2026-03-23T00:30:53.074+0000] {subprocess.py:93} INFO - WARNING: Using incubator modules: jdk.incubator.vector
[2026-03-23T00:30:55.710+0000] {subprocess.py:93} INFO - Using Spark's default log4j profile: org/apache/spark/log4j2-defaults.properties
[2026-03-23T00:30:55.711+0000] {subprocess.py:93} INFO - Setting default log level to "WARN".
[2026-03-23T00:30:55.711+0000] {subprocess.py:93} INFO - To adjust logging level use sc.setLogLevel(newLevel). For SparkR, use setLogLevel(newLevel).
[2026-03-23T00:30:58.292+0000] {subprocess.py:93} INFO - 26/03/23 00:30:58 WARN NativeCodeLoader: Unable to load native-hadoop library for your platform... using builtin-java classes where applicable
[2026-03-23T00:30:59.291+0000] {subprocess.py:93} INFO - 26/03/23 00:30:59 WARN Utils: Service 'SparkUI' could not bind on port 4040. Attempting port 4041.
[2026-03-23T00:31:03.069+0000] {subprocess.py:93} INFO - 2026-03-23 00:31:03,068 - __main__ - INFO - Executing 1 dataflow(s)...
[2026-03-23T00:31:06.826+0000] {subprocess.py:93} INFO - [Stage 0:>                                                          (0 + 1) / 1]                                                                                26/03/23 00:31:06 WARN FileUtil: Failed to delete file or dir [/app/data/output/events/motor_policy/_SUCCESS]: it still exists.
[2026-03-23T00:31:06.826+0000] {subprocess.py:93} INFO - 26/03/23 00:31:06 WARN FileUtil: Failed to delete file or dir [/app/data/output/events/motor_policy/._SUCCESS.crc]: it still exists.
[2026-03-23T00:31:06.826+0000] {subprocess.py:93} INFO - 26/03/23 00:31:06 WARN FileUtil: Failed to delete file or dir [/app/data/output/events/motor_policy/part-00000-b78ac4d7-b1a9-45ed-8a83-22bb8cbb1034-c000.json]: it still exists.
[2026-03-23T00:31:06.827+0000] {subprocess.py:93} INFO - 26/03/23 00:31:06 WARN FileUtil: Failed to delete file or dir [/app/data/output/events/motor_policy/.part-00000-b78ac4d7-b1a9-45ed-8a83-22bb8cbb1034-c000.json.crc]: it still exists.
[2026-03-23T00:31:07.002+0000] {subprocess.py:93} INFO - 26/03/23 00:31:07 WARN FileUtil: Failed to delete file or dir [/app/data/output/events/motor_policy/_SUCCESS]: it still exists.
[2026-03-23T00:31:07.003+0000] {subprocess.py:93} INFO - 26/03/23 00:31:07 WARN FileUtil: Failed to delete file or dir [/app/data/output/events/motor_policy/._SUCCESS.crc]: it still exists.
[2026-03-23T00:31:07.003+0000] {subprocess.py:93} INFO - 26/03/23 00:31:07 WARN FileUtil: Failed to delete file or dir [/app/data/output/events/motor_policy/part-00000-b78ac4d7-b1a9-45ed-8a83-22bb8cbb1034-c000.json]: it still exists.
[2026-03-23T00:31:07.003+0000] {subprocess.py:93} INFO - 26/03/23 00:31:07 WARN FileUtil: Failed to delete file or dir [/app/data/output/events/motor_policy/.part-00000-b78ac4d7-b1a9-45ed-8a83-22bb8cbb1034-c000.json.crc]: it still exists.
[2026-03-23T00:31:07.159+0000] {subprocess.py:93} INFO - [raw-ok] Cleaning output directory before write: data/output/events/motor_policy
[2026-03-23T00:31:07.159+0000] {subprocess.py:93} INFO - [raw-ok] Attempting aggressive cleanup of data/output/events/motor_policy
[2026-03-23T00:31:07.159+0000] {subprocess.py:93} INFO - 2026-03-23 00:31:07,074 - __main__ - ERROR - Pipeline execution failed: Failed writing sink 'raw-ok' to path 'data/output/events/motor_policy' (even after cleanup). Format: 'JSON', Mode: 'OVERWRITE'. Original error: An error occurred while calling o70.save.
[2026-03-23T00:31:07.160+0000] {subprocess.py:93} INFO - : org.apache.spark.SparkException: Unable to clear output directory file:/app/data/output/events/motor_policy prior to writing to it.
[2026-03-23T00:31:07.160+0000] {subprocess.py:93} INFO - 	at org.apache.spark.sql.errors.QueryExecutionErrors$.cannotClearOutputDirectoryError(QueryExecutionErrors.scala:786)
[2026-03-23T00:31:07.160+0000] {subprocess.py:93} INFO - 	at org.apache.spark.sql.execution.datasources.InsertIntoHadoopFsRelationCommand.deleteMatchingPartitions(InsertIntoHadoopFsRelationCommand.scala:244)
[2026-03-23T00:31:07.160+0000] {subprocess.py:93} INFO - 	at org.apache.spark.sql.execution.datasources.InsertIntoHadoopFsRelationCommand.run(InsertIntoHadoopFsRelationCommand.scala:136)
[2026-03-23T00:31:07.160+0000] {subprocess.py:93} INFO - 	at org.apache.spark.sql.execution.command.DataWritingCommandExec.sideEffectResult$lzycompute(commands.scala:117)
[2026-03-23T00:31:07.160+0000] {subprocess.py:93} INFO - 	at org.apache.spark.sql.execution.command.DataWritingCommandExec.sideEffectResult(commands.scala:115)
[2026-03-23T00:31:07.161+0000] {subprocess.py:93} INFO - 	at org.apache.spark.sql.execution.command.DataWritingCommandExec.executeCollect(commands.scala:129)
[2026-03-23T00:31:07.161+0000] {subprocess.py:93} INFO - 	at org.apache.spark.sql.execution.QueryExecution.$anonfun$eagerlyExecuteCommands$2(QueryExecution.scala:155)
[2026-03-23T00:31:07.161+0000] {subprocess.py:93} INFO - 	at org.apache.spark.sql.execution.SQLExecution$.$anonfun$withNewExecutionId0$8(SQLExecution.scala:163)
[2026-03-23T00:31:07.161+0000] {subprocess.py:93} INFO - 	at org.apache.spark.sql.execution.SQLExecution$.withSessionTagsApplied(SQLExecution.scala:272)
[2026-03-23T00:31:07.161+0000] {subprocess.py:93} INFO - 	at org.apache.spark.sql.execution.SQLExecution$.$anonfun$withNewExecutionId0$7(SQLExecution.scala:125)
[2026-03-23T00:31:07.161+0000] {subprocess.py:93} INFO - 	at org.apache.spark.JobArtifactSet$.withActiveJobArtifactState(JobArtifactSet.scala:94)
[2026-03-23T00:31:07.162+0000] {subprocess.py:93} INFO - 	at org.apache.spark.sql.artifact.ArtifactManager.$anonfun$withResources$1(ArtifactManager.scala:112)
[2026-03-23T00:31:07.162+0000] {subprocess.py:93} INFO - 	at org.apache.spark.sql.artifact.ArtifactManager.withClassLoaderIfNeeded(ArtifactManager.scala:106)
[2026-03-23T00:31:07.162+0000] {subprocess.py:93} INFO - 	at org.apache.spark.sql.artifact.ArtifactManager.withResources(ArtifactManager.scala:111)
[2026-03-23T00:31:07.162+0000] {subprocess.py:93} INFO - 	at org.apache.spark.sql.execution.SQLExecution$.$anonfun$withNewExecutionId0$6(SQLExecution.scala:125)
[2026-03-23T00:31:07.163+0000] {subprocess.py:93} INFO - 	at org.apache.spark.sql.execution.SQLExecution$.withSQLConfPropagated(SQLExecution.scala:295)
[2026-03-23T00:31:07.163+0000] {subprocess.py:93} INFO - 	at org.apache.spark.sql.execution.SQLExecution$.$anonfun$withNewExecutionId0$1(SQLExecution.scala:124)
[2026-03-23T00:31:07.163+0000] {subprocess.py:93} INFO - 	at org.apache.spark.sql.SparkSession.withActive(SparkSession.scala:804)
[2026-03-23T00:31:07.163+0000] {subprocess.py:93} INFO - 	at org.apache.spark.sql.execution.SQLExecution$.withNewExecutionId0(SQLExecution.scala:78)
[2026-03-23T00:31:07.164+0000] {subprocess.py:93} INFO - 	at org.apache.spark.sql.execution.SQLExecution$.withNewExecutionId(SQLExecution.scala:237)
[2026-03-23T00:31:07.164+0000] {subprocess.py:93} INFO - 	at org.apache.spark.sql.execution.QueryExecution.$anonfun$eagerlyExecuteCommands$1(QueryExecution.scala:155)
[2026-03-23T00:31:07.164+0000] {subprocess.py:93} INFO - 	at org.apache.spark.sql.execution.QueryExecution$.withInternalError(QueryExecution.scala:654)
[2026-03-23T00:31:07.164+0000] {subprocess.py:93} INFO - 	at org.apache.spark.sql.execution.QueryExecution.org$apache$spark$sql$execution$QueryExecution$$eagerlyExecute$1(QueryExecution.scala:154)
[2026-03-23T00:31:07.164+0000] {subprocess.py:93} INFO - 	at org.apache.spark.sql.execution.QueryExecution$$anonfun$eagerlyExecuteCommands$3.applyOrElse(QueryExecution.scala:169)
[2026-03-23T00:31:07.165+0000] {subprocess.py:93} INFO - 	at org.apache.spark.sql.execution.QueryExecution$$anonfun$eagerlyExecuteCommands$3.applyOrElse(QueryExecution.scala:164)
[2026-03-23T00:31:07.165+0000] {subprocess.py:93} INFO - 	at org.apache.spark.sql.catalyst.trees.TreeNode.$anonfun$transformDownWithPruning$1(TreeNode.scala:470)
[2026-03-23T00:31:07.165+0000] {subprocess.py:93} INFO - 	at org.apache.spark.sql.catalyst.trees.CurrentOrigin$.withOrigin(origin.scala:86)
[2026-03-23T00:31:07.165+0000] {subprocess.py:93} INFO - 	at org.apache.spark.sql.catalyst.trees.TreeNode.transformDownWithPruning(TreeNode.scala:470)
[2026-03-23T00:31:07.165+0000] {subprocess.py:93} INFO - 	at org.apache.spark.sql.catalyst.plans.logical.LogicalPlan.org$apache$spark$sql$catalyst$plans$logical$AnalysisHelper$$super$transformDownWithPruning(LogicalPlan.scala:37)
[2026-03-23T00:31:07.165+0000] {subprocess.py:93} INFO - 	at org.apache.spark.sql.catalyst.plans.logical.AnalysisHelper.transformDownWithPruning(AnalysisHelper.scala:360)
[2026-03-23T00:31:07.166+0000] {subprocess.py:93} INFO - 	at org.apache.spark.sql.catalyst.plans.logical.AnalysisHelper.transformDownWithPruning$(AnalysisHelper.scala:356)
[2026-03-23T00:31:07.166+0000] {subprocess.py:93} INFO - 	at org.apache.spark.sql.catalyst.plans.logical.LogicalPlan.transformDownWithPruning(LogicalPlan.scala:37)
[2026-03-23T00:31:07.166+0000] {subprocess.py:93} INFO - 	at org.apache.spark.sql.catalyst.plans.logical.LogicalPlan.transformDownWithPruning(LogicalPlan.scala:37)
[2026-03-23T00:31:07.166+0000] {subprocess.py:93} INFO - 	at org.apache.spark.sql.catalyst.trees.TreeNode.transformDown(TreeNode.scala:446)
[2026-03-23T00:31:07.166+0000] {subprocess.py:93} INFO - 	at org.apache.spark.sql.execution.QueryExecution.eagerlyExecuteCommands(QueryExecution.scala:164)
[2026-03-23T00:31:07.167+0000] {subprocess.py:93} INFO - 	at org.apache.spark.sql.execution.QueryExecution.$anonfun$lazyCommandExecuted$1(QueryExecution.scala:126)
[2026-03-23T00:31:07.167+0000] {subprocess.py:93} INFO - 	at scala.util.Try$.apply(Try.scala:217)
[2026-03-23T00:31:07.167+0000] {subprocess.py:93} INFO - 	at org.apache.spark.util.Utils$.doTryWithCallerStacktrace(Utils.scala:1378)
[2026-03-23T00:31:07.167+0000] {subprocess.py:93} INFO - 	at org.apache.spark.util.Utils$.getTryWithCallerStacktrace(Utils.scala:1439)
[2026-03-23T00:31:07.167+0000] {subprocess.py:93} INFO - 	at org.apache.spark.util.LazyTry.get(LazyTry.scala:58)
[2026-03-23T00:31:07.168+0000] {subprocess.py:93} INFO - 	at org.apache.spark.sql.execution.QueryExecution.commandExecuted(QueryExecution.scala:131)
[2026-03-23T00:31:07.168+0000] {subprocess.py:93} INFO - 	at org.apache.spark.sql.execution.QueryExecution.assertCommandExecuted(QueryExecution.scala:192)
[2026-03-23T00:31:07.168+0000] {subprocess.py:93} INFO - 	at org.apache.spark.sql.classic.DataFrameWriter.runCommand(DataFrameWriter.scala:622)
[2026-03-23T00:31:07.168+0000] {subprocess.py:93} INFO - 	at org.apache.spark.sql.classic.DataFrameWriter.saveToV1Source(DataFrameWriter.scala:273)
[2026-03-23T00:31:07.168+0000] {subprocess.py:93} INFO - 	at org.apache.spark.sql.classic.DataFrameWriter.saveInternal(DataFrameWriter.scala:241)
[2026-03-23T00:31:07.168+0000] {subprocess.py:93} INFO - 	at org.apache.spark.sql.classic.DataFrameWriter.save(DataFrameWriter.scala:118)
[2026-03-23T00:31:07.169+0000] {subprocess.py:93} INFO - 	at java.base/jdk.internal.reflect.NativeMethodAccessorImpl.invoke0(Native Method)
[2026-03-23T00:31:07.169+0000] {subprocess.py:93} INFO - 	at java.base/jdk.internal.reflect.NativeMethodAccessorImpl.invoke(NativeMethodAccessorImpl.java:77)
[2026-03-23T00:31:07.169+0000] {subprocess.py:93} INFO - 	at java.base/jdk.internal.reflect.DelegatingMethodAccessorImpl.invoke(DelegatingMethodAccessorImpl.java:43)
[2026-03-23T00:31:07.169+0000] {subprocess.py:93} INFO - 	at java.base/java.lang.reflect.Method.invoke(Method.java:569)
[2026-03-23T00:31:07.169+0000] {subprocess.py:93} INFO - 	at py4j.reflection.MethodInvoker.invoke(MethodInvoker.java:244)
[2026-03-23T00:31:07.170+0000] {subprocess.py:93} INFO - 	at py4j.reflection.ReflectionEngine.invoke(ReflectionEngine.java:374)
[2026-03-23T00:31:07.170+0000] {subprocess.py:93} INFO - 	at py4j.Gateway.invoke(Gateway.java:282)
[2026-03-23T00:31:07.170+0000] {subprocess.py:93} INFO - 	at py4j.commands.AbstractCommand.invokeMethod(AbstractCommand.java:132)
[2026-03-23T00:31:07.170+0000] {subprocess.py:93} INFO - 	at py4j.commands.CallCommand.execute(CallCommand.java:79)
[2026-03-23T00:31:07.170+0000] {subprocess.py:93} INFO - 	at py4j.ClientServerConnection.waitForCommands(ClientServerConnection.java:184)
[2026-03-23T00:31:07.171+0000] {subprocess.py:93} INFO - 	at py4j.ClientServerConnection.run(ClientServerConnection.java:108)
[2026-03-23T00:31:07.171+0000] {subprocess.py:93} INFO - 	at java.base/java.lang.Thread.run(Thread.java:840)
[2026-03-23T00:31:07.171+0000] {subprocess.py:93} INFO - 	Suppressed: org.apache.spark.util.Utils$OriginalTryStackTraceException: Full stacktrace of original doTryWithCallerStacktrace caller
[2026-03-23T00:31:07.171+0000] {subprocess.py:93} INFO - 		at org.apache.spark.sql.errors.QueryExecutionErrors$.cannotClearOutputDirectoryError(QueryExecutionErrors.scala:786)
[2026-03-23T00:31:07.171+0000] {subprocess.py:93} INFO - 		at org.apache.spark.sql.execution.datasources.InsertIntoHadoopFsRelationCommand.deleteMatchingPartitions(InsertIntoHadoopFsRelationCommand.scala:244)
[2026-03-23T00:31:07.172+0000] {subprocess.py:93} INFO - 		at org.apache.spark.sql.execution.datasources.InsertIntoHadoopFsRelationCommand.run(InsertIntoHadoopFsRelationCommand.scala:136)
[2026-03-23T00:31:07.172+0000] {subprocess.py:93} INFO - 		at org.apache.spark.sql.execution.command.DataWritingCommandExec.sideEffectResult$lzycompute(commands.scala:117)
[2026-03-23T00:31:07.172+0000] {subprocess.py:93} INFO - 		at org.apache.spark.sql.execution.command.DataWritingCommandExec.sideEffectResult(commands.scala:115)
[2026-03-23T00:31:07.172+0000] {subprocess.py:93} INFO - 		at org.apache.spark.sql.execution.command.DataWritingCommandExec.executeCollect(commands.scala:129)
[2026-03-23T00:31:07.172+0000] {subprocess.py:93} INFO - 		at org.apache.spark.sql.execution.QueryExecution.$anonfun$eagerlyExecuteCommands$2(QueryExecution.scala:155)
[2026-03-23T00:31:07.173+0000] {subprocess.py:93} INFO - 		at org.apache.spark.sql.execution.SQLExecution$.$anonfun$withNewExecutionId0$8(SQLExecution.scala:163)
[2026-03-23T00:31:07.173+0000] {subprocess.py:93} INFO - 		at org.apache.spark.sql.execution.SQLExecution$.withSessionTagsApplied(SQLExecution.scala:272)
[2026-03-23T00:31:07.173+0000] {subprocess.py:93} INFO - 		at org.apache.spark.sql.execution.SQLExecution$.$anonfun$withNewExecutionId0$7(SQLExecution.scala:125)
[2026-03-23T00:31:07.173+0000] {subprocess.py:93} INFO - 		at org.apache.spark.JobArtifactSet$.withActiveJobArtifactState(JobArtifactSet.scala:94)
[2026-03-23T00:31:07.173+0000] {subprocess.py:93} INFO - 		at org.apache.spark.sql.artifact.ArtifactManager.$anonfun$withResources$1(ArtifactManager.scala:112)
[2026-03-23T00:31:07.173+0000] {subprocess.py:93} INFO - 		at org.apache.spark.sql.artifact.ArtifactManager.withClassLoaderIfNeeded(ArtifactManager.scala:106)
[2026-03-23T00:31:07.173+0000] {subprocess.py:93} INFO - 		at org.apache.spark.sql.artifact.ArtifactManager.withResources(ArtifactManager.scala:111)
[2026-03-23T00:31:07.174+0000] {subprocess.py:93} INFO - 		at org.apache.spark.sql.execution.SQLExecution$.$anonfun$withNewExecutionId0$6(SQLExecution.scala:125)
[2026-03-23T00:31:07.174+0000] {subprocess.py:93} INFO - 		at org.apache.spark.sql.execution.SQLExecution$.withSQLConfPropagated(SQLExecution.scala:295)
[2026-03-23T00:31:07.174+0000] {subprocess.py:93} INFO - 		at org.apache.spark.sql.execution.SQLExecution$.$anonfun$withNewExecutionId0$1(SQLExecution.scala:124)
[2026-03-23T00:31:07.174+0000] {subprocess.py:93} INFO - 		at org.apache.spark.sql.SparkSession.withActive(SparkSession.scala:804)
[2026-03-23T00:31:07.174+0000] {subprocess.py:93} INFO - 		at org.apache.spark.sql.execution.SQLExecution$.withNewExecutionId0(SQLExecution.scala:78)
[2026-03-23T00:31:07.175+0000] {subprocess.py:93} INFO - 		at org.apache.spark.sql.execution.SQLExecution$.withNewExecutionId(SQLExecution.scala:237)
[2026-03-23T00:31:07.175+0000] {subprocess.py:93} INFO - 		at org.apache.spark.sql.execution.QueryExecution.$anonfun$eagerlyExecuteCommands$1(QueryExecution.scala:155)
[2026-03-23T00:31:07.175+0000] {subprocess.py:93} INFO - 		at org.apache.spark.sql.execution.QueryExecution$.withInternalError(QueryExecution.scala:654)
[2026-03-23T00:31:07.175+0000] {subprocess.py:93} INFO - 		at org.apache.spark.sql.execution.QueryExecution.org$apache$spark$sql$execution$QueryExecution$$eagerlyExecute$1(QueryExecution.scala:154)
[2026-03-23T00:31:07.175+0000] {subprocess.py:93} INFO - 		at org.apache.spark.sql.execution.QueryExecution$$anonfun$eagerlyExecuteCommands$3.applyOrElse(QueryExecution.scala:169)
[2026-03-23T00:31:07.175+0000] {subprocess.py:93} INFO - 		at org.apache.spark.sql.execution.QueryExecution$$anonfun$eagerlyExecuteCommands$3.applyOrElse(QueryExecution.scala:164)
[2026-03-23T00:31:07.176+0000] {subprocess.py:93} INFO - 		at org.apache.spark.sql.catalyst.trees.TreeNode.$anonfun$transformDownWithPruning$1(TreeNode.scala:470)
[2026-03-23T00:31:07.176+0000] {subprocess.py:93} INFO - 		at org.apache.spark.sql.catalyst.trees.CurrentOrigin$.withOrigin(origin.scala:86)
[2026-03-23T00:31:07.176+0000] {subprocess.py:93} INFO - 		at org.apache.spark.sql.catalyst.trees.TreeNode.transformDownWithPruning(TreeNode.scala:470)
[2026-03-23T00:31:07.176+0000] {subprocess.py:93} INFO - 		at org.apache.spark.sql.catalyst.plans.logical.LogicalPlan.org$apache$spark$sql$catalyst$plans$logical$AnalysisHelper$$super$transformDownWithPruning(LogicalPlan.scala:37)
[2026-03-23T00:31:07.176+0000] {subprocess.py:93} INFO - 		at org.apache.spark.sql.catalyst.plans.logical.AnalysisHelper.transformDownWithPruning(AnalysisHelper.scala:360)
[2026-03-23T00:31:07.176+0000] {subprocess.py:93} INFO - 		at org.apache.spark.sql.catalyst.plans.logical.AnalysisHelper.transformDownWithPruning$(AnalysisHelper.scala:356)
[2026-03-23T00:31:07.176+0000] {subprocess.py:93} INFO - 		at org.apache.spark.sql.catalyst.plans.logical.LogicalPlan.transformDownWithPruning(LogicalPlan.scala:37)
[2026-03-23T00:31:07.177+0000] {subprocess.py:93} INFO - 		at org.apache.spark.sql.catalyst.plans.logical.LogicalPlan.transformDownWithPruning(LogicalPlan.scala:37)
[2026-03-23T00:31:07.177+0000] {subprocess.py:93} INFO - 		at org.apache.spark.sql.catalyst.trees.TreeNode.transformDown(TreeNode.scala:446)
[2026-03-23T00:31:07.177+0000] {subprocess.py:93} INFO - 		at org.apache.spark.sql.execution.QueryExecution.eagerlyExecuteCommands(QueryExecution.scala:164)
[2026-03-23T00:31:07.177+0000] {subprocess.py:93} INFO - 		at org.apache.spark.sql.execution.QueryExecution.$anonfun$lazyCommandExecuted$1(QueryExecution.scala:126)
[2026-03-23T00:31:07.177+0000] {subprocess.py:93} INFO - 		at scala.util.Try$.apply(Try.scala:217)
[2026-03-23T00:31:07.178+0000] {subprocess.py:93} INFO - 		at org.apache.spark.util.Utils$.doTryWithCallerStacktrace(Utils.scala:1378)
[2026-03-23T00:31:07.178+0000] {subprocess.py:93} INFO - 		at org.apache.spark.util.LazyTry.tryT$lzycompute(LazyTry.scala:46)
[2026-03-23T00:31:07.179+0000] {subprocess.py:93} INFO - 		at org.apache.spark.util.LazyTry.tryT(LazyTry.scala:46)
[2026-03-23T00:31:07.179+0000] {subprocess.py:93} INFO - 		... 19 more
[2026-03-23T00:31:07.179+0000] {subprocess.py:93} INFO - Traceback (most recent call last):
[2026-03-23T00:31:07.180+0000] {subprocess.py:93} INFO -   File "/app/src/writer.py", line 49, in write_output
[2026-03-23T00:31:07.180+0000] {subprocess.py:93} INFO -     df.write.mode(sink_mode).format(sink_format).save(path)
[2026-03-23T00:31:07.180+0000] {subprocess.py:93} INFO -   File "/home/***/.local/lib/python3.9/site-packages/pyspark/sql/readwriter.py", line 1745, in save
[2026-03-23T00:31:07.180+0000] {subprocess.py:93} INFO -     self._jwrite.save(path)
[2026-03-23T00:31:07.181+0000] {subprocess.py:93} INFO -   File "/home/***/.local/lib/python3.9/site-packages/py4j/java_gateway.py", line 1362, in __call__
[2026-03-23T00:31:07.181+0000] {subprocess.py:93} INFO -     return_value = get_return_value(
[2026-03-23T00:31:07.182+0000] {subprocess.py:93} INFO -   File "/home/***/.local/lib/python3.9/site-packages/pyspark/errors/exceptions/captured.py", line 282, in deco
[2026-03-23T00:31:07.182+0000] {subprocess.py:93} INFO -     return f(*a, **kw)
[2026-03-23T00:31:07.182+0000] {subprocess.py:93} INFO -   File "/home/***/.local/lib/python3.9/site-packages/py4j/protocol.py", line 327, in get_return_value
[2026-03-23T00:31:07.183+0000] {subprocess.py:93} INFO -     raise Py4JJavaError(
[2026-03-23T00:31:07.183+0000] {subprocess.py:93} INFO - py4j.protocol.Py4JJavaError: An error occurred while calling o70.save.
[2026-03-23T00:31:07.183+0000] {subprocess.py:93} INFO - : org.apache.spark.SparkException: Unable to clear output directory file:/app/data/output/events/motor_policy prior to writing to it.
[2026-03-23T00:31:07.183+0000] {subprocess.py:93} INFO - 	at org.apache.spark.sql.errors.QueryExecutionErrors$.cannotClearOutputDirectoryError(QueryExecutionErrors.scala:786)
[2026-03-23T00:31:07.184+0000] {subprocess.py:93} INFO - 	at org.apache.spark.sql.execution.datasources.InsertIntoHadoopFsRelationCommand.deleteMatchingPartitions(InsertIntoHadoopFsRelationCommand.scala:244)
[2026-03-23T00:31:07.184+0000] {subprocess.py:93} INFO - 	at org.apache.spark.sql.execution.datasources.InsertIntoHadoopFsRelationCommand.run(InsertIntoHadoopFsRelationCommand.scala:136)
[2026-03-23T00:31:07.184+0000] {subprocess.py:93} INFO - 	at org.apache.spark.sql.execution.command.DataWritingCommandExec.sideEffectResult$lzycompute(commands.scala:117)
[2026-03-23T00:31:07.184+0000] {subprocess.py:93} INFO - 	at org.apache.spark.sql.execution.command.DataWritingCommandExec.sideEffectResult(commands.scala:115)
[2026-03-23T00:31:07.185+0000] {subprocess.py:93} INFO - 	at org.apache.spark.sql.execution.command.DataWritingCommandExec.executeCollect(commands.scala:129)
[2026-03-23T00:31:07.185+0000] {subprocess.py:93} INFO - 	at org.apache.spark.sql.execution.QueryExecution.$anonfun$eagerlyExecuteCommands$2(QueryExecution.scala:155)
[2026-03-23T00:31:07.186+0000] {subprocess.py:93} INFO - 	at org.apache.spark.sql.execution.SQLExecution$.$anonfun$withNewExecutionId0$8(SQLExecution.scala:163)
[2026-03-23T00:31:07.186+0000] {subprocess.py:93} INFO - 	at org.apache.spark.sql.execution.SQLExecution$.withSessionTagsApplied(SQLExecution.scala:272)
[2026-03-23T00:31:07.186+0000] {subprocess.py:93} INFO - 	at org.apache.spark.sql.execution.SQLExecution$.$anonfun$withNewExecutionId0$7(SQLExecution.scala:125)
[2026-03-23T00:31:07.186+0000] {subprocess.py:93} INFO - 	at org.apache.spark.JobArtifactSet$.withActiveJobArtifactState(JobArtifactSet.scala:94)
[2026-03-23T00:31:07.187+0000] {subprocess.py:93} INFO - 	at org.apache.spark.sql.artifact.ArtifactManager.$anonfun$withResources$1(ArtifactManager.scala:112)
[2026-03-23T00:31:07.187+0000] {subprocess.py:93} INFO - 	at org.apache.spark.sql.artifact.ArtifactManager.withClassLoaderIfNeeded(ArtifactManager.scala:106)
[2026-03-23T00:31:07.187+0000] {subprocess.py:93} INFO - 	at org.apache.spark.sql.artifact.ArtifactManager.withResources(ArtifactManager.scala:111)
[2026-03-23T00:31:07.188+0000] {subprocess.py:93} INFO - 	at org.apache.spark.sql.execution.SQLExecution$.$anonfun$withNewExecutionId0$6(SQLExecution.scala:125)
[2026-03-23T00:31:07.188+0000] {subprocess.py:93} INFO - 	at org.apache.spark.sql.execution.SQLExecution$.withSQLConfPropagated(SQLExecution.scala:295)
[2026-03-23T00:31:07.188+0000] {subprocess.py:93} INFO - 	at org.apache.spark.sql.execution.SQLExecution$.$anonfun$withNewExecutionId0$1(SQLExecution.scala:124)
[2026-03-23T00:31:07.189+0000] {subprocess.py:93} INFO - 	at org.apache.spark.sql.SparkSession.withActive(SparkSession.scala:804)
[2026-03-23T00:31:07.189+0000] {subprocess.py:93} INFO - 	at org.apache.spark.sql.execution.SQLExecution$.withNewExecutionId0(SQLExecution.scala:78)
[2026-03-23T00:31:07.189+0000] {subprocess.py:93} INFO - 	at org.apache.spark.sql.execution.SQLExecution$.withNewExecutionId(SQLExecution.scala:237)
[2026-03-23T00:31:07.189+0000] {subprocess.py:93} INFO - 	at org.apache.spark.sql.execution.QueryExecution.$anonfun$eagerlyExecuteCommands$1(QueryExecution.scala:155)
[2026-03-23T00:31:07.190+0000] {subprocess.py:93} INFO - 	at org.apache.spark.sql.execution.QueryExecution$.withInternalError(QueryExecution.scala:654)
[2026-03-23T00:31:07.190+0000] {subprocess.py:93} INFO - 	at org.apache.spark.sql.execution.QueryExecution.org$apache$spark$sql$execution$QueryExecution$$eagerlyExecute$1(QueryExecution.scala:154)
[2026-03-23T00:31:07.190+0000] {subprocess.py:93} INFO - 	at org.apache.spark.sql.execution.QueryExecution$$anonfun$eagerlyExecuteCommands$3.applyOrElse(QueryExecution.scala:169)
[2026-03-23T00:31:07.190+0000] {subprocess.py:93} INFO - 	at org.apache.spark.sql.execution.QueryExecution$$anonfun$eagerlyExecuteCommands$3.applyOrElse(QueryExecution.scala:164)
[2026-03-23T00:31:07.191+0000] {subprocess.py:93} INFO - 	at org.apache.spark.sql.catalyst.trees.TreeNode.$anonfun$transformDownWithPruning$1(TreeNode.scala:470)
[2026-03-23T00:31:07.191+0000] {subprocess.py:93} INFO - 	at org.apache.spark.sql.catalyst.trees.CurrentOrigin$.withOrigin(origin.scala:86)
[2026-03-23T00:31:07.191+0000] {subprocess.py:93} INFO - 	at org.apache.spark.sql.catalyst.trees.TreeNode.transformDownWithPruning(TreeNode.scala:470)
[2026-03-23T00:31:07.192+0000] {subprocess.py:93} INFO - 	at org.apache.spark.sql.catalyst.plans.logical.LogicalPlan.org$apache$spark$sql$catalyst$plans$logical$AnalysisHelper$$super$transformDownWithPruning(LogicalPlan.scala:37)
[2026-03-23T00:31:07.192+0000] {subprocess.py:93} INFO - 	at org.apache.spark.sql.catalyst.plans.logical.AnalysisHelper.transformDownWithPruning(AnalysisHelper.scala:360)
[2026-03-23T00:31:07.192+0000] {subprocess.py:93} INFO - 	at org.apache.spark.sql.catalyst.plans.logical.AnalysisHelper.transformDownWithPruning$(AnalysisHelper.scala:356)
[2026-03-23T00:31:07.192+0000] {subprocess.py:93} INFO - 	at org.apache.spark.sql.catalyst.plans.logical.LogicalPlan.transformDownWithPruning(LogicalPlan.scala:37)
[2026-03-23T00:31:07.193+0000] {subprocess.py:93} INFO - 	at org.apache.spark.sql.catalyst.plans.logical.LogicalPlan.transformDownWithPruning(LogicalPlan.scala:37)
[2026-03-23T00:31:07.193+0000] {subprocess.py:93} INFO - 	at org.apache.spark.sql.catalyst.trees.TreeNode.transformDown(TreeNode.scala:446)
[2026-03-23T00:31:07.193+0000] {subprocess.py:93} INFO - 	at org.apache.spark.sql.execution.QueryExecution.eagerlyExecuteCommands(QueryExecution.scala:164)
[2026-03-23T00:31:07.193+0000] {subprocess.py:93} INFO - 	at org.apache.spark.sql.execution.QueryExecution.$anonfun$lazyCommandExecuted$1(QueryExecution.scala:126)
[2026-03-23T00:31:07.194+0000] {subprocess.py:93} INFO - 	at scala.util.Try$.apply(Try.scala:217)
[2026-03-23T00:31:07.194+0000] {subprocess.py:93} INFO - 	at org.apache.spark.util.Utils$.doTryWithCallerStacktrace(Utils.scala:1378)
[2026-03-23T00:31:07.194+0000] {subprocess.py:93} INFO - 	at org.apache.spark.util.Utils$.getTryWithCallerStacktrace(Utils.scala:1439)
[2026-03-23T00:31:07.194+0000] {subprocess.py:93} INFO - 	at org.apache.spark.util.LazyTry.get(LazyTry.scala:58)
[2026-03-23T00:31:07.195+0000] {subprocess.py:93} INFO - 	at org.apache.spark.sql.execution.QueryExecution.commandExecuted(QueryExecution.scala:131)
[2026-03-23T00:31:07.195+0000] {subprocess.py:93} INFO - 	at org.apache.spark.sql.execution.QueryExecution.assertCommandExecuted(QueryExecution.scala:192)
[2026-03-23T00:31:07.195+0000] {subprocess.py:93} INFO - 	at org.apache.spark.sql.classic.DataFrameWriter.runCommand(DataFrameWriter.scala:622)
[2026-03-23T00:31:07.196+0000] {subprocess.py:93} INFO - 	at org.apache.spark.sql.classic.DataFrameWriter.saveToV1Source(DataFrameWriter.scala:273)
[2026-03-23T00:31:07.196+0000] {subprocess.py:93} INFO - 	at org.apache.spark.sql.classic.DataFrameWriter.saveInternal(DataFrameWriter.scala:241)
[2026-03-23T00:31:07.197+0000] {subprocess.py:93} INFO - 	at org.apache.spark.sql.classic.DataFrameWriter.save(DataFrameWriter.scala:118)
[2026-03-23T00:31:07.197+0000] {subprocess.py:93} INFO - 	at java.base/jdk.internal.reflect.NativeMethodAccessorImpl.invoke0(Native Method)
[2026-03-23T00:31:07.197+0000] {subprocess.py:93} INFO - 	at java.base/jdk.internal.reflect.NativeMethodAccessorImpl.invoke(NativeMethodAccessorImpl.java:77)
[2026-03-23T00:31:07.197+0000] {subprocess.py:93} INFO - 	at java.base/jdk.internal.reflect.DelegatingMethodAccessorImpl.invoke(DelegatingMethodAccessorImpl.java:43)
[2026-03-23T00:31:07.198+0000] {subprocess.py:93} INFO - 	at java.base/java.lang.reflect.Method.invoke(Method.java:569)
[2026-03-23T00:31:07.198+0000] {subprocess.py:93} INFO - 	at py4j.reflection.MethodInvoker.invoke(MethodInvoker.java:244)
[2026-03-23T00:31:07.198+0000] {subprocess.py:93} INFO - 	at py4j.reflection.ReflectionEngine.invoke(ReflectionEngine.java:374)
[2026-03-23T00:31:07.199+0000] {subprocess.py:93} INFO - 	at py4j.Gateway.invoke(Gateway.java:282)
[2026-03-23T00:31:07.199+0000] {subprocess.py:93} INFO - 	at py4j.commands.AbstractCommand.invokeMethod(AbstractCommand.java:132)
[2026-03-23T00:31:07.199+0000] {subprocess.py:93} INFO - 	at py4j.commands.CallCommand.execute(CallCommand.java:79)
[2026-03-23T00:31:07.200+0000] {subprocess.py:93} INFO - 	at py4j.ClientServerConnection.waitForCommands(ClientServerConnection.java:184)
[2026-03-23T00:31:07.200+0000] {subprocess.py:93} INFO - 	at py4j.ClientServerConnection.run(ClientServerConnection.java:108)
[2026-03-23T00:31:07.200+0000] {subprocess.py:93} INFO - 	at java.base/java.lang.Thread.run(Thread.java:840)
[2026-03-23T00:31:07.200+0000] {subprocess.py:93} INFO - 	Suppressed: org.apache.spark.util.Utils$OriginalTryStackTraceException: Full stacktrace of original doTryWithCallerStacktrace caller
[2026-03-23T00:31:07.201+0000] {subprocess.py:93} INFO - 		at org.apache.spark.sql.errors.QueryExecutionErrors$.cannotClearOutputDirectoryError(QueryExecutionErrors.scala:786)
[2026-03-23T00:31:07.201+0000] {subprocess.py:93} INFO - 		at org.apache.spark.sql.execution.datasources.InsertIntoHadoopFsRelationCommand.deleteMatchingPartitions(InsertIntoHadoopFsRelationCommand.scala:244)
[2026-03-23T00:31:07.201+0000] {subprocess.py:93} INFO - 		at org.apache.spark.sql.execution.datasources.InsertIntoHadoopFsRelationCommand.run(InsertIntoHadoopFsRelationCommand.scala:136)
[2026-03-23T00:31:07.202+0000] {subprocess.py:93} INFO - 		at org.apache.spark.sql.execution.command.DataWritingCommandExec.sideEffectResult$lzycompute(commands.scala:117)
[2026-03-23T00:31:07.202+0000] {subprocess.py:93} INFO - 		at org.apache.spark.sql.execution.command.DataWritingCommandExec.sideEffectResult(commands.scala:115)
[2026-03-23T00:31:07.202+0000] {subprocess.py:93} INFO - 		at org.apache.spark.sql.execution.command.DataWritingCommandExec.executeCollect(commands.scala:129)
[2026-03-23T00:31:07.202+0000] {subprocess.py:93} INFO - 		at org.apache.spark.sql.execution.QueryExecution.$anonfun$eagerlyExecuteCommands$2(QueryExecution.scala:155)
[2026-03-23T00:31:07.202+0000] {subprocess.py:93} INFO - 		at org.apache.spark.sql.execution.SQLExecution$.$anonfun$withNewExecutionId0$8(SQLExecution.scala:163)
[2026-03-23T00:31:07.203+0000] {subprocess.py:93} INFO - 		at org.apache.spark.sql.execution.SQLExecution$.withSessionTagsApplied(SQLExecution.scala:272)
[2026-03-23T00:31:07.203+0000] {subprocess.py:93} INFO - 		at org.apache.spark.sql.execution.SQLExecution$.$anonfun$withNewExecutionId0$7(SQLExecution.scala:125)
[2026-03-23T00:31:07.203+0000] {subprocess.py:93} INFO - 		at org.apache.spark.JobArtifactSet$.withActiveJobArtifactState(JobArtifactSet.scala:94)
[2026-03-23T00:31:07.204+0000] {subprocess.py:93} INFO - 		at org.apache.spark.sql.artifact.ArtifactManager.$anonfun$withResources$1(ArtifactManager.scala:112)
[2026-03-23T00:31:07.204+0000] {subprocess.py:93} INFO - 		at org.apache.spark.sql.artifact.ArtifactManager.withClassLoaderIfNeeded(ArtifactManager.scala:106)
[2026-03-23T00:31:07.204+0000] {subprocess.py:93} INFO - 		at org.apache.spark.sql.artifact.ArtifactManager.withResources(ArtifactManager.scala:111)
[2026-03-23T00:31:07.204+0000] {subprocess.py:93} INFO - 		at org.apache.spark.sql.execution.SQLExecution$.$anonfun$withNewExecutionId0$6(SQLExecution.scala:125)
[2026-03-23T00:31:07.205+0000] {subprocess.py:93} INFO - 		at org.apache.spark.sql.execution.SQLExecution$.withSQLConfPropagated(SQLExecution.scala:295)
[2026-03-23T00:31:07.205+0000] {subprocess.py:93} INFO - 		at org.apache.spark.sql.execution.SQLExecution$.$anonfun$withNewExecutionId0$1(SQLExecution.scala:124)
[2026-03-23T00:31:07.205+0000] {subprocess.py:93} INFO - 		at org.apache.spark.sql.SparkSession.withActive(SparkSession.scala:804)
[2026-03-23T00:31:07.205+0000] {subprocess.py:93} INFO - 		at org.apache.spark.sql.execution.SQLExecution$.withNewExecutionId0(SQLExecution.scala:78)
[2026-03-23T00:31:07.206+0000] {subprocess.py:93} INFO - 		at org.apache.spark.sql.execution.SQLExecution$.withNewExecutionId(SQLExecution.scala:237)
[2026-03-23T00:31:07.206+0000] {subprocess.py:93} INFO - 		at org.apache.spark.sql.execution.QueryExecution.$anonfun$eagerlyExecuteCommands$1(QueryExecution.scala:155)
[2026-03-23T00:31:07.206+0000] {subprocess.py:93} INFO - 		at org.apache.spark.sql.execution.QueryExecution$.withInternalError(QueryExecution.scala:654)
[2026-03-23T00:31:07.207+0000] {subprocess.py:93} INFO - 		at org.apache.spark.sql.execution.QueryExecution.org$apache$spark$sql$execution$QueryExecution$$eagerlyExecute$1(QueryExecution.scala:154)
[2026-03-23T00:31:07.207+0000] {subprocess.py:93} INFO - 		at org.apache.spark.sql.execution.QueryExecution$$anonfun$eagerlyExecuteCommands$3.applyOrElse(QueryExecution.scala:169)
[2026-03-23T00:31:07.207+0000] {subprocess.py:93} INFO - 		at org.apache.spark.sql.execution.QueryExecution$$anonfun$eagerlyExecuteCommands$3.applyOrElse(QueryExecution.scala:164)
[2026-03-23T00:31:07.207+0000] {subprocess.py:93} INFO - 		at org.apache.spark.sql.catalyst.trees.TreeNode.$anonfun$transformDownWithPruning$1(TreeNode.scala:470)
[2026-03-23T00:31:07.208+0000] {subprocess.py:93} INFO - 		at org.apache.spark.sql.catalyst.trees.CurrentOrigin$.withOrigin(origin.scala:86)
[2026-03-23T00:31:07.208+0000] {subprocess.py:93} INFO - 		at org.apache.spark.sql.catalyst.trees.TreeNode.transformDownWithPruning(TreeNode.scala:470)
[2026-03-23T00:31:07.208+0000] {subprocess.py:93} INFO - 		at org.apache.spark.sql.catalyst.plans.logical.LogicalPlan.org$apache$spark$sql$catalyst$plans$logical$AnalysisHelper$$super$transformDownWithPruning(LogicalPlan.scala:37)
[2026-03-23T00:31:07.208+0000] {subprocess.py:93} INFO - 		at org.apache.spark.sql.catalyst.plans.logical.AnalysisHelper.transformDownWithPruning(AnalysisHelper.scala:360)
[2026-03-23T00:31:07.209+0000] {subprocess.py:93} INFO - 		at org.apache.spark.sql.catalyst.plans.logical.AnalysisHelper.transformDownWithPruning$(AnalysisHelper.scala:356)
[2026-03-23T00:31:07.209+0000] {subprocess.py:93} INFO - 		at org.apache.spark.sql.catalyst.plans.logical.LogicalPlan.transformDownWithPruning(LogicalPlan.scala:37)
[2026-03-23T00:31:07.209+0000] {subprocess.py:93} INFO - 		at org.apache.spark.sql.catalyst.plans.logical.LogicalPlan.transformDownWithPruning(LogicalPlan.scala:37)
[2026-03-23T00:31:07.210+0000] {subprocess.py:93} INFO - 		at org.apache.spark.sql.catalyst.trees.TreeNode.transformDown(TreeNode.scala:446)
[2026-03-23T00:31:07.210+0000] {subprocess.py:93} INFO - 		at org.apache.spark.sql.execution.QueryExecution.eagerlyExecuteCommands(QueryExecution.scala:164)
[2026-03-23T00:31:07.210+0000] {subprocess.py:93} INFO - 		at org.apache.spark.sql.execution.QueryExecution.$anonfun$lazyCommandExecuted$1(QueryExecution.scala:126)
[2026-03-23T00:31:07.210+0000] {subprocess.py:93} INFO - 		at scala.util.Try$.apply(Try.scala:217)
[2026-03-23T00:31:07.211+0000] {subprocess.py:93} INFO - 		at org.apache.spark.util.Utils$.doTryWithCallerStacktrace(Utils.scala:1378)
[2026-03-23T00:31:07.211+0000] {subprocess.py:93} INFO - 		at org.apache.spark.util.LazyTry.tryT$lzycompute(LazyTry.scala:46)
[2026-03-23T00:31:07.211+0000] {subprocess.py:93} INFO - 		at org.apache.spark.util.LazyTry.tryT(LazyTry.scala:46)
[2026-03-23T00:31:07.212+0000] {subprocess.py:93} INFO - 		... 19 more
[2026-03-23T00:31:07.212+0000] {subprocess.py:93} INFO - 
[2026-03-23T00:31:07.213+0000] {subprocess.py:93} INFO - 
[2026-03-23T00:31:07.213+0000] {subprocess.py:93} INFO - During handling of the above exception, another exception occurred:
[2026-03-23T00:31:07.213+0000] {subprocess.py:93} INFO - 
[2026-03-23T00:31:07.214+0000] {subprocess.py:93} INFO - Traceback (most recent call last):
[2026-03-23T00:31:07.214+0000] {subprocess.py:93} INFO -   File "/app/src/writer.py", line 63, in write_output
[2026-03-23T00:31:07.214+0000] {subprocess.py:93} INFO -     df.write.mode(sink_mode).format(sink_format).save(path)
[2026-03-23T00:31:07.215+0000] {subprocess.py:93} INFO -   File "/home/***/.local/lib/python3.9/site-packages/pyspark/sql/readwriter.py", line 1745, in save
[2026-03-23T00:31:07.215+0000] {subprocess.py:93} INFO -     self._jwrite.save(path)
[2026-03-23T00:31:07.215+0000] {subprocess.py:93} INFO -   File "/home/***/.local/lib/python3.9/site-packages/py4j/java_gateway.py", line 1362, in __call__
[2026-03-23T00:31:07.215+0000] {subprocess.py:93} INFO -     return_value = get_return_value(
[2026-03-23T00:31:07.216+0000] {subprocess.py:93} INFO -   File "/home/***/.local/lib/python3.9/site-packages/pyspark/errors/exceptions/captured.py", line 282, in deco
[2026-03-23T00:31:07.216+0000] {subprocess.py:93} INFO -     return f(*a, **kw)
[2026-03-23T00:31:07.216+0000] {subprocess.py:93} INFO -   File "/home/***/.local/lib/python3.9/site-packages/py4j/protocol.py", line 327, in get_return_value
[2026-03-23T00:31:07.217+0000] {subprocess.py:93} INFO -     raise Py4JJavaError(
[2026-03-23T00:31:07.217+0000] {subprocess.py:93} INFO - py4j.protocol.Py4JJavaError: An error occurred while calling o74.save.
[2026-03-23T00:31:07.217+0000] {subprocess.py:93} INFO - : org.apache.spark.SparkException: Unable to clear output directory file:/app/data/output/events/motor_policy prior to writing to it.
[2026-03-23T00:31:07.218+0000] {subprocess.py:93} INFO - 	at org.apache.spark.sql.errors.QueryExecutionErrors$.cannotClearOutputDirectoryError(QueryExecutionErrors.scala:786)
[2026-03-23T00:31:07.218+0000] {subprocess.py:93} INFO - 	at org.apache.spark.sql.execution.datasources.InsertIntoHadoopFsRelationCommand.deleteMatchingPartitions(InsertIntoHadoopFsRelationCommand.scala:244)
[2026-03-23T00:31:07.218+0000] {subprocess.py:93} INFO - 	at org.apache.spark.sql.execution.datasources.InsertIntoHadoopFsRelationCommand.run(InsertIntoHadoopFsRelationCommand.scala:136)
[2026-03-23T00:31:07.218+0000] {subprocess.py:93} INFO - 	at org.apache.spark.sql.execution.command.DataWritingCommandExec.sideEffectResult$lzycompute(commands.scala:117)
[2026-03-23T00:31:07.219+0000] {subprocess.py:93} INFO - 	at org.apache.spark.sql.execution.command.DataWritingCommandExec.sideEffectResult(commands.scala:115)
[2026-03-23T00:31:07.219+0000] {subprocess.py:93} INFO - 	at org.apache.spark.sql.execution.command.DataWritingCommandExec.executeCollect(commands.scala:129)
[2026-03-23T00:31:07.219+0000] {subprocess.py:93} INFO - 	at org.apache.spark.sql.execution.QueryExecution.$anonfun$eagerlyExecuteCommands$2(QueryExecution.scala:155)
[2026-03-23T00:31:07.220+0000] {subprocess.py:93} INFO - 	at org.apache.spark.sql.execution.SQLExecution$.$anonfun$withNewExecutionId0$8(SQLExecution.scala:163)
[2026-03-23T00:31:07.220+0000] {subprocess.py:93} INFO - 	at org.apache.spark.sql.execution.SQLExecution$.withSessionTagsApplied(SQLExecution.scala:272)
[2026-03-23T00:31:07.220+0000] {subprocess.py:93} INFO - 	at org.apache.spark.sql.execution.SQLExecution$.$anonfun$withNewExecutionId0$7(SQLExecution.scala:125)
[2026-03-23T00:31:07.221+0000] {subprocess.py:93} INFO - 	at org.apache.spark.JobArtifactSet$.withActiveJobArtifactState(JobArtifactSet.scala:94)
[2026-03-23T00:31:07.221+0000] {subprocess.py:93} INFO - 	at org.apache.spark.sql.artifact.ArtifactManager.$anonfun$withResources$1(ArtifactManager.scala:112)
[2026-03-23T00:31:07.221+0000] {subprocess.py:93} INFO - 	at org.apache.spark.sql.artifact.ArtifactManager.withClassLoaderIfNeeded(ArtifactManager.scala:106)
[2026-03-23T00:31:07.221+0000] {subprocess.py:93} INFO - 	at org.apache.spark.sql.artifact.ArtifactManager.withResources(ArtifactManager.scala:111)
[2026-03-23T00:31:07.222+0000] {subprocess.py:93} INFO - 	at org.apache.spark.sql.execution.SQLExecution$.$anonfun$withNewExecutionId0$6(SQLExecution.scala:125)
[2026-03-23T00:31:07.222+0000] {subprocess.py:93} INFO - 	at org.apache.spark.sql.execution.SQLExecution$.withSQLConfPropagated(SQLExecution.scala:295)
[2026-03-23T00:31:07.223+0000] {subprocess.py:93} INFO - 	at org.apache.spark.sql.execution.SQLExecution$.$anonfun$withNewExecutionId0$1(SQLExecution.scala:124)
[2026-03-23T00:31:07.223+0000] {subprocess.py:93} INFO - 	at org.apache.spark.sql.SparkSession.withActive(SparkSession.scala:804)
[2026-03-23T00:31:07.223+0000] {subprocess.py:93} INFO - 	at org.apache.spark.sql.execution.SQLExecution$.withNewExecutionId0(SQLExecution.scala:78)
[2026-03-23T00:31:07.224+0000] {subprocess.py:93} INFO - 	at org.apache.spark.sql.execution.SQLExecution$.withNewExecutionId(SQLExecution.scala:237)
[2026-03-23T00:31:07.224+0000] {subprocess.py:93} INFO - 	at org.apache.spark.sql.execution.QueryExecution.$anonfun$eagerlyExecuteCommands$1(QueryExecution.scala:155)
[2026-03-23T00:31:07.224+0000] {subprocess.py:93} INFO - 	at org.apache.spark.sql.execution.QueryExecution$.withInternalError(QueryExecution.scala:654)
[2026-03-23T00:31:07.224+0000] {subprocess.py:93} INFO - 	at org.apache.spark.sql.execution.QueryExecution.org$apache$spark$sql$execution$QueryExecution$$eagerlyExecute$1(QueryExecution.scala:154)
[2026-03-23T00:31:07.225+0000] {subprocess.py:93} INFO - 	at org.apache.spark.sql.execution.QueryExecution$$anonfun$eagerlyExecuteCommands$3.applyOrElse(QueryExecution.scala:169)
[2026-03-23T00:31:07.225+0000] {subprocess.py:93} INFO - 	at org.apache.spark.sql.execution.QueryExecution$$anonfun$eagerlyExecuteCommands$3.applyOrElse(QueryExecution.scala:164)
[2026-03-23T00:31:07.225+0000] {subprocess.py:93} INFO - 	at org.apache.spark.sql.catalyst.trees.TreeNode.$anonfun$transformDownWithPruning$1(TreeNode.scala:470)
[2026-03-23T00:31:07.226+0000] {subprocess.py:93} INFO - 	at org.apache.spark.sql.catalyst.trees.CurrentOrigin$.withOrigin(origin.scala:86)
[2026-03-23T00:31:07.226+0000] {subprocess.py:93} INFO - 	at org.apache.spark.sql.catalyst.trees.TreeNode.transformDownWithPruning(TreeNode.scala:470)
[2026-03-23T00:31:07.226+0000] {subprocess.py:93} INFO - 	at org.apache.spark.sql.catalyst.plans.logical.LogicalPlan.org$apache$spark$sql$catalyst$plans$logical$AnalysisHelper$$super$transformDownWithPruning(LogicalPlan.scala:37)
[2026-03-23T00:31:07.226+0000] {subprocess.py:93} INFO - 	at org.apache.spark.sql.catalyst.plans.logical.AnalysisHelper.transformDownWithPruning(AnalysisHelper.scala:360)
[2026-03-23T00:31:07.227+0000] {subprocess.py:93} INFO - 	at org.apache.spark.sql.catalyst.plans.logical.AnalysisHelper.transformDownWithPruning$(AnalysisHelper.scala:356)
[2026-03-23T00:31:07.227+0000] {subprocess.py:93} INFO - 	at org.apache.spark.sql.catalyst.plans.logical.LogicalPlan.transformDownWithPruning(LogicalPlan.scala:37)
[2026-03-23T00:31:07.227+0000] {subprocess.py:93} INFO - 	at org.apache.spark.sql.catalyst.plans.logical.LogicalPlan.transformDownWithPruning(LogicalPlan.scala:37)
[2026-03-23T00:31:07.228+0000] {subprocess.py:93} INFO - 	at org.apache.spark.sql.catalyst.trees.TreeNode.transformDown(TreeNode.scala:446)
[2026-03-23T00:31:07.228+0000] {subprocess.py:93} INFO - 	at org.apache.spark.sql.execution.QueryExecution.eagerlyExecuteCommands(QueryExecution.scala:164)
[2026-03-23T00:31:07.228+0000] {subprocess.py:93} INFO - 	at org.apache.spark.sql.execution.QueryExecution.$anonfun$lazyCommandExecuted$1(QueryExecution.scala:126)
[2026-03-23T00:31:07.228+0000] {subprocess.py:93} INFO - 	at scala.util.Try$.apply(Try.scala:217)
[2026-03-23T00:31:07.229+0000] {subprocess.py:93} INFO - 	at org.apache.spark.util.Utils$.doTryWithCallerStacktrace(Utils.scala:1378)
[2026-03-23T00:31:07.229+0000] {subprocess.py:93} INFO - 	at org.apache.spark.util.Utils$.getTryWithCallerStacktrace(Utils.scala:1439)
[2026-03-23T00:31:07.229+0000] {subprocess.py:93} INFO - 	at org.apache.spark.util.LazyTry.get(LazyTry.scala:58)
[2026-03-23T00:31:07.229+0000] {subprocess.py:93} INFO - 	at org.apache.spark.sql.execution.QueryExecution.commandExecuted(QueryExecution.scala:131)
[2026-03-23T00:31:07.230+0000] {subprocess.py:93} INFO - 	at org.apache.spark.sql.execution.QueryExecution.assertCommandExecuted(QueryExecution.scala:192)
[2026-03-23T00:31:07.230+0000] {subprocess.py:93} INFO - 	at org.apache.spark.sql.classic.DataFrameWriter.runCommand(DataFrameWriter.scala:622)
[2026-03-23T00:31:07.230+0000] {subprocess.py:93} INFO - 	at org.apache.spark.sql.classic.DataFrameWriter.saveToV1Source(DataFrameWriter.scala:273)
[2026-03-23T00:31:07.231+0000] {subprocess.py:93} INFO - 	at org.apache.spark.sql.classic.DataFrameWriter.saveInternal(DataFrameWriter.scala:241)
[2026-03-23T00:31:07.231+0000] {subprocess.py:93} INFO - 	at org.apache.spark.sql.classic.DataFrameWriter.save(DataFrameWriter.scala:118)
[2026-03-23T00:31:07.231+0000] {subprocess.py:93} INFO - 	at java.base/jdk.internal.reflect.NativeMethodAccessorImpl.invoke0(Native Method)
[2026-03-23T00:31:07.231+0000] {subprocess.py:93} INFO - 	at java.base/jdk.internal.reflect.NativeMethodAccessorImpl.invoke(NativeMethodAccessorImpl.java:77)
[2026-03-23T00:31:07.232+0000] {subprocess.py:93} INFO - 	at java.base/jdk.internal.reflect.DelegatingMethodAccessorImpl.invoke(DelegatingMethodAccessorImpl.java:43)
[2026-03-23T00:31:07.232+0000] {subprocess.py:93} INFO - 	at java.base/java.lang.reflect.Method.invoke(Method.java:569)
[2026-03-23T00:31:07.232+0000] {subprocess.py:93} INFO - 	at py4j.reflection.MethodInvoker.invoke(MethodInvoker.java:244)
[2026-03-23T00:31:07.233+0000] {subprocess.py:93} INFO - 	at py4j.reflection.ReflectionEngine.invoke(ReflectionEngine.java:374)
[2026-03-23T00:31:07.233+0000] {subprocess.py:93} INFO - 	at py4j.Gateway.invoke(Gateway.java:282)
[2026-03-23T00:31:07.233+0000] {subprocess.py:93} INFO - 	at py4j.commands.AbstractCommand.invokeMethod(AbstractCommand.java:132)
[2026-03-23T00:31:07.233+0000] {subprocess.py:93} INFO - 	at py4j.commands.CallCommand.execute(CallCommand.java:79)
[2026-03-23T00:31:07.234+0000] {subprocess.py:93} INFO - 	at py4j.ClientServerConnection.waitForCommands(ClientServerConnection.java:184)
[2026-03-23T00:31:07.234+0000] {subprocess.py:93} INFO - 	at py4j.ClientServerConnection.run(ClientServerConnection.java:108)
[2026-03-23T00:31:07.234+0000] {subprocess.py:93} INFO - 	at java.base/java.lang.Thread.run(Thread.java:840)
[2026-03-23T00:31:07.234+0000] {subprocess.py:93} INFO - 	Suppressed: org.apache.spark.util.Utils$OriginalTryStackTraceException: Full stacktrace of original doTryWithCallerStacktrace caller
[2026-03-23T00:31:07.235+0000] {subprocess.py:93} INFO - 		at org.apache.spark.sql.errors.QueryExecutionErrors$.cannotClearOutputDirectoryError(QueryExecutionErrors.scala:786)
[2026-03-23T00:31:07.235+0000] {subprocess.py:93} INFO - 		at org.apache.spark.sql.execution.datasources.InsertIntoHadoopFsRelationCommand.deleteMatchingPartitions(InsertIntoHadoopFsRelationCommand.scala:244)
[2026-03-23T00:31:07.235+0000] {subprocess.py:93} INFO - 		at org.apache.spark.sql.execution.datasources.InsertIntoHadoopFsRelationCommand.run(InsertIntoHadoopFsRelationCommand.scala:136)
[2026-03-23T00:31:07.235+0000] {subprocess.py:93} INFO - 		at org.apache.spark.sql.execution.command.DataWritingCommandExec.sideEffectResult$lzycompute(commands.scala:117)
[2026-03-23T00:31:07.235+0000] {subprocess.py:93} INFO - 		at org.apache.spark.sql.execution.command.DataWritingCommandExec.sideEffectResult(commands.scala:115)
[2026-03-23T00:31:07.236+0000] {subprocess.py:93} INFO - 		at org.apache.spark.sql.execution.command.DataWritingCommandExec.executeCollect(commands.scala:129)
[2026-03-23T00:31:07.236+0000] {subprocess.py:93} INFO - 		at org.apache.spark.sql.execution.QueryExecution.$anonfun$eagerlyExecuteCommands$2(QueryExecution.scala:155)
[2026-03-23T00:31:07.236+0000] {subprocess.py:93} INFO - 		at org.apache.spark.sql.execution.SQLExecution$.$anonfun$withNewExecutionId0$8(SQLExecution.scala:163)
[2026-03-23T00:31:07.236+0000] {subprocess.py:93} INFO - 		at org.apache.spark.sql.execution.SQLExecution$.withSessionTagsApplied(SQLExecution.scala:272)
[2026-03-23T00:31:07.237+0000] {subprocess.py:93} INFO - 		at org.apache.spark.sql.execution.SQLExecution$.$anonfun$withNewExecutionId0$7(SQLExecution.scala:125)
[2026-03-23T00:31:07.237+0000] {subprocess.py:93} INFO - 		at org.apache.spark.JobArtifactSet$.withActiveJobArtifactState(JobArtifactSet.scala:94)
[2026-03-23T00:31:07.237+0000] {subprocess.py:93} INFO - 		at org.apache.spark.sql.artifact.ArtifactManager.$anonfun$withResources$1(ArtifactManager.scala:112)
[2026-03-23T00:31:07.238+0000] {subprocess.py:93} INFO - 		at org.apache.spark.sql.artifact.ArtifactManager.withClassLoaderIfNeeded(ArtifactManager.scala:106)
[2026-03-23T00:31:07.238+0000] {subprocess.py:93} INFO - 		at org.apache.spark.sql.artifact.ArtifactManager.withResources(ArtifactManager.scala:111)
[2026-03-23T00:31:07.238+0000] {subprocess.py:93} INFO - 		at org.apache.spark.sql.execution.SQLExecution$.$anonfun$withNewExecutionId0$6(SQLExecution.scala:125)
[2026-03-23T00:31:07.238+0000] {subprocess.py:93} INFO - 		at org.apache.spark.sql.execution.SQLExecution$.withSQLConfPropagated(SQLExecution.scala:295)
[2026-03-23T00:31:07.239+0000] {subprocess.py:93} INFO - 		at org.apache.spark.sql.execution.SQLExecution$.$anonfun$withNewExecutionId0$1(SQLExecution.scala:124)
[2026-03-23T00:31:07.239+0000] {subprocess.py:93} INFO - 		at org.apache.spark.sql.SparkSession.withActive(SparkSession.scala:804)
[2026-03-23T00:31:07.239+0000] {subprocess.py:93} INFO - 		at org.apache.spark.sql.execution.SQLExecution$.withNewExecutionId0(SQLExecution.scala:78)
[2026-03-23T00:31:07.239+0000] {subprocess.py:93} INFO - 		at org.apache.spark.sql.execution.SQLExecution$.withNewExecutionId(SQLExecution.scala:237)
[2026-03-23T00:31:07.240+0000] {subprocess.py:93} INFO - 		at org.apache.spark.sql.execution.QueryExecution.$anonfun$eagerlyExecuteCommands$1(QueryExecution.scala:155)
[2026-03-23T00:31:07.240+0000] {subprocess.py:93} INFO - 		at org.apache.spark.sql.execution.QueryExecution$.withInternalError(QueryExecution.scala:654)
[2026-03-23T00:31:07.240+0000] {subprocess.py:93} INFO - 		at org.apache.spark.sql.execution.QueryExecution.org$apache$spark$sql$execution$QueryExecution$$eagerlyExecute$1(QueryExecution.scala:154)
[2026-03-23T00:31:07.240+0000] {subprocess.py:93} INFO - 		at org.apache.spark.sql.execution.QueryExecution$$anonfun$eagerlyExecuteCommands$3.applyOrElse(QueryExecution.scala:169)
[2026-03-23T00:31:07.240+0000] {subprocess.py:93} INFO - 		at org.apache.spark.sql.execution.QueryExecution$$anonfun$eagerlyExecuteCommands$3.applyOrElse(QueryExecution.scala:164)
[2026-03-23T00:31:07.241+0000] {subprocess.py:93} INFO - 		at org.apache.spark.sql.catalyst.trees.TreeNode.$anonfun$transformDownWithPruning$1(TreeNode.scala:470)
[2026-03-23T00:31:07.241+0000] {subprocess.py:93} INFO - 		at org.apache.spark.sql.catalyst.trees.CurrentOrigin$.withOrigin(origin.scala:86)
[2026-03-23T00:31:07.241+0000] {subprocess.py:93} INFO - 		at org.apache.spark.sql.catalyst.trees.TreeNode.transformDownWithPruning(TreeNode.scala:470)
[2026-03-23T00:31:07.241+0000] {subprocess.py:93} INFO - 		at org.apache.spark.sql.catalyst.plans.logical.LogicalPlan.org$apache$spark$sql$catalyst$plans$logical$AnalysisHelper$$super$transformDownWithPruning(LogicalPlan.scala:37)
[2026-03-23T00:31:07.242+0000] {subprocess.py:93} INFO - 		at org.apache.spark.sql.catalyst.plans.logical.AnalysisHelper.transformDownWithPruning(AnalysisHelper.scala:360)
[2026-03-23T00:31:07.242+0000] {subprocess.py:93} INFO - 		at org.apache.spark.sql.catalyst.plans.logical.AnalysisHelper.transformDownWithPruning$(AnalysisHelper.scala:356)
[2026-03-23T00:31:07.242+0000] {subprocess.py:93} INFO - 		at org.apache.spark.sql.catalyst.plans.logical.LogicalPlan.transformDownWithPruning(LogicalPlan.scala:37)
[2026-03-23T00:31:07.242+0000] {subprocess.py:93} INFO - 		at org.apache.spark.sql.catalyst.plans.logical.LogicalPlan.transformDownWithPruning(LogicalPlan.scala:37)
[2026-03-23T00:31:07.242+0000] {subprocess.py:93} INFO - 		at org.apache.spark.sql.catalyst.trees.TreeNode.transformDown(TreeNode.scala:446)
[2026-03-23T00:31:07.243+0000] {subprocess.py:93} INFO - 		at org.apache.spark.sql.execution.QueryExecution.eagerlyExecuteCommands(QueryExecution.scala:164)
[2026-03-23T00:31:07.243+0000] {subprocess.py:93} INFO - 		at org.apache.spark.sql.execution.QueryExecution.$anonfun$lazyCommandExecuted$1(QueryExecution.scala:126)
[2026-03-23T00:31:07.243+0000] {subprocess.py:93} INFO - 		at scala.util.Try$.apply(Try.scala:217)
[2026-03-23T00:31:07.243+0000] {subprocess.py:93} INFO - 		at org.apache.spark.util.Utils$.doTryWithCallerStacktrace(Utils.scala:1378)
[2026-03-23T00:31:07.244+0000] {subprocess.py:93} INFO - 		at org.apache.spark.util.LazyTry.tryT$lzycompute(LazyTry.scala:46)
[2026-03-23T00:31:07.244+0000] {subprocess.py:93} INFO - 		at org.apache.spark.util.LazyTry.tryT(LazyTry.scala:46)
[2026-03-23T00:31:07.244+0000] {subprocess.py:93} INFO - 		... 19 more
[2026-03-23T00:31:07.244+0000] {subprocess.py:93} INFO - 
[2026-03-23T00:31:07.245+0000] {subprocess.py:93} INFO - 
[2026-03-23T00:31:07.245+0000] {subprocess.py:93} INFO - The above exception was the direct cause of the following exception:
[2026-03-23T00:31:07.245+0000] {subprocess.py:93} INFO - 
[2026-03-23T00:31:07.246+0000] {subprocess.py:93} INFO - Traceback (most recent call last):
[2026-03-23T00:31:07.246+0000] {subprocess.py:93} INFO -   File "/app/src/main.py", line 29, in main
[2026-03-23T00:31:07.246+0000] {subprocess.py:93} INFO -     engine.run()
[2026-03-23T00:31:07.247+0000] {subprocess.py:93} INFO -   File "/app/src/engine.py", line 70, in run
[2026-03-23T00:31:07.248+0000] {subprocess.py:93} INFO -     write_output(self.dataframes[sink_input], sink)
[2026-03-23T00:31:07.248+0000] {subprocess.py:93} INFO -   File "/app/src/writer.py", line 67, in write_output
[2026-03-23T00:31:07.248+0000] {subprocess.py:93} INFO -     raise RuntimeError(
[2026-03-23T00:31:07.248+0000] {subprocess.py:93} INFO - RuntimeError: Failed writing sink 'raw-ok' to path 'data/output/events/motor_policy' (even after cleanup). Format: 'JSON', Mode: 'OVERWRITE'. Original error: An error occurred while calling o70.save.
[2026-03-23T00:31:07.249+0000] {subprocess.py:93} INFO - : org.apache.spark.SparkException: Unable to clear output directory file:/app/data/output/events/motor_policy prior to writing to it.
[2026-03-23T00:31:07.249+0000] {subprocess.py:93} INFO - 	at org.apache.spark.sql.errors.QueryExecutionErrors$.cannotClearOutputDirectoryError(QueryExecutionErrors.scala:786)
[2026-03-23T00:31:07.249+0000] {subprocess.py:93} INFO - 	at org.apache.spark.sql.execution.datasources.InsertIntoHadoopFsRelationCommand.deleteMatchingPartitions(InsertIntoHadoopFsRelationCommand.scala:244)
[2026-03-23T00:31:07.249+0000] {subprocess.py:93} INFO - 	at org.apache.spark.sql.execution.datasources.InsertIntoHadoopFsRelationCommand.run(InsertIntoHadoopFsRelationCommand.scala:136)
[2026-03-23T00:31:07.250+0000] {subprocess.py:93} INFO - 	at org.apache.spark.sql.execution.command.DataWritingCommandExec.sideEffectResult$lzycompute(commands.scala:117)
[2026-03-23T00:31:07.250+0000] {subprocess.py:93} INFO - 	at org.apache.spark.sql.execution.command.DataWritingCommandExec.sideEffectResult(commands.scala:115)
[2026-03-23T00:31:07.250+0000] {subprocess.py:93} INFO - 	at org.apache.spark.sql.execution.command.DataWritingCommandExec.executeCollect(commands.scala:129)
[2026-03-23T00:31:07.250+0000] {subprocess.py:93} INFO - 	at org.apache.spark.sql.execution.QueryExecution.$anonfun$eagerlyExecuteCommands$2(QueryExecution.scala:155)
[2026-03-23T00:31:07.251+0000] {subprocess.py:93} INFO - 	at org.apache.spark.sql.execution.SQLExecution$.$anonfun$withNewExecutionId0$8(SQLExecution.scala:163)
[2026-03-23T00:31:07.251+0000] {subprocess.py:93} INFO - 	at org.apache.spark.sql.execution.SQLExecution$.withSessionTagsApplied(SQLExecution.scala:272)
[2026-03-23T00:31:07.251+0000] {subprocess.py:93} INFO - 	at org.apache.spark.sql.execution.SQLExecution$.$anonfun$withNewExecutionId0$7(SQLExecution.scala:125)
[2026-03-23T00:31:07.252+0000] {subprocess.py:93} INFO - 	at org.apache.spark.JobArtifactSet$.withActiveJobArtifactState(JobArtifactSet.scala:94)
[2026-03-23T00:31:07.252+0000] {subprocess.py:93} INFO - 	at org.apache.spark.sql.artifact.ArtifactManager.$anonfun$withResources$1(ArtifactManager.scala:112)
[2026-03-23T00:31:07.252+0000] {subprocess.py:93} INFO - 	at org.apache.spark.sql.artifact.ArtifactManager.withClassLoaderIfNeeded(ArtifactManager.scala:106)
[2026-03-23T00:31:07.252+0000] {subprocess.py:93} INFO - 	at org.apache.spark.sql.artifact.ArtifactManager.withResources(ArtifactManager.scala:111)
[2026-03-23T00:31:07.252+0000] {subprocess.py:93} INFO - 	at org.apache.spark.sql.execution.SQLExecution$.$anonfun$withNewExecutionId0$6(SQLExecution.scala:125)
[2026-03-23T00:31:07.253+0000] {subprocess.py:93} INFO - 	at org.apache.spark.sql.execution.SQLExecution$.withSQLConfPropagated(SQLExecution.scala:295)
[2026-03-23T00:31:07.253+0000] {subprocess.py:93} INFO - 	at org.apache.spark.sql.execution.SQLExecution$.$anonfun$withNewExecutionId0$1(SQLExecution.scala:124)
[2026-03-23T00:31:07.253+0000] {subprocess.py:93} INFO - 	at org.apache.spark.sql.SparkSession.withActive(SparkSession.scala:804)
[2026-03-23T00:31:07.254+0000] {subprocess.py:93} INFO - 	at org.apache.spark.sql.execution.SQLExecution$.withNewExecutionId0(SQLExecution.scala:78)
[2026-03-23T00:31:07.254+0000] {subprocess.py:93} INFO - 	at org.apache.spark.sql.execution.SQLExecution$.withNewExecutionId(SQLExecution.scala:237)
[2026-03-23T00:31:07.254+0000] {subprocess.py:93} INFO - 	at org.apache.spark.sql.execution.QueryExecution.$anonfun$eagerlyExecuteCommands$1(QueryExecution.scala:155)
[2026-03-23T00:31:07.254+0000] {subprocess.py:93} INFO - 	at org.apache.spark.sql.execution.QueryExecution$.withInternalError(QueryExecution.scala:654)
[2026-03-23T00:31:07.254+0000] {subprocess.py:93} INFO - 	at org.apache.spark.sql.execution.QueryExecution.org$apache$spark$sql$execution$QueryExecution$$eagerlyExecute$1(QueryExecution.scala:154)
[2026-03-23T00:31:07.255+0000] {subprocess.py:93} INFO - 	at org.apache.spark.sql.execution.QueryExecution$$anonfun$eagerlyExecuteCommands$3.applyOrElse(QueryExecution.scala:169)
[2026-03-23T00:31:07.255+0000] {subprocess.py:93} INFO - 	at org.apache.spark.sql.execution.QueryExecution$$anonfun$eagerlyExecuteCommands$3.applyOrElse(QueryExecution.scala:164)
[2026-03-23T00:31:07.255+0000] {subprocess.py:93} INFO - 	at org.apache.spark.sql.catalyst.trees.TreeNode.$anonfun$transformDownWithPruning$1(TreeNode.scala:470)
[2026-03-23T00:31:07.255+0000] {subprocess.py:93} INFO - 	at org.apache.spark.sql.catalyst.trees.CurrentOrigin$.withOrigin(origin.scala:86)
[2026-03-23T00:31:07.255+0000] {subprocess.py:93} INFO - 	at org.apache.spark.sql.catalyst.trees.TreeNode.transformDownWithPruning(TreeNode.scala:470)
[2026-03-23T00:31:07.256+0000] {subprocess.py:93} INFO - 	at org.apache.spark.sql.catalyst.plans.logical.LogicalPlan.org$apache$spark$sql$catalyst$plans$logical$AnalysisHelper$$super$transformDownWithPruning(LogicalPlan.scala:37)
[2026-03-23T00:31:07.256+0000] {subprocess.py:93} INFO - 	at org.apache.spark.sql.catalyst.plans.logical.AnalysisHelper.transformDownWithPruning(AnalysisHelper.scala:360)
[2026-03-23T00:31:07.256+0000] {subprocess.py:93} INFO - 	at org.apache.spark.sql.catalyst.plans.logical.AnalysisHelper.transformDownWithPruning$(AnalysisHelper.scala:356)
[2026-03-23T00:31:07.256+0000] {subprocess.py:93} INFO - 	at org.apache.spark.sql.catalyst.plans.logical.LogicalPlan.transformDownWithPruning(LogicalPlan.scala:37)
[2026-03-23T00:31:07.257+0000] {subprocess.py:93} INFO - 	at org.apache.spark.sql.catalyst.plans.logical.LogicalPlan.transformDownWithPruning(LogicalPlan.scala:37)
[2026-03-23T00:31:07.257+0000] {subprocess.py:93} INFO - 	at org.apache.spark.sql.catalyst.trees.TreeNode.transformDown(TreeNode.scala:446)
[2026-03-23T00:31:07.257+0000] {subprocess.py:93} INFO - 	at org.apache.spark.sql.execution.QueryExecution.eagerlyExecuteCommands(QueryExecution.scala:164)
[2026-03-23T00:31:07.258+0000] {subprocess.py:93} INFO - 	at org.apache.spark.sql.execution.QueryExecution.$anonfun$lazyCommandExecuted$1(QueryExecution.scala:126)
[2026-03-23T00:31:07.258+0000] {subprocess.py:93} INFO - 	at scala.util.Try$.apply(Try.scala:217)
[2026-03-23T00:31:07.258+0000] {subprocess.py:93} INFO - 	at org.apache.spark.util.Utils$.doTryWithCallerStacktrace(Utils.scala:1378)
[2026-03-23T00:31:07.258+0000] {subprocess.py:93} INFO - 	at org.apache.spark.util.Utils$.getTryWithCallerStacktrace(Utils.scala:1439)
[2026-03-23T00:31:07.258+0000] {subprocess.py:93} INFO - 	at org.apache.spark.util.LazyTry.get(LazyTry.scala:58)
[2026-03-23T00:31:07.259+0000] {subprocess.py:93} INFO - 	at org.apache.spark.sql.execution.QueryExecution.commandExecuted(QueryExecution.scala:131)
[2026-03-23T00:31:07.259+0000] {subprocess.py:93} INFO - 	at org.apache.spark.sql.execution.QueryExecution.assertCommandExecuted(QueryExecution.scala:192)
[2026-03-23T00:31:07.259+0000] {subprocess.py:93} INFO - 	at org.apache.spark.sql.classic.DataFrameWriter.runCommand(DataFrameWriter.scala:622)
[2026-03-23T00:31:07.259+0000] {subprocess.py:93} INFO - 	at org.apache.spark.sql.classic.DataFrameWriter.saveToV1Source(DataFrameWriter.scala:273)
[2026-03-23T00:31:07.260+0000] {subprocess.py:93} INFO - 	at org.apache.spark.sql.classic.DataFrameWriter.saveInternal(DataFrameWriter.scala:241)
[2026-03-23T00:31:07.260+0000] {subprocess.py:93} INFO - 	at org.apache.spark.sql.classic.DataFrameWriter.save(DataFrameWriter.scala:118)
[2026-03-23T00:31:07.260+0000] {subprocess.py:93} INFO - 	at java.base/jdk.internal.reflect.NativeMethodAccessorImpl.invoke0(Native Method)
[2026-03-23T00:31:07.260+0000] {subprocess.py:93} INFO - 	at java.base/jdk.internal.reflect.NativeMethodAccessorImpl.invoke(NativeMethodAccessorImpl.java:77)
[2026-03-23T00:31:07.261+0000] {subprocess.py:93} INFO - 	at java.base/jdk.internal.reflect.DelegatingMethodAccessorImpl.invoke(DelegatingMethodAccessorImpl.java:43)
[2026-03-23T00:31:07.261+0000] {subprocess.py:93} INFO - 	at java.base/java.lang.reflect.Method.invoke(Method.java:569)
[2026-03-23T00:31:07.261+0000] {subprocess.py:93} INFO - 	at py4j.reflection.MethodInvoker.invoke(MethodInvoker.java:244)
[2026-03-23T00:31:07.261+0000] {subprocess.py:93} INFO - 	at py4j.reflection.ReflectionEngine.invoke(ReflectionEngine.java:374)
[2026-03-23T00:31:07.262+0000] {subprocess.py:93} INFO - 	at py4j.Gateway.invoke(Gateway.java:282)
[2026-03-23T00:31:07.262+0000] {subprocess.py:93} INFO - 	at py4j.commands.AbstractCommand.invokeMethod(AbstractCommand.java:132)
[2026-03-23T00:31:07.262+0000] {subprocess.py:93} INFO - 	at py4j.commands.CallCommand.execute(CallCommand.java:79)
[2026-03-23T00:31:07.262+0000] {subprocess.py:93} INFO - 	at py4j.ClientServerConnection.waitForCommands(ClientServerConnection.java:184)
[2026-03-23T00:31:07.262+0000] {subprocess.py:93} INFO - 	at py4j.ClientServerConnection.run(ClientServerConnection.java:108)
[2026-03-23T00:31:07.263+0000] {subprocess.py:93} INFO - 	at java.base/java.lang.Thread.run(Thread.java:840)
[2026-03-23T00:31:07.263+0000] {subprocess.py:93} INFO - 	Suppressed: org.apache.spark.util.Utils$OriginalTryStackTraceException: Full stacktrace of original doTryWithCallerStacktrace caller
[2026-03-23T00:31:07.263+0000] {subprocess.py:93} INFO - 		at org.apache.spark.sql.errors.QueryExecutionErrors$.cannotClearOutputDirectoryError(QueryExecutionErrors.scala:786)
[2026-03-23T00:31:07.263+0000] {subprocess.py:93} INFO - 		at org.apache.spark.sql.execution.datasources.InsertIntoHadoopFsRelationCommand.deleteMatchingPartitions(InsertIntoHadoopFsRelationCommand.scala:244)
[2026-03-23T00:31:07.264+0000] {subprocess.py:93} INFO - 		at org.apache.spark.sql.execution.datasources.InsertIntoHadoopFsRelationCommand.run(InsertIntoHadoopFsRelationCommand.scala:136)
[2026-03-23T00:31:07.264+0000] {subprocess.py:93} INFO - 		at org.apache.spark.sql.execution.command.DataWritingCommandExec.sideEffectResult$lzycompute(commands.scala:117)
[2026-03-23T00:31:07.264+0000] {subprocess.py:93} INFO - 		at org.apache.spark.sql.execution.command.DataWritingCommandExec.sideEffectResult(commands.scala:115)
[2026-03-23T00:31:07.264+0000] {subprocess.py:93} INFO - 		at org.apache.spark.sql.execution.command.DataWritingCommandExec.executeCollect(commands.scala:129)
[2026-03-23T00:31:07.265+0000] {subprocess.py:93} INFO - 		at org.apache.spark.sql.execution.QueryExecution.$anonfun$eagerlyExecuteCommands$2(QueryExecution.scala:155)
[2026-03-23T00:31:07.265+0000] {subprocess.py:93} INFO - 		at org.apache.spark.sql.execution.SQLExecution$.$anonfun$withNewExecutionId0$8(SQLExecution.scala:163)
[2026-03-23T00:31:07.265+0000] {subprocess.py:93} INFO - 		at org.apache.spark.sql.execution.SQLExecution$.withSessionTagsApplied(SQLExecution.scala:272)
[2026-03-23T00:31:07.265+0000] {subprocess.py:93} INFO - 		at org.apache.spark.sql.execution.SQLExecution$.$anonfun$withNewExecutionId0$7(SQLExecution.scala:125)
[2026-03-23T00:31:07.266+0000] {subprocess.py:93} INFO - 		at org.apache.spark.JobArtifactSet$.withActiveJobArtifactState(JobArtifactSet.scala:94)
[2026-03-23T00:31:07.266+0000] {subprocess.py:93} INFO - 		at org.apache.spark.sql.artifact.ArtifactManager.$anonfun$withResources$1(ArtifactManager.scala:112)
[2026-03-23T00:31:07.266+0000] {subprocess.py:93} INFO - 		at org.apache.spark.sql.artifact.ArtifactManager.withClassLoaderIfNeeded(ArtifactManager.scala:106)
[2026-03-23T00:31:07.266+0000] {subprocess.py:93} INFO - 		at org.apache.spark.sql.artifact.ArtifactManager.withResources(ArtifactManager.scala:111)
[2026-03-23T00:31:07.267+0000] {subprocess.py:93} INFO - 		at org.apache.spark.sql.execution.SQLExecution$.$anonfun$withNewExecutionId0$6(SQLExecution.scala:125)
[2026-03-23T00:31:07.267+0000] {subprocess.py:93} INFO - 		at org.apache.spark.sql.execution.SQLExecution$.withSQLConfPropagated(SQLExecution.scala:295)
[2026-03-23T00:31:07.267+0000] {subprocess.py:93} INFO - 		at org.apache.spark.sql.execution.SQLExecution$.$anonfun$withNewExecutionId0$1(SQLExecution.scala:124)
[2026-03-23T00:31:07.267+0000] {subprocess.py:93} INFO - 		at org.apache.spark.sql.SparkSession.withActive(SparkSession.scala:804)
[2026-03-23T00:31:07.268+0000] {subprocess.py:93} INFO - 		at org.apache.spark.sql.execution.SQLExecution$.withNewExecutionId0(SQLExecution.scala:78)
[2026-03-23T00:31:07.268+0000] {subprocess.py:93} INFO - 		at org.apache.spark.sql.execution.SQLExecution$.withNewExecutionId(SQLExecution.scala:237)
[2026-03-23T00:31:07.268+0000] {subprocess.py:93} INFO - 		at org.apache.spark.sql.execution.QueryExecution.$anonfun$eagerlyExecuteCommands$1(QueryExecution.scala:155)
[2026-03-23T00:31:07.268+0000] {subprocess.py:93} INFO - 		at org.apache.spark.sql.execution.QueryExecution$.withInternalError(QueryExecution.scala:654)
[2026-03-23T00:31:07.269+0000] {subprocess.py:93} INFO - 		at org.apache.spark.sql.execution.QueryExecution.org$apache$spark$sql$execution$QueryExecution$$eagerlyExecute$1(QueryExecution.scala:154)
[2026-03-23T00:31:07.269+0000] {subprocess.py:93} INFO - 		at org.apache.spark.sql.execution.QueryExecution$$anonfun$eagerlyExecuteCommands$3.applyOrElse(QueryExecution.scala:169)
[2026-03-23T00:31:07.269+0000] {subprocess.py:93} INFO - 		at org.apache.spark.sql.execution.QueryExecution$$anonfun$eagerlyExecuteCommands$3.applyOrElse(QueryExecution.scala:164)
[2026-03-23T00:31:07.269+0000] {subprocess.py:93} INFO - 		at org.apache.spark.sql.catalyst.trees.TreeNode.$anonfun$transformDownWithPruning$1(TreeNode.scala:470)
[2026-03-23T00:31:07.270+0000] {subprocess.py:93} INFO - 		at org.apache.spark.sql.catalyst.trees.CurrentOrigin$.withOrigin(origin.scala:86)
[2026-03-23T00:31:07.270+0000] {subprocess.py:93} INFO - 		at org.apache.spark.sql.catalyst.trees.TreeNode.transformDownWithPruning(TreeNode.scala:470)
[2026-03-23T00:31:07.270+0000] {subprocess.py:93} INFO - 		at org.apache.spark.sql.catalyst.plans.logical.LogicalPlan.org$apache$spark$sql$catalyst$plans$logical$AnalysisHelper$$super$transformDownWithPruning(LogicalPlan.scala:37)
[2026-03-23T00:31:07.270+0000] {subprocess.py:93} INFO - 		at org.apache.spark.sql.catalyst.plans.logical.AnalysisHelper.transformDownWithPruning(AnalysisHelper.scala:360)
[2026-03-23T00:31:07.271+0000] {subprocess.py:93} INFO - 		at org.apache.spark.sql.catalyst.plans.logical.AnalysisHelper.transformDownWithPruning$(AnalysisHelper.scala:356)
[2026-03-23T00:31:07.271+0000] {subprocess.py:93} INFO - 		at org.apache.spark.sql.catalyst.plans.logical.LogicalPlan.transformDownWithPruning(LogicalPlan.scala:37)
[2026-03-23T00:31:07.271+0000] {subprocess.py:93} INFO - 		at org.apache.spark.sql.catalyst.plans.logical.LogicalPlan.transformDownWithPruning(LogicalPlan.scala:37)
[2026-03-23T00:31:07.272+0000] {subprocess.py:93} INFO - 		at org.apache.spark.sql.catalyst.trees.TreeNode.transformDown(TreeNode.scala:446)
[2026-03-23T00:31:07.272+0000] {subprocess.py:93} INFO - 		at org.apache.spark.sql.execution.QueryExecution.eagerlyExecuteCommands(QueryExecution.scala:164)
[2026-03-23T00:31:07.272+0000] {subprocess.py:93} INFO - 		at org.apache.spark.sql.execution.QueryExecution.$anonfun$lazyCommandExecuted$1(QueryExecution.scala:126)
[2026-03-23T00:31:07.272+0000] {subprocess.py:93} INFO - 		at scala.util.Try$.apply(Try.scala:217)
[2026-03-23T00:31:07.273+0000] {subprocess.py:93} INFO - 		at org.apache.spark.util.Utils$.doTryWithCallerStacktrace(Utils.scala:1378)
[2026-03-23T00:31:07.273+0000] {subprocess.py:93} INFO - 		at org.apache.spark.util.LazyTry.tryT$lzycompute(LazyTry.scala:46)
[2026-03-23T00:31:07.273+0000] {subprocess.py:93} INFO - 		at org.apache.spark.util.LazyTry.tryT(LazyTry.scala:46)
[2026-03-23T00:31:07.273+0000] {subprocess.py:93} INFO - 		... 19 more
[2026-03-23T00:31:07.274+0000] {subprocess.py:93} INFO - 
[2026-03-23T00:31:07.274+0000] {subprocess.py:93} INFO - 2026-03-23 00:31:07,159 - __main__ - INFO - Stopping Spark session...
[2026-03-23T00:31:07.448+0000] {subprocess.py:93} INFO - 2026-03-23 00:31:07,447 - __main__ - CRITICAL - Fatal error: Failed writing sink 'raw-ok' to path 'data/output/events/motor_policy' (even after cleanup). Format: 'JSON', Mode: 'OVERWRITE'. Original error: An error occurred while calling o70.save.
[2026-03-23T00:31:07.448+0000] {subprocess.py:93} INFO - : org.apache.spark.SparkException: Unable to clear output directory file:/app/data/output/events/motor_policy prior to writing to it.
[2026-03-23T00:31:07.448+0000] {subprocess.py:93} INFO - 	at org.apache.spark.sql.errors.QueryExecutionErrors$.cannotClearOutputDirectoryError(QueryExecutionErrors.scala:786)
[2026-03-23T00:31:07.448+0000] {subprocess.py:93} INFO - 	at org.apache.spark.sql.execution.datasources.InsertIntoHadoopFsRelationCommand.deleteMatchingPartitions(InsertIntoHadoopFsRelationCommand.scala:244)
[2026-03-23T00:31:07.449+0000] {subprocess.py:93} INFO - 	at org.apache.spark.sql.execution.datasources.InsertIntoHadoopFsRelationCommand.run(InsertIntoHadoopFsRelationCommand.scala:136)
[2026-03-23T00:31:07.449+0000] {subprocess.py:93} INFO - 	at org.apache.spark.sql.execution.command.DataWritingCommandExec.sideEffectResult$lzycompute(commands.scala:117)
[2026-03-23T00:31:07.449+0000] {subprocess.py:93} INFO - 	at org.apache.spark.sql.execution.command.DataWritingCommandExec.sideEffectResult(commands.scala:115)
[2026-03-23T00:31:07.449+0000] {subprocess.py:93} INFO - 	at org.apache.spark.sql.execution.command.DataWritingCommandExec.executeCollect(commands.scala:129)
[2026-03-23T00:31:07.449+0000] {subprocess.py:93} INFO - 	at org.apache.spark.sql.execution.QueryExecution.$anonfun$eagerlyExecuteCommands$2(QueryExecution.scala:155)
[2026-03-23T00:31:07.449+0000] {subprocess.py:93} INFO - 	at org.apache.spark.sql.execution.SQLExecution$.$anonfun$withNewExecutionId0$8(SQLExecution.scala:163)
[2026-03-23T00:31:07.450+0000] {subprocess.py:93} INFO - 	at org.apache.spark.sql.execution.SQLExecution$.withSessionTagsApplied(SQLExecution.scala:272)
[2026-03-23T00:31:07.450+0000] {subprocess.py:93} INFO - 	at org.apache.spark.sql.execution.SQLExecution$.$anonfun$withNewExecutionId0$7(SQLExecution.scala:125)
[2026-03-23T00:31:07.450+0000] {subprocess.py:93} INFO - 	at org.apache.spark.JobArtifactSet$.withActiveJobArtifactState(JobArtifactSet.scala:94)
[2026-03-23T00:31:07.450+0000] {subprocess.py:93} INFO - 	at org.apache.spark.sql.artifact.ArtifactManager.$anonfun$withResources$1(ArtifactManager.scala:112)
[2026-03-23T00:31:07.450+0000] {subprocess.py:93} INFO - 	at org.apache.spark.sql.artifact.ArtifactManager.withClassLoaderIfNeeded(ArtifactManager.scala:106)
[2026-03-23T00:31:07.451+0000] {subprocess.py:93} INFO - 	at org.apache.spark.sql.artifact.ArtifactManager.withResources(ArtifactManager.scala:111)
[2026-03-23T00:31:07.451+0000] {subprocess.py:93} INFO - 	at org.apache.spark.sql.execution.SQLExecution$.$anonfun$withNewExecutionId0$6(SQLExecution.scala:125)
[2026-03-23T00:31:07.451+0000] {subprocess.py:93} INFO - 	at org.apache.spark.sql.execution.SQLExecution$.withSQLConfPropagated(SQLExecution.scala:295)
[2026-03-23T00:31:07.451+0000] {subprocess.py:93} INFO - 	at org.apache.spark.sql.execution.SQLExecution$.$anonfun$withNewExecutionId0$1(SQLExecution.scala:124)
[2026-03-23T00:31:07.451+0000] {subprocess.py:93} INFO - 	at org.apache.spark.sql.SparkSession.withActive(SparkSession.scala:804)
[2026-03-23T00:31:07.451+0000] {subprocess.py:93} INFO - 	at org.apache.spark.sql.execution.SQLExecution$.withNewExecutionId0(SQLExecution.scala:78)
[2026-03-23T00:31:07.452+0000] {subprocess.py:93} INFO - 	at org.apache.spark.sql.execution.SQLExecution$.withNewExecutionId(SQLExecution.scala:237)
[2026-03-23T00:31:07.452+0000] {subprocess.py:93} INFO - 	at org.apache.spark.sql.execution.QueryExecution.$anonfun$eagerlyExecuteCommands$1(QueryExecution.scala:155)
[2026-03-23T00:31:07.452+0000] {subprocess.py:93} INFO - 	at org.apache.spark.sql.execution.QueryExecution$.withInternalError(QueryExecution.scala:654)
[2026-03-23T00:31:07.452+0000] {subprocess.py:93} INFO - 	at org.apache.spark.sql.execution.QueryExecution.org$apache$spark$sql$execution$QueryExecution$$eagerlyExecute$1(QueryExecution.scala:154)
[2026-03-23T00:31:07.452+0000] {subprocess.py:93} INFO - 	at org.apache.spark.sql.execution.QueryExecution$$anonfun$eagerlyExecuteCommands$3.applyOrElse(QueryExecution.scala:169)
[2026-03-23T00:31:07.452+0000] {subprocess.py:93} INFO - 	at org.apache.spark.sql.execution.QueryExecution$$anonfun$eagerlyExecuteCommands$3.applyOrElse(QueryExecution.scala:164)
[2026-03-23T00:31:07.453+0000] {subprocess.py:93} INFO - 	at org.apache.spark.sql.catalyst.trees.TreeNode.$anonfun$transformDownWithPruning$1(TreeNode.scala:470)
[2026-03-23T00:31:07.453+0000] {subprocess.py:93} INFO - 	at org.apache.spark.sql.catalyst.trees.CurrentOrigin$.withOrigin(origin.scala:86)
[2026-03-23T00:31:07.453+0000] {subprocess.py:93} INFO - 	at org.apache.spark.sql.catalyst.trees.TreeNode.transformDownWithPruning(TreeNode.scala:470)
[2026-03-23T00:31:07.453+0000] {subprocess.py:93} INFO - 	at org.apache.spark.sql.catalyst.plans.logical.LogicalPlan.org$apache$spark$sql$catalyst$plans$logical$AnalysisHelper$$super$transformDownWithPruning(LogicalPlan.scala:37)
[2026-03-23T00:31:07.453+0000] {subprocess.py:93} INFO - 	at org.apache.spark.sql.catalyst.plans.logical.AnalysisHelper.transformDownWithPruning(AnalysisHelper.scala:360)
[2026-03-23T00:31:07.453+0000] {subprocess.py:93} INFO - 	at org.apache.spark.sql.catalyst.plans.logical.AnalysisHelper.transformDownWithPruning$(AnalysisHelper.scala:356)
[2026-03-23T00:31:07.454+0000] {subprocess.py:93} INFO - 	at org.apache.spark.sql.catalyst.plans.logical.LogicalPlan.transformDownWithPruning(LogicalPlan.scala:37)
[2026-03-23T00:31:07.454+0000] {subprocess.py:93} INFO - 	at org.apache.spark.sql.catalyst.plans.logical.LogicalPlan.transformDownWithPruning(LogicalPlan.scala:37)
[2026-03-23T00:31:07.454+0000] {subprocess.py:93} INFO - 	at org.apache.spark.sql.catalyst.trees.TreeNode.transformDown(TreeNode.scala:446)
[2026-03-23T00:31:07.454+0000] {subprocess.py:93} INFO - 	at org.apache.spark.sql.execution.QueryExecution.eagerlyExecuteCommands(QueryExecution.scala:164)
[2026-03-23T00:31:07.454+0000] {subprocess.py:93} INFO - 	at org.apache.spark.sql.execution.QueryExecution.$anonfun$lazyCommandExecuted$1(QueryExecution.scala:126)
[2026-03-23T00:31:07.455+0000] {subprocess.py:93} INFO - 	at scala.util.Try$.apply(Try.scala:217)
[2026-03-23T00:31:07.455+0000] {subprocess.py:93} INFO - 	at org.apache.spark.util.Utils$.doTryWithCallerStacktrace(Utils.scala:1378)
[2026-03-23T00:31:07.455+0000] {subprocess.py:93} INFO - 	at org.apache.spark.util.Utils$.getTryWithCallerStacktrace(Utils.scala:1439)
[2026-03-23T00:31:07.455+0000] {subprocess.py:93} INFO - 	at org.apache.spark.util.LazyTry.get(LazyTry.scala:58)
[2026-03-23T00:31:07.455+0000] {subprocess.py:93} INFO - 	at org.apache.spark.sql.execution.QueryExecution.commandExecuted(QueryExecution.scala:131)
[2026-03-23T00:31:07.455+0000] {subprocess.py:93} INFO - 	at org.apache.spark.sql.execution.QueryExecution.assertCommandExecuted(QueryExecution.scala:192)
[2026-03-23T00:31:07.456+0000] {subprocess.py:93} INFO - 	at org.apache.spark.sql.classic.DataFrameWriter.runCommand(DataFrameWriter.scala:622)
[2026-03-23T00:31:07.456+0000] {subprocess.py:93} INFO - 	at org.apache.spark.sql.classic.DataFrameWriter.saveToV1Source(DataFrameWriter.scala:273)
[2026-03-23T00:31:07.456+0000] {subprocess.py:93} INFO - 	at org.apache.spark.sql.classic.DataFrameWriter.saveInternal(DataFrameWriter.scala:241)
[2026-03-23T00:31:07.456+0000] {subprocess.py:93} INFO - 	at org.apache.spark.sql.classic.DataFrameWriter.save(DataFrameWriter.scala:118)
[2026-03-23T00:31:07.456+0000] {subprocess.py:93} INFO - 	at java.base/jdk.internal.reflect.NativeMethodAccessorImpl.invoke0(Native Method)
[2026-03-23T00:31:07.456+0000] {subprocess.py:93} INFO - 	at java.base/jdk.internal.reflect.NativeMethodAccessorImpl.invoke(NativeMethodAccessorImpl.java:77)
[2026-03-23T00:31:07.457+0000] {subprocess.py:93} INFO - 	at java.base/jdk.internal.reflect.DelegatingMethodAccessorImpl.invoke(DelegatingMethodAccessorImpl.java:43)
[2026-03-23T00:31:07.457+0000] {subprocess.py:93} INFO - 	at java.base/java.lang.reflect.Method.invoke(Method.java:569)
[2026-03-23T00:31:07.457+0000] {subprocess.py:93} INFO - 	at py4j.reflection.MethodInvoker.invoke(MethodInvoker.java:244)
[2026-03-23T00:31:07.457+0000] {subprocess.py:93} INFO - 	at py4j.reflection.ReflectionEngine.invoke(ReflectionEngine.java:374)
[2026-03-23T00:31:07.457+0000] {subprocess.py:93} INFO - 	at py4j.Gateway.invoke(Gateway.java:282)
[2026-03-23T00:31:07.457+0000] {subprocess.py:93} INFO - 	at py4j.commands.AbstractCommand.invokeMethod(AbstractCommand.java:132)
[2026-03-23T00:31:07.458+0000] {subprocess.py:93} INFO - 	at py4j.commands.CallCommand.execute(CallCommand.java:79)
[2026-03-23T00:31:07.458+0000] {subprocess.py:93} INFO - 	at py4j.ClientServerConnection.waitForCommands(ClientServerConnection.java:184)
[2026-03-23T00:31:07.458+0000] {subprocess.py:93} INFO - 	at py4j.ClientServerConnection.run(ClientServerConnection.java:108)
[2026-03-23T00:31:07.458+0000] {subprocess.py:93} INFO - 	at java.base/java.lang.Thread.run(Thread.java:840)
[2026-03-23T00:31:07.458+0000] {subprocess.py:93} INFO - 	Suppressed: org.apache.spark.util.Utils$OriginalTryStackTraceException: Full stacktrace of original doTryWithCallerStacktrace caller
[2026-03-23T00:31:07.458+0000] {subprocess.py:93} INFO - 		at org.apache.spark.sql.errors.QueryExecutionErrors$.cannotClearOutputDirectoryError(QueryExecutionErrors.scala:786)
[2026-03-23T00:31:07.458+0000] {subprocess.py:93} INFO - 		at org.apache.spark.sql.execution.datasources.InsertIntoHadoopFsRelationCommand.deleteMatchingPartitions(InsertIntoHadoopFsRelationCommand.scala:244)
[2026-03-23T00:31:07.459+0000] {subprocess.py:93} INFO - 		at org.apache.spark.sql.execution.datasources.InsertIntoHadoopFsRelationCommand.run(InsertIntoHadoopFsRelationCommand.scala:136)
[2026-03-23T00:31:07.459+0000] {subprocess.py:93} INFO - 		at org.apache.spark.sql.execution.command.DataWritingCommandExec.sideEffectResult$lzycompute(commands.scala:117)
[2026-03-23T00:31:07.459+0000] {subprocess.py:93} INFO - 		at org.apache.spark.sql.execution.command.DataWritingCommandExec.sideEffectResult(commands.scala:115)
[2026-03-23T00:31:07.459+0000] {subprocess.py:93} INFO - 		at org.apache.spark.sql.execution.command.DataWritingCommandExec.executeCollect(commands.scala:129)
[2026-03-23T00:31:07.459+0000] {subprocess.py:93} INFO - 		at org.apache.spark.sql.execution.QueryExecution.$anonfun$eagerlyExecuteCommands$2(QueryExecution.scala:155)
[2026-03-23T00:31:07.459+0000] {subprocess.py:93} INFO - 		at org.apache.spark.sql.execution.SQLExecution$.$anonfun$withNewExecutionId0$8(SQLExecution.scala:163)
[2026-03-23T00:31:07.459+0000] {subprocess.py:93} INFO - 		at org.apache.spark.sql.execution.SQLExecution$.withSessionTagsApplied(SQLExecution.scala:272)
[2026-03-23T00:31:07.460+0000] {subprocess.py:93} INFO - 		at org.apache.spark.sql.execution.SQLExecution$.$anonfun$withNewExecutionId0$7(SQLExecution.scala:125)
[2026-03-23T00:31:07.460+0000] {subprocess.py:93} INFO - 		at org.apache.spark.JobArtifactSet$.withActiveJobArtifactState(JobArtifactSet.scala:94)
[2026-03-23T00:31:07.460+0000] {subprocess.py:93} INFO - 		at org.apache.spark.sql.artifact.ArtifactManager.$anonfun$withResources$1(ArtifactManager.scala:112)
[2026-03-23T00:31:07.460+0000] {subprocess.py:93} INFO - 		at org.apache.spark.sql.artifact.ArtifactManager.withClassLoaderIfNeeded(ArtifactManager.scala:106)
[2026-03-23T00:31:07.460+0000] {subprocess.py:93} INFO - 		at org.apache.spark.sql.artifact.ArtifactManager.withResources(ArtifactManager.scala:111)
[2026-03-23T00:31:07.460+0000] {subprocess.py:93} INFO - 		at org.apache.spark.sql.execution.SQLExecution$.$anonfun$withNewExecutionId0$6(SQLExecution.scala:125)
[2026-03-23T00:31:07.460+0000] {subprocess.py:93} INFO - 		at org.apache.spark.sql.execution.SQLExecution$.withSQLConfPropagated(SQLExecution.scala:295)
[2026-03-23T00:31:07.461+0000] {subprocess.py:93} INFO - 		at org.apache.spark.sql.execution.SQLExecution$.$anonfun$withNewExecutionId0$1(SQLExecution.scala:124)
[2026-03-23T00:31:07.461+0000] {subprocess.py:93} INFO - 		at org.apache.spark.sql.SparkSession.withActive(SparkSession.scala:804)
[2026-03-23T00:31:07.461+0000] {subprocess.py:93} INFO - 		at org.apache.spark.sql.execution.SQLExecution$.withNewExecutionId0(SQLExecution.scala:78)
[2026-03-23T00:31:07.461+0000] {subprocess.py:93} INFO - 		at org.apache.spark.sql.execution.SQLExecution$.withNewExecutionId(SQLExecution.scala:237)
[2026-03-23T00:31:07.461+0000] {subprocess.py:93} INFO - 		at org.apache.spark.sql.execution.QueryExecution.$anonfun$eagerlyExecuteCommands$1(QueryExecution.scala:155)
[2026-03-23T00:31:07.461+0000] {subprocess.py:93} INFO - 		at org.apache.spark.sql.execution.QueryExecution$.withInternalError(QueryExecution.scala:654)
[2026-03-23T00:31:07.462+0000] {subprocess.py:93} INFO - 		at org.apache.spark.sql.execution.QueryExecution.org$apache$spark$sql$execution$QueryExecution$$eagerlyExecute$1(QueryExecution.scala:154)
[2026-03-23T00:31:07.462+0000] {subprocess.py:93} INFO - 		at org.apache.spark.sql.execution.QueryExecution$$anonfun$eagerlyExecuteCommands$3.applyOrElse(QueryExecution.scala:169)
[2026-03-23T00:31:07.462+0000] {subprocess.py:93} INFO - 		at org.apache.spark.sql.execution.QueryExecution$$anonfun$eagerlyExecuteCommands$3.applyOrElse(QueryExecution.scala:164)
[2026-03-23T00:31:07.462+0000] {subprocess.py:93} INFO - 		at org.apache.spark.sql.catalyst.trees.TreeNode.$anonfun$transformDownWithPruning$1(TreeNode.scala:470)
[2026-03-23T00:31:07.462+0000] {subprocess.py:93} INFO - 		at org.apache.spark.sql.catalyst.trees.CurrentOrigin$.withOrigin(origin.scala:86)
[2026-03-23T00:31:07.462+0000] {subprocess.py:93} INFO - 		at org.apache.spark.sql.catalyst.trees.TreeNode.transformDownWithPruning(TreeNode.scala:470)
[2026-03-23T00:31:07.462+0000] {subprocess.py:93} INFO - 		at org.apache.spark.sql.catalyst.plans.logical.LogicalPlan.org$apache$spark$sql$catalyst$plans$logical$AnalysisHelper$$super$transformDownWithPruning(LogicalPlan.scala:37)
[2026-03-23T00:31:07.463+0000] {subprocess.py:93} INFO - 		at org.apache.spark.sql.catalyst.plans.logical.AnalysisHelper.transformDownWithPruning(AnalysisHelper.scala:360)
[2026-03-23T00:31:07.463+0000] {subprocess.py:93} INFO - 		at org.apache.spark.sql.catalyst.plans.logical.AnalysisHelper.transformDownWithPruning$(AnalysisHelper.scala:356)
[2026-03-23T00:31:07.463+0000] {subprocess.py:93} INFO - 		at org.apache.spark.sql.catalyst.plans.logical.LogicalPlan.transformDownWithPruning(LogicalPlan.scala:37)
[2026-03-23T00:31:07.463+0000] {subprocess.py:93} INFO - 		at org.apache.spark.sql.catalyst.plans.logical.LogicalPlan.transformDownWithPruning(LogicalPlan.scala:37)
[2026-03-23T00:31:07.463+0000] {subprocess.py:93} INFO - 		at org.apache.spark.sql.catalyst.trees.TreeNode.transformDown(TreeNode.scala:446)
[2026-03-23T00:31:07.463+0000] {subprocess.py:93} INFO - 		at org.apache.spark.sql.execution.QueryExecution.eagerlyExecuteCommands(QueryExecution.scala:164)
[2026-03-23T00:31:07.463+0000] {subprocess.py:93} INFO - 		at org.apache.spark.sql.execution.QueryExecution.$anonfun$lazyCommandExecuted$1(QueryExecution.scala:126)
[2026-03-23T00:31:07.464+0000] {subprocess.py:93} INFO - 		at scala.util.Try$.apply(Try.scala:217)
[2026-03-23T00:31:07.464+0000] {subprocess.py:93} INFO - 		at org.apache.spark.util.Utils$.doTryWithCallerStacktrace(Utils.scala:1378)
[2026-03-23T00:31:07.464+0000] {subprocess.py:93} INFO - 		at org.apache.spark.util.LazyTry.tryT$lzycompute(LazyTry.scala:46)
[2026-03-23T00:31:07.464+0000] {subprocess.py:93} INFO - 		at org.apache.spark.util.LazyTry.tryT(LazyTry.scala:46)
[2026-03-23T00:31:07.464+0000] {subprocess.py:93} INFO - 		... 19 more
[2026-03-23T00:31:07.464+0000] {subprocess.py:93} INFO - 
[2026-03-23T00:31:07.464+0000] {subprocess.py:93} INFO - Pipeline execution failed: Failed writing sink 'raw-ok' to path 'data/output/events/motor_policy' (even after cleanup). Format: 'JSON', Mode: 'OVERWRITE'. Original error: An error occurred while calling o70.save.
[2026-03-23T00:31:07.465+0000] {subprocess.py:93} INFO - : org.apache.spark.SparkException: Unable to clear output directory file:/app/data/output/events/motor_policy prior to writing to it.
[2026-03-23T00:31:07.465+0000] {subprocess.py:93} INFO - 	at org.apache.spark.sql.errors.QueryExecutionErrors$.cannotClearOutputDirectoryError(QueryExecutionErrors.scala:786)
[2026-03-23T00:31:07.465+0000] {subprocess.py:93} INFO - 	at org.apache.spark.sql.execution.datasources.InsertIntoHadoopFsRelationCommand.deleteMatchingPartitions(InsertIntoHadoopFsRelationCommand.scala:244)
[2026-03-23T00:31:07.465+0000] {subprocess.py:93} INFO - 	at org.apache.spark.sql.execution.datasources.InsertIntoHadoopFsRelationCommand.run(InsertIntoHadoopFsRelationCommand.scala:136)
[2026-03-23T00:31:07.465+0000] {subprocess.py:93} INFO - 	at org.apache.spark.sql.execution.command.DataWritingCommandExec.sideEffectResult$lzycompute(commands.scala:117)
[2026-03-23T00:31:07.465+0000] {subprocess.py:93} INFO - 	at org.apache.spark.sql.execution.command.DataWritingCommandExec.sideEffectResult(commands.scala:115)
[2026-03-23T00:31:07.465+0000] {subprocess.py:93} INFO - 	at org.apache.spark.sql.execution.command.DataWritingCommandExec.executeCollect(commands.scala:129)
[2026-03-23T00:31:07.466+0000] {subprocess.py:93} INFO - 	at org.apache.spark.sql.execution.QueryExecution.$anonfun$eagerlyExecuteCommands$2(QueryExecution.scala:155)
[2026-03-23T00:31:07.466+0000] {subprocess.py:93} INFO - 	at org.apache.spark.sql.execution.SQLExecution$.$anonfun$withNewExecutionId0$8(SQLExecution.scala:163)
[2026-03-23T00:31:07.466+0000] {subprocess.py:93} INFO - 	at org.apache.spark.sql.execution.SQLExecution$.withSessionTagsApplied(SQLExecution.scala:272)
[2026-03-23T00:31:07.466+0000] {subprocess.py:93} INFO - 	at org.apache.spark.sql.execution.SQLExecution$.$anonfun$withNewExecutionId0$7(SQLExecution.scala:125)
[2026-03-23T00:31:07.466+0000] {subprocess.py:93} INFO - 	at org.apache.spark.JobArtifactSet$.withActiveJobArtifactState(JobArtifactSet.scala:94)
[2026-03-23T00:31:07.466+0000] {subprocess.py:93} INFO - 	at org.apache.spark.sql.artifact.ArtifactManager.$anonfun$withResources$1(ArtifactManager.scala:112)
[2026-03-23T00:31:07.466+0000] {subprocess.py:93} INFO - 	at org.apache.spark.sql.artifact.ArtifactManager.withClassLoaderIfNeeded(ArtifactManager.scala:106)
[2026-03-23T00:31:07.466+0000] {subprocess.py:93} INFO - 	at org.apache.spark.sql.artifact.ArtifactManager.withResources(ArtifactManager.scala:111)
[2026-03-23T00:31:07.466+0000] {subprocess.py:93} INFO - 	at org.apache.spark.sql.execution.SQLExecution$.$anonfun$withNewExecutionId0$6(SQLExecution.scala:125)
[2026-03-23T00:31:07.467+0000] {subprocess.py:93} INFO - 	at org.apache.spark.sql.execution.SQLExecution$.withSQLConfPropagated(SQLExecution.scala:295)
[2026-03-23T00:31:07.467+0000] {subprocess.py:93} INFO - 	at org.apache.spark.sql.execution.SQLExecution$.$anonfun$withNewExecutionId0$1(SQLExecution.scala:124)
[2026-03-23T00:31:07.467+0000] {subprocess.py:93} INFO - 	at org.apache.spark.sql.SparkSession.withActive(SparkSession.scala:804)
[2026-03-23T00:31:07.467+0000] {subprocess.py:93} INFO - 	at org.apache.spark.sql.execution.SQLExecution$.withNewExecutionId0(SQLExecution.scala:78)
[2026-03-23T00:31:07.467+0000] {subprocess.py:93} INFO - 	at org.apache.spark.sql.execution.SQLExecution$.withNewExecutionId(SQLExecution.scala:237)
[2026-03-23T00:31:07.467+0000] {subprocess.py:93} INFO - 	at org.apache.spark.sql.execution.QueryExecution.$anonfun$eagerlyExecuteCommands$1(QueryExecution.scala:155)
[2026-03-23T00:31:07.468+0000] {subprocess.py:93} INFO - 	at org.apache.spark.sql.execution.QueryExecution$.withInternalError(QueryExecution.scala:654)
[2026-03-23T00:31:07.468+0000] {subprocess.py:93} INFO - 	at org.apache.spark.sql.execution.QueryExecution.org$apache$spark$sql$execution$QueryExecution$$eagerlyExecute$1(QueryExecution.scala:154)
[2026-03-23T00:31:07.468+0000] {subprocess.py:93} INFO - 	at org.apache.spark.sql.execution.QueryExecution$$anonfun$eagerlyExecuteCommands$3.applyOrElse(QueryExecution.scala:169)
[2026-03-23T00:31:07.468+0000] {subprocess.py:93} INFO - 	at org.apache.spark.sql.execution.QueryExecution$$anonfun$eagerlyExecuteCommands$3.applyOrElse(QueryExecution.scala:164)
[2026-03-23T00:31:07.468+0000] {subprocess.py:93} INFO - 	at org.apache.spark.sql.catalyst.trees.TreeNode.$anonfun$transformDownWithPruning$1(TreeNode.scala:470)
[2026-03-23T00:31:07.468+0000] {subprocess.py:93} INFO - 	at org.apache.spark.sql.catalyst.trees.CurrentOrigin$.withOrigin(origin.scala:86)
[2026-03-23T00:31:07.468+0000] {subprocess.py:93} INFO - 	at org.apache.spark.sql.catalyst.trees.TreeNode.transformDownWithPruning(TreeNode.scala:470)
[2026-03-23T00:31:07.469+0000] {subprocess.py:93} INFO - 	at org.apache.spark.sql.catalyst.plans.logical.LogicalPlan.org$apache$spark$sql$catalyst$plans$logical$AnalysisHelper$$super$transformDownWithPruning(LogicalPlan.scala:37)
[2026-03-23T00:31:07.469+0000] {subprocess.py:93} INFO - 	at org.apache.spark.sql.catalyst.plans.logical.AnalysisHelper.transformDownWithPruning(AnalysisHelper.scala:360)
[2026-03-23T00:31:07.469+0000] {subprocess.py:93} INFO - 	at org.apache.spark.sql.catalyst.plans.logical.AnalysisHelper.transformDownWithPruning$(AnalysisHelper.scala:356)
[2026-03-23T00:31:07.469+0000] {subprocess.py:93} INFO - 	at org.apache.spark.sql.catalyst.plans.logical.LogicalPlan.transformDownWithPruning(LogicalPlan.scala:37)
[2026-03-23T00:31:07.469+0000] {subprocess.py:93} INFO - 	at org.apache.spark.sql.catalyst.plans.logical.LogicalPlan.transformDownWithPruning(LogicalPlan.scala:37)
[2026-03-23T00:31:07.469+0000] {subprocess.py:93} INFO - 	at org.apache.spark.sql.catalyst.trees.TreeNode.transformDown(TreeNode.scala:446)
[2026-03-23T00:31:07.469+0000] {subprocess.py:93} INFO - 	at org.apache.spark.sql.execution.QueryExecution.eagerlyExecuteCommands(QueryExecution.scala:164)
[2026-03-23T00:31:07.469+0000] {subprocess.py:93} INFO - 	at org.apache.spark.sql.execution.QueryExecution.$anonfun$lazyCommandExecuted$1(QueryExecution.scala:126)
[2026-03-23T00:31:07.470+0000] {subprocess.py:93} INFO - 	at scala.util.Try$.apply(Try.scala:217)
[2026-03-23T00:31:07.470+0000] {subprocess.py:93} INFO - 	at org.apache.spark.util.Utils$.doTryWithCallerStacktrace(Utils.scala:1378)
[2026-03-23T00:31:07.470+0000] {subprocess.py:93} INFO - 	at org.apache.spark.util.Utils$.getTryWithCallerStacktrace(Utils.scala:1439)
[2026-03-23T00:31:07.470+0000] {subprocess.py:93} INFO - 	at org.apache.spark.util.LazyTry.get(LazyTry.scala:58)
[2026-03-23T00:31:07.470+0000] {subprocess.py:93} INFO - 	at org.apache.spark.sql.execution.QueryExecution.commandExecuted(QueryExecution.scala:131)
[2026-03-23T00:31:07.471+0000] {subprocess.py:93} INFO - 	at org.apache.spark.sql.execution.QueryExecution.assertCommandExecuted(QueryExecution.scala:192)
[2026-03-23T00:31:07.471+0000] {subprocess.py:93} INFO - 	at org.apache.spark.sql.classic.DataFrameWriter.runCommand(DataFrameWriter.scala:622)
[2026-03-23T00:31:07.471+0000] {subprocess.py:93} INFO - 	at org.apache.spark.sql.classic.DataFrameWriter.saveToV1Source(DataFrameWriter.scala:273)
[2026-03-23T00:31:07.471+0000] {subprocess.py:93} INFO - 	at org.apache.spark.sql.classic.DataFrameWriter.saveInternal(DataFrameWriter.scala:241)
[2026-03-23T00:31:07.471+0000] {subprocess.py:93} INFO - 	at org.apache.spark.sql.classic.DataFrameWriter.save(DataFrameWriter.scala:118)
[2026-03-23T00:31:07.471+0000] {subprocess.py:93} INFO - 	at java.base/jdk.internal.reflect.NativeMethodAccessorImpl.invoke0(Native Method)
[2026-03-23T00:31:07.471+0000] {subprocess.py:93} INFO - 	at java.base/jdk.internal.reflect.NativeMethodAccessorImpl.invoke(NativeMethodAccessorImpl.java:77)
[2026-03-23T00:31:07.472+0000] {subprocess.py:93} INFO - 	at java.base/jdk.internal.reflect.DelegatingMethodAccessorImpl.invoke(DelegatingMethodAccessorImpl.java:43)
[2026-03-23T00:31:07.472+0000] {subprocess.py:93} INFO - 	at java.base/java.lang.reflect.Method.invoke(Method.java:569)
[2026-03-23T00:31:07.472+0000] {subprocess.py:93} INFO - 	at py4j.reflection.MethodInvoker.invoke(MethodInvoker.java:244)
[2026-03-23T00:31:07.472+0000] {subprocess.py:93} INFO - 	at py4j.reflection.ReflectionEngine.invoke(ReflectionEngine.java:374)
[2026-03-23T00:31:07.472+0000] {subprocess.py:93} INFO - 	at py4j.Gateway.invoke(Gateway.java:282)
[2026-03-23T00:31:07.472+0000] {subprocess.py:93} INFO - 	at py4j.commands.AbstractCommand.invokeMethod(AbstractCommand.java:132)
[2026-03-23T00:31:07.473+0000] {subprocess.py:93} INFO - 	at py4j.commands.CallCommand.execute(CallCommand.java:79)
[2026-03-23T00:31:07.473+0000] {subprocess.py:93} INFO - 	at py4j.ClientServerConnection.waitForCommands(ClientServerConnection.java:184)
[2026-03-23T00:31:07.473+0000] {subprocess.py:93} INFO - 	at py4j.ClientServerConnection.run(ClientServerConnection.java:108)
[2026-03-23T00:31:07.473+0000] {subprocess.py:93} INFO - 	at java.base/java.lang.Thread.run(Thread.java:840)
[2026-03-23T00:31:07.473+0000] {subprocess.py:93} INFO - 	Suppressed: org.apache.spark.util.Utils$OriginalTryStackTraceException: Full stacktrace of original doTryWithCallerStacktrace caller
[2026-03-23T00:31:07.473+0000] {subprocess.py:93} INFO - 		at org.apache.spark.sql.errors.QueryExecutionErrors$.cannotClearOutputDirectoryError(QueryExecutionErrors.scala:786)
[2026-03-23T00:31:07.474+0000] {subprocess.py:93} INFO - 		at org.apache.spark.sql.execution.datasources.InsertIntoHadoopFsRelationCommand.deleteMatchingPartitions(InsertIntoHadoopFsRelationCommand.scala:244)
[2026-03-23T00:31:07.474+0000] {subprocess.py:93} INFO - 		at org.apache.spark.sql.execution.datasources.InsertIntoHadoopFsRelationCommand.run(InsertIntoHadoopFsRelationCommand.scala:136)
[2026-03-23T00:31:07.474+0000] {subprocess.py:93} INFO - 		at org.apache.spark.sql.execution.command.DataWritingCommandExec.sideEffectResult$lzycompute(commands.scala:117)
[2026-03-23T00:31:07.474+0000] {subprocess.py:93} INFO - 		at org.apache.spark.sql.execution.command.DataWritingCommandExec.sideEffectResult(commands.scala:115)
[2026-03-23T00:31:07.474+0000] {subprocess.py:93} INFO - 		at org.apache.spark.sql.execution.command.DataWritingCommandExec.executeCollect(commands.scala:129)
[2026-03-23T00:31:07.474+0000] {subprocess.py:93} INFO - 		at org.apache.spark.sql.execution.QueryExecution.$anonfun$eagerlyExecuteCommands$2(QueryExecution.scala:155)
[2026-03-23T00:31:07.474+0000] {subprocess.py:93} INFO - 		at org.apache.spark.sql.execution.SQLExecution$.$anonfun$withNewExecutionId0$8(SQLExecution.scala:163)
[2026-03-23T00:31:07.475+0000] {subprocess.py:93} INFO - 		at org.apache.spark.sql.execution.SQLExecution$.withSessionTagsApplied(SQLExecution.scala:272)
[2026-03-23T00:31:07.475+0000] {subprocess.py:93} INFO - 		at org.apache.spark.sql.execution.SQLExecution$.$anonfun$withNewExecutionId0$7(SQLExecution.scala:125)
[2026-03-23T00:31:07.475+0000] {subprocess.py:93} INFO - 		at org.apache.spark.JobArtifactSet$.withActiveJobArtifactState(JobArtifactSet.scala:94)
[2026-03-23T00:31:07.475+0000] {subprocess.py:93} INFO - 		at org.apache.spark.sql.artifact.ArtifactManager.$anonfun$withResources$1(ArtifactManager.scala:112)
[2026-03-23T00:31:07.475+0000] {subprocess.py:93} INFO - 		at org.apache.spark.sql.artifact.ArtifactManager.withClassLoaderIfNeeded(ArtifactManager.scala:106)
[2026-03-23T00:31:07.475+0000] {subprocess.py:93} INFO - 		at org.apache.spark.sql.artifact.ArtifactManager.withResources(ArtifactManager.scala:111)
[2026-03-23T00:31:07.475+0000] {subprocess.py:93} INFO - 		at org.apache.spark.sql.execution.SQLExecution$.$anonfun$withNewExecutionId0$6(SQLExecution.scala:125)
[2026-03-23T00:31:07.476+0000] {subprocess.py:93} INFO - 		at org.apache.spark.sql.execution.SQLExecution$.withSQLConfPropagated(SQLExecution.scala:295)
[2026-03-23T00:31:07.476+0000] {subprocess.py:93} INFO - 		at org.apache.spark.sql.execution.SQLExecution$.$anonfun$withNewExecutionId0$1(SQLExecution.scala:124)
[2026-03-23T00:31:07.476+0000] {subprocess.py:93} INFO - 		at org.apache.spark.sql.SparkSession.withActive(SparkSession.scala:804)
[2026-03-23T00:31:07.476+0000] {subprocess.py:93} INFO - 		at org.apache.spark.sql.execution.SQLExecution$.withNewExecutionId0(SQLExecution.scala:78)
[2026-03-23T00:31:07.476+0000] {subprocess.py:93} INFO - 		at org.apache.spark.sql.execution.SQLExecution$.withNewExecutionId(SQLExecution.scala:237)
[2026-03-23T00:31:07.476+0000] {subprocess.py:93} INFO - 		at org.apache.spark.sql.execution.QueryExecution.$anonfun$eagerlyExecuteCommands$1(QueryExecution.scala:155)
[2026-03-23T00:31:07.476+0000] {subprocess.py:93} INFO - 		at org.apache.spark.sql.execution.QueryExecution$.withInternalError(QueryExecution.scala:654)
[2026-03-23T00:31:07.477+0000] {subprocess.py:93} INFO - 		at org.apache.spark.sql.execution.QueryExecution.org$apache$spark$sql$execution$QueryExecution$$eagerlyExecute$1(QueryExecution.scala:154)
[2026-03-23T00:31:07.477+0000] {subprocess.py:93} INFO - 		at org.apache.spark.sql.execution.QueryExecution$$anonfun$eagerlyExecuteCommands$3.applyOrElse(QueryExecution.scala:169)
[2026-03-23T00:31:07.477+0000] {subprocess.py:93} INFO - 		at org.apache.spark.sql.execution.QueryExecution$$anonfun$eagerlyExecuteCommands$3.applyOrElse(QueryExecution.scala:164)
[2026-03-23T00:31:07.477+0000] {subprocess.py:93} INFO - 		at org.apache.spark.sql.catalyst.trees.TreeNode.$anonfun$transformDownWithPruning$1(TreeNode.scala:470)
[2026-03-23T00:31:07.477+0000] {subprocess.py:93} INFO - 		at org.apache.spark.sql.catalyst.trees.CurrentOrigin$.withOrigin(origin.scala:86)
[2026-03-23T00:31:07.477+0000] {subprocess.py:93} INFO - 		at org.apache.spark.sql.catalyst.trees.TreeNode.transformDownWithPruning(TreeNode.scala:470)
[2026-03-23T00:31:07.478+0000] {subprocess.py:93} INFO - 		at org.apache.spark.sql.catalyst.plans.logical.LogicalPlan.org$apache$spark$sql$catalyst$plans$logical$AnalysisHelper$$super$transformDownWithPruning(LogicalPlan.scala:37)
[2026-03-23T00:31:07.478+0000] {subprocess.py:93} INFO - 		at org.apache.spark.sql.catalyst.plans.logical.AnalysisHelper.transformDownWithPruning(AnalysisHelper.scala:360)
[2026-03-23T00:31:07.478+0000] {subprocess.py:93} INFO - 		at org.apache.spark.sql.catalyst.plans.logical.AnalysisHelper.transformDownWithPruning$(AnalysisHelper.scala:356)
[2026-03-23T00:31:07.478+0000] {subprocess.py:93} INFO - 		at org.apache.spark.sql.catalyst.plans.logical.LogicalPlan.transformDownWithPruning(LogicalPlan.scala:37)
[2026-03-23T00:31:07.478+0000] {subprocess.py:93} INFO - 		at org.apache.spark.sql.catalyst.plans.logical.LogicalPlan.transformDownWithPruning(LogicalPlan.scala:37)
[2026-03-23T00:31:07.478+0000] {subprocess.py:93} INFO - 		at org.apache.spark.sql.catalyst.trees.TreeNode.transformDown(TreeNode.scala:446)
[2026-03-23T00:31:07.479+0000] {subprocess.py:93} INFO - 		at org.apache.spark.sql.execution.QueryExecution.eagerlyExecuteCommands(QueryExecution.scala:164)
[2026-03-23T00:31:07.479+0000] {subprocess.py:93} INFO - 		at org.apache.spark.sql.execution.QueryExecution.$anonfun$lazyCommandExecuted$1(QueryExecution.scala:126)
[2026-03-23T00:31:07.479+0000] {subprocess.py:93} INFO - 		at scala.util.Try$.apply(Try.scala:217)
[2026-03-23T00:31:07.479+0000] {subprocess.py:93} INFO - 		at org.apache.spark.util.Utils$.doTryWithCallerStacktrace(Utils.scala:1378)
[2026-03-23T00:31:07.479+0000] {subprocess.py:93} INFO - 		at org.apache.spark.util.LazyTry.tryT$lzycompute(LazyTry.scala:46)
[2026-03-23T00:31:07.479+0000] {subprocess.py:93} INFO - 		at org.apache.spark.util.LazyTry.tryT(LazyTry.scala:46)
[2026-03-23T00:31:07.480+0000] {subprocess.py:93} INFO - 		... 19 more
[2026-03-23T00:31:07.480+0000] {subprocess.py:93} INFO - 
[2026-03-23T00:31:08.031+0000] {subprocess.py:93} INFO - 
[2026-03-23T00:31:08.032+0000] {subprocess.py:93} INFO - Pipeline execution completed with exit code: 1
[2026-03-23T00:31:08.032+0000] {subprocess.py:93} INFO - ✗ Pipeline failed with errors (see logs above)
[2026-03-23T00:31:08.032+0000] {subprocess.py:97} INFO - Command exited with return code 1
[2026-03-23T00:31:08.058+0000] {taskinstance.py:1937} ERROR - Task failed with exception
Traceback (most recent call last):
  File "/home/airflow/.local/lib/python3.9/site-packages/airflow/operators/bash.py", line 210, in execute
    raise AirflowException(
airflow.exceptions.AirflowException: Bash command failed. The command returned a non-zero exit code 1.
[2026-03-23T00:31:08.062+0000] {taskinstance.py:1400} INFO - Marking task as UP_FOR_RETRY. dag_id=dynamic_spark_pipeline, task_id=run_pipeline, execution_date=20260323T001938, start_date=20260323T003051, end_date=20260323T003108
[2026-03-23T00:31:08.083+0000] {standard_task_runner.py:104} ERROR - Failed to execute job 15 for task run_pipeline (Bash command failed. The command returned a non-zero exit code 1.; 171)
[2026-03-23T00:31:08.116+0000] {local_task_job_runner.py:228} INFO - Task exited with return code 1
[2026-03-23T00:31:08.154+0000] {taskinstance.py:2778} INFO - 0 downstream tasks scheduled from follow-on schedule check
