[2026-03-23T00:34:25.585+0000] {taskinstance.py:1159} INFO - Dependencies all met for dep_context=non-requeueable deps ti=<TaskInstance: dynamic_spark_pipeline.run_pipeline manual__2026-03-23T00:34:17+00:00 [queued]>
[2026-03-23T00:34:25.604+0000] {taskinstance.py:1159} INFO - Dependencies all met for dep_context=requeueable deps ti=<TaskInstance: dynamic_spark_pipeline.run_pipeline manual__2026-03-23T00:34:17+00:00 [queued]>
[2026-03-23T00:34:25.604+0000] {taskinstance.py:1361} INFO - Starting attempt 1 of 3
[2026-03-23T00:34:25.629+0000] {taskinstance.py:1382} INFO - Executing <Task(BashOperator): run_pipeline> on 2026-03-23 00:34:17+00:00
[2026-03-23T00:34:25.642+0000] {standard_task_runner.py:57} INFO - Started process 186 to run task
[2026-03-23T00:34:25.652+0000] {standard_task_runner.py:84} INFO - Running: ['***', 'tasks', 'run', 'dynamic_spark_pipeline', 'run_pipeline', 'manual__2026-03-23T00:34:17+00:00', '--job-id', '5', '--raw', '--subdir', 'DAGS_FOLDER/dynamic_spark_pipeline_dag.py', '--cfg-path', '/tmp/tmp2c3qz5bj']
[2026-03-23T00:34:25.656+0000] {standard_task_runner.py:85} INFO - Job 5: Subtask run_pipeline
[2026-03-23T00:34:25.821+0000] {task_command.py:416} INFO - Running <TaskInstance: dynamic_spark_pipeline.run_pipeline manual__2026-03-23T00:34:17+00:00 [running]> on host e42bc663f5c9
[2026-03-23T00:34:25.976+0000] {taskinstance.py:1662} INFO - Exporting env vars: AIRFLOW_CTX_DAG_OWNER='Nasredine Ouelseti' AIRFLOW_CTX_DAG_ID='dynamic_spark_pipeline' AIRFLOW_CTX_TASK_ID='run_pipeline' AIRFLOW_CTX_EXECUTION_DATE='2026-03-23T00:34:17+00:00' AIRFLOW_CTX_TRY_NUMBER='1' AIRFLOW_CTX_DAG_RUN_ID='manual__2026-03-23T00:34:17+00:00'
[2026-03-23T00:34:25.977+0000] {subprocess.py:63} INFO - Tmp dir root location: /tmp
[2026-03-23T00:34:25.978+0000] {subprocess.py:75} INFO - Running command: ['/bin/bash', '-c', '\nset -e\n\necho "Starting Spark pipeline execution..."\necho "Configuration: /app/metadata/config.json"\necho "Data path: /app/data"\necho "Script: /app/src/main.py"\necho "Log path: /app/***/logs/pipeline"\n\n# Pre-create critical directories with proper error handling\necho "Preparing directories..."\nLOG_DIR_BACKUP="/tmp/***_logs"\n\n# Try to create log directory with primary path\nif mkdir -p "/app/***/logs/pipeline" 2>/dev/null && touch "/app/***/logs/pipeline/.write_test" 2>/dev/null; then\n    echo "✓ Using primary log path: /app/***/logs/pipeline"\n    rm -f "/app/***/logs/pipeline/.write_test"\nelse\n    echo "⚠ Primary log path not writable, using backup: $LOG_DIR_BACKUP"\n    mkdir -p "$LOG_DIR_BACKUP"\n    mkdir -p "/app/data/output" 2>/dev/null || true\nfi\n\n# Create data output directory (non-critical)\nmkdir -p "/app/data/output" 2>/dev/null || echo "⚠ Warning: Could not create data output directory"\n\n# Clean up old output files to prevent Spark OVERWRITE permission issues\necho "Cleaning previous output..."\nfind "/app/data/output" -type d -name "events" -o -name "discards" 2>/dev/null | while read dir; do\n    if [ -d "$dir" ]; then\n        rm -rf "$dir" 2>/dev/null && echo "  ✓ Removed $dir" || echo "  ⚠ Could not remove $dir (will retry if writable)"\n    fi\ndone\nmkdir -p "/app/data/output/events" 2>/dev/null || true\nmkdir -p "/app/data/output/discards" 2>/dev/null || true\n\n# Set effective log path for the script\nexport LOG_PATH_EFFECTIVE="/app/***/logs/pipeline"\nif [ ! -w "/app/***/logs/pipeline" ]; then\n    export LOG_PATH_EFFECTIVE="$LOG_DIR_BACKUP"\nfi\n\necho "Effective log path: $LOG_PATH_EFFECTIVE"\n\n# Change to application home directory\nif [ -d "/app" ]; then\n    cd "/app"\n    echo "✓ Changed to: /app"\nelse\n    echo "✗ Application directory not found: /app"\n    exit 1\nfi\n\n# Run the pipeline script\necho "Executing pipeline script..."\npython "/app/src/main.py" 2>&1 | tee -a "$LOG_PATH_EFFECTIVE/pipeline.log" || true\n\n# Capture exit code\nEXIT_CODE=${PIPESTATUS[0]}\n\n# Report results\necho ""\necho "Pipeline execution completed with exit code: $EXIT_CODE"\n\nif [ $EXIT_CODE -eq 0 ]; then\n    echo "✓ Pipeline executed successfully"\n    exit 0\nelse\n    echo "✗ Pipeline failed with errors (see logs above)"\n    exit $EXIT_CODE\nfi\n        ']
[2026-03-23T00:34:25.989+0000] {subprocess.py:86} INFO - Output:
[2026-03-23T00:34:25.990+0000] {subprocess.py:93} INFO - Starting Spark pipeline execution...
[2026-03-23T00:34:25.991+0000] {subprocess.py:93} INFO - Configuration: /app/metadata/config.json
[2026-03-23T00:34:25.991+0000] {subprocess.py:93} INFO - Data path: /app/data
[2026-03-23T00:34:25.991+0000] {subprocess.py:93} INFO - Script: /app/src/main.py
[2026-03-23T00:34:25.991+0000] {subprocess.py:93} INFO - Log path: /app/***/logs/pipeline
[2026-03-23T00:34:25.991+0000] {subprocess.py:93} INFO - Preparing directories...
[2026-03-23T00:34:25.995+0000] {subprocess.py:93} INFO - ✓ Using primary log path: /app/***/logs/pipeline
[2026-03-23T00:34:25.999+0000] {subprocess.py:93} INFO - Cleaning previous output...
[2026-03-23T00:34:26.004+0000] {subprocess.py:93} INFO -   ⚠ Could not remove /app/data/output/discards (will retry if writable)
[2026-03-23T00:34:26.007+0000] {subprocess.py:93} INFO -   ⚠ Could not remove /app/data/output/events (will retry if writable)
[2026-03-23T00:34:26.012+0000] {subprocess.py:93} INFO - Effective log path: /app/***/logs/pipeline
[2026-03-23T00:34:26.012+0000] {subprocess.py:93} INFO - ✓ Changed to: /app
[2026-03-23T00:34:26.012+0000] {subprocess.py:93} INFO - Executing pipeline script...
[2026-03-23T00:34:26.803+0000] {subprocess.py:93} INFO - Failed to create log dir logs: [Errno 2] No such file or directory: 'logs/.write_test'
[2026-03-23T00:34:26.804+0000] {subprocess.py:93} INFO - Using fallback log directory: /tmp/***_logs
[2026-03-23T00:34:26.805+0000] {subprocess.py:93} INFO - 2026-03-23 00:34:26,803 - __main__ - INFO - Starting Dynamic Spark Pipeline...
[2026-03-23T00:34:26.805+0000] {subprocess.py:93} INFO - 2026-03-23 00:34:26,805 - __main__ - INFO - Loading config from metadata/config.json
[2026-03-23T00:34:26.805+0000] {subprocess.py:93} INFO - 2026-03-23 00:34:26,805 - __main__ - INFO - Creating Spark session...
[2026-03-23T00:34:27.272+0000] {subprocess.py:93} INFO - WARNING: Using incubator modules: jdk.incubator.vector
[2026-03-23T00:34:29.813+0000] {subprocess.py:93} INFO - Using Spark's default log4j profile: org/apache/spark/log4j2-defaults.properties
[2026-03-23T00:34:29.817+0000] {subprocess.py:93} INFO - Setting default log level to "WARN".
[2026-03-23T00:34:29.818+0000] {subprocess.py:93} INFO - To adjust logging level use sc.setLogLevel(newLevel). For SparkR, use setLogLevel(newLevel).
[2026-03-23T00:34:32.967+0000] {subprocess.py:93} INFO - 26/03/23 00:34:32 WARN NativeCodeLoader: Unable to load native-hadoop library for your platform... using builtin-java classes where applicable
[2026-03-23T00:34:39.875+0000] {subprocess.py:93} INFO - 2026-03-23 00:34:39,874 - __main__ - INFO - Executing 1 dataflow(s)...
[2026-03-23T00:34:44.618+0000] {subprocess.py:93} INFO - [Stage 0:>                                                          (0 + 1) / 1]                                                                                26/03/23 00:34:44 WARN FileUtil: Failed to delete file or dir [/app/data/output/events/motor_policy/_SUCCESS]: it still exists.
[2026-03-23T00:34:44.619+0000] {subprocess.py:93} INFO - 26/03/23 00:34:44 WARN FileUtil: Failed to delete file or dir [/app/data/output/events/motor_policy/._SUCCESS.crc]: it still exists.
[2026-03-23T00:34:44.619+0000] {subprocess.py:93} INFO - 26/03/23 00:34:44 WARN FileUtil: Failed to delete file or dir [/app/data/output/events/motor_policy/part-00000-b78ac4d7-b1a9-45ed-8a83-22bb8cbb1034-c000.json]: it still exists.
[2026-03-23T00:34:44.619+0000] {subprocess.py:93} INFO - 26/03/23 00:34:44 WARN FileUtil: Failed to delete file or dir [/app/data/output/events/motor_policy/.part-00000-b78ac4d7-b1a9-45ed-8a83-22bb8cbb1034-c000.json.crc]: it still exists.
[2026-03-23T00:34:44.803+0000] {subprocess.py:93} INFO - 26/03/23 00:34:44 WARN FileUtil: Failed to delete file or dir [/app/data/output/events/motor_policy/_SUCCESS]: it still exists.
[2026-03-23T00:34:44.804+0000] {subprocess.py:93} INFO - 26/03/23 00:34:44 WARN FileUtil: Failed to delete file or dir [/app/data/output/events/motor_policy/._SUCCESS.crc]: it still exists.
[2026-03-23T00:34:44.804+0000] {subprocess.py:93} INFO - 26/03/23 00:34:44 WARN FileUtil: Failed to delete file or dir [/app/data/output/events/motor_policy/part-00000-b78ac4d7-b1a9-45ed-8a83-22bb8cbb1034-c000.json]: it still exists.
[2026-03-23T00:34:44.804+0000] {subprocess.py:93} INFO - 26/03/23 00:34:44 WARN FileUtil: Failed to delete file or dir [/app/data/output/events/motor_policy/.part-00000-b78ac4d7-b1a9-45ed-8a83-22bb8cbb1034-c000.json.crc]: it still exists.
[2026-03-23T00:34:44.963+0000] {subprocess.py:93} INFO - [raw-ok] Cleaning output directory before write: data/output/events/motor_policy
[2026-03-23T00:34:44.964+0000] {subprocess.py:93} INFO - [raw-ok] Attempting aggressive cleanup of data/output/events/motor_policy
[2026-03-23T00:34:44.964+0000] {subprocess.py:93} INFO - 2026-03-23 00:34:44,873 - __main__ - ERROR - Pipeline execution failed: Failed writing sink 'raw-ok' to path 'data/output/events/motor_policy' (even after cleanup). Format: 'JSON', Mode: 'OVERWRITE'. Original error: An error occurred while calling o70.save.
[2026-03-23T00:34:44.964+0000] {subprocess.py:93} INFO - : org.apache.spark.SparkException: Unable to clear output directory file:/app/data/output/events/motor_policy prior to writing to it.
[2026-03-23T00:34:44.964+0000] {subprocess.py:93} INFO - 	at org.apache.spark.sql.errors.QueryExecutionErrors$.cannotClearOutputDirectoryError(QueryExecutionErrors.scala:786)
[2026-03-23T00:34:44.965+0000] {subprocess.py:93} INFO - 	at org.apache.spark.sql.execution.datasources.InsertIntoHadoopFsRelationCommand.deleteMatchingPartitions(InsertIntoHadoopFsRelationCommand.scala:244)
[2026-03-23T00:34:44.965+0000] {subprocess.py:93} INFO - 	at org.apache.spark.sql.execution.datasources.InsertIntoHadoopFsRelationCommand.run(InsertIntoHadoopFsRelationCommand.scala:136)
[2026-03-23T00:34:44.965+0000] {subprocess.py:93} INFO - 	at org.apache.spark.sql.execution.command.DataWritingCommandExec.sideEffectResult$lzycompute(commands.scala:117)
[2026-03-23T00:34:44.965+0000] {subprocess.py:93} INFO - 	at org.apache.spark.sql.execution.command.DataWritingCommandExec.sideEffectResult(commands.scala:115)
[2026-03-23T00:34:44.965+0000] {subprocess.py:93} INFO - 	at org.apache.spark.sql.execution.command.DataWritingCommandExec.executeCollect(commands.scala:129)
[2026-03-23T00:34:44.966+0000] {subprocess.py:93} INFO - 	at org.apache.spark.sql.execution.QueryExecution.$anonfun$eagerlyExecuteCommands$2(QueryExecution.scala:155)
[2026-03-23T00:34:44.966+0000] {subprocess.py:93} INFO - 	at org.apache.spark.sql.execution.SQLExecution$.$anonfun$withNewExecutionId0$8(SQLExecution.scala:163)
[2026-03-23T00:34:44.966+0000] {subprocess.py:93} INFO - 	at org.apache.spark.sql.execution.SQLExecution$.withSessionTagsApplied(SQLExecution.scala:272)
[2026-03-23T00:34:44.966+0000] {subprocess.py:93} INFO - 	at org.apache.spark.sql.execution.SQLExecution$.$anonfun$withNewExecutionId0$7(SQLExecution.scala:125)
[2026-03-23T00:34:44.967+0000] {subprocess.py:93} INFO - 	at org.apache.spark.JobArtifactSet$.withActiveJobArtifactState(JobArtifactSet.scala:94)
[2026-03-23T00:34:44.967+0000] {subprocess.py:93} INFO - 	at org.apache.spark.sql.artifact.ArtifactManager.$anonfun$withResources$1(ArtifactManager.scala:112)
[2026-03-23T00:34:44.967+0000] {subprocess.py:93} INFO - 	at org.apache.spark.sql.artifact.ArtifactManager.withClassLoaderIfNeeded(ArtifactManager.scala:106)
[2026-03-23T00:34:44.967+0000] {subprocess.py:93} INFO - 	at org.apache.spark.sql.artifact.ArtifactManager.withResources(ArtifactManager.scala:111)
[2026-03-23T00:34:44.968+0000] {subprocess.py:93} INFO - 	at org.apache.spark.sql.execution.SQLExecution$.$anonfun$withNewExecutionId0$6(SQLExecution.scala:125)
[2026-03-23T00:34:44.968+0000] {subprocess.py:93} INFO - 	at org.apache.spark.sql.execution.SQLExecution$.withSQLConfPropagated(SQLExecution.scala:295)
[2026-03-23T00:34:44.968+0000] {subprocess.py:93} INFO - 	at org.apache.spark.sql.execution.SQLExecution$.$anonfun$withNewExecutionId0$1(SQLExecution.scala:124)
[2026-03-23T00:34:44.969+0000] {subprocess.py:93} INFO - 	at org.apache.spark.sql.SparkSession.withActive(SparkSession.scala:804)
[2026-03-23T00:34:44.969+0000] {subprocess.py:93} INFO - 	at org.apache.spark.sql.execution.SQLExecution$.withNewExecutionId0(SQLExecution.scala:78)
[2026-03-23T00:34:44.969+0000] {subprocess.py:93} INFO - 	at org.apache.spark.sql.execution.SQLExecution$.withNewExecutionId(SQLExecution.scala:237)
[2026-03-23T00:34:44.969+0000] {subprocess.py:93} INFO - 	at org.apache.spark.sql.execution.QueryExecution.$anonfun$eagerlyExecuteCommands$1(QueryExecution.scala:155)
[2026-03-23T00:34:44.970+0000] {subprocess.py:93} INFO - 	at org.apache.spark.sql.execution.QueryExecution$.withInternalError(QueryExecution.scala:654)
[2026-03-23T00:34:44.970+0000] {subprocess.py:93} INFO - 	at org.apache.spark.sql.execution.QueryExecution.org$apache$spark$sql$execution$QueryExecution$$eagerlyExecute$1(QueryExecution.scala:154)
[2026-03-23T00:34:44.970+0000] {subprocess.py:93} INFO - 	at org.apache.spark.sql.execution.QueryExecution$$anonfun$eagerlyExecuteCommands$3.applyOrElse(QueryExecution.scala:169)
[2026-03-23T00:34:44.970+0000] {subprocess.py:93} INFO - 	at org.apache.spark.sql.execution.QueryExecution$$anonfun$eagerlyExecuteCommands$3.applyOrElse(QueryExecution.scala:164)
[2026-03-23T00:34:44.971+0000] {subprocess.py:93} INFO - 	at org.apache.spark.sql.catalyst.trees.TreeNode.$anonfun$transformDownWithPruning$1(TreeNode.scala:470)
[2026-03-23T00:34:44.971+0000] {subprocess.py:93} INFO - 	at org.apache.spark.sql.catalyst.trees.CurrentOrigin$.withOrigin(origin.scala:86)
[2026-03-23T00:34:44.971+0000] {subprocess.py:93} INFO - 	at org.apache.spark.sql.catalyst.trees.TreeNode.transformDownWithPruning(TreeNode.scala:470)
[2026-03-23T00:34:44.972+0000] {subprocess.py:93} INFO - 	at org.apache.spark.sql.catalyst.plans.logical.LogicalPlan.org$apache$spark$sql$catalyst$plans$logical$AnalysisHelper$$super$transformDownWithPruning(LogicalPlan.scala:37)
[2026-03-23T00:34:44.972+0000] {subprocess.py:93} INFO - 	at org.apache.spark.sql.catalyst.plans.logical.AnalysisHelper.transformDownWithPruning(AnalysisHelper.scala:360)
[2026-03-23T00:34:44.972+0000] {subprocess.py:93} INFO - 	at org.apache.spark.sql.catalyst.plans.logical.AnalysisHelper.transformDownWithPruning$(AnalysisHelper.scala:356)
[2026-03-23T00:34:44.972+0000] {subprocess.py:93} INFO - 	at org.apache.spark.sql.catalyst.plans.logical.LogicalPlan.transformDownWithPruning(LogicalPlan.scala:37)
[2026-03-23T00:34:44.973+0000] {subprocess.py:93} INFO - 	at org.apache.spark.sql.catalyst.plans.logical.LogicalPlan.transformDownWithPruning(LogicalPlan.scala:37)
[2026-03-23T00:34:44.973+0000] {subprocess.py:93} INFO - 	at org.apache.spark.sql.catalyst.trees.TreeNode.transformDown(TreeNode.scala:446)
[2026-03-23T00:34:44.973+0000] {subprocess.py:93} INFO - 	at org.apache.spark.sql.execution.QueryExecution.eagerlyExecuteCommands(QueryExecution.scala:164)
[2026-03-23T00:34:44.973+0000] {subprocess.py:93} INFO - 	at org.apache.spark.sql.execution.QueryExecution.$anonfun$lazyCommandExecuted$1(QueryExecution.scala:126)
[2026-03-23T00:34:44.974+0000] {subprocess.py:93} INFO - 	at scala.util.Try$.apply(Try.scala:217)
[2026-03-23T00:34:44.974+0000] {subprocess.py:93} INFO - 	at org.apache.spark.util.Utils$.doTryWithCallerStacktrace(Utils.scala:1378)
[2026-03-23T00:34:44.974+0000] {subprocess.py:93} INFO - 	at org.apache.spark.util.Utils$.getTryWithCallerStacktrace(Utils.scala:1439)
[2026-03-23T00:34:44.975+0000] {subprocess.py:93} INFO - 	at org.apache.spark.util.LazyTry.get(LazyTry.scala:58)
[2026-03-23T00:34:44.975+0000] {subprocess.py:93} INFO - 	at org.apache.spark.sql.execution.QueryExecution.commandExecuted(QueryExecution.scala:131)
[2026-03-23T00:34:44.975+0000] {subprocess.py:93} INFO - 	at org.apache.spark.sql.execution.QueryExecution.assertCommandExecuted(QueryExecution.scala:192)
[2026-03-23T00:34:44.976+0000] {subprocess.py:93} INFO - 	at org.apache.spark.sql.classic.DataFrameWriter.runCommand(DataFrameWriter.scala:622)
[2026-03-23T00:34:44.976+0000] {subprocess.py:93} INFO - 	at org.apache.spark.sql.classic.DataFrameWriter.saveToV1Source(DataFrameWriter.scala:273)
[2026-03-23T00:34:44.976+0000] {subprocess.py:93} INFO - 	at org.apache.spark.sql.classic.DataFrameWriter.saveInternal(DataFrameWriter.scala:241)
[2026-03-23T00:34:44.977+0000] {subprocess.py:93} INFO - 	at org.apache.spark.sql.classic.DataFrameWriter.save(DataFrameWriter.scala:118)
[2026-03-23T00:34:44.977+0000] {subprocess.py:93} INFO - 	at java.base/jdk.internal.reflect.NativeMethodAccessorImpl.invoke0(Native Method)
[2026-03-23T00:34:44.977+0000] {subprocess.py:93} INFO - 	at java.base/jdk.internal.reflect.NativeMethodAccessorImpl.invoke(NativeMethodAccessorImpl.java:77)
[2026-03-23T00:34:44.978+0000] {subprocess.py:93} INFO - 	at java.base/jdk.internal.reflect.DelegatingMethodAccessorImpl.invoke(DelegatingMethodAccessorImpl.java:43)
[2026-03-23T00:34:44.978+0000] {subprocess.py:93} INFO - 	at java.base/java.lang.reflect.Method.invoke(Method.java:569)
[2026-03-23T00:34:44.978+0000] {subprocess.py:93} INFO - 	at py4j.reflection.MethodInvoker.invoke(MethodInvoker.java:244)
[2026-03-23T00:34:44.979+0000] {subprocess.py:93} INFO - 	at py4j.reflection.ReflectionEngine.invoke(ReflectionEngine.java:374)
[2026-03-23T00:34:44.979+0000] {subprocess.py:93} INFO - 	at py4j.Gateway.invoke(Gateway.java:282)
[2026-03-23T00:34:44.979+0000] {subprocess.py:93} INFO - 	at py4j.commands.AbstractCommand.invokeMethod(AbstractCommand.java:132)
[2026-03-23T00:34:44.979+0000] {subprocess.py:93} INFO - 	at py4j.commands.CallCommand.execute(CallCommand.java:79)
[2026-03-23T00:34:44.980+0000] {subprocess.py:93} INFO - 	at py4j.ClientServerConnection.waitForCommands(ClientServerConnection.java:184)
[2026-03-23T00:34:44.980+0000] {subprocess.py:93} INFO - 	at py4j.ClientServerConnection.run(ClientServerConnection.java:108)
[2026-03-23T00:34:44.980+0000] {subprocess.py:93} INFO - 	at java.base/java.lang.Thread.run(Thread.java:840)
[2026-03-23T00:34:44.981+0000] {subprocess.py:93} INFO - 	Suppressed: org.apache.spark.util.Utils$OriginalTryStackTraceException: Full stacktrace of original doTryWithCallerStacktrace caller
[2026-03-23T00:34:44.981+0000] {subprocess.py:93} INFO - 		at org.apache.spark.sql.errors.QueryExecutionErrors$.cannotClearOutputDirectoryError(QueryExecutionErrors.scala:786)
[2026-03-23T00:34:44.981+0000] {subprocess.py:93} INFO - 		at org.apache.spark.sql.execution.datasources.InsertIntoHadoopFsRelationCommand.deleteMatchingPartitions(InsertIntoHadoopFsRelationCommand.scala:244)
[2026-03-23T00:34:44.981+0000] {subprocess.py:93} INFO - 		at org.apache.spark.sql.execution.datasources.InsertIntoHadoopFsRelationCommand.run(InsertIntoHadoopFsRelationCommand.scala:136)
[2026-03-23T00:34:44.982+0000] {subprocess.py:93} INFO - 		at org.apache.spark.sql.execution.command.DataWritingCommandExec.sideEffectResult$lzycompute(commands.scala:117)
[2026-03-23T00:34:44.982+0000] {subprocess.py:93} INFO - 		at org.apache.spark.sql.execution.command.DataWritingCommandExec.sideEffectResult(commands.scala:115)
[2026-03-23T00:34:44.982+0000] {subprocess.py:93} INFO - 		at org.apache.spark.sql.execution.command.DataWritingCommandExec.executeCollect(commands.scala:129)
[2026-03-23T00:34:44.982+0000] {subprocess.py:93} INFO - 		at org.apache.spark.sql.execution.QueryExecution.$anonfun$eagerlyExecuteCommands$2(QueryExecution.scala:155)
[2026-03-23T00:34:44.983+0000] {subprocess.py:93} INFO - 		at org.apache.spark.sql.execution.SQLExecution$.$anonfun$withNewExecutionId0$8(SQLExecution.scala:163)
[2026-03-23T00:34:44.983+0000] {subprocess.py:93} INFO - 		at org.apache.spark.sql.execution.SQLExecution$.withSessionTagsApplied(SQLExecution.scala:272)
[2026-03-23T00:34:44.983+0000] {subprocess.py:93} INFO - 		at org.apache.spark.sql.execution.SQLExecution$.$anonfun$withNewExecutionId0$7(SQLExecution.scala:125)
[2026-03-23T00:34:44.983+0000] {subprocess.py:93} INFO - 		at org.apache.spark.JobArtifactSet$.withActiveJobArtifactState(JobArtifactSet.scala:94)
[2026-03-23T00:34:44.983+0000] {subprocess.py:93} INFO - 		at org.apache.spark.sql.artifact.ArtifactManager.$anonfun$withResources$1(ArtifactManager.scala:112)
[2026-03-23T00:34:44.984+0000] {subprocess.py:93} INFO - 		at org.apache.spark.sql.artifact.ArtifactManager.withClassLoaderIfNeeded(ArtifactManager.scala:106)
[2026-03-23T00:34:44.984+0000] {subprocess.py:93} INFO - 		at org.apache.spark.sql.artifact.ArtifactManager.withResources(ArtifactManager.scala:111)
[2026-03-23T00:34:44.984+0000] {subprocess.py:93} INFO - 		at org.apache.spark.sql.execution.SQLExecution$.$anonfun$withNewExecutionId0$6(SQLExecution.scala:125)
[2026-03-23T00:34:44.984+0000] {subprocess.py:93} INFO - 		at org.apache.spark.sql.execution.SQLExecution$.withSQLConfPropagated(SQLExecution.scala:295)
[2026-03-23T00:34:44.984+0000] {subprocess.py:93} INFO - 		at org.apache.spark.sql.execution.SQLExecution$.$anonfun$withNewExecutionId0$1(SQLExecution.scala:124)
[2026-03-23T00:34:44.984+0000] {subprocess.py:93} INFO - 		at org.apache.spark.sql.SparkSession.withActive(SparkSession.scala:804)
[2026-03-23T00:34:44.985+0000] {subprocess.py:93} INFO - 		at org.apache.spark.sql.execution.SQLExecution$.withNewExecutionId0(SQLExecution.scala:78)
[2026-03-23T00:34:44.985+0000] {subprocess.py:93} INFO - 		at org.apache.spark.sql.execution.SQLExecution$.withNewExecutionId(SQLExecution.scala:237)
[2026-03-23T00:34:44.985+0000] {subprocess.py:93} INFO - 		at org.apache.spark.sql.execution.QueryExecution.$anonfun$eagerlyExecuteCommands$1(QueryExecution.scala:155)
[2026-03-23T00:34:44.985+0000] {subprocess.py:93} INFO - 		at org.apache.spark.sql.execution.QueryExecution$.withInternalError(QueryExecution.scala:654)
[2026-03-23T00:34:44.985+0000] {subprocess.py:93} INFO - 		at org.apache.spark.sql.execution.QueryExecution.org$apache$spark$sql$execution$QueryExecution$$eagerlyExecute$1(QueryExecution.scala:154)
[2026-03-23T00:34:44.985+0000] {subprocess.py:93} INFO - 		at org.apache.spark.sql.execution.QueryExecution$$anonfun$eagerlyExecuteCommands$3.applyOrElse(QueryExecution.scala:169)
[2026-03-23T00:34:44.985+0000] {subprocess.py:93} INFO - 		at org.apache.spark.sql.execution.QueryExecution$$anonfun$eagerlyExecuteCommands$3.applyOrElse(QueryExecution.scala:164)
[2026-03-23T00:34:44.986+0000] {subprocess.py:93} INFO - 		at org.apache.spark.sql.catalyst.trees.TreeNode.$anonfun$transformDownWithPruning$1(TreeNode.scala:470)
[2026-03-23T00:34:44.986+0000] {subprocess.py:93} INFO - 		at org.apache.spark.sql.catalyst.trees.CurrentOrigin$.withOrigin(origin.scala:86)
[2026-03-23T00:34:44.986+0000] {subprocess.py:93} INFO - 		at org.apache.spark.sql.catalyst.trees.TreeNode.transformDownWithPruning(TreeNode.scala:470)
[2026-03-23T00:34:44.986+0000] {subprocess.py:93} INFO - 		at org.apache.spark.sql.catalyst.plans.logical.LogicalPlan.org$apache$spark$sql$catalyst$plans$logical$AnalysisHelper$$super$transformDownWithPruning(LogicalPlan.scala:37)
[2026-03-23T00:34:44.986+0000] {subprocess.py:93} INFO - 		at org.apache.spark.sql.catalyst.plans.logical.AnalysisHelper.transformDownWithPruning(AnalysisHelper.scala:360)
[2026-03-23T00:34:44.986+0000] {subprocess.py:93} INFO - 		at org.apache.spark.sql.catalyst.plans.logical.AnalysisHelper.transformDownWithPruning$(AnalysisHelper.scala:356)
[2026-03-23T00:34:44.986+0000] {subprocess.py:93} INFO - 		at org.apache.spark.sql.catalyst.plans.logical.LogicalPlan.transformDownWithPruning(LogicalPlan.scala:37)
[2026-03-23T00:34:44.986+0000] {subprocess.py:93} INFO - 		at org.apache.spark.sql.catalyst.plans.logical.LogicalPlan.transformDownWithPruning(LogicalPlan.scala:37)
[2026-03-23T00:34:44.986+0000] {subprocess.py:93} INFO - 		at org.apache.spark.sql.catalyst.trees.TreeNode.transformDown(TreeNode.scala:446)
[2026-03-23T00:34:44.987+0000] {subprocess.py:93} INFO - 		at org.apache.spark.sql.execution.QueryExecution.eagerlyExecuteCommands(QueryExecution.scala:164)
[2026-03-23T00:34:44.987+0000] {subprocess.py:93} INFO - 		at org.apache.spark.sql.execution.QueryExecution.$anonfun$lazyCommandExecuted$1(QueryExecution.scala:126)
[2026-03-23T00:34:44.987+0000] {subprocess.py:93} INFO - 		at scala.util.Try$.apply(Try.scala:217)
[2026-03-23T00:34:44.987+0000] {subprocess.py:93} INFO - 		at org.apache.spark.util.Utils$.doTryWithCallerStacktrace(Utils.scala:1378)
[2026-03-23T00:34:44.987+0000] {subprocess.py:93} INFO - 		at org.apache.spark.util.LazyTry.tryT$lzycompute(LazyTry.scala:46)
[2026-03-23T00:34:44.987+0000] {subprocess.py:93} INFO - 		at org.apache.spark.util.LazyTry.tryT(LazyTry.scala:46)
[2026-03-23T00:34:44.987+0000] {subprocess.py:93} INFO - 		... 19 more
[2026-03-23T00:34:44.987+0000] {subprocess.py:93} INFO - Traceback (most recent call last):
[2026-03-23T00:34:44.988+0000] {subprocess.py:93} INFO -   File "/app/src/writer.py", line 49, in write_output
[2026-03-23T00:34:44.988+0000] {subprocess.py:93} INFO -     df.write.mode(sink_mode).format(sink_format).save(path)
[2026-03-23T00:34:44.988+0000] {subprocess.py:93} INFO -   File "/home/***/.local/lib/python3.9/site-packages/pyspark/sql/readwriter.py", line 1745, in save
[2026-03-23T00:34:44.988+0000] {subprocess.py:93} INFO -     self._jwrite.save(path)
[2026-03-23T00:34:44.988+0000] {subprocess.py:93} INFO -   File "/home/***/.local/lib/python3.9/site-packages/py4j/java_gateway.py", line 1362, in __call__
[2026-03-23T00:34:44.988+0000] {subprocess.py:93} INFO -     return_value = get_return_value(
[2026-03-23T00:34:44.988+0000] {subprocess.py:93} INFO -   File "/home/***/.local/lib/python3.9/site-packages/pyspark/errors/exceptions/captured.py", line 282, in deco
[2026-03-23T00:34:44.989+0000] {subprocess.py:93} INFO -     return f(*a, **kw)
[2026-03-23T00:34:44.989+0000] {subprocess.py:93} INFO -   File "/home/***/.local/lib/python3.9/site-packages/py4j/protocol.py", line 327, in get_return_value
[2026-03-23T00:34:44.989+0000] {subprocess.py:93} INFO -     raise Py4JJavaError(
[2026-03-23T00:34:44.989+0000] {subprocess.py:93} INFO - py4j.protocol.Py4JJavaError: An error occurred while calling o70.save.
[2026-03-23T00:34:44.989+0000] {subprocess.py:93} INFO - : org.apache.spark.SparkException: Unable to clear output directory file:/app/data/output/events/motor_policy prior to writing to it.
[2026-03-23T00:34:44.989+0000] {subprocess.py:93} INFO - 	at org.apache.spark.sql.errors.QueryExecutionErrors$.cannotClearOutputDirectoryError(QueryExecutionErrors.scala:786)
[2026-03-23T00:34:44.989+0000] {subprocess.py:93} INFO - 	at org.apache.spark.sql.execution.datasources.InsertIntoHadoopFsRelationCommand.deleteMatchingPartitions(InsertIntoHadoopFsRelationCommand.scala:244)
[2026-03-23T00:34:44.990+0000] {subprocess.py:93} INFO - 	at org.apache.spark.sql.execution.datasources.InsertIntoHadoopFsRelationCommand.run(InsertIntoHadoopFsRelationCommand.scala:136)
[2026-03-23T00:34:44.990+0000] {subprocess.py:93} INFO - 	at org.apache.spark.sql.execution.command.DataWritingCommandExec.sideEffectResult$lzycompute(commands.scala:117)
[2026-03-23T00:34:44.990+0000] {subprocess.py:93} INFO - 	at org.apache.spark.sql.execution.command.DataWritingCommandExec.sideEffectResult(commands.scala:115)
[2026-03-23T00:34:44.990+0000] {subprocess.py:93} INFO - 	at org.apache.spark.sql.execution.command.DataWritingCommandExec.executeCollect(commands.scala:129)
[2026-03-23T00:34:44.991+0000] {subprocess.py:93} INFO - 	at org.apache.spark.sql.execution.QueryExecution.$anonfun$eagerlyExecuteCommands$2(QueryExecution.scala:155)
[2026-03-23T00:34:44.991+0000] {subprocess.py:93} INFO - 	at org.apache.spark.sql.execution.SQLExecution$.$anonfun$withNewExecutionId0$8(SQLExecution.scala:163)
[2026-03-23T00:34:44.991+0000] {subprocess.py:93} INFO - 	at org.apache.spark.sql.execution.SQLExecution$.withSessionTagsApplied(SQLExecution.scala:272)
[2026-03-23T00:34:44.991+0000] {subprocess.py:93} INFO - 	at org.apache.spark.sql.execution.SQLExecution$.$anonfun$withNewExecutionId0$7(SQLExecution.scala:125)
[2026-03-23T00:34:44.991+0000] {subprocess.py:93} INFO - 	at org.apache.spark.JobArtifactSet$.withActiveJobArtifactState(JobArtifactSet.scala:94)
[2026-03-23T00:34:44.992+0000] {subprocess.py:93} INFO - 	at org.apache.spark.sql.artifact.ArtifactManager.$anonfun$withResources$1(ArtifactManager.scala:112)
[2026-03-23T00:34:44.992+0000] {subprocess.py:93} INFO - 	at org.apache.spark.sql.artifact.ArtifactManager.withClassLoaderIfNeeded(ArtifactManager.scala:106)
[2026-03-23T00:34:44.992+0000] {subprocess.py:93} INFO - 	at org.apache.spark.sql.artifact.ArtifactManager.withResources(ArtifactManager.scala:111)
[2026-03-23T00:34:44.992+0000] {subprocess.py:93} INFO - 	at org.apache.spark.sql.execution.SQLExecution$.$anonfun$withNewExecutionId0$6(SQLExecution.scala:125)
[2026-03-23T00:34:44.992+0000] {subprocess.py:93} INFO - 	at org.apache.spark.sql.execution.SQLExecution$.withSQLConfPropagated(SQLExecution.scala:295)
[2026-03-23T00:34:44.992+0000] {subprocess.py:93} INFO - 	at org.apache.spark.sql.execution.SQLExecution$.$anonfun$withNewExecutionId0$1(SQLExecution.scala:124)
[2026-03-23T00:34:44.993+0000] {subprocess.py:93} INFO - 	at org.apache.spark.sql.SparkSession.withActive(SparkSession.scala:804)
[2026-03-23T00:34:44.993+0000] {subprocess.py:93} INFO - 	at org.apache.spark.sql.execution.SQLExecution$.withNewExecutionId0(SQLExecution.scala:78)
[2026-03-23T00:34:44.993+0000] {subprocess.py:93} INFO - 	at org.apache.spark.sql.execution.SQLExecution$.withNewExecutionId(SQLExecution.scala:237)
[2026-03-23T00:34:44.993+0000] {subprocess.py:93} INFO - 	at org.apache.spark.sql.execution.QueryExecution.$anonfun$eagerlyExecuteCommands$1(QueryExecution.scala:155)
[2026-03-23T00:34:44.993+0000] {subprocess.py:93} INFO - 	at org.apache.spark.sql.execution.QueryExecution$.withInternalError(QueryExecution.scala:654)
[2026-03-23T00:34:44.993+0000] {subprocess.py:93} INFO - 	at org.apache.spark.sql.execution.QueryExecution.org$apache$spark$sql$execution$QueryExecution$$eagerlyExecute$1(QueryExecution.scala:154)
[2026-03-23T00:34:44.993+0000] {subprocess.py:93} INFO - 	at org.apache.spark.sql.execution.QueryExecution$$anonfun$eagerlyExecuteCommands$3.applyOrElse(QueryExecution.scala:169)
[2026-03-23T00:34:44.994+0000] {subprocess.py:93} INFO - 	at org.apache.spark.sql.execution.QueryExecution$$anonfun$eagerlyExecuteCommands$3.applyOrElse(QueryExecution.scala:164)
[2026-03-23T00:34:44.994+0000] {subprocess.py:93} INFO - 	at org.apache.spark.sql.catalyst.trees.TreeNode.$anonfun$transformDownWithPruning$1(TreeNode.scala:470)
[2026-03-23T00:34:44.994+0000] {subprocess.py:93} INFO - 	at org.apache.spark.sql.catalyst.trees.CurrentOrigin$.withOrigin(origin.scala:86)
[2026-03-23T00:34:44.994+0000] {subprocess.py:93} INFO - 	at org.apache.spark.sql.catalyst.trees.TreeNode.transformDownWithPruning(TreeNode.scala:470)
[2026-03-23T00:34:44.994+0000] {subprocess.py:93} INFO - 	at org.apache.spark.sql.catalyst.plans.logical.LogicalPlan.org$apache$spark$sql$catalyst$plans$logical$AnalysisHelper$$super$transformDownWithPruning(LogicalPlan.scala:37)
[2026-03-23T00:34:44.995+0000] {subprocess.py:93} INFO - 	at org.apache.spark.sql.catalyst.plans.logical.AnalysisHelper.transformDownWithPruning(AnalysisHelper.scala:360)
[2026-03-23T00:34:44.995+0000] {subprocess.py:93} INFO - 	at org.apache.spark.sql.catalyst.plans.logical.AnalysisHelper.transformDownWithPruning$(AnalysisHelper.scala:356)
[2026-03-23T00:34:44.995+0000] {subprocess.py:93} INFO - 	at org.apache.spark.sql.catalyst.plans.logical.LogicalPlan.transformDownWithPruning(LogicalPlan.scala:37)
[2026-03-23T00:34:44.995+0000] {subprocess.py:93} INFO - 	at org.apache.spark.sql.catalyst.plans.logical.LogicalPlan.transformDownWithPruning(LogicalPlan.scala:37)
[2026-03-23T00:34:44.995+0000] {subprocess.py:93} INFO - 	at org.apache.spark.sql.catalyst.trees.TreeNode.transformDown(TreeNode.scala:446)
[2026-03-23T00:34:44.995+0000] {subprocess.py:93} INFO - 	at org.apache.spark.sql.execution.QueryExecution.eagerlyExecuteCommands(QueryExecution.scala:164)
[2026-03-23T00:34:44.996+0000] {subprocess.py:93} INFO - 	at org.apache.spark.sql.execution.QueryExecution.$anonfun$lazyCommandExecuted$1(QueryExecution.scala:126)
[2026-03-23T00:34:44.996+0000] {subprocess.py:93} INFO - 	at scala.util.Try$.apply(Try.scala:217)
[2026-03-23T00:34:44.996+0000] {subprocess.py:93} INFO - 	at org.apache.spark.util.Utils$.doTryWithCallerStacktrace(Utils.scala:1378)
[2026-03-23T00:34:44.996+0000] {subprocess.py:93} INFO - 	at org.apache.spark.util.Utils$.getTryWithCallerStacktrace(Utils.scala:1439)
[2026-03-23T00:34:44.996+0000] {subprocess.py:93} INFO - 	at org.apache.spark.util.LazyTry.get(LazyTry.scala:58)
[2026-03-23T00:34:44.996+0000] {subprocess.py:93} INFO - 	at org.apache.spark.sql.execution.QueryExecution.commandExecuted(QueryExecution.scala:131)
[2026-03-23T00:34:44.997+0000] {subprocess.py:93} INFO - 	at org.apache.spark.sql.execution.QueryExecution.assertCommandExecuted(QueryExecution.scala:192)
[2026-03-23T00:34:44.997+0000] {subprocess.py:93} INFO - 	at org.apache.spark.sql.classic.DataFrameWriter.runCommand(DataFrameWriter.scala:622)
[2026-03-23T00:34:44.997+0000] {subprocess.py:93} INFO - 	at org.apache.spark.sql.classic.DataFrameWriter.saveToV1Source(DataFrameWriter.scala:273)
[2026-03-23T00:34:44.997+0000] {subprocess.py:93} INFO - 	at org.apache.spark.sql.classic.DataFrameWriter.saveInternal(DataFrameWriter.scala:241)
[2026-03-23T00:34:44.997+0000] {subprocess.py:93} INFO - 	at org.apache.spark.sql.classic.DataFrameWriter.save(DataFrameWriter.scala:118)
[2026-03-23T00:34:44.998+0000] {subprocess.py:93} INFO - 	at java.base/jdk.internal.reflect.NativeMethodAccessorImpl.invoke0(Native Method)
[2026-03-23T00:34:44.998+0000] {subprocess.py:93} INFO - 	at java.base/jdk.internal.reflect.NativeMethodAccessorImpl.invoke(NativeMethodAccessorImpl.java:77)
[2026-03-23T00:34:44.998+0000] {subprocess.py:93} INFO - 	at java.base/jdk.internal.reflect.DelegatingMethodAccessorImpl.invoke(DelegatingMethodAccessorImpl.java:43)
[2026-03-23T00:34:44.998+0000] {subprocess.py:93} INFO - 	at java.base/java.lang.reflect.Method.invoke(Method.java:569)
[2026-03-23T00:34:44.998+0000] {subprocess.py:93} INFO - 	at py4j.reflection.MethodInvoker.invoke(MethodInvoker.java:244)
[2026-03-23T00:34:44.999+0000] {subprocess.py:93} INFO - 	at py4j.reflection.ReflectionEngine.invoke(ReflectionEngine.java:374)
[2026-03-23T00:34:44.999+0000] {subprocess.py:93} INFO - 	at py4j.Gateway.invoke(Gateway.java:282)
[2026-03-23T00:34:44.999+0000] {subprocess.py:93} INFO - 	at py4j.commands.AbstractCommand.invokeMethod(AbstractCommand.java:132)
[2026-03-23T00:34:44.999+0000] {subprocess.py:93} INFO - 	at py4j.commands.CallCommand.execute(CallCommand.java:79)
[2026-03-23T00:34:44.999+0000] {subprocess.py:93} INFO - 	at py4j.ClientServerConnection.waitForCommands(ClientServerConnection.java:184)
[2026-03-23T00:34:45.000+0000] {subprocess.py:93} INFO - 	at py4j.ClientServerConnection.run(ClientServerConnection.java:108)
[2026-03-23T00:34:45.000+0000] {subprocess.py:93} INFO - 	at java.base/java.lang.Thread.run(Thread.java:840)
[2026-03-23T00:34:45.000+0000] {subprocess.py:93} INFO - 	Suppressed: org.apache.spark.util.Utils$OriginalTryStackTraceException: Full stacktrace of original doTryWithCallerStacktrace caller
[2026-03-23T00:34:45.000+0000] {subprocess.py:93} INFO - 		at org.apache.spark.sql.errors.QueryExecutionErrors$.cannotClearOutputDirectoryError(QueryExecutionErrors.scala:786)
[2026-03-23T00:34:45.000+0000] {subprocess.py:93} INFO - 		at org.apache.spark.sql.execution.datasources.InsertIntoHadoopFsRelationCommand.deleteMatchingPartitions(InsertIntoHadoopFsRelationCommand.scala:244)
[2026-03-23T00:34:45.001+0000] {subprocess.py:93} INFO - 		at org.apache.spark.sql.execution.datasources.InsertIntoHadoopFsRelationCommand.run(InsertIntoHadoopFsRelationCommand.scala:136)
[2026-03-23T00:34:45.001+0000] {subprocess.py:93} INFO - 		at org.apache.spark.sql.execution.command.DataWritingCommandExec.sideEffectResult$lzycompute(commands.scala:117)
[2026-03-23T00:34:45.001+0000] {subprocess.py:93} INFO - 		at org.apache.spark.sql.execution.command.DataWritingCommandExec.sideEffectResult(commands.scala:115)
[2026-03-23T00:34:45.001+0000] {subprocess.py:93} INFO - 		at org.apache.spark.sql.execution.command.DataWritingCommandExec.executeCollect(commands.scala:129)
[2026-03-23T00:34:45.001+0000] {subprocess.py:93} INFO - 		at org.apache.spark.sql.execution.QueryExecution.$anonfun$eagerlyExecuteCommands$2(QueryExecution.scala:155)
[2026-03-23T00:34:45.001+0000] {subprocess.py:93} INFO - 		at org.apache.spark.sql.execution.SQLExecution$.$anonfun$withNewExecutionId0$8(SQLExecution.scala:163)
[2026-03-23T00:34:45.002+0000] {subprocess.py:93} INFO - 		at org.apache.spark.sql.execution.SQLExecution$.withSessionTagsApplied(SQLExecution.scala:272)
[2026-03-23T00:34:45.002+0000] {subprocess.py:93} INFO - 		at org.apache.spark.sql.execution.SQLExecution$.$anonfun$withNewExecutionId0$7(SQLExecution.scala:125)
[2026-03-23T00:34:45.002+0000] {subprocess.py:93} INFO - 		at org.apache.spark.JobArtifactSet$.withActiveJobArtifactState(JobArtifactSet.scala:94)
[2026-03-23T00:34:45.002+0000] {subprocess.py:93} INFO - 		at org.apache.spark.sql.artifact.ArtifactManager.$anonfun$withResources$1(ArtifactManager.scala:112)
[2026-03-23T00:34:45.003+0000] {subprocess.py:93} INFO - 		at org.apache.spark.sql.artifact.ArtifactManager.withClassLoaderIfNeeded(ArtifactManager.scala:106)
[2026-03-23T00:34:45.003+0000] {subprocess.py:93} INFO - 		at org.apache.spark.sql.artifact.ArtifactManager.withResources(ArtifactManager.scala:111)
[2026-03-23T00:34:45.003+0000] {subprocess.py:93} INFO - 		at org.apache.spark.sql.execution.SQLExecution$.$anonfun$withNewExecutionId0$6(SQLExecution.scala:125)
[2026-03-23T00:34:45.003+0000] {subprocess.py:93} INFO - 		at org.apache.spark.sql.execution.SQLExecution$.withSQLConfPropagated(SQLExecution.scala:295)
[2026-03-23T00:34:45.003+0000] {subprocess.py:93} INFO - 		at org.apache.spark.sql.execution.SQLExecution$.$anonfun$withNewExecutionId0$1(SQLExecution.scala:124)
[2026-03-23T00:34:45.004+0000] {subprocess.py:93} INFO - 		at org.apache.spark.sql.SparkSession.withActive(SparkSession.scala:804)
[2026-03-23T00:34:45.004+0000] {subprocess.py:93} INFO - 		at org.apache.spark.sql.execution.SQLExecution$.withNewExecutionId0(SQLExecution.scala:78)
[2026-03-23T00:34:45.004+0000] {subprocess.py:93} INFO - 		at org.apache.spark.sql.execution.SQLExecution$.withNewExecutionId(SQLExecution.scala:237)
[2026-03-23T00:34:45.004+0000] {subprocess.py:93} INFO - 		at org.apache.spark.sql.execution.QueryExecution.$anonfun$eagerlyExecuteCommands$1(QueryExecution.scala:155)
[2026-03-23T00:34:45.004+0000] {subprocess.py:93} INFO - 		at org.apache.spark.sql.execution.QueryExecution$.withInternalError(QueryExecution.scala:654)
[2026-03-23T00:34:45.004+0000] {subprocess.py:93} INFO - 		at org.apache.spark.sql.execution.QueryExecution.org$apache$spark$sql$execution$QueryExecution$$eagerlyExecute$1(QueryExecution.scala:154)
[2026-03-23T00:34:45.005+0000] {subprocess.py:93} INFO - 		at org.apache.spark.sql.execution.QueryExecution$$anonfun$eagerlyExecuteCommands$3.applyOrElse(QueryExecution.scala:169)
[2026-03-23T00:34:45.005+0000] {subprocess.py:93} INFO - 		at org.apache.spark.sql.execution.QueryExecution$$anonfun$eagerlyExecuteCommands$3.applyOrElse(QueryExecution.scala:164)
[2026-03-23T00:34:45.005+0000] {subprocess.py:93} INFO - 		at org.apache.spark.sql.catalyst.trees.TreeNode.$anonfun$transformDownWithPruning$1(TreeNode.scala:470)
[2026-03-23T00:34:45.005+0000] {subprocess.py:93} INFO - 		at org.apache.spark.sql.catalyst.trees.CurrentOrigin$.withOrigin(origin.scala:86)
[2026-03-23T00:34:45.006+0000] {subprocess.py:93} INFO - 		at org.apache.spark.sql.catalyst.trees.TreeNode.transformDownWithPruning(TreeNode.scala:470)
[2026-03-23T00:34:45.006+0000] {subprocess.py:93} INFO - 		at org.apache.spark.sql.catalyst.plans.logical.LogicalPlan.org$apache$spark$sql$catalyst$plans$logical$AnalysisHelper$$super$transformDownWithPruning(LogicalPlan.scala:37)
[2026-03-23T00:34:45.006+0000] {subprocess.py:93} INFO - 		at org.apache.spark.sql.catalyst.plans.logical.AnalysisHelper.transformDownWithPruning(AnalysisHelper.scala:360)
[2026-03-23T00:34:45.007+0000] {subprocess.py:93} INFO - 		at org.apache.spark.sql.catalyst.plans.logical.AnalysisHelper.transformDownWithPruning$(AnalysisHelper.scala:356)
[2026-03-23T00:34:45.007+0000] {subprocess.py:93} INFO - 		at org.apache.spark.sql.catalyst.plans.logical.LogicalPlan.transformDownWithPruning(LogicalPlan.scala:37)
[2026-03-23T00:34:45.007+0000] {subprocess.py:93} INFO - 		at org.apache.spark.sql.catalyst.plans.logical.LogicalPlan.transformDownWithPruning(LogicalPlan.scala:37)
[2026-03-23T00:34:45.007+0000] {subprocess.py:93} INFO - 		at org.apache.spark.sql.catalyst.trees.TreeNode.transformDown(TreeNode.scala:446)
[2026-03-23T00:34:45.008+0000] {subprocess.py:93} INFO - 		at org.apache.spark.sql.execution.QueryExecution.eagerlyExecuteCommands(QueryExecution.scala:164)
[2026-03-23T00:34:45.008+0000] {subprocess.py:93} INFO - 		at org.apache.spark.sql.execution.QueryExecution.$anonfun$lazyCommandExecuted$1(QueryExecution.scala:126)
[2026-03-23T00:34:45.008+0000] {subprocess.py:93} INFO - 		at scala.util.Try$.apply(Try.scala:217)
[2026-03-23T00:34:45.008+0000] {subprocess.py:93} INFO - 		at org.apache.spark.util.Utils$.doTryWithCallerStacktrace(Utils.scala:1378)
[2026-03-23T00:34:45.009+0000] {subprocess.py:93} INFO - 		at org.apache.spark.util.LazyTry.tryT$lzycompute(LazyTry.scala:46)
[2026-03-23T00:34:45.009+0000] {subprocess.py:93} INFO - 		at org.apache.spark.util.LazyTry.tryT(LazyTry.scala:46)
[2026-03-23T00:34:45.009+0000] {subprocess.py:93} INFO - 		... 19 more
[2026-03-23T00:34:45.009+0000] {subprocess.py:93} INFO - 
[2026-03-23T00:34:45.010+0000] {subprocess.py:93} INFO - 
[2026-03-23T00:34:45.010+0000] {subprocess.py:93} INFO - During handling of the above exception, another exception occurred:
[2026-03-23T00:34:45.010+0000] {subprocess.py:93} INFO - 
[2026-03-23T00:34:45.010+0000] {subprocess.py:93} INFO - Traceback (most recent call last):
[2026-03-23T00:34:45.010+0000] {subprocess.py:93} INFO -   File "/app/src/writer.py", line 63, in write_output
[2026-03-23T00:34:45.011+0000] {subprocess.py:93} INFO -     df.write.mode(sink_mode).format(sink_format).save(path)
[2026-03-23T00:34:45.011+0000] {subprocess.py:93} INFO -   File "/home/***/.local/lib/python3.9/site-packages/pyspark/sql/readwriter.py", line 1745, in save
[2026-03-23T00:34:45.011+0000] {subprocess.py:93} INFO -     self._jwrite.save(path)
[2026-03-23T00:34:45.011+0000] {subprocess.py:93} INFO -   File "/home/***/.local/lib/python3.9/site-packages/py4j/java_gateway.py", line 1362, in __call__
[2026-03-23T00:34:45.011+0000] {subprocess.py:93} INFO -     return_value = get_return_value(
[2026-03-23T00:34:45.012+0000] {subprocess.py:93} INFO -   File "/home/***/.local/lib/python3.9/site-packages/pyspark/errors/exceptions/captured.py", line 282, in deco
[2026-03-23T00:34:45.012+0000] {subprocess.py:93} INFO -     return f(*a, **kw)
[2026-03-23T00:34:45.012+0000] {subprocess.py:93} INFO -   File "/home/***/.local/lib/python3.9/site-packages/py4j/protocol.py", line 327, in get_return_value
[2026-03-23T00:34:45.012+0000] {subprocess.py:93} INFO -     raise Py4JJavaError(
[2026-03-23T00:34:45.012+0000] {subprocess.py:93} INFO - py4j.protocol.Py4JJavaError: An error occurred while calling o74.save.
[2026-03-23T00:34:45.012+0000] {subprocess.py:93} INFO - : org.apache.spark.SparkException: Unable to clear output directory file:/app/data/output/events/motor_policy prior to writing to it.
[2026-03-23T00:34:45.012+0000] {subprocess.py:93} INFO - 	at org.apache.spark.sql.errors.QueryExecutionErrors$.cannotClearOutputDirectoryError(QueryExecutionErrors.scala:786)
[2026-03-23T00:34:45.013+0000] {subprocess.py:93} INFO - 	at org.apache.spark.sql.execution.datasources.InsertIntoHadoopFsRelationCommand.deleteMatchingPartitions(InsertIntoHadoopFsRelationCommand.scala:244)
[2026-03-23T00:34:45.013+0000] {subprocess.py:93} INFO - 	at org.apache.spark.sql.execution.datasources.InsertIntoHadoopFsRelationCommand.run(InsertIntoHadoopFsRelationCommand.scala:136)
[2026-03-23T00:34:45.013+0000] {subprocess.py:93} INFO - 	at org.apache.spark.sql.execution.command.DataWritingCommandExec.sideEffectResult$lzycompute(commands.scala:117)
[2026-03-23T00:34:45.013+0000] {subprocess.py:93} INFO - 	at org.apache.spark.sql.execution.command.DataWritingCommandExec.sideEffectResult(commands.scala:115)
[2026-03-23T00:34:45.013+0000] {subprocess.py:93} INFO - 	at org.apache.spark.sql.execution.command.DataWritingCommandExec.executeCollect(commands.scala:129)
[2026-03-23T00:34:45.013+0000] {subprocess.py:93} INFO - 	at org.apache.spark.sql.execution.QueryExecution.$anonfun$eagerlyExecuteCommands$2(QueryExecution.scala:155)
[2026-03-23T00:34:45.013+0000] {subprocess.py:93} INFO - 	at org.apache.spark.sql.execution.SQLExecution$.$anonfun$withNewExecutionId0$8(SQLExecution.scala:163)
[2026-03-23T00:34:45.014+0000] {subprocess.py:93} INFO - 	at org.apache.spark.sql.execution.SQLExecution$.withSessionTagsApplied(SQLExecution.scala:272)
[2026-03-23T00:34:45.014+0000] {subprocess.py:93} INFO - 	at org.apache.spark.sql.execution.SQLExecution$.$anonfun$withNewExecutionId0$7(SQLExecution.scala:125)
[2026-03-23T00:34:45.014+0000] {subprocess.py:93} INFO - 	at org.apache.spark.JobArtifactSet$.withActiveJobArtifactState(JobArtifactSet.scala:94)
[2026-03-23T00:34:45.014+0000] {subprocess.py:93} INFO - 	at org.apache.spark.sql.artifact.ArtifactManager.$anonfun$withResources$1(ArtifactManager.scala:112)
[2026-03-23T00:34:45.015+0000] {subprocess.py:93} INFO - 	at org.apache.spark.sql.artifact.ArtifactManager.withClassLoaderIfNeeded(ArtifactManager.scala:106)
[2026-03-23T00:34:45.015+0000] {subprocess.py:93} INFO - 	at org.apache.spark.sql.artifact.ArtifactManager.withResources(ArtifactManager.scala:111)
[2026-03-23T00:34:45.015+0000] {subprocess.py:93} INFO - 	at org.apache.spark.sql.execution.SQLExecution$.$anonfun$withNewExecutionId0$6(SQLExecution.scala:125)
[2026-03-23T00:34:45.015+0000] {subprocess.py:93} INFO - 	at org.apache.spark.sql.execution.SQLExecution$.withSQLConfPropagated(SQLExecution.scala:295)
[2026-03-23T00:34:45.016+0000] {subprocess.py:93} INFO - 	at org.apache.spark.sql.execution.SQLExecution$.$anonfun$withNewExecutionId0$1(SQLExecution.scala:124)
[2026-03-23T00:34:45.016+0000] {subprocess.py:93} INFO - 	at org.apache.spark.sql.SparkSession.withActive(SparkSession.scala:804)
[2026-03-23T00:34:45.016+0000] {subprocess.py:93} INFO - 	at org.apache.spark.sql.execution.SQLExecution$.withNewExecutionId0(SQLExecution.scala:78)
[2026-03-23T00:34:45.016+0000] {subprocess.py:93} INFO - 	at org.apache.spark.sql.execution.SQLExecution$.withNewExecutionId(SQLExecution.scala:237)
[2026-03-23T00:34:45.016+0000] {subprocess.py:93} INFO - 	at org.apache.spark.sql.execution.QueryExecution.$anonfun$eagerlyExecuteCommands$1(QueryExecution.scala:155)
[2026-03-23T00:34:45.017+0000] {subprocess.py:93} INFO - 	at org.apache.spark.sql.execution.QueryExecution$.withInternalError(QueryExecution.scala:654)
[2026-03-23T00:34:45.017+0000] {subprocess.py:93} INFO - 	at org.apache.spark.sql.execution.QueryExecution.org$apache$spark$sql$execution$QueryExecution$$eagerlyExecute$1(QueryExecution.scala:154)
[2026-03-23T00:34:45.017+0000] {subprocess.py:93} INFO - 	at org.apache.spark.sql.execution.QueryExecution$$anonfun$eagerlyExecuteCommands$3.applyOrElse(QueryExecution.scala:169)
[2026-03-23T00:34:45.017+0000] {subprocess.py:93} INFO - 	at org.apache.spark.sql.execution.QueryExecution$$anonfun$eagerlyExecuteCommands$3.applyOrElse(QueryExecution.scala:164)
[2026-03-23T00:34:45.017+0000] {subprocess.py:93} INFO - 	at org.apache.spark.sql.catalyst.trees.TreeNode.$anonfun$transformDownWithPruning$1(TreeNode.scala:470)
[2026-03-23T00:34:45.018+0000] {subprocess.py:93} INFO - 	at org.apache.spark.sql.catalyst.trees.CurrentOrigin$.withOrigin(origin.scala:86)
[2026-03-23T00:34:45.018+0000] {subprocess.py:93} INFO - 	at org.apache.spark.sql.catalyst.trees.TreeNode.transformDownWithPruning(TreeNode.scala:470)
[2026-03-23T00:34:45.018+0000] {subprocess.py:93} INFO - 	at org.apache.spark.sql.catalyst.plans.logical.LogicalPlan.org$apache$spark$sql$catalyst$plans$logical$AnalysisHelper$$super$transformDownWithPruning(LogicalPlan.scala:37)
[2026-03-23T00:34:45.018+0000] {subprocess.py:93} INFO - 	at org.apache.spark.sql.catalyst.plans.logical.AnalysisHelper.transformDownWithPruning(AnalysisHelper.scala:360)
[2026-03-23T00:34:45.018+0000] {subprocess.py:93} INFO - 	at org.apache.spark.sql.catalyst.plans.logical.AnalysisHelper.transformDownWithPruning$(AnalysisHelper.scala:356)
[2026-03-23T00:34:45.019+0000] {subprocess.py:93} INFO - 	at org.apache.spark.sql.catalyst.plans.logical.LogicalPlan.transformDownWithPruning(LogicalPlan.scala:37)
[2026-03-23T00:34:45.019+0000] {subprocess.py:93} INFO - 	at org.apache.spark.sql.catalyst.plans.logical.LogicalPlan.transformDownWithPruning(LogicalPlan.scala:37)
[2026-03-23T00:34:45.019+0000] {subprocess.py:93} INFO - 	at org.apache.spark.sql.catalyst.trees.TreeNode.transformDown(TreeNode.scala:446)
[2026-03-23T00:34:45.019+0000] {subprocess.py:93} INFO - 	at org.apache.spark.sql.execution.QueryExecution.eagerlyExecuteCommands(QueryExecution.scala:164)
[2026-03-23T00:34:45.020+0000] {subprocess.py:93} INFO - 	at org.apache.spark.sql.execution.QueryExecution.$anonfun$lazyCommandExecuted$1(QueryExecution.scala:126)
[2026-03-23T00:34:45.020+0000] {subprocess.py:93} INFO - 	at scala.util.Try$.apply(Try.scala:217)
[2026-03-23T00:34:45.020+0000] {subprocess.py:93} INFO - 	at org.apache.spark.util.Utils$.doTryWithCallerStacktrace(Utils.scala:1378)
[2026-03-23T00:34:45.020+0000] {subprocess.py:93} INFO - 	at org.apache.spark.util.Utils$.getTryWithCallerStacktrace(Utils.scala:1439)
[2026-03-23T00:34:45.021+0000] {subprocess.py:93} INFO - 	at org.apache.spark.util.LazyTry.get(LazyTry.scala:58)
[2026-03-23T00:34:45.021+0000] {subprocess.py:93} INFO - 	at org.apache.spark.sql.execution.QueryExecution.commandExecuted(QueryExecution.scala:131)
[2026-03-23T00:34:45.021+0000] {subprocess.py:93} INFO - 	at org.apache.spark.sql.execution.QueryExecution.assertCommandExecuted(QueryExecution.scala:192)
[2026-03-23T00:34:45.021+0000] {subprocess.py:93} INFO - 	at org.apache.spark.sql.classic.DataFrameWriter.runCommand(DataFrameWriter.scala:622)
[2026-03-23T00:34:45.021+0000] {subprocess.py:93} INFO - 	at org.apache.spark.sql.classic.DataFrameWriter.saveToV1Source(DataFrameWriter.scala:273)
[2026-03-23T00:34:45.022+0000] {subprocess.py:93} INFO - 	at org.apache.spark.sql.classic.DataFrameWriter.saveInternal(DataFrameWriter.scala:241)
[2026-03-23T00:34:45.022+0000] {subprocess.py:93} INFO - 	at org.apache.spark.sql.classic.DataFrameWriter.save(DataFrameWriter.scala:118)
[2026-03-23T00:34:45.022+0000] {subprocess.py:93} INFO - 	at java.base/jdk.internal.reflect.NativeMethodAccessorImpl.invoke0(Native Method)
[2026-03-23T00:34:45.022+0000] {subprocess.py:93} INFO - 	at java.base/jdk.internal.reflect.NativeMethodAccessorImpl.invoke(NativeMethodAccessorImpl.java:77)
[2026-03-23T00:34:45.022+0000] {subprocess.py:93} INFO - 	at java.base/jdk.internal.reflect.DelegatingMethodAccessorImpl.invoke(DelegatingMethodAccessorImpl.java:43)
[2026-03-23T00:34:45.022+0000] {subprocess.py:93} INFO - 	at java.base/java.lang.reflect.Method.invoke(Method.java:569)
[2026-03-23T00:34:45.022+0000] {subprocess.py:93} INFO - 	at py4j.reflection.MethodInvoker.invoke(MethodInvoker.java:244)
[2026-03-23T00:34:45.022+0000] {subprocess.py:93} INFO - 	at py4j.reflection.ReflectionEngine.invoke(ReflectionEngine.java:374)
[2026-03-23T00:34:45.023+0000] {subprocess.py:93} INFO - 	at py4j.Gateway.invoke(Gateway.java:282)
[2026-03-23T00:34:45.023+0000] {subprocess.py:93} INFO - 	at py4j.commands.AbstractCommand.invokeMethod(AbstractCommand.java:132)
[2026-03-23T00:34:45.023+0000] {subprocess.py:93} INFO - 	at py4j.commands.CallCommand.execute(CallCommand.java:79)
[2026-03-23T00:34:45.023+0000] {subprocess.py:93} INFO - 	at py4j.ClientServerConnection.waitForCommands(ClientServerConnection.java:184)
[2026-03-23T00:34:45.023+0000] {subprocess.py:93} INFO - 	at py4j.ClientServerConnection.run(ClientServerConnection.java:108)
[2026-03-23T00:34:45.023+0000] {subprocess.py:93} INFO - 	at java.base/java.lang.Thread.run(Thread.java:840)
[2026-03-23T00:34:45.023+0000] {subprocess.py:93} INFO - 	Suppressed: org.apache.spark.util.Utils$OriginalTryStackTraceException: Full stacktrace of original doTryWithCallerStacktrace caller
[2026-03-23T00:34:45.026+0000] {subprocess.py:93} INFO - 		at org.apache.spark.sql.errors.QueryExecutionErrors$.cannotClearOutputDirectoryError(QueryExecutionErrors.scala:786)
[2026-03-23T00:34:45.026+0000] {subprocess.py:93} INFO - 		at org.apache.spark.sql.execution.datasources.InsertIntoHadoopFsRelationCommand.deleteMatchingPartitions(InsertIntoHadoopFsRelationCommand.scala:244)
[2026-03-23T00:34:45.026+0000] {subprocess.py:93} INFO - 		at org.apache.spark.sql.execution.datasources.InsertIntoHadoopFsRelationCommand.run(InsertIntoHadoopFsRelationCommand.scala:136)
[2026-03-23T00:34:45.027+0000] {subprocess.py:93} INFO - 		at org.apache.spark.sql.execution.command.DataWritingCommandExec.sideEffectResult$lzycompute(commands.scala:117)
[2026-03-23T00:34:45.027+0000] {subprocess.py:93} INFO - 		at org.apache.spark.sql.execution.command.DataWritingCommandExec.sideEffectResult(commands.scala:115)
[2026-03-23T00:34:45.027+0000] {subprocess.py:93} INFO - 		at org.apache.spark.sql.execution.command.DataWritingCommandExec.executeCollect(commands.scala:129)
[2026-03-23T00:34:45.027+0000] {subprocess.py:93} INFO - 		at org.apache.spark.sql.execution.QueryExecution.$anonfun$eagerlyExecuteCommands$2(QueryExecution.scala:155)
[2026-03-23T00:34:45.028+0000] {subprocess.py:93} INFO - 		at org.apache.spark.sql.execution.SQLExecution$.$anonfun$withNewExecutionId0$8(SQLExecution.scala:163)
[2026-03-23T00:34:45.028+0000] {subprocess.py:93} INFO - 		at org.apache.spark.sql.execution.SQLExecution$.withSessionTagsApplied(SQLExecution.scala:272)
[2026-03-23T00:34:45.028+0000] {subprocess.py:93} INFO - 		at org.apache.spark.sql.execution.SQLExecution$.$anonfun$withNewExecutionId0$7(SQLExecution.scala:125)
[2026-03-23T00:34:45.028+0000] {subprocess.py:93} INFO - 		at org.apache.spark.JobArtifactSet$.withActiveJobArtifactState(JobArtifactSet.scala:94)
[2026-03-23T00:34:45.028+0000] {subprocess.py:93} INFO - 		at org.apache.spark.sql.artifact.ArtifactManager.$anonfun$withResources$1(ArtifactManager.scala:112)
[2026-03-23T00:34:45.029+0000] {subprocess.py:93} INFO - 		at org.apache.spark.sql.artifact.ArtifactManager.withClassLoaderIfNeeded(ArtifactManager.scala:106)
[2026-03-23T00:34:45.029+0000] {subprocess.py:93} INFO - 		at org.apache.spark.sql.artifact.ArtifactManager.withResources(ArtifactManager.scala:111)
[2026-03-23T00:34:45.029+0000] {subprocess.py:93} INFO - 		at org.apache.spark.sql.execution.SQLExecution$.$anonfun$withNewExecutionId0$6(SQLExecution.scala:125)
[2026-03-23T00:34:45.029+0000] {subprocess.py:93} INFO - 		at org.apache.spark.sql.execution.SQLExecution$.withSQLConfPropagated(SQLExecution.scala:295)
[2026-03-23T00:34:45.030+0000] {subprocess.py:93} INFO - 		at org.apache.spark.sql.execution.SQLExecution$.$anonfun$withNewExecutionId0$1(SQLExecution.scala:124)
[2026-03-23T00:34:45.030+0000] {subprocess.py:93} INFO - 		at org.apache.spark.sql.SparkSession.withActive(SparkSession.scala:804)
[2026-03-23T00:34:45.031+0000] {subprocess.py:93} INFO - 		at org.apache.spark.sql.execution.SQLExecution$.withNewExecutionId0(SQLExecution.scala:78)
[2026-03-23T00:34:45.031+0000] {subprocess.py:93} INFO - 		at org.apache.spark.sql.execution.SQLExecution$.withNewExecutionId(SQLExecution.scala:237)
[2026-03-23T00:34:45.031+0000] {subprocess.py:93} INFO - 		at org.apache.spark.sql.execution.QueryExecution.$anonfun$eagerlyExecuteCommands$1(QueryExecution.scala:155)
[2026-03-23T00:34:45.031+0000] {subprocess.py:93} INFO - 		at org.apache.spark.sql.execution.QueryExecution$.withInternalError(QueryExecution.scala:654)
[2026-03-23T00:34:45.032+0000] {subprocess.py:93} INFO - 		at org.apache.spark.sql.execution.QueryExecution.org$apache$spark$sql$execution$QueryExecution$$eagerlyExecute$1(QueryExecution.scala:154)
[2026-03-23T00:34:45.032+0000] {subprocess.py:93} INFO - 		at org.apache.spark.sql.execution.QueryExecution$$anonfun$eagerlyExecuteCommands$3.applyOrElse(QueryExecution.scala:169)
[2026-03-23T00:34:45.032+0000] {subprocess.py:93} INFO - 		at org.apache.spark.sql.execution.QueryExecution$$anonfun$eagerlyExecuteCommands$3.applyOrElse(QueryExecution.scala:164)
[2026-03-23T00:34:45.032+0000] {subprocess.py:93} INFO - 		at org.apache.spark.sql.catalyst.trees.TreeNode.$anonfun$transformDownWithPruning$1(TreeNode.scala:470)
[2026-03-23T00:34:45.033+0000] {subprocess.py:93} INFO - 		at org.apache.spark.sql.catalyst.trees.CurrentOrigin$.withOrigin(origin.scala:86)
[2026-03-23T00:34:45.033+0000] {subprocess.py:93} INFO - 		at org.apache.spark.sql.catalyst.trees.TreeNode.transformDownWithPruning(TreeNode.scala:470)
[2026-03-23T00:34:45.033+0000] {subprocess.py:93} INFO - 		at org.apache.spark.sql.catalyst.plans.logical.LogicalPlan.org$apache$spark$sql$catalyst$plans$logical$AnalysisHelper$$super$transformDownWithPruning(LogicalPlan.scala:37)
[2026-03-23T00:34:45.033+0000] {subprocess.py:93} INFO - 		at org.apache.spark.sql.catalyst.plans.logical.AnalysisHelper.transformDownWithPruning(AnalysisHelper.scala:360)
[2026-03-23T00:34:45.033+0000] {subprocess.py:93} INFO - 		at org.apache.spark.sql.catalyst.plans.logical.AnalysisHelper.transformDownWithPruning$(AnalysisHelper.scala:356)
[2026-03-23T00:34:45.034+0000] {subprocess.py:93} INFO - 		at org.apache.spark.sql.catalyst.plans.logical.LogicalPlan.transformDownWithPruning(LogicalPlan.scala:37)
[2026-03-23T00:34:45.034+0000] {subprocess.py:93} INFO - 		at org.apache.spark.sql.catalyst.plans.logical.LogicalPlan.transformDownWithPruning(LogicalPlan.scala:37)
[2026-03-23T00:34:45.034+0000] {subprocess.py:93} INFO - 		at org.apache.spark.sql.catalyst.trees.TreeNode.transformDown(TreeNode.scala:446)
[2026-03-23T00:34:45.034+0000] {subprocess.py:93} INFO - 		at org.apache.spark.sql.execution.QueryExecution.eagerlyExecuteCommands(QueryExecution.scala:164)
[2026-03-23T00:34:45.035+0000] {subprocess.py:93} INFO - 		at org.apache.spark.sql.execution.QueryExecution.$anonfun$lazyCommandExecuted$1(QueryExecution.scala:126)
[2026-03-23T00:34:45.035+0000] {subprocess.py:93} INFO - 		at scala.util.Try$.apply(Try.scala:217)
[2026-03-23T00:34:45.035+0000] {subprocess.py:93} INFO - 		at org.apache.spark.util.Utils$.doTryWithCallerStacktrace(Utils.scala:1378)
[2026-03-23T00:34:45.035+0000] {subprocess.py:93} INFO - 		at org.apache.spark.util.LazyTry.tryT$lzycompute(LazyTry.scala:46)
[2026-03-23T00:34:45.035+0000] {subprocess.py:93} INFO - 		at org.apache.spark.util.LazyTry.tryT(LazyTry.scala:46)
[2026-03-23T00:34:45.036+0000] {subprocess.py:93} INFO - 		... 19 more
[2026-03-23T00:34:45.036+0000] {subprocess.py:93} INFO - 
[2026-03-23T00:34:45.036+0000] {subprocess.py:93} INFO - 
[2026-03-23T00:34:45.036+0000] {subprocess.py:93} INFO - The above exception was the direct cause of the following exception:
[2026-03-23T00:34:45.036+0000] {subprocess.py:93} INFO - 
[2026-03-23T00:34:45.037+0000] {subprocess.py:93} INFO - Traceback (most recent call last):
[2026-03-23T00:34:45.037+0000] {subprocess.py:93} INFO -   File "/app/src/main.py", line 29, in main
[2026-03-23T00:34:45.037+0000] {subprocess.py:93} INFO -     engine.run()
[2026-03-23T00:34:45.037+0000] {subprocess.py:93} INFO -   File "/app/src/engine.py", line 70, in run
[2026-03-23T00:34:45.037+0000] {subprocess.py:93} INFO -     write_output(self.dataframes[sink_input], sink)
[2026-03-23T00:34:45.038+0000] {subprocess.py:93} INFO -   File "/app/src/writer.py", line 67, in write_output
[2026-03-23T00:34:45.038+0000] {subprocess.py:93} INFO -     raise RuntimeError(
[2026-03-23T00:34:45.038+0000] {subprocess.py:93} INFO - RuntimeError: Failed writing sink 'raw-ok' to path 'data/output/events/motor_policy' (even after cleanup). Format: 'JSON', Mode: 'OVERWRITE'. Original error: An error occurred while calling o70.save.
[2026-03-23T00:34:45.038+0000] {subprocess.py:93} INFO - : org.apache.spark.SparkException: Unable to clear output directory file:/app/data/output/events/motor_policy prior to writing to it.
[2026-03-23T00:34:45.039+0000] {subprocess.py:93} INFO - 	at org.apache.spark.sql.errors.QueryExecutionErrors$.cannotClearOutputDirectoryError(QueryExecutionErrors.scala:786)
[2026-03-23T00:34:45.039+0000] {subprocess.py:93} INFO - 	at org.apache.spark.sql.execution.datasources.InsertIntoHadoopFsRelationCommand.deleteMatchingPartitions(InsertIntoHadoopFsRelationCommand.scala:244)
[2026-03-23T00:34:45.039+0000] {subprocess.py:93} INFO - 	at org.apache.spark.sql.execution.datasources.InsertIntoHadoopFsRelationCommand.run(InsertIntoHadoopFsRelationCommand.scala:136)
[2026-03-23T00:34:45.039+0000] {subprocess.py:93} INFO - 	at org.apache.spark.sql.execution.command.DataWritingCommandExec.sideEffectResult$lzycompute(commands.scala:117)
[2026-03-23T00:34:45.039+0000] {subprocess.py:93} INFO - 	at org.apache.spark.sql.execution.command.DataWritingCommandExec.sideEffectResult(commands.scala:115)
[2026-03-23T00:34:45.040+0000] {subprocess.py:93} INFO - 	at org.apache.spark.sql.execution.command.DataWritingCommandExec.executeCollect(commands.scala:129)
[2026-03-23T00:34:45.040+0000] {subprocess.py:93} INFO - 	at org.apache.spark.sql.execution.QueryExecution.$anonfun$eagerlyExecuteCommands$2(QueryExecution.scala:155)
[2026-03-23T00:34:45.040+0000] {subprocess.py:93} INFO - 	at org.apache.spark.sql.execution.SQLExecution$.$anonfun$withNewExecutionId0$8(SQLExecution.scala:163)
[2026-03-23T00:34:45.040+0000] {subprocess.py:93} INFO - 	at org.apache.spark.sql.execution.SQLExecution$.withSessionTagsApplied(SQLExecution.scala:272)
[2026-03-23T00:34:45.040+0000] {subprocess.py:93} INFO - 	at org.apache.spark.sql.execution.SQLExecution$.$anonfun$withNewExecutionId0$7(SQLExecution.scala:125)
[2026-03-23T00:34:45.041+0000] {subprocess.py:93} INFO - 	at org.apache.spark.JobArtifactSet$.withActiveJobArtifactState(JobArtifactSet.scala:94)
[2026-03-23T00:34:45.041+0000] {subprocess.py:93} INFO - 	at org.apache.spark.sql.artifact.ArtifactManager.$anonfun$withResources$1(ArtifactManager.scala:112)
[2026-03-23T00:34:45.041+0000] {subprocess.py:93} INFO - 	at org.apache.spark.sql.artifact.ArtifactManager.withClassLoaderIfNeeded(ArtifactManager.scala:106)
[2026-03-23T00:34:45.041+0000] {subprocess.py:93} INFO - 	at org.apache.spark.sql.artifact.ArtifactManager.withResources(ArtifactManager.scala:111)
[2026-03-23T00:34:45.041+0000] {subprocess.py:93} INFO - 	at org.apache.spark.sql.execution.SQLExecution$.$anonfun$withNewExecutionId0$6(SQLExecution.scala:125)
[2026-03-23T00:34:45.042+0000] {subprocess.py:93} INFO - 	at org.apache.spark.sql.execution.SQLExecution$.withSQLConfPropagated(SQLExecution.scala:295)
[2026-03-23T00:34:45.042+0000] {subprocess.py:93} INFO - 	at org.apache.spark.sql.execution.SQLExecution$.$anonfun$withNewExecutionId0$1(SQLExecution.scala:124)
[2026-03-23T00:34:45.042+0000] {subprocess.py:93} INFO - 	at org.apache.spark.sql.SparkSession.withActive(SparkSession.scala:804)
[2026-03-23T00:34:45.042+0000] {subprocess.py:93} INFO - 	at org.apache.spark.sql.execution.SQLExecution$.withNewExecutionId0(SQLExecution.scala:78)
[2026-03-23T00:34:45.043+0000] {subprocess.py:93} INFO - 	at org.apache.spark.sql.execution.SQLExecution$.withNewExecutionId(SQLExecution.scala:237)
[2026-03-23T00:34:45.043+0000] {subprocess.py:93} INFO - 	at org.apache.spark.sql.execution.QueryExecution.$anonfun$eagerlyExecuteCommands$1(QueryExecution.scala:155)
[2026-03-23T00:34:45.043+0000] {subprocess.py:93} INFO - 	at org.apache.spark.sql.execution.QueryExecution$.withInternalError(QueryExecution.scala:654)
[2026-03-23T00:34:45.043+0000] {subprocess.py:93} INFO - 	at org.apache.spark.sql.execution.QueryExecution.org$apache$spark$sql$execution$QueryExecution$$eagerlyExecute$1(QueryExecution.scala:154)
[2026-03-23T00:34:45.044+0000] {subprocess.py:93} INFO - 	at org.apache.spark.sql.execution.QueryExecution$$anonfun$eagerlyExecuteCommands$3.applyOrElse(QueryExecution.scala:169)
[2026-03-23T00:34:45.044+0000] {subprocess.py:93} INFO - 	at org.apache.spark.sql.execution.QueryExecution$$anonfun$eagerlyExecuteCommands$3.applyOrElse(QueryExecution.scala:164)
[2026-03-23T00:34:45.044+0000] {subprocess.py:93} INFO - 	at org.apache.spark.sql.catalyst.trees.TreeNode.$anonfun$transformDownWithPruning$1(TreeNode.scala:470)
[2026-03-23T00:34:45.044+0000] {subprocess.py:93} INFO - 	at org.apache.spark.sql.catalyst.trees.CurrentOrigin$.withOrigin(origin.scala:86)
[2026-03-23T00:34:45.045+0000] {subprocess.py:93} INFO - 	at org.apache.spark.sql.catalyst.trees.TreeNode.transformDownWithPruning(TreeNode.scala:470)
[2026-03-23T00:34:45.045+0000] {subprocess.py:93} INFO - 	at org.apache.spark.sql.catalyst.plans.logical.LogicalPlan.org$apache$spark$sql$catalyst$plans$logical$AnalysisHelper$$super$transformDownWithPruning(LogicalPlan.scala:37)
[2026-03-23T00:34:45.045+0000] {subprocess.py:93} INFO - 	at org.apache.spark.sql.catalyst.plans.logical.AnalysisHelper.transformDownWithPruning(AnalysisHelper.scala:360)
[2026-03-23T00:34:45.045+0000] {subprocess.py:93} INFO - 	at org.apache.spark.sql.catalyst.plans.logical.AnalysisHelper.transformDownWithPruning$(AnalysisHelper.scala:356)
[2026-03-23T00:34:45.045+0000] {subprocess.py:93} INFO - 	at org.apache.spark.sql.catalyst.plans.logical.LogicalPlan.transformDownWithPruning(LogicalPlan.scala:37)
[2026-03-23T00:34:45.046+0000] {subprocess.py:93} INFO - 	at org.apache.spark.sql.catalyst.plans.logical.LogicalPlan.transformDownWithPruning(LogicalPlan.scala:37)
[2026-03-23T00:34:45.046+0000] {subprocess.py:93} INFO - 	at org.apache.spark.sql.catalyst.trees.TreeNode.transformDown(TreeNode.scala:446)
[2026-03-23T00:34:45.046+0000] {subprocess.py:93} INFO - 	at org.apache.spark.sql.execution.QueryExecution.eagerlyExecuteCommands(QueryExecution.scala:164)
[2026-03-23T00:34:45.046+0000] {subprocess.py:93} INFO - 	at org.apache.spark.sql.execution.QueryExecution.$anonfun$lazyCommandExecuted$1(QueryExecution.scala:126)
[2026-03-23T00:34:45.047+0000] {subprocess.py:93} INFO - 	at scala.util.Try$.apply(Try.scala:217)
[2026-03-23T00:34:45.047+0000] {subprocess.py:93} INFO - 	at org.apache.spark.util.Utils$.doTryWithCallerStacktrace(Utils.scala:1378)
[2026-03-23T00:34:45.047+0000] {subprocess.py:93} INFO - 	at org.apache.spark.util.Utils$.getTryWithCallerStacktrace(Utils.scala:1439)
[2026-03-23T00:34:45.047+0000] {subprocess.py:93} INFO - 	at org.apache.spark.util.LazyTry.get(LazyTry.scala:58)
[2026-03-23T00:34:45.047+0000] {subprocess.py:93} INFO - 	at org.apache.spark.sql.execution.QueryExecution.commandExecuted(QueryExecution.scala:131)
[2026-03-23T00:34:45.048+0000] {subprocess.py:93} INFO - 	at org.apache.spark.sql.execution.QueryExecution.assertCommandExecuted(QueryExecution.scala:192)
[2026-03-23T00:34:45.048+0000] {subprocess.py:93} INFO - 	at org.apache.spark.sql.classic.DataFrameWriter.runCommand(DataFrameWriter.scala:622)
[2026-03-23T00:34:45.048+0000] {subprocess.py:93} INFO - 	at org.apache.spark.sql.classic.DataFrameWriter.saveToV1Source(DataFrameWriter.scala:273)
[2026-03-23T00:34:45.048+0000] {subprocess.py:93} INFO - 	at org.apache.spark.sql.classic.DataFrameWriter.saveInternal(DataFrameWriter.scala:241)
[2026-03-23T00:34:45.049+0000] {subprocess.py:93} INFO - 	at org.apache.spark.sql.classic.DataFrameWriter.save(DataFrameWriter.scala:118)
[2026-03-23T00:34:45.049+0000] {subprocess.py:93} INFO - 	at java.base/jdk.internal.reflect.NativeMethodAccessorImpl.invoke0(Native Method)
[2026-03-23T00:34:45.049+0000] {subprocess.py:93} INFO - 	at java.base/jdk.internal.reflect.NativeMethodAccessorImpl.invoke(NativeMethodAccessorImpl.java:77)
[2026-03-23T00:34:45.049+0000] {subprocess.py:93} INFO - 	at java.base/jdk.internal.reflect.DelegatingMethodAccessorImpl.invoke(DelegatingMethodAccessorImpl.java:43)
[2026-03-23T00:34:45.050+0000] {subprocess.py:93} INFO - 	at java.base/java.lang.reflect.Method.invoke(Method.java:569)
[2026-03-23T00:34:45.050+0000] {subprocess.py:93} INFO - 	at py4j.reflection.MethodInvoker.invoke(MethodInvoker.java:244)
[2026-03-23T00:34:45.050+0000] {subprocess.py:93} INFO - 	at py4j.reflection.ReflectionEngine.invoke(ReflectionEngine.java:374)
[2026-03-23T00:34:45.050+0000] {subprocess.py:93} INFO - 	at py4j.Gateway.invoke(Gateway.java:282)
[2026-03-23T00:34:45.050+0000] {subprocess.py:93} INFO - 	at py4j.commands.AbstractCommand.invokeMethod(AbstractCommand.java:132)
[2026-03-23T00:34:45.050+0000] {subprocess.py:93} INFO - 	at py4j.commands.CallCommand.execute(CallCommand.java:79)
[2026-03-23T00:34:45.051+0000] {subprocess.py:93} INFO - 	at py4j.ClientServerConnection.waitForCommands(ClientServerConnection.java:184)
[2026-03-23T00:34:45.051+0000] {subprocess.py:93} INFO - 	at py4j.ClientServerConnection.run(ClientServerConnection.java:108)
[2026-03-23T00:34:45.051+0000] {subprocess.py:93} INFO - 	at java.base/java.lang.Thread.run(Thread.java:840)
[2026-03-23T00:34:45.051+0000] {subprocess.py:93} INFO - 	Suppressed: org.apache.spark.util.Utils$OriginalTryStackTraceException: Full stacktrace of original doTryWithCallerStacktrace caller
[2026-03-23T00:34:45.051+0000] {subprocess.py:93} INFO - 		at org.apache.spark.sql.errors.QueryExecutionErrors$.cannotClearOutputDirectoryError(QueryExecutionErrors.scala:786)
[2026-03-23T00:34:45.051+0000] {subprocess.py:93} INFO - 		at org.apache.spark.sql.execution.datasources.InsertIntoHadoopFsRelationCommand.deleteMatchingPartitions(InsertIntoHadoopFsRelationCommand.scala:244)
[2026-03-23T00:34:45.051+0000] {subprocess.py:93} INFO - 		at org.apache.spark.sql.execution.datasources.InsertIntoHadoopFsRelationCommand.run(InsertIntoHadoopFsRelationCommand.scala:136)
[2026-03-23T00:34:45.052+0000] {subprocess.py:93} INFO - 		at org.apache.spark.sql.execution.command.DataWritingCommandExec.sideEffectResult$lzycompute(commands.scala:117)
[2026-03-23T00:34:45.052+0000] {subprocess.py:93} INFO - 		at org.apache.spark.sql.execution.command.DataWritingCommandExec.sideEffectResult(commands.scala:115)
[2026-03-23T00:34:45.052+0000] {subprocess.py:93} INFO - 		at org.apache.spark.sql.execution.command.DataWritingCommandExec.executeCollect(commands.scala:129)
[2026-03-23T00:34:45.052+0000] {subprocess.py:93} INFO - 		at org.apache.spark.sql.execution.QueryExecution.$anonfun$eagerlyExecuteCommands$2(QueryExecution.scala:155)
[2026-03-23T00:34:45.053+0000] {subprocess.py:93} INFO - 		at org.apache.spark.sql.execution.SQLExecution$.$anonfun$withNewExecutionId0$8(SQLExecution.scala:163)
[2026-03-23T00:34:45.053+0000] {subprocess.py:93} INFO - 		at org.apache.spark.sql.execution.SQLExecution$.withSessionTagsApplied(SQLExecution.scala:272)
[2026-03-23T00:34:45.053+0000] {subprocess.py:93} INFO - 		at org.apache.spark.sql.execution.SQLExecution$.$anonfun$withNewExecutionId0$7(SQLExecution.scala:125)
[2026-03-23T00:34:45.053+0000] {subprocess.py:93} INFO - 		at org.apache.spark.JobArtifactSet$.withActiveJobArtifactState(JobArtifactSet.scala:94)
[2026-03-23T00:34:45.053+0000] {subprocess.py:93} INFO - 		at org.apache.spark.sql.artifact.ArtifactManager.$anonfun$withResources$1(ArtifactManager.scala:112)
[2026-03-23T00:34:45.053+0000] {subprocess.py:93} INFO - 		at org.apache.spark.sql.artifact.ArtifactManager.withClassLoaderIfNeeded(ArtifactManager.scala:106)
[2026-03-23T00:34:45.053+0000] {subprocess.py:93} INFO - 		at org.apache.spark.sql.artifact.ArtifactManager.withResources(ArtifactManager.scala:111)
[2026-03-23T00:34:45.054+0000] {subprocess.py:93} INFO - 		at org.apache.spark.sql.execution.SQLExecution$.$anonfun$withNewExecutionId0$6(SQLExecution.scala:125)
[2026-03-23T00:34:45.054+0000] {subprocess.py:93} INFO - 		at org.apache.spark.sql.execution.SQLExecution$.withSQLConfPropagated(SQLExecution.scala:295)
[2026-03-23T00:34:45.054+0000] {subprocess.py:93} INFO - 		at org.apache.spark.sql.execution.SQLExecution$.$anonfun$withNewExecutionId0$1(SQLExecution.scala:124)
[2026-03-23T00:34:45.054+0000] {subprocess.py:93} INFO - 		at org.apache.spark.sql.SparkSession.withActive(SparkSession.scala:804)
[2026-03-23T00:34:45.054+0000] {subprocess.py:93} INFO - 		at org.apache.spark.sql.execution.SQLExecution$.withNewExecutionId0(SQLExecution.scala:78)
[2026-03-23T00:34:45.054+0000] {subprocess.py:93} INFO - 		at org.apache.spark.sql.execution.SQLExecution$.withNewExecutionId(SQLExecution.scala:237)
[2026-03-23T00:34:45.055+0000] {subprocess.py:93} INFO - 		at org.apache.spark.sql.execution.QueryExecution.$anonfun$eagerlyExecuteCommands$1(QueryExecution.scala:155)
[2026-03-23T00:34:45.055+0000] {subprocess.py:93} INFO - 		at org.apache.spark.sql.execution.QueryExecution$.withInternalError(QueryExecution.scala:654)
[2026-03-23T00:34:45.055+0000] {subprocess.py:93} INFO - 		at org.apache.spark.sql.execution.QueryExecution.org$apache$spark$sql$execution$QueryExecution$$eagerlyExecute$1(QueryExecution.scala:154)
[2026-03-23T00:34:45.055+0000] {subprocess.py:93} INFO - 		at org.apache.spark.sql.execution.QueryExecution$$anonfun$eagerlyExecuteCommands$3.applyOrElse(QueryExecution.scala:169)
[2026-03-23T00:34:45.055+0000] {subprocess.py:93} INFO - 		at org.apache.spark.sql.execution.QueryExecution$$anonfun$eagerlyExecuteCommands$3.applyOrElse(QueryExecution.scala:164)
[2026-03-23T00:34:45.055+0000] {subprocess.py:93} INFO - 		at org.apache.spark.sql.catalyst.trees.TreeNode.$anonfun$transformDownWithPruning$1(TreeNode.scala:470)
[2026-03-23T00:34:45.055+0000] {subprocess.py:93} INFO - 		at org.apache.spark.sql.catalyst.trees.CurrentOrigin$.withOrigin(origin.scala:86)
[2026-03-23T00:34:45.056+0000] {subprocess.py:93} INFO - 		at org.apache.spark.sql.catalyst.trees.TreeNode.transformDownWithPruning(TreeNode.scala:470)
[2026-03-23T00:34:45.056+0000] {subprocess.py:93} INFO - 		at org.apache.spark.sql.catalyst.plans.logical.LogicalPlan.org$apache$spark$sql$catalyst$plans$logical$AnalysisHelper$$super$transformDownWithPruning(LogicalPlan.scala:37)
[2026-03-23T00:34:45.056+0000] {subprocess.py:93} INFO - 		at org.apache.spark.sql.catalyst.plans.logical.AnalysisHelper.transformDownWithPruning(AnalysisHelper.scala:360)
[2026-03-23T00:34:45.056+0000] {subprocess.py:93} INFO - 		at org.apache.spark.sql.catalyst.plans.logical.AnalysisHelper.transformDownWithPruning$(AnalysisHelper.scala:356)
[2026-03-23T00:34:45.056+0000] {subprocess.py:93} INFO - 		at org.apache.spark.sql.catalyst.plans.logical.LogicalPlan.transformDownWithPruning(LogicalPlan.scala:37)
[2026-03-23T00:34:45.056+0000] {subprocess.py:93} INFO - 		at org.apache.spark.sql.catalyst.plans.logical.LogicalPlan.transformDownWithPruning(LogicalPlan.scala:37)
[2026-03-23T00:34:45.056+0000] {subprocess.py:93} INFO - 		at org.apache.spark.sql.catalyst.trees.TreeNode.transformDown(TreeNode.scala:446)
[2026-03-23T00:34:45.056+0000] {subprocess.py:93} INFO - 		at org.apache.spark.sql.execution.QueryExecution.eagerlyExecuteCommands(QueryExecution.scala:164)
[2026-03-23T00:34:45.056+0000] {subprocess.py:93} INFO - 		at org.apache.spark.sql.execution.QueryExecution.$anonfun$lazyCommandExecuted$1(QueryExecution.scala:126)
[2026-03-23T00:34:45.057+0000] {subprocess.py:93} INFO - 		at scala.util.Try$.apply(Try.scala:217)
[2026-03-23T00:34:45.057+0000] {subprocess.py:93} INFO - 		at org.apache.spark.util.Utils$.doTryWithCallerStacktrace(Utils.scala:1378)
[2026-03-23T00:34:45.057+0000] {subprocess.py:93} INFO - 		at org.apache.spark.util.LazyTry.tryT$lzycompute(LazyTry.scala:46)
[2026-03-23T00:34:45.057+0000] {subprocess.py:93} INFO - 		at org.apache.spark.util.LazyTry.tryT(LazyTry.scala:46)
[2026-03-23T00:34:45.057+0000] {subprocess.py:93} INFO - 		... 19 more
[2026-03-23T00:34:45.057+0000] {subprocess.py:93} INFO - 
[2026-03-23T00:34:45.057+0000] {subprocess.py:93} INFO - 2026-03-23 00:34:44,964 - __main__ - INFO - Stopping Spark session...
[2026-03-23T00:34:45.210+0000] {subprocess.py:93} INFO - 2026-03-23 00:34:45,210 - __main__ - CRITICAL - Fatal error: Failed writing sink 'raw-ok' to path 'data/output/events/motor_policy' (even after cleanup). Format: 'JSON', Mode: 'OVERWRITE'. Original error: An error occurred while calling o70.save.
[2026-03-23T00:34:45.211+0000] {subprocess.py:93} INFO - : org.apache.spark.SparkException: Unable to clear output directory file:/app/data/output/events/motor_policy prior to writing to it.
[2026-03-23T00:34:45.211+0000] {subprocess.py:93} INFO - 	at org.apache.spark.sql.errors.QueryExecutionErrors$.cannotClearOutputDirectoryError(QueryExecutionErrors.scala:786)
[2026-03-23T00:34:45.211+0000] {subprocess.py:93} INFO - 	at org.apache.spark.sql.execution.datasources.InsertIntoHadoopFsRelationCommand.deleteMatchingPartitions(InsertIntoHadoopFsRelationCommand.scala:244)
[2026-03-23T00:34:45.212+0000] {subprocess.py:93} INFO - 	at org.apache.spark.sql.execution.datasources.InsertIntoHadoopFsRelationCommand.run(InsertIntoHadoopFsRelationCommand.scala:136)
[2026-03-23T00:34:45.212+0000] {subprocess.py:93} INFO - 	at org.apache.spark.sql.execution.command.DataWritingCommandExec.sideEffectResult$lzycompute(commands.scala:117)
[2026-03-23T00:34:45.212+0000] {subprocess.py:93} INFO - 	at org.apache.spark.sql.execution.command.DataWritingCommandExec.sideEffectResult(commands.scala:115)
[2026-03-23T00:34:45.213+0000] {subprocess.py:93} INFO - 	at org.apache.spark.sql.execution.command.DataWritingCommandExec.executeCollect(commands.scala:129)
[2026-03-23T00:34:45.213+0000] {subprocess.py:93} INFO - 	at org.apache.spark.sql.execution.QueryExecution.$anonfun$eagerlyExecuteCommands$2(QueryExecution.scala:155)
[2026-03-23T00:34:45.214+0000] {subprocess.py:93} INFO - 	at org.apache.spark.sql.execution.SQLExecution$.$anonfun$withNewExecutionId0$8(SQLExecution.scala:163)
[2026-03-23T00:34:45.214+0000] {subprocess.py:93} INFO - 	at org.apache.spark.sql.execution.SQLExecution$.withSessionTagsApplied(SQLExecution.scala:272)
[2026-03-23T00:34:45.215+0000] {subprocess.py:93} INFO - 	at org.apache.spark.sql.execution.SQLExecution$.$anonfun$withNewExecutionId0$7(SQLExecution.scala:125)
[2026-03-23T00:34:45.215+0000] {subprocess.py:93} INFO - 	at org.apache.spark.JobArtifactSet$.withActiveJobArtifactState(JobArtifactSet.scala:94)
[2026-03-23T00:34:45.216+0000] {subprocess.py:93} INFO - 	at org.apache.spark.sql.artifact.ArtifactManager.$anonfun$withResources$1(ArtifactManager.scala:112)
[2026-03-23T00:34:45.216+0000] {subprocess.py:93} INFO - 	at org.apache.spark.sql.artifact.ArtifactManager.withClassLoaderIfNeeded(ArtifactManager.scala:106)
[2026-03-23T00:34:45.216+0000] {subprocess.py:93} INFO - 	at org.apache.spark.sql.artifact.ArtifactManager.withResources(ArtifactManager.scala:111)
[2026-03-23T00:34:45.216+0000] {subprocess.py:93} INFO - 	at org.apache.spark.sql.execution.SQLExecution$.$anonfun$withNewExecutionId0$6(SQLExecution.scala:125)
[2026-03-23T00:34:45.217+0000] {subprocess.py:93} INFO - 	at org.apache.spark.sql.execution.SQLExecution$.withSQLConfPropagated(SQLExecution.scala:295)
[2026-03-23T00:34:45.217+0000] {subprocess.py:93} INFO - 	at org.apache.spark.sql.execution.SQLExecution$.$anonfun$withNewExecutionId0$1(SQLExecution.scala:124)
[2026-03-23T00:34:45.217+0000] {subprocess.py:93} INFO - 	at org.apache.spark.sql.SparkSession.withActive(SparkSession.scala:804)
[2026-03-23T00:34:45.217+0000] {subprocess.py:93} INFO - 	at org.apache.spark.sql.execution.SQLExecution$.withNewExecutionId0(SQLExecution.scala:78)
[2026-03-23T00:34:45.218+0000] {subprocess.py:93} INFO - 	at org.apache.spark.sql.execution.SQLExecution$.withNewExecutionId(SQLExecution.scala:237)
[2026-03-23T00:34:45.218+0000] {subprocess.py:93} INFO - 	at org.apache.spark.sql.execution.QueryExecution.$anonfun$eagerlyExecuteCommands$1(QueryExecution.scala:155)
[2026-03-23T00:34:45.218+0000] {subprocess.py:93} INFO - 	at org.apache.spark.sql.execution.QueryExecution$.withInternalError(QueryExecution.scala:654)
[2026-03-23T00:34:45.218+0000] {subprocess.py:93} INFO - 	at org.apache.spark.sql.execution.QueryExecution.org$apache$spark$sql$execution$QueryExecution$$eagerlyExecute$1(QueryExecution.scala:154)
[2026-03-23T00:34:45.218+0000] {subprocess.py:93} INFO - 	at org.apache.spark.sql.execution.QueryExecution$$anonfun$eagerlyExecuteCommands$3.applyOrElse(QueryExecution.scala:169)
[2026-03-23T00:34:45.219+0000] {subprocess.py:93} INFO - 	at org.apache.spark.sql.execution.QueryExecution$$anonfun$eagerlyExecuteCommands$3.applyOrElse(QueryExecution.scala:164)
[2026-03-23T00:34:45.219+0000] {subprocess.py:93} INFO - 	at org.apache.spark.sql.catalyst.trees.TreeNode.$anonfun$transformDownWithPruning$1(TreeNode.scala:470)
[2026-03-23T00:34:45.219+0000] {subprocess.py:93} INFO - 	at org.apache.spark.sql.catalyst.trees.CurrentOrigin$.withOrigin(origin.scala:86)
[2026-03-23T00:34:45.219+0000] {subprocess.py:93} INFO - 	at org.apache.spark.sql.catalyst.trees.TreeNode.transformDownWithPruning(TreeNode.scala:470)
[2026-03-23T00:34:45.220+0000] {subprocess.py:93} INFO - 	at org.apache.spark.sql.catalyst.plans.logical.LogicalPlan.org$apache$spark$sql$catalyst$plans$logical$AnalysisHelper$$super$transformDownWithPruning(LogicalPlan.scala:37)
[2026-03-23T00:34:45.220+0000] {subprocess.py:93} INFO - 	at org.apache.spark.sql.catalyst.plans.logical.AnalysisHelper.transformDownWithPruning(AnalysisHelper.scala:360)
[2026-03-23T00:34:45.220+0000] {subprocess.py:93} INFO - 	at org.apache.spark.sql.catalyst.plans.logical.AnalysisHelper.transformDownWithPruning$(AnalysisHelper.scala:356)
[2026-03-23T00:34:45.220+0000] {subprocess.py:93} INFO - 	at org.apache.spark.sql.catalyst.plans.logical.LogicalPlan.transformDownWithPruning(LogicalPlan.scala:37)
[2026-03-23T00:34:45.220+0000] {subprocess.py:93} INFO - 	at org.apache.spark.sql.catalyst.plans.logical.LogicalPlan.transformDownWithPruning(LogicalPlan.scala:37)
[2026-03-23T00:34:45.221+0000] {subprocess.py:93} INFO - 	at org.apache.spark.sql.catalyst.trees.TreeNode.transformDown(TreeNode.scala:446)
[2026-03-23T00:34:45.221+0000] {subprocess.py:93} INFO - 	at org.apache.spark.sql.execution.QueryExecution.eagerlyExecuteCommands(QueryExecution.scala:164)
[2026-03-23T00:34:45.221+0000] {subprocess.py:93} INFO - 	at org.apache.spark.sql.execution.QueryExecution.$anonfun$lazyCommandExecuted$1(QueryExecution.scala:126)
[2026-03-23T00:34:45.221+0000] {subprocess.py:93} INFO - 	at scala.util.Try$.apply(Try.scala:217)
[2026-03-23T00:34:45.221+0000] {subprocess.py:93} INFO - 	at org.apache.spark.util.Utils$.doTryWithCallerStacktrace(Utils.scala:1378)
[2026-03-23T00:34:45.222+0000] {subprocess.py:93} INFO - 	at org.apache.spark.util.Utils$.getTryWithCallerStacktrace(Utils.scala:1439)
[2026-03-23T00:34:45.222+0000] {subprocess.py:93} INFO - 	at org.apache.spark.util.LazyTry.get(LazyTry.scala:58)
[2026-03-23T00:34:45.222+0000] {subprocess.py:93} INFO - 	at org.apache.spark.sql.execution.QueryExecution.commandExecuted(QueryExecution.scala:131)
[2026-03-23T00:34:45.222+0000] {subprocess.py:93} INFO - 	at org.apache.spark.sql.execution.QueryExecution.assertCommandExecuted(QueryExecution.scala:192)
[2026-03-23T00:34:45.222+0000] {subprocess.py:93} INFO - 	at org.apache.spark.sql.classic.DataFrameWriter.runCommand(DataFrameWriter.scala:622)
[2026-03-23T00:34:45.222+0000] {subprocess.py:93} INFO - 	at org.apache.spark.sql.classic.DataFrameWriter.saveToV1Source(DataFrameWriter.scala:273)
[2026-03-23T00:34:45.223+0000] {subprocess.py:93} INFO - 	at org.apache.spark.sql.classic.DataFrameWriter.saveInternal(DataFrameWriter.scala:241)
[2026-03-23T00:34:45.223+0000] {subprocess.py:93} INFO - 	at org.apache.spark.sql.classic.DataFrameWriter.save(DataFrameWriter.scala:118)
[2026-03-23T00:34:45.223+0000] {subprocess.py:93} INFO - 	at java.base/jdk.internal.reflect.NativeMethodAccessorImpl.invoke0(Native Method)
[2026-03-23T00:34:45.223+0000] {subprocess.py:93} INFO - 	at java.base/jdk.internal.reflect.NativeMethodAccessorImpl.invoke(NativeMethodAccessorImpl.java:77)
[2026-03-23T00:34:45.223+0000] {subprocess.py:93} INFO - 	at java.base/jdk.internal.reflect.DelegatingMethodAccessorImpl.invoke(DelegatingMethodAccessorImpl.java:43)
[2026-03-23T00:34:45.224+0000] {subprocess.py:93} INFO - 	at java.base/java.lang.reflect.Method.invoke(Method.java:569)
[2026-03-23T00:34:45.224+0000] {subprocess.py:93} INFO - 	at py4j.reflection.MethodInvoker.invoke(MethodInvoker.java:244)
[2026-03-23T00:34:45.224+0000] {subprocess.py:93} INFO - 	at py4j.reflection.ReflectionEngine.invoke(ReflectionEngine.java:374)
[2026-03-23T00:34:45.224+0000] {subprocess.py:93} INFO - 	at py4j.Gateway.invoke(Gateway.java:282)
[2026-03-23T00:34:45.224+0000] {subprocess.py:93} INFO - 	at py4j.commands.AbstractCommand.invokeMethod(AbstractCommand.java:132)
[2026-03-23T00:34:45.225+0000] {subprocess.py:93} INFO - 	at py4j.commands.CallCommand.execute(CallCommand.java:79)
[2026-03-23T00:34:45.225+0000] {subprocess.py:93} INFO - 	at py4j.ClientServerConnection.waitForCommands(ClientServerConnection.java:184)
[2026-03-23T00:34:45.225+0000] {subprocess.py:93} INFO - 	at py4j.ClientServerConnection.run(ClientServerConnection.java:108)
[2026-03-23T00:34:45.225+0000] {subprocess.py:93} INFO - 	at java.base/java.lang.Thread.run(Thread.java:840)
[2026-03-23T00:34:45.225+0000] {subprocess.py:93} INFO - 	Suppressed: org.apache.spark.util.Utils$OriginalTryStackTraceException: Full stacktrace of original doTryWithCallerStacktrace caller
[2026-03-23T00:34:45.225+0000] {subprocess.py:93} INFO - 		at org.apache.spark.sql.errors.QueryExecutionErrors$.cannotClearOutputDirectoryError(QueryExecutionErrors.scala:786)
[2026-03-23T00:34:45.226+0000] {subprocess.py:93} INFO - 		at org.apache.spark.sql.execution.datasources.InsertIntoHadoopFsRelationCommand.deleteMatchingPartitions(InsertIntoHadoopFsRelationCommand.scala:244)
[2026-03-23T00:34:45.226+0000] {subprocess.py:93} INFO - 		at org.apache.spark.sql.execution.datasources.InsertIntoHadoopFsRelationCommand.run(InsertIntoHadoopFsRelationCommand.scala:136)
[2026-03-23T00:34:45.226+0000] {subprocess.py:93} INFO - 		at org.apache.spark.sql.execution.command.DataWritingCommandExec.sideEffectResult$lzycompute(commands.scala:117)
[2026-03-23T00:34:45.226+0000] {subprocess.py:93} INFO - 		at org.apache.spark.sql.execution.command.DataWritingCommandExec.sideEffectResult(commands.scala:115)
[2026-03-23T00:34:45.226+0000] {subprocess.py:93} INFO - 		at org.apache.spark.sql.execution.command.DataWritingCommandExec.executeCollect(commands.scala:129)
[2026-03-23T00:34:45.227+0000] {subprocess.py:93} INFO - 		at org.apache.spark.sql.execution.QueryExecution.$anonfun$eagerlyExecuteCommands$2(QueryExecution.scala:155)
[2026-03-23T00:34:45.227+0000] {subprocess.py:93} INFO - 		at org.apache.spark.sql.execution.SQLExecution$.$anonfun$withNewExecutionId0$8(SQLExecution.scala:163)
[2026-03-23T00:34:45.227+0000] {subprocess.py:93} INFO - 		at org.apache.spark.sql.execution.SQLExecution$.withSessionTagsApplied(SQLExecution.scala:272)
[2026-03-23T00:34:45.227+0000] {subprocess.py:93} INFO - 		at org.apache.spark.sql.execution.SQLExecution$.$anonfun$withNewExecutionId0$7(SQLExecution.scala:125)
[2026-03-23T00:34:45.227+0000] {subprocess.py:93} INFO - 		at org.apache.spark.JobArtifactSet$.withActiveJobArtifactState(JobArtifactSet.scala:94)
[2026-03-23T00:34:45.227+0000] {subprocess.py:93} INFO - 		at org.apache.spark.sql.artifact.ArtifactManager.$anonfun$withResources$1(ArtifactManager.scala:112)
[2026-03-23T00:34:45.228+0000] {subprocess.py:93} INFO - 		at org.apache.spark.sql.artifact.ArtifactManager.withClassLoaderIfNeeded(ArtifactManager.scala:106)
[2026-03-23T00:34:45.228+0000] {subprocess.py:93} INFO - 		at org.apache.spark.sql.artifact.ArtifactManager.withResources(ArtifactManager.scala:111)
[2026-03-23T00:34:45.228+0000] {subprocess.py:93} INFO - 		at org.apache.spark.sql.execution.SQLExecution$.$anonfun$withNewExecutionId0$6(SQLExecution.scala:125)
[2026-03-23T00:34:45.228+0000] {subprocess.py:93} INFO - 		at org.apache.spark.sql.execution.SQLExecution$.withSQLConfPropagated(SQLExecution.scala:295)
[2026-03-23T00:34:45.228+0000] {subprocess.py:93} INFO - 		at org.apache.spark.sql.execution.SQLExecution$.$anonfun$withNewExecutionId0$1(SQLExecution.scala:124)
[2026-03-23T00:34:45.228+0000] {subprocess.py:93} INFO - 		at org.apache.spark.sql.SparkSession.withActive(SparkSession.scala:804)
[2026-03-23T00:34:45.229+0000] {subprocess.py:93} INFO - 		at org.apache.spark.sql.execution.SQLExecution$.withNewExecutionId0(SQLExecution.scala:78)
[2026-03-23T00:34:45.229+0000] {subprocess.py:93} INFO - 		at org.apache.spark.sql.execution.SQLExecution$.withNewExecutionId(SQLExecution.scala:237)
[2026-03-23T00:34:45.229+0000] {subprocess.py:93} INFO - 		at org.apache.spark.sql.execution.QueryExecution.$anonfun$eagerlyExecuteCommands$1(QueryExecution.scala:155)
[2026-03-23T00:34:45.229+0000] {subprocess.py:93} INFO - 		at org.apache.spark.sql.execution.QueryExecution$.withInternalError(QueryExecution.scala:654)
[2026-03-23T00:34:45.229+0000] {subprocess.py:93} INFO - 		at org.apache.spark.sql.execution.QueryExecution.org$apache$spark$sql$execution$QueryExecution$$eagerlyExecute$1(QueryExecution.scala:154)
[2026-03-23T00:34:45.229+0000] {subprocess.py:93} INFO - 		at org.apache.spark.sql.execution.QueryExecution$$anonfun$eagerlyExecuteCommands$3.applyOrElse(QueryExecution.scala:169)
[2026-03-23T00:34:45.230+0000] {subprocess.py:93} INFO - 		at org.apache.spark.sql.execution.QueryExecution$$anonfun$eagerlyExecuteCommands$3.applyOrElse(QueryExecution.scala:164)
[2026-03-23T00:34:45.230+0000] {subprocess.py:93} INFO - 		at org.apache.spark.sql.catalyst.trees.TreeNode.$anonfun$transformDownWithPruning$1(TreeNode.scala:470)
[2026-03-23T00:34:45.230+0000] {subprocess.py:93} INFO - 		at org.apache.spark.sql.catalyst.trees.CurrentOrigin$.withOrigin(origin.scala:86)
[2026-03-23T00:34:45.230+0000] {subprocess.py:93} INFO - 		at org.apache.spark.sql.catalyst.trees.TreeNode.transformDownWithPruning(TreeNode.scala:470)
[2026-03-23T00:34:45.230+0000] {subprocess.py:93} INFO - 		at org.apache.spark.sql.catalyst.plans.logical.LogicalPlan.org$apache$spark$sql$catalyst$plans$logical$AnalysisHelper$$super$transformDownWithPruning(LogicalPlan.scala:37)
[2026-03-23T00:34:45.231+0000] {subprocess.py:93} INFO - 		at org.apache.spark.sql.catalyst.plans.logical.AnalysisHelper.transformDownWithPruning(AnalysisHelper.scala:360)
[2026-03-23T00:34:45.231+0000] {subprocess.py:93} INFO - 		at org.apache.spark.sql.catalyst.plans.logical.AnalysisHelper.transformDownWithPruning$(AnalysisHelper.scala:356)
[2026-03-23T00:34:45.231+0000] {subprocess.py:93} INFO - 		at org.apache.spark.sql.catalyst.plans.logical.LogicalPlan.transformDownWithPruning(LogicalPlan.scala:37)
[2026-03-23T00:34:45.231+0000] {subprocess.py:93} INFO - 		at org.apache.spark.sql.catalyst.plans.logical.LogicalPlan.transformDownWithPruning(LogicalPlan.scala:37)
[2026-03-23T00:34:45.232+0000] {subprocess.py:93} INFO - 		at org.apache.spark.sql.catalyst.trees.TreeNode.transformDown(TreeNode.scala:446)
[2026-03-23T00:34:45.232+0000] {subprocess.py:93} INFO - 		at org.apache.spark.sql.execution.QueryExecution.eagerlyExecuteCommands(QueryExecution.scala:164)
[2026-03-23T00:34:45.232+0000] {subprocess.py:93} INFO - 		at org.apache.spark.sql.execution.QueryExecution.$anonfun$lazyCommandExecuted$1(QueryExecution.scala:126)
[2026-03-23T00:34:45.232+0000] {subprocess.py:93} INFO - 		at scala.util.Try$.apply(Try.scala:217)
[2026-03-23T00:34:45.232+0000] {subprocess.py:93} INFO - 		at org.apache.spark.util.Utils$.doTryWithCallerStacktrace(Utils.scala:1378)
[2026-03-23T00:34:45.233+0000] {subprocess.py:93} INFO - 		at org.apache.spark.util.LazyTry.tryT$lzycompute(LazyTry.scala:46)
[2026-03-23T00:34:45.233+0000] {subprocess.py:93} INFO - 		at org.apache.spark.util.LazyTry.tryT(LazyTry.scala:46)
[2026-03-23T00:34:45.233+0000] {subprocess.py:93} INFO - 		... 19 more
[2026-03-23T00:34:45.233+0000] {subprocess.py:93} INFO - 
[2026-03-23T00:34:45.233+0000] {subprocess.py:93} INFO - Pipeline execution failed: Failed writing sink 'raw-ok' to path 'data/output/events/motor_policy' (even after cleanup). Format: 'JSON', Mode: 'OVERWRITE'. Original error: An error occurred while calling o70.save.
[2026-03-23T00:34:45.234+0000] {subprocess.py:93} INFO - : org.apache.spark.SparkException: Unable to clear output directory file:/app/data/output/events/motor_policy prior to writing to it.
[2026-03-23T00:34:45.234+0000] {subprocess.py:93} INFO - 	at org.apache.spark.sql.errors.QueryExecutionErrors$.cannotClearOutputDirectoryError(QueryExecutionErrors.scala:786)
[2026-03-23T00:34:45.234+0000] {subprocess.py:93} INFO - 	at org.apache.spark.sql.execution.datasources.InsertIntoHadoopFsRelationCommand.deleteMatchingPartitions(InsertIntoHadoopFsRelationCommand.scala:244)
[2026-03-23T00:34:45.234+0000] {subprocess.py:93} INFO - 	at org.apache.spark.sql.execution.datasources.InsertIntoHadoopFsRelationCommand.run(InsertIntoHadoopFsRelationCommand.scala:136)
[2026-03-23T00:34:45.234+0000] {subprocess.py:93} INFO - 	at org.apache.spark.sql.execution.command.DataWritingCommandExec.sideEffectResult$lzycompute(commands.scala:117)
[2026-03-23T00:34:45.235+0000] {subprocess.py:93} INFO - 	at org.apache.spark.sql.execution.command.DataWritingCommandExec.sideEffectResult(commands.scala:115)
[2026-03-23T00:34:45.235+0000] {subprocess.py:93} INFO - 	at org.apache.spark.sql.execution.command.DataWritingCommandExec.executeCollect(commands.scala:129)
[2026-03-23T00:34:45.235+0000] {subprocess.py:93} INFO - 	at org.apache.spark.sql.execution.QueryExecution.$anonfun$eagerlyExecuteCommands$2(QueryExecution.scala:155)
[2026-03-23T00:34:45.235+0000] {subprocess.py:93} INFO - 	at org.apache.spark.sql.execution.SQLExecution$.$anonfun$withNewExecutionId0$8(SQLExecution.scala:163)
[2026-03-23T00:34:45.235+0000] {subprocess.py:93} INFO - 	at org.apache.spark.sql.execution.SQLExecution$.withSessionTagsApplied(SQLExecution.scala:272)
[2026-03-23T00:34:45.235+0000] {subprocess.py:93} INFO - 	at org.apache.spark.sql.execution.SQLExecution$.$anonfun$withNewExecutionId0$7(SQLExecution.scala:125)
[2026-03-23T00:34:45.236+0000] {subprocess.py:93} INFO - 	at org.apache.spark.JobArtifactSet$.withActiveJobArtifactState(JobArtifactSet.scala:94)
[2026-03-23T00:34:45.236+0000] {subprocess.py:93} INFO - 	at org.apache.spark.sql.artifact.ArtifactManager.$anonfun$withResources$1(ArtifactManager.scala:112)
[2026-03-23T00:34:45.236+0000] {subprocess.py:93} INFO - 	at org.apache.spark.sql.artifact.ArtifactManager.withClassLoaderIfNeeded(ArtifactManager.scala:106)
[2026-03-23T00:34:45.236+0000] {subprocess.py:93} INFO - 	at org.apache.spark.sql.artifact.ArtifactManager.withResources(ArtifactManager.scala:111)
[2026-03-23T00:34:45.236+0000] {subprocess.py:93} INFO - 	at org.apache.spark.sql.execution.SQLExecution$.$anonfun$withNewExecutionId0$6(SQLExecution.scala:125)
[2026-03-23T00:34:45.237+0000] {subprocess.py:93} INFO - 	at org.apache.spark.sql.execution.SQLExecution$.withSQLConfPropagated(SQLExecution.scala:295)
[2026-03-23T00:34:45.237+0000] {subprocess.py:93} INFO - 	at org.apache.spark.sql.execution.SQLExecution$.$anonfun$withNewExecutionId0$1(SQLExecution.scala:124)
[2026-03-23T00:34:45.237+0000] {subprocess.py:93} INFO - 	at org.apache.spark.sql.SparkSession.withActive(SparkSession.scala:804)
[2026-03-23T00:34:45.237+0000] {subprocess.py:93} INFO - 	at org.apache.spark.sql.execution.SQLExecution$.withNewExecutionId0(SQLExecution.scala:78)
[2026-03-23T00:34:45.237+0000] {subprocess.py:93} INFO - 	at org.apache.spark.sql.execution.SQLExecution$.withNewExecutionId(SQLExecution.scala:237)
[2026-03-23T00:34:45.237+0000] {subprocess.py:93} INFO - 	at org.apache.spark.sql.execution.QueryExecution.$anonfun$eagerlyExecuteCommands$1(QueryExecution.scala:155)
[2026-03-23T00:34:45.238+0000] {subprocess.py:93} INFO - 	at org.apache.spark.sql.execution.QueryExecution$.withInternalError(QueryExecution.scala:654)
[2026-03-23T00:34:45.238+0000] {subprocess.py:93} INFO - 	at org.apache.spark.sql.execution.QueryExecution.org$apache$spark$sql$execution$QueryExecution$$eagerlyExecute$1(QueryExecution.scala:154)
[2026-03-23T00:34:45.238+0000] {subprocess.py:93} INFO - 	at org.apache.spark.sql.execution.QueryExecution$$anonfun$eagerlyExecuteCommands$3.applyOrElse(QueryExecution.scala:169)
[2026-03-23T00:34:45.238+0000] {subprocess.py:93} INFO - 	at org.apache.spark.sql.execution.QueryExecution$$anonfun$eagerlyExecuteCommands$3.applyOrElse(QueryExecution.scala:164)
[2026-03-23T00:34:45.238+0000] {subprocess.py:93} INFO - 	at org.apache.spark.sql.catalyst.trees.TreeNode.$anonfun$transformDownWithPruning$1(TreeNode.scala:470)
[2026-03-23T00:34:45.238+0000] {subprocess.py:93} INFO - 	at org.apache.spark.sql.catalyst.trees.CurrentOrigin$.withOrigin(origin.scala:86)
[2026-03-23T00:34:45.239+0000] {subprocess.py:93} INFO - 	at org.apache.spark.sql.catalyst.trees.TreeNode.transformDownWithPruning(TreeNode.scala:470)
[2026-03-23T00:34:45.239+0000] {subprocess.py:93} INFO - 	at org.apache.spark.sql.catalyst.plans.logical.LogicalPlan.org$apache$spark$sql$catalyst$plans$logical$AnalysisHelper$$super$transformDownWithPruning(LogicalPlan.scala:37)
[2026-03-23T00:34:45.239+0000] {subprocess.py:93} INFO - 	at org.apache.spark.sql.catalyst.plans.logical.AnalysisHelper.transformDownWithPruning(AnalysisHelper.scala:360)
[2026-03-23T00:34:45.239+0000] {subprocess.py:93} INFO - 	at org.apache.spark.sql.catalyst.plans.logical.AnalysisHelper.transformDownWithPruning$(AnalysisHelper.scala:356)
[2026-03-23T00:34:45.240+0000] {subprocess.py:93} INFO - 	at org.apache.spark.sql.catalyst.plans.logical.LogicalPlan.transformDownWithPruning(LogicalPlan.scala:37)
[2026-03-23T00:34:45.240+0000] {subprocess.py:93} INFO - 	at org.apache.spark.sql.catalyst.plans.logical.LogicalPlan.transformDownWithPruning(LogicalPlan.scala:37)
[2026-03-23T00:34:45.240+0000] {subprocess.py:93} INFO - 	at org.apache.spark.sql.catalyst.trees.TreeNode.transformDown(TreeNode.scala:446)
[2026-03-23T00:34:45.240+0000] {subprocess.py:93} INFO - 	at org.apache.spark.sql.execution.QueryExecution.eagerlyExecuteCommands(QueryExecution.scala:164)
[2026-03-23T00:34:45.240+0000] {subprocess.py:93} INFO - 	at org.apache.spark.sql.execution.QueryExecution.$anonfun$lazyCommandExecuted$1(QueryExecution.scala:126)
[2026-03-23T00:34:45.240+0000] {subprocess.py:93} INFO - 	at scala.util.Try$.apply(Try.scala:217)
[2026-03-23T00:34:45.241+0000] {subprocess.py:93} INFO - 	at org.apache.spark.util.Utils$.doTryWithCallerStacktrace(Utils.scala:1378)
[2026-03-23T00:34:45.241+0000] {subprocess.py:93} INFO - 	at org.apache.spark.util.Utils$.getTryWithCallerStacktrace(Utils.scala:1439)
[2026-03-23T00:34:45.241+0000] {subprocess.py:93} INFO - 	at org.apache.spark.util.LazyTry.get(LazyTry.scala:58)
[2026-03-23T00:34:45.241+0000] {subprocess.py:93} INFO - 	at org.apache.spark.sql.execution.QueryExecution.commandExecuted(QueryExecution.scala:131)
[2026-03-23T00:34:45.241+0000] {subprocess.py:93} INFO - 	at org.apache.spark.sql.execution.QueryExecution.assertCommandExecuted(QueryExecution.scala:192)
[2026-03-23T00:34:45.241+0000] {subprocess.py:93} INFO - 	at org.apache.spark.sql.classic.DataFrameWriter.runCommand(DataFrameWriter.scala:622)
[2026-03-23T00:34:45.242+0000] {subprocess.py:93} INFO - 	at org.apache.spark.sql.classic.DataFrameWriter.saveToV1Source(DataFrameWriter.scala:273)
[2026-03-23T00:34:45.242+0000] {subprocess.py:93} INFO - 	at org.apache.spark.sql.classic.DataFrameWriter.saveInternal(DataFrameWriter.scala:241)
[2026-03-23T00:34:45.242+0000] {subprocess.py:93} INFO - 	at org.apache.spark.sql.classic.DataFrameWriter.save(DataFrameWriter.scala:118)
[2026-03-23T00:34:45.242+0000] {subprocess.py:93} INFO - 	at java.base/jdk.internal.reflect.NativeMethodAccessorImpl.invoke0(Native Method)
[2026-03-23T00:34:45.242+0000] {subprocess.py:93} INFO - 	at java.base/jdk.internal.reflect.NativeMethodAccessorImpl.invoke(NativeMethodAccessorImpl.java:77)
[2026-03-23T00:34:45.243+0000] {subprocess.py:93} INFO - 	at java.base/jdk.internal.reflect.DelegatingMethodAccessorImpl.invoke(DelegatingMethodAccessorImpl.java:43)
[2026-03-23T00:34:45.243+0000] {subprocess.py:93} INFO - 	at java.base/java.lang.reflect.Method.invoke(Method.java:569)
[2026-03-23T00:34:45.243+0000] {subprocess.py:93} INFO - 	at py4j.reflection.MethodInvoker.invoke(MethodInvoker.java:244)
[2026-03-23T00:34:45.243+0000] {subprocess.py:93} INFO - 	at py4j.reflection.ReflectionEngine.invoke(ReflectionEngine.java:374)
[2026-03-23T00:34:45.243+0000] {subprocess.py:93} INFO - 	at py4j.Gateway.invoke(Gateway.java:282)
[2026-03-23T00:34:45.243+0000] {subprocess.py:93} INFO - 	at py4j.commands.AbstractCommand.invokeMethod(AbstractCommand.java:132)
[2026-03-23T00:34:45.244+0000] {subprocess.py:93} INFO - 	at py4j.commands.CallCommand.execute(CallCommand.java:79)
[2026-03-23T00:34:45.244+0000] {subprocess.py:93} INFO - 	at py4j.ClientServerConnection.waitForCommands(ClientServerConnection.java:184)
[2026-03-23T00:34:45.244+0000] {subprocess.py:93} INFO - 	at py4j.ClientServerConnection.run(ClientServerConnection.java:108)
[2026-03-23T00:34:45.244+0000] {subprocess.py:93} INFO - 	at java.base/java.lang.Thread.run(Thread.java:840)
[2026-03-23T00:34:45.244+0000] {subprocess.py:93} INFO - 	Suppressed: org.apache.spark.util.Utils$OriginalTryStackTraceException: Full stacktrace of original doTryWithCallerStacktrace caller
[2026-03-23T00:34:45.244+0000] {subprocess.py:93} INFO - 		at org.apache.spark.sql.errors.QueryExecutionErrors$.cannotClearOutputDirectoryError(QueryExecutionErrors.scala:786)
[2026-03-23T00:34:45.245+0000] {subprocess.py:93} INFO - 		at org.apache.spark.sql.execution.datasources.InsertIntoHadoopFsRelationCommand.deleteMatchingPartitions(InsertIntoHadoopFsRelationCommand.scala:244)
[2026-03-23T00:34:45.245+0000] {subprocess.py:93} INFO - 		at org.apache.spark.sql.execution.datasources.InsertIntoHadoopFsRelationCommand.run(InsertIntoHadoopFsRelationCommand.scala:136)
[2026-03-23T00:34:45.245+0000] {subprocess.py:93} INFO - 		at org.apache.spark.sql.execution.command.DataWritingCommandExec.sideEffectResult$lzycompute(commands.scala:117)
[2026-03-23T00:34:45.245+0000] {subprocess.py:93} INFO - 		at org.apache.spark.sql.execution.command.DataWritingCommandExec.sideEffectResult(commands.scala:115)
[2026-03-23T00:34:45.245+0000] {subprocess.py:93} INFO - 		at org.apache.spark.sql.execution.command.DataWritingCommandExec.executeCollect(commands.scala:129)
[2026-03-23T00:34:45.246+0000] {subprocess.py:93} INFO - 		at org.apache.spark.sql.execution.QueryExecution.$anonfun$eagerlyExecuteCommands$2(QueryExecution.scala:155)
[2026-03-23T00:34:45.246+0000] {subprocess.py:93} INFO - 		at org.apache.spark.sql.execution.SQLExecution$.$anonfun$withNewExecutionId0$8(SQLExecution.scala:163)
[2026-03-23T00:34:45.246+0000] {subprocess.py:93} INFO - 		at org.apache.spark.sql.execution.SQLExecution$.withSessionTagsApplied(SQLExecution.scala:272)
[2026-03-23T00:34:45.246+0000] {subprocess.py:93} INFO - 		at org.apache.spark.sql.execution.SQLExecution$.$anonfun$withNewExecutionId0$7(SQLExecution.scala:125)
[2026-03-23T00:34:45.246+0000] {subprocess.py:93} INFO - 		at org.apache.spark.JobArtifactSet$.withActiveJobArtifactState(JobArtifactSet.scala:94)
[2026-03-23T00:34:45.246+0000] {subprocess.py:93} INFO - 		at org.apache.spark.sql.artifact.ArtifactManager.$anonfun$withResources$1(ArtifactManager.scala:112)
[2026-03-23T00:34:45.247+0000] {subprocess.py:93} INFO - 		at org.apache.spark.sql.artifact.ArtifactManager.withClassLoaderIfNeeded(ArtifactManager.scala:106)
[2026-03-23T00:34:45.247+0000] {subprocess.py:93} INFO - 		at org.apache.spark.sql.artifact.ArtifactManager.withResources(ArtifactManager.scala:111)
[2026-03-23T00:34:45.247+0000] {subprocess.py:93} INFO - 		at org.apache.spark.sql.execution.SQLExecution$.$anonfun$withNewExecutionId0$6(SQLExecution.scala:125)
[2026-03-23T00:34:45.247+0000] {subprocess.py:93} INFO - 		at org.apache.spark.sql.execution.SQLExecution$.withSQLConfPropagated(SQLExecution.scala:295)
[2026-03-23T00:34:45.247+0000] {subprocess.py:93} INFO - 		at org.apache.spark.sql.execution.SQLExecution$.$anonfun$withNewExecutionId0$1(SQLExecution.scala:124)
[2026-03-23T00:34:45.247+0000] {subprocess.py:93} INFO - 		at org.apache.spark.sql.SparkSession.withActive(SparkSession.scala:804)
[2026-03-23T00:34:45.248+0000] {subprocess.py:93} INFO - 		at org.apache.spark.sql.execution.SQLExecution$.withNewExecutionId0(SQLExecution.scala:78)
[2026-03-23T00:34:45.248+0000] {subprocess.py:93} INFO - 		at org.apache.spark.sql.execution.SQLExecution$.withNewExecutionId(SQLExecution.scala:237)
[2026-03-23T00:34:45.248+0000] {subprocess.py:93} INFO - 		at org.apache.spark.sql.execution.QueryExecution.$anonfun$eagerlyExecuteCommands$1(QueryExecution.scala:155)
[2026-03-23T00:34:45.248+0000] {subprocess.py:93} INFO - 		at org.apache.spark.sql.execution.QueryExecution$.withInternalError(QueryExecution.scala:654)
[2026-03-23T00:34:45.248+0000] {subprocess.py:93} INFO - 		at org.apache.spark.sql.execution.QueryExecution.org$apache$spark$sql$execution$QueryExecution$$eagerlyExecute$1(QueryExecution.scala:154)
[2026-03-23T00:34:45.249+0000] {subprocess.py:93} INFO - 		at org.apache.spark.sql.execution.QueryExecution$$anonfun$eagerlyExecuteCommands$3.applyOrElse(QueryExecution.scala:169)
[2026-03-23T00:34:45.249+0000] {subprocess.py:93} INFO - 		at org.apache.spark.sql.execution.QueryExecution$$anonfun$eagerlyExecuteCommands$3.applyOrElse(QueryExecution.scala:164)
[2026-03-23T00:34:45.249+0000] {subprocess.py:93} INFO - 		at org.apache.spark.sql.catalyst.trees.TreeNode.$anonfun$transformDownWithPruning$1(TreeNode.scala:470)
[2026-03-23T00:34:45.249+0000] {subprocess.py:93} INFO - 		at org.apache.spark.sql.catalyst.trees.CurrentOrigin$.withOrigin(origin.scala:86)
[2026-03-23T00:34:45.249+0000] {subprocess.py:93} INFO - 		at org.apache.spark.sql.catalyst.trees.TreeNode.transformDownWithPruning(TreeNode.scala:470)
[2026-03-23T00:34:45.250+0000] {subprocess.py:93} INFO - 		at org.apache.spark.sql.catalyst.plans.logical.LogicalPlan.org$apache$spark$sql$catalyst$plans$logical$AnalysisHelper$$super$transformDownWithPruning(LogicalPlan.scala:37)
[2026-03-23T00:34:45.250+0000] {subprocess.py:93} INFO - 		at org.apache.spark.sql.catalyst.plans.logical.AnalysisHelper.transformDownWithPruning(AnalysisHelper.scala:360)
[2026-03-23T00:34:45.250+0000] {subprocess.py:93} INFO - 		at org.apache.spark.sql.catalyst.plans.logical.AnalysisHelper.transformDownWithPruning$(AnalysisHelper.scala:356)
[2026-03-23T00:34:45.250+0000] {subprocess.py:93} INFO - 		at org.apache.spark.sql.catalyst.plans.logical.LogicalPlan.transformDownWithPruning(LogicalPlan.scala:37)
[2026-03-23T00:34:45.250+0000] {subprocess.py:93} INFO - 		at org.apache.spark.sql.catalyst.plans.logical.LogicalPlan.transformDownWithPruning(LogicalPlan.scala:37)
[2026-03-23T00:34:45.250+0000] {subprocess.py:93} INFO - 		at org.apache.spark.sql.catalyst.trees.TreeNode.transformDown(TreeNode.scala:446)
[2026-03-23T00:34:45.251+0000] {subprocess.py:93} INFO - 		at org.apache.spark.sql.execution.QueryExecution.eagerlyExecuteCommands(QueryExecution.scala:164)
[2026-03-23T00:34:45.251+0000] {subprocess.py:93} INFO - 		at org.apache.spark.sql.execution.QueryExecution.$anonfun$lazyCommandExecuted$1(QueryExecution.scala:126)
[2026-03-23T00:34:45.251+0000] {subprocess.py:93} INFO - 		at scala.util.Try$.apply(Try.scala:217)
[2026-03-23T00:34:45.251+0000] {subprocess.py:93} INFO - 		at org.apache.spark.util.Utils$.doTryWithCallerStacktrace(Utils.scala:1378)
[2026-03-23T00:34:45.251+0000] {subprocess.py:93} INFO - 		at org.apache.spark.util.LazyTry.tryT$lzycompute(LazyTry.scala:46)
[2026-03-23T00:34:45.252+0000] {subprocess.py:93} INFO - 		at org.apache.spark.util.LazyTry.tryT(LazyTry.scala:46)
[2026-03-23T00:34:45.252+0000] {subprocess.py:93} INFO - 		... 19 more
[2026-03-23T00:34:45.252+0000] {subprocess.py:93} INFO - 
[2026-03-23T00:34:45.793+0000] {subprocess.py:93} INFO - 
[2026-03-23T00:34:45.794+0000] {subprocess.py:93} INFO - Pipeline execution completed with exit code: 1
[2026-03-23T00:34:45.794+0000] {subprocess.py:93} INFO - ✗ Pipeline failed with errors (see logs above)
[2026-03-23T00:34:45.794+0000] {subprocess.py:97} INFO - Command exited with return code 1
[2026-03-23T00:34:45.815+0000] {taskinstance.py:1937} ERROR - Task failed with exception
Traceback (most recent call last):
  File "/home/airflow/.local/lib/python3.9/site-packages/airflow/operators/bash.py", line 210, in execute
    raise AirflowException(
airflow.exceptions.AirflowException: Bash command failed. The command returned a non-zero exit code 1.
[2026-03-23T00:34:45.819+0000] {taskinstance.py:1400} INFO - Marking task as UP_FOR_RETRY. dag_id=dynamic_spark_pipeline, task_id=run_pipeline, execution_date=20260323T003417, start_date=20260323T003425, end_date=20260323T003445
[2026-03-23T00:34:45.838+0000] {standard_task_runner.py:104} ERROR - Failed to execute job 5 for task run_pipeline (Bash command failed. The command returned a non-zero exit code 1.; 186)
[2026-03-23T00:34:45.849+0000] {local_task_job_runner.py:228} INFO - Task exited with return code 1
[2026-03-23T00:34:45.885+0000] {taskinstance.py:2778} INFO - 0 downstream tasks scheduled from follow-on schedule check
